time_s,value
6.400994,835893664.0
12.412472,835809998.0
18.41912,835843331.0
24.416105,835922998.0
30.420129,835868331.0
36.421111,835939664.0
42.435553,835932331.0
48.432531,835834998.0
54.435062,835859998.0
60.436333,835916664.0
66.446305,835868998.0
72.449739,835865998.0
78.446752,835844998.0
84.453858,835901664.0
90.47028,835965664.0
96.496372,835993664.0
102.496516,835858664.0
108.497828,835941664.0
114.501754,835843331.0
120.513247,835793331.0
126.514534,835942664.0
132.509529,835862664.0
138.514064,835880331.0
144.521645,835836664.0
150.516529,835853331.0
156.532042,835929331.0
162.54656,835948998.0
168.558082,835948998.0
174.658862,835958331.0
180.66497,835847998.0
186.668287,835847998.0
192.665524,835877331.0
198.66624,835954331.0
204.670239,835957331.0
210.669553,835991664.0
216.672372,835946998.0
222.669999,835890664.0
228.667433,835921998.0
234.665613,835817998.0
240.67452,835891998.0
246.67721,835908664.0
252.696897,835908331.0
258.704946,835818331.0
264.705842,835854331.0
270.698343,835841664.0
276.698702,835907331.0
282.704399,835882331.0
288.720949,835820998.0
294.734328,835834998.0
300.735436,835856331.0
306.73076,835945998.0
312.735384,835900331.0
318.75309,835898998.0
324.75846,835818331.0
330.771559,835894998.0
336.777014,835821998.0
342.782094,835826664.0
348.794835,835802331.0
354.794096,835833664.0
360.794529,835875331.0
366.893034,835852331.0
372.905329,835801664.0
378.90914,835801664.0
384.920057,835838664.0
390.920459,835904331.0
396.922473,835796998.0
402.93748,835886664.0
408.949959,835854331.0
414.948101,835907331.0
420.955569,835903331.0
426.965843,835896998.0
432.964294,835835664.0
438.965427,835876331.0
444.96313,835801664.0
450.970173,835867998.0
456.966829,835776664.0
462.978787,835820998.0
468.983359,835851998.0
474.98295,835903331.0
480.992181,835884331.0
487.00022,835776664.0
493.003961,835919664.0
499.002853,835909664.0
504.99969,835905331.0
511.003143,835799998.0
517.019578,835923998.0
523.026544,835759998.0
529.0269,835766998.0
535.030457,835862664.0
541.033445,835822331.0
547.033921,835867664.0
553.051446,835838664.0
559.061623,835809331.0
565.076983,835809331.0
571.077642,835773998.0
577.099828,835802331.0
583.112444,835855331.0
589.1221,835786331.0
595.130807,835734998.0
601.137516,835821998.0
607.13643,835786331.0
613.135203,835817998.0
619.140673,835769998.0
625.153498,835879331.0
631.15856,835893998.0
637.181659,835743331.0
643.182254,835829331.0
649.188503,835782664.0
655.191279,835718331.0
661.1855,835811664.0
667.18272,835801664.0
673.182229,835766998.0
679.180495,835818331.0
685.187157,835784331.0
691.200223,835825331.0
697.198139,835848998.0
703.204669,835839664.0
709.221239,835876664.0
715.235821,835852331.0
721.23234,835868331.0
727.23342,835878331.0
733.247356,835852998.0
739.247363,835866998.0
745.246552,835868331.0
751.32937,835913664.0
757.339229,835887331.0
763.33806,835887331.0
769.338275,835843331.0
775.3462,835811664.0
781.369001,835813664.0
787.374398,835880331.0
793.370898,835826331.0
799.378147,835850331.0
805.373848,835768998.0
811.374766,835905331.0
817.38658,835829331.0
823.391683,835910331.0
829.404365,835925998.0
835.404123,835843331.0
841.405231,835845998.0
847.411695,835842664.0
853.416509,835941998.0
859.41651,835909998.0
865.417765,835843331.0
871.425228,835888664.0
877.432622,835874998.0
883.433315,835884331.0
889.440403,835834998.0
895.461264,835900998.0
901.449421,835918998.0
907.448935,835896998.0
913.448486,835809998.0
919.455061,835853331.0
925.472627,835874998.0
931.486354,835904331.0
937.496378,835954331.0
943.5535,835801664.0
949.559878,835909998.0
955.565359,835909998.0
961.575281,835945998.0
967.572959,835920998.0
973.572011,835834998.0
979.572145,835953998.0
985.575955,835826664.0
991.585395,835909664.0
997.58969,835825998.0
1003.596065,835927331.0
1009.591212,835837664.0
1015.588549,835870998.0
1021.591706,835764664.0
1027.589915,835816664.0
1033.596828,835834998.0
1039.603009,835893664.0
1045.605865,835838664.0
1051.601968,835857664.0
1057.604782,835776664.0
1063.610228,835816664.0
1069.632798,835812664.0
1075.634224,835801664.0
1081.634427,835856331.0
1087.643069,835882331.0
1093.655406,835820998.0
1099.665884,835767998.0
1105.675079,835884331.0
1111.687027,835807331.0
1117.686866,835846998.0
1123.704528,835871998.0
1129.715056,835882331.0
1135.777024,835854998.0
1141.787387,835902331.0
1147.794028,835902331.0
1153.79097,835853331.0
1159.794427,835857664.0
1165.799968,835947998.0
1171.814651,835921998.0
1177.823671,835801664.0
1183.824601,835871998.0
1189.830993,835897998.0
1195.83644,835931664.0
1201.83554,835867998.0
1207.836555,835840664.0
1213.836857,835768331.0
1219.839045,835861664.0
1225.839334,835879331.0
1231.836087,835890664.0
1237.848423,835827331.0
1243.850753,835853331.0
1249.851931,835814998.0
1255.856069,835818664.0
1261.853919,835759998.0
1267.851847,835834998.0
1273.85359,835845998.0
1279.859092,835861664.0
1285.853994,835862331.0
1291.856706,835800998.0
1297.852343,835781331.0
1303.852994,835825331.0
1309.855765,835826664.0
1315.85967,835844998.0
1321.851468,835851664.0
1327.859991,835836664.0
1333.854814,835836664.0
1339.851605,835914664.0
1345.857425,835893331.0
1351.851774,835895998.0
1357.851995,835859331.0
1363.855021,835904331.0
1369.851409,835921998.0
1375.854055,835966664.0
1381.855135,835907664.0
1387.854819,835946998.0
1393.852913,835862664.0
1399.857464,835809998.0
1405.855231,835896998.0
1411.855808,835966664.0
1417.856468,835857331.0
1423.850909,835909998.0
1429.852949,835922998.0
1435.853775,835949331.0
1441.851875,835918664.0
1447.852995,835834998.0
1453.851341,835918331.0
1459.853635,835818331.0
1465.853756,835851664.0
1471.852322,835900998.0
1477.860081,835843331.0
1483.85089,835776664.0
1489.859424,835796998.0
1495.85616,835846664.0
1501.851967,835896998.0
1507.855316,835859998.0
1513.856436,835839664.0
1519.856037,835839664.0
1525.86169,835915664.0
1531.860998,835847998.0
1537.860246,835834998.0
1543.858368,835818331.0
1549.856102,835928331.0
1555.854875,835843331.0
1561.855337,835870998.0
1567.85439,835914664.0
1573.857097,835809998.0
1579.852692,835840664.0
1585.851381,835801664.0
1591.851789,835801664.0
1597.85408,835861664.0
1603.851709,835847998.0
1609.864824,835864664.0
1615.874402,835834998.0
1621.869181,835879331.0
1627.867737,835780331.0
1633.868481,835849998.0
1639.867533,835759998.0
1645.872564,835817998.0
1651.873023,835854331.0
1657.875134,835836664.0
1663.884058,835816664.0
1669.88261,835842664.0
1675.888834,835843331.0
1681.882706,835768331.0
1687.883179,835889664.0
1693.883023,835807331.0
1699.885001,835827331.0
1705.886304,835827331.0
1711.89048,835845998.0
1717.904571,835805331.0
1723.901149,835772998.0
1729.906895,835751664.0
1735.92386,835854331.0
1741.923013,835873998.0
1747.922942,835907664.0
1753.937997,835868331.0
1759.930258,835831664.0
1765.936507,835847998.0
1771.931192,835805331.0
1777.936869,835801664.0
1783.933768,835832331.0
1789.930139,835874331.0
1795.936003,835843331.0
1801.931069,835751664.0
1807.930039,835779331.0
1813.936916,835851664.0
1819.938248,835783331.0
1825.947099,835812664.0
1831.95111,835834664.0
1837.952468,835854331.0
1843.946181,835835664.0
1849.950415,835859331.0
1855.950125,835871998.0
1861.94858,835868331.0
1867.95002,835898998.0
1873.947161,835855331.0
1879.948816,835777331.0
1886.015464,835701664.0
1892.034137,835701664.0
1898.039481,835775331.0
1904.045043,835858331.0
1910.05255,835806331.0
1916.064988,835834998.0
1922.079635,835870664.0
1928.098196,835844331.0
1934.111408,835876998.0
1940.118624,835841664.0
1946.119785,835884664.0
1952.12305,835808331.0
1958.119698,835844664.0
1964.132559,835827331.0
1970.138696,835907331.0
1976.136473,835879664.0
1982.140559,835919998.0
1988.156712,835844664.0
1994.158561,835931331.0
2000.167536,835861664.0
2006.167827,835915664.0
2012.171624,835915998.0
2018.174242,835871998.0
2024.18448,835832331.0
2030.185137,835879331.0
2036.183576,835834998.0
2042.188191,835903331.0
2048.190267,835905331.0
2054.190165,835859664.0
2060.188092,835793331.0
2066.192035,835873998.0
2072.203033,835877331.0
2078.244789,835893331.0
2084.249222,835893331.0
2090.25959,835893998.0
2096.268823,835918331.0
2102.28622,835876664.0
2108.296852,835876664.0
2114.317424,835928331.0
2120.325944,835945998.0
2126.327069,835882664.0
2132.323976,835905664.0
2138.325123,835903331.0
2144.327046,835840664.0
2150.326051,835888664.0
2156.323175,835818998.0
2162.334191,835841664.0
2168.340483,835820998.0
2174.340137,835806331.0
2180.339205,835833331.0
2186.352994,835872998.0
2192.367597,835810664.0
2198.373849,835846998.0
2204.372021,835829331.0
2210.382812,835859664.0
2216.390698,835851664.0
2222.407358,835856331.0
2228.41124,835901331.0
2234.423191,835793331.0
2240.446419,835815998.0
2246.448754,835848998.0
2252.451898,835828331.0
2258.458771,835834998.0
2264.447477,835893998.0
2270.513063,835881664.0
2276.529101,835866664.0
2282.526042,835866664.0
2288.527057,835884998.0
2294.531373,835876331.0
2300.552407,835803331.0
2306.570857,835855331.0
2312.57391,835853331.0
2318.574315,835936331.0
2324.570391,835946998.0
2330.577222,836034331.0
2336.591881,835915998.0
2342.603839,835935664.0
2348.607498,835968998.0
2354.623379,835945998.0
2360.641259,835999998.0
2366.641186,835890998.0
2372.652941,835889664.0
2378.654683,835889664.0
2384.656315,835901664.0
2390.67167,835853331.0
2396.690364,835955331.0
2402.702395,835885331.0
2408.715815,836020998.0
2414.723503,835876664.0
2420.739133,835887664.0
2426.753313,835927331.0
2432.747309,835952331.0
2438.749366,835961664.0
2444.755219,835931331.0
2450.757575,835851664.0
2456.765959,835951664.0
2462.766981,835868331.0
2468.783433,835878331.0
2474.792046,835878331.0
2482.55268,835909664.0
2488.561609,835909664.0
2494.560946,835921998.0
2500.561157,835909998.0
2506.569551,835895598.0
2512.588477,835918331.0
2518.593291,835929731.0
2524.607942,835929831.0
2530.602981,835888064.0
2536.604182,835887964.0
2542.610093,835904731.0
2548.603931,835887864.0
2554.607743,835946698.0
2560.613853,835876664.0
2566.618385,835837264.0
2572.624008,835809998.0
2578.626511,835838864.0
2584.635533,835929731.0
2590.636281,835837964.0
2596.636638,835888064.0
2602.637954,835936964.0
2608.63738,835845898.0
2614.651443,835929531.0
2620.655388,835904931.0
2626.650595,835922198.0
2632.652475,835904831.0
2638.653078,835909998.0
2644.656292,835915164.0
2650.671574,835978231.0
2656.671686,836028931.0
2662.68221,835895198.0
2668.679915,835913431.0
2674.695702,835930431.0
2680.70285,835846398.0
2686.703038,835878931.0
2692.718525,835901664.0
2698.72763,835821798.0
2704.740001,835954231.0
2710.757246,835918331.0
2716.760002,835914064.0
2722.77733,835895398.0
2728.774526,835896698.0
2734.780845,835947898.0
2740.773587,835978931.0
2746.775421,835888364.0
2752.775905,835847798.0
2758.775247,835953231.0
2764.776882,835895898.0
2770.785006,835903331.0
2776.805808,835930131.0
2782.810792,835921198.0
2788.829348,835953331.0
2794.853126,835855231.0
2800.853442,835930131.0
2806.868397,835914464.0
2812.875576,835877831.0
2818.890697,835851664.0
2824.892312,835913164.0
2830.901702,835801664.0
2836.90823,835905231.0
2842.926851,835863264.0
2848.94016,835954231.0
2854.940133,835846098.0
2860.951079,835845998.0
2866.953031,835845998.0
2872.951892,835859998.0
2878.956095,835831231.0
2884.961568,835904931.0
2890.967922,835854431.0
2896.974494,835871998.0
2902.975201,835879631.0
2908.981212,835843331.0
2914.977793,835938164.0
2920.980886,835928431.0
2926.98768,835929231.0
2932.994324,835870098.0
2938.997867,835889464.0
2945.001713,835895998.0
2951.013249,835876664.0
2957.023305,835928831.0
2963.029778,835857031.0
2969.026509,835893331.0
2975.034759,835889264.0
2981.049794,835963964.0
2987.067115,835946098.0
2993.075852,835955431.0
2999.076675,835879731.0
3005.077154,835904631.0
3011.081321,835855931.0
3017.095801,835876664.0
3023.109637,835862364.0
3029.124107,835847198.0
3035.140195,835864164.0
3041.142565,835855731.0
3047.148665,835918331.0
3053.162519,835956631.0
3059.171776,835956631.0
3065.168667,835911764.0
3071.171431,835963264.0
3077.190011,835871498.0
3083.191395,835878531.0
3089.205803,835830131.0
3095.215851,835855531.0
3101.219225,835870998.0
3107.237235,835887364.0
3113.252646,835828731.0
3119.266986,835888164.0
3125.28563,835948198.0
3131.299527,835879831.0
3137.314687,835955231.0
3143.325846,835913264.0
3149.326366,835862264.0
3155.345232,835918331.0
3161.344845,835953931.0
3167.357187,835987064.0
3173.365214,836029831.0
3179.373737,835904131.0
3185.369752,835937464.0
3191.37509,835988264.0
3197.371922,835928831.0
3203.370074,835896698.0
3209.373948,835971098.0
3215.386921,835926664.0
3221.393035,835887064.0
3227.409849,835851664.0
3233.418662,835887364.0
3239.428613,835886864.0
3245.532499,835843331.0
3251.56058,835884998.0
3257.561566,835884998.0
3263.562929,835903231.0
3269.567671,835859998.0
3275.571161,835962164.0
3281.578661,835945498.0
3287.590784,835946698.0
3293.592949,836021898.0
3299.602167,835979431.0
3305.605669,835993331.0
3311.601675,835929231.0
3317.61468,835926664.0
3323.620707,836006031.0
3329.619963,835962764.0
3335.627997,835887764.0
3341.634574,835930831.0
3347.633616,835997598.0
3353.636247,835979831.0
3359.642514,835923298.0
3365.6554,835926664.0
3371.658782,835970298.0
3377.67632,835886664.0
3383.691725,835868331.0
3389.703186,835965064.0
3395.726602,835936664.0
3401.73544,835853831.0
3407.760374,835961964.0
3413.772329,835911564.0
3419.783448,835945598.0
3425.7996,835946598.0
3431.82205,835955431.0
3437.828049,835996298.0
3443.953834,835988164.0
3449.981309,835979931.0
3455.977765,835979931.0
3461.977757,835971298.0
3467.977773,835923498.0
3473.98702,835945998.0
3479.992915,835920798.0
3485.995817,835918331.0
3492.004972,835922098.0
3498.021715,836001664.0
3504.035473,835938864.0
3510.043383,835911464.0
3516.060288,835902631.0
3522.064552,835996098.0
3528.061953,835987564.0
3534.059648,835978331.0
3540.0654,835929931.0
3546.078098,835988264.0
3552.093929,835938164.0
3558.102644,835912564.0
3564.110065,836001664.0
3570.118737,835904631.0
3576.12765,835996298.0
3582.123049,835994798.0
3588.135316,835894698.0
3594.138798,835876664.0
3600.155783,835879331.0
3606.171453,835911664.0
3612.198979,835872998.0
3618.201945,835837264.0
3624.225242,835984998.0
3630.232559,835913664.0
3636.244558,835972198.0
3642.369633,835936064.0
3648.369458,835958264.0
3654.377801,835989364.0
3660.389074,835912964.0
3666.422221,835969798.0
3672.439335,835978331.0
3678.438026,835880431.0
3684.446975,836014264.0
3690.454337,836029731.0
3696.455587,835956131.0
3702.469458,835988364.0
3708.490903,835939064.0
3714.503146,836064164.0
3720.520795,836031031.0
3726.539074,835984998.0
3732.545454,836047298.0
3738.569563,835905031.0
3744.58131,835996398.0
3750.587753,836063064.0
3756.592434,836004331.0
3762.592919,835979431.0
3768.592188,835997898.0
3774.589464,835922198.0
3780.586307,835887564.0
3786.594066,835920298.0
3792.588386,835946098.0
3798.591198,835904731.0
3804.593113,835873998.0
3810.587795,835868331.0
3816.59228,835905431.0
3822.586822,835886764.0
3828.587749,835870798.0
3834.590275,836020598.0
3840.593269,836006531.0
3846.612289,836031331.0
3852.623081,835946898.0
3858.625925,835955531.0
3864.638815,835929931.0
3870.640508,835919898.0
3876.638163,835905531.0
3882.636872,835980031.0
3888.64008,835979231.0
3894.638254,835929931.0
3900.64337,836018331.0
3906.651333,835921298.0
3912.655519,835876664.0
3918.654806,835951664.0
3924.652538,835912364.0
3930.6573,835912064.0
3936.667546,835888064.0
3942.667066,835965264.0
3948.676045,835997298.0
3954.666088,836009998.0
3960.67406,836012064.0
3966.69037,835978731.0
3972.70827,835989364.0
3978.700267,835904431.0
3984.698893,835868331.0
3990.69527,835913064.0
3996.696439,835913864.0
4002.703491,835963464.0
4008.700042,835909998.0
4014.704602,835905231.0
4020.7253,835963164.0
4026.822353,835840164.0
4032.820948,835972464.0
4038.836037,835989564.0
4044.838423,835871198.0
4050.841542,835971598.0
4056.838474,836014264.0
4062.844566,835884998.0
4068.856529,835895098.0
4074.854162,835962964.0
4080.857038,835801664.0
4086.874223,835851664.0
4092.893241,835905531.0
4098.912136,836036764.0
4104.918399,835888064.0
4110.927082,835889164.0
4116.939191,836021198.0
4122.95502,836005231.0
4128.977562,835911764.0
4134.980735,835943331.0
4140.97774,835970698.0
4146.984375,835979931.0
4153.005028,835884998.0
4159.016294,835979131.0
4165.011711,835954531.0
4171.011174,836038464.0
4177.014451,836018331.0
4183.012431,836030531.0
4189.012028,835993331.0
4195.010133,835926664.0
4201.023597,835954831.0
4207.026678,835961964.0
4213.025932,835976664.0
4219.031892,835922498.0
4225.043875,835859998.0
4231.060576,835859998.0
4237.067441,835978731.0
4243.077535,835929631.0
4249.079713,835962264.0
4255.094277,836031031.0
4261.088759,835893331.0
4267.090494,835903131.0
4273.091491,835938464.0
4279.090143,835929231.0
4285.087474,835877431.0
4291.097939,835903931.0
4297.104172,835906231.0
4303.111701,835919898.0
4309.124701,835986264.0
4315.139579,836030531.0
4321.150297,835995898.0
4327.16359,835851664.0
4333.178421,835884998.0
4339.184261,835901664.0
4345.190216,835945998.0
4351.209368,835981831.0
4357.224699,835920798.0
4363.236832,836005831.0
4369.254085,835886764.0
4375.260668,835954831.0
4381.261631,835980531.0
4387.258904,835888064.0
4393.262223,835976131.0
4399.280477,836014664.0
4405.294582,835868331.0
4411.293156,835989164.0
4417.294113,835921898.0
4423.290286,835921898.0
4429.293187,835922898.0
4435.298027,835964264.0
4441.290625,835979731.0
4447.3052,835970098.0
4453.305821,835851664.0
4459.314286,836022098.0
4465.313,835971898.0
4471.305011,836019798.0
4477.305908,835971398.0
4483.313059,835968331.0
4489.32161,835995698.0
4495.322972,835970498.0
4501.321636,835918331.0
4507.32528,835995098.0
4513.328156,835919598.0
4519.357723,836063064.0
4525.374085,835868331.0
4531.392771,835929731.0
4537.402456,835971998.0
4543.406877,835937564.0
4549.417093,835959998.0
4555.426273,835887264.0
4561.423921,836028731.0
4567.434788,835978131.0
4573.43514,835951664.0
4579.439532,835931131.0
4585.457603,835959998.0
4591.463459,835930331.0
4597.466062,836029931.0
4603.484183,835996698.0
4609.500857,835953331.0
4615.516754,835953331.0
4621.51236,836045798.0
4627.512492,836001664.0
4633.517062,836014764.0
4639.532601,835970398.0
4645.541558,836004231.0
4651.548416,836009998.0
4657.566951,835951664.0
4663.579494,836029831.0
4669.579944,836029831.0
4675.592259,835893331.0
4681.597513,836028231.0
4687.611721,836095498.0
4693.626672,835968331.0
4699.630351,836043331.0
4705.62593,835970798.0
4711.627675,835926664.0
4717.62354,835979231.0
4723.622771,835922498.0
4729.627598,835876664.0
4735.634426,835930431.0
4741.64079,835979031.0
4747.655424,835979431.0
4753.672149,836028331.0
4759.682491,836028331.0
4765.687797,836006531.0
4771.708957,836038164.0
4777.719328,835893331.0
4783.727334,835988864.0
4789.730706,836022498.0
4795.73041,835929831.0
4801.730168,835963464.0
4807.729275,835963464.0
4813.734068,835963464.0
4819.736302,836072298.0
4825.744115,835961964.0
4831.750708,835930231.0
4837.762107,835959998.0
4843.75877,836005531.0
4849.763463,836030631.0
4855.784913,836026664.0
4861.789719,835993331.0
4867.806914,835979231.0
4873.809451,836004331.0
4879.806043,835996698.0
4885.813244,836053631.0
4891.830598,835994898.0
4897.844552,835945798.0
4903.854214,835954431.0
4909.855688,835938064.0
4915.878812,835954331.0
4921.896026,835957731.0
4927.907043,836063764.0
4933.928393,835945798.0
4939.931189,835993331.0
4945.944268,835996798.0
4951.951771,835851664.0
4957.952189,836054931.0
4963.965382,836053431.0
4969.974936,835893331.0
4975.983511,835968331.0
4981.986239,835989064.0
4987.981134,835906531.0
4993.9802,836029031.0
4999.977466,836029031.0
5005.981248,835888564.0
5011.988744,835963264.0
5018.010913,835937464.0
5024.016759,835953731.0
5030.037781,835976664.0
5036.043309,836026664.0
5042.04625,836012964.0
5048.041455,835951664.0
5054.042355,835893331.0
5060.040062,835944698.0
5066.043004,836001664.0
5072.046663,835987264.0
5078.049109,835989264.0
5084.054855,835921198.0
5090.058788,835956031.0
5096.059841,835930831.0
5102.057217,835934998.0
5108.057394,836022998.0
5114.057673,835913364.0
5120.056212,835928731.0
5126.060238,835987464.0
5132.062479,835996798.0
5138.078895,835902931.0
5144.098347,835962564.0
5150.114831,835940564.0
5156.120723,835918331.0
5162.120882,835971698.0
5168.124199,836013464.0
5174.13988,835901664.0
5180.138609,835954731.0
5186.142838,835917031.0
5192.154847,835929431.0
5198.15802,836029631.0
5204.16132,835979231.0
5210.157103,835996298.0
5216.172449,836004031.0
5222.181512,835988064.0
5228.19009,835979831.0
5234.189697,835976664.0
5240.208449,836063764.0
5246.213088,835987664.0
5252.214763,835946798.0
5258.213416,835901664.0
5264.216376,836053131.0
5270.218677,836081431.0
5276.212971,836013164.0
5282.21073,836079231.0
5288.211011,835962264.0
5294.213008,836003531.0
5300.218683,836063164.0
5306.229869,835954731.0
5312.226816,835961964.0
5318.229042,836054931.0
5324.230492,836054531.0
5330.242642,836013164.0
5336.256049,835980831.0
5342.269044,836053831.0
5348.277339,835959998.0
5354.279637,835979331.0
5360.279772,836001664.0
5366.275691,836063964.0
5372.348679,835968331.0
5378.360189,836099864.0
5384.381219,836115364.0
5390.391745,836021798.0
5396.400205,836047298.0
5402.404797,835963664.0
5408.425723,836070998.0
5414.432141,836026664.0
5420.431038,836009998.0
5426.435019,835979831.0
5432.432514,836004131.0
5438.430515,836005331.0
5444.440463,836056431.0
5450.448089,836055231.0
5456.446793,836045998.0
5462.45848,836001664.0
5468.465325,836012464.0
5474.464247,836096298.0
5480.462969,835962864.0
5486.461552,836077631.0
5492.4626,836070598.0
5498.467806,835918331.0
5504.464402,835962464.0
5510.477743,835920798.0
5516.480185,835976664.0
5522.485398,835962964.0
5528.493515,836054131.0
5534.493406,836005131.0
5540.503089,835946298.0
5546.512094,836004931.0
5552.510263,835926664.0
5558.516688,836001664.0
5564.570331,835905331.0
5570.592421,835900431.0
5576.618242,835905931.0
5582.620289,835893331.0
5588.624378,836028231.0
5594.622239,835984998.0
5600.630587,835884998.0
5606.645249,835976664.0
5612.659902,835987564.0
5618.678344,835996198.0
5624.685458,835909998.0
5630.688787,836021198.0
5636.697844,836028031.0
5642.701705,835964264.0
5648.71057,835893331.0
5654.712342,836054431.0
5660.719212,835980431.0
5666.728524,835971898.0
5672.73321,835959998.0
5678.730223,836063864.0
5684.728423,835972298.0
5690.735314,836046198.0
5696.749356,835884998.0
5702.758285,835993331.0
5708.764488,835918331.0
5714.778554,835926664.0
5720.789332,836059998.0
5726.795301,836038264.0
5732.81251,836071698.0
5738.806306,835981531.0
5744.807078,835922898.0
5750.812208,835964164.0
5756.816913,836046898.0
5762.829401,836002731.0
5768.846141,836002731.0
5774.852405,835965564.0
5780.855329,836037364.0
5786.866889,836061464.0
5792.879424,836095598.0
5798.884894,835962164.0
5804.893465,835953931.0
5810.921688,835993331.0
5816.944198,836029431.0
5822.949919,835887564.0
5828.951286,836022298.0
5834.961583,836034998.0
5840.963298,835978931.0
5846.969938,835926664.0
5852.989598,836030531.0
5858.993728,835918331.0
5864.997219,835959998.0
5871.019026,835929231.0
5877.026614,836009998.0
5883.024404,836004031.0
5889.036685,835988764.0
5895.048722,836095198.0
5901.064224,836079831.0
5907.057898,836034998.0
5913.061133,836063064.0
5919.073659,836028531.0
5925.078539,836096198.0
5931.079511,835987964.0
5937.096612,836045598.0
5943.105993,836094798.0
5949.109927,835979031.0
5955.211868,836071898.0
5961.214059,835985031.0
5967.216499,836006031.0
5973.215389,835979631.0
5979.212976,835934998.0
5985.214259,836048398.0
5991.216151,836009998.0
5997.216932,836072598.0
6003.216803,836087164.0
6009.232994,836136964.0
6015.248578,836112364.0
6021.261459,836039564.0
6027.263032,836029631.0
6033.26057,836079831.0
6039.27111,836019898.0
6045.276887,836053531.0
6051.277779,835943331.0
6057.280858,836063564.0
6063.293482,836070898.0
6069.290557,836081231.0
6075.294514,836034998.0
6082.929609,836034998.0
6088.933564,836034998.0
6094.932067,836064664.0
6100.931336,836037264.0
6106.954287,836026664.0
6112.965684,836011964.0
6118.969828,836062464.0
6124.992124,836097298.0
6131.014058,836003831.0
6137.025273,835993331.0
6143.033817,835953031.0
6149.047672,836071498.0
6155.065627,835981731.0
6161.077377,836079831.0
6167.090859,836104231.0
6173.093657,835987164.0
6179.091181,836019598.0
6185.103036,836037364.0
6191.102809,836078331.0
6197.104999,835943331.0
6203.116771,836046498.0
6209.129539,836004431.0
6215.140602,836080931.0
6221.156565,836005531.0
6227.169503,836004431.0
6233.166127,835978231.0
6239.166274,835938064.0
6245.181593,835995798.0
6251.181717,836037664.0
6257.182065,835987264.0
6263.193623,835996698.0
6269.255235,836003631.0
6275.275241,836095898.0
6281.283331,836095898.0
6287.295485,836080731.0
6293.295006,836054531.0
6299.300585,836028031.0
6305.310314,835973398.0
6311.325664,836086064.0
6317.326196,836055731.0
6323.344899,836113564.0
6329.361452,835979131.0
6335.375551,836036364.0
6341.384376,836039364.0
6347.391168,835987864.0
6353.398701,835984998.0
6359.406015,836005231.0
6365.421251,835968331.0
6371.414707,835943331.0
6377.423189,836063464.0
6383.420515,836063164.0
6389.414265,835993331.0
6395.429121,836052931.0
6401.431586,836029631.0
6407.440772,836008131.0
6413.430924,835970598.0
6419.434622,835988164.0
6425.437316,836070098.0
6431.449987,836045398.0
6437.461056,835978531.0
6443.470777,835979731.0
6449.468458,836104631.0
6455.473949,836031031.0
6461.481294,835979131.0
6467.481869,835976664.0
6473.481038,835976664.0
6479.48192,835993331.0
6485.482838,836015164.0
6491.479673,835972398.0
6497.502378,835988064.0
6503.511545,836030031.0
6509.51173,835952231.0
6515.524583,836095698.0
6521.532975,835909998.0
6527.548461,836004931.0
6533.571427,835976664.0
6539.57717,836018331.0
6545.592597,835951664.0
6551.61163,836047598.0
6557.632791,836046098.0
6563.643465,836003331.0
6569.653986,836037364.0
6575.649674,836030531.0
6581.654239,836054931.0
6587.660739,836045898.0
6593.667736,836054931.0
6599.668677,836072298.0
6605.667093,836088364.0
6611.665322,836038364.0
6617.674389,835996998.0
6623.691738,836018331.0
6629.698642,835962464.0
6635.705547,836011964.0
6641.715602,835934998.0
6647.720659,836022098.0
6653.735551,835970798.0
6659.73362,835926664.0
6665.73589,835926664.0
6671.750336,836006131.0
6677.761109,835985964.0
6683.783841,835993398.0
6689.799385,835954931.0
6695.812671,835959998.0
6701.834412,836018331.0
6707.842197,836028531.0
6713.844795,836046498.0
6719.848849,836029831.0
6725.861734,835996898.0
6731.875636,836045698.0
6737.895765,835987964.0
6743.905393,836063264.0
6749.909312,835980431.0
6755.925662,836095398.0
6761.935644,836136764.0
6767.949963,835995898.0
6773.955207,835959998.0
6779.967737,836081531.0
6785.965702,836065264.0
6791.976473,836063664.0
6797.979774,835996198.0
6803.993821,835986464.0
6809.997059,836029831.0
6816.000242,836001664.0
6821.993498,836038764.0
6827.994496,835970698.0
6834.00328,835968798.0
6840.015172,836013764.0
6846.026166,836019898.0
6852.126358,836054531.0
6858.145452,836062064.0
6864.152984,836062064.0
6870.154388,835996798.0
6876.149295,835990864.0
6882.157767,836078831.0
6888.171053,836002931.0
6894.177899,836076664.0
6900.18582,836144298.0
6906.199766,836107431.0
6912.197803,836044498.0
6918.198121,835995498.0
6924.199837,836129831.0
6930.199539,836022598.0
6936.210314,836079031.0
6942.229015,836043331.0
6948.232836,835979831.0
6954.25907,835986864.0
6960.262087,835986464.0
6966.260891,835987864.0
6972.262341,835980431.0
6978.263738,836104531.0
6984.283627,836147598.0
6990.275714,836078731.0
6996.27849,835968331.0
7002.277707,836103831.0
7008.29721,835979231.0
7014.306909,835943331.0
7020.309301,836094698.0
7026.308708,836007131.0
7032.309268,835986464.0
7038.320014,836054731.0
7044.336559,836044698.0
7050.345228,836014331.0
7056.360328,836029931.0
7062.372504,836105331.0
7068.38763,836103631.0
7074.389756,835997098.0
7080.410002,836030531.0
7086.426693,836019098.0
7092.445459,836079631.0
7098.448292,836009998.0
7104.448072,835978431.0
7110.450396,836046198.0
7116.475674,836003831.0
7122.479905,836037064.0
7128.480705,836095498.0
7134.487316,835996198.0
7140.49968,836063764.0
7146.510025,835997198.0
7152.509701,836037564.0
7158.509463,836071398.0
7164.518133,836018331.0
7170.533267,836146098.0
7176.545073,836161664.0
7182.5808,836013464.0
7188.591374,836096798.0
7194.59218,836138864.0
7200.591903,836051664.0
7206.605906,836036264.0
7212.606648,836052431.0
7218.611705,836071698.0
7224.618249,836139364.0
7230.621107,836093798.0
7236.627217,836103231.0
7242.699716,836080731.0
7248.700821,836080731.0
7254.696336,836143331.0
7260.700904,836101664.0
7266.70463,836112564.0
7272.717523,836095198.0
7278.716783,836139464.0
7284.712031,836101664.0
7290.730056,836037364.0
7296.728995,836112864.0
7302.728194,836079031.0
7308.729664,836070898.0
7314.731554,836009998.0
7320.733625,836130131.0
7326.763371,836037164.0
7332.763475,836154431.0
7338.767655,836078031.0
7344.77774,836068331.0
7350.77431,836078431.0
7356.7808,836148898.0
7362.795659,836122398.0
7368.806038,836073398.0
7374.812623,836113964.0
7380.828598,835993331.0
7386.840119,836171498.0
7392.836863,836071998.0
7398.845649,836097898.0
7404.85323,836113864.0
7410.861499,836101664.0
7416.867802,836112364.0
7422.87121,836131031.0
7428.883337,836180631.0
7434.977653,836103731.0
7440.979308,836143331.0
7446.979834,836143331.0
7452.981789,836229431.0
7458.990577,836088864.0
7465.001656,836143331.0
7471.016235,836147098.0
7477.02549,836059998.0
7483.031451,836009998.0
7489.025896,836170698.0
7495.02947,836053031.0
7501.047929,836113064.0
7507.061729,836103831.0
7513.077747,836113164.0
7519.091377,836046198.0
7525.093985,836038764.0
7531.118614,836154431.0
7537.121003,836055131.0
7543.121207,836046398.0
7549.122337,836188764.0
7555.12193,836063464.0
7561.123016,836118331.0
7567.141976,836137964.0
7573.161257,835993331.0
7579.163941,836129231.0
7585.177243,836121798.0
7591.180914,836111464.0
7597.184201,836029131.0
7603.185243,836064764.0
7609.202223,836130831.0
7615.200934,836130131.0
7621.21297,836054631.0
7627.222095,836036964.0
7633.239448,836138364.0
7639.243915,836138364.0
7645.243944,836130031.0
7651.244871,836055131.0
7657.248209,836093331.0
7663.264081,836111264.0
7669.264102,836153331.0
7675.262508,836155431.0
7681.263346,836155731.0
7687.263455,836105331.0
7693.28394,836039664.0
7699.282749,836054831.0
7705.300142,836088464.0
7711.315144,836018331.0
7717.343589,836146698.0
7723.357678,836081131.0
7729.361752,836113664.0
7735.37986,836084998.0
7741.392231,836120398.0
7747.410811,836072198.0
7753.417291,836153631.0
7759.431106,836105231.0
7765.434735,836102931.0
7771.443057,836171398.0
7777.452383,836001664.0
7783.450754,836034998.0
7789.459997,836059998.0
7795.467599,836080431.0
7801.48645,836029531.0
7807.497538,836089164.0
7813.49794,836162664.0
7819.512814,836146798.0
7825.618198,836118898.0
7831.61886,835996598.0
7837.620127,836020298.0
7843.619704,836105831.0
7849.63102,836062564.0
7855.648833,835963164.0
7861.653907,836139364.0
7867.664343,836069898.0
7873.66893,835993331.0
7879.67821,836105231.0
7885.686864,836030131.0
7891.702651,836018331.0
7897.721379,836137864.0
7903.72773,836019898.0
7909.735206,836170198.0
7915.730246,836187664.0
7921.731995,836121098.0
7927.734047,836020898.0
7933.728316,836138364.0
7939.743529,836106431.0
7945.744442,836070798.0
7951.744337,836089164.0
7957.745167,836146198.0
7963.750683,836155631.0
7969.760548,836137764.0
7975.767484,836113964.0
7981.779194,836071598.0
7987.794967,836179531.0
7993.797445,836093331.0
7999.818907,836138764.0
8005.822556,836073398.0
8011.824508,836022198.0
8017.837656,836054431.0
8023.841316,836109531.0
8029.844691,836130931.0
8035.852143,836086664.0
8041.866272,836086964.0
8047.880765,836104831.0
8053.890693,836020898.0
8059.907836,836111664.0
8065.932053,836148198.0
8071.941401,836156131.0
8077.949023,836018331.0
8083.961313,836087864.0
8089.965047,836026664.0
8095.963258,836101664.0
8101.963174,836104331.0
8107.963056,836145898.0
8113.968147,836014264.0
8119.96126,836076664.0
8125.969405,836162164.0
8131.978564,836079731.0
8137.984263,836080831.0
8143.994762,836103331.0
8149.997118,835996798.0
8156.000433,836079631.0
8162.009119,836096598.0
8168.013727,836087064.0
8174.032114,835988164.0
8180.045361,836078831.0
8186.062331,836046198.0
8192.075719,836045598.0
8198.080899,836161464.0
8204.09309,836162964.0
8210.096009,836138364.0
8216.105756,836154331.0
8222.11467,836154331.0
8228.129178,836043331.0
8234.144505,835984998.0
8240.159165,836056031.0
8246.190411,836188364.0
8252.195809,836054131.0
8258.206357,836145498.0
8264.218183,836188464.0
8270.234826,836034998.0
8276.235701,836076664.0
8282.249217,836012664.0
8288.249936,836045898.0
8294.259406,836089164.0
8300.263229,836028331.0
8306.263061,836003931.0
8312.276011,836029931.0
8318.280542,836084998.0
8324.295399,836076664.0
8330.291106,836172198.0
8336.291017,836062564.0
8342.299557,836018331.0
8348.294341,836112464.0
8354.296639,836007031.0
8360.309747,836162364.0
8366.316141,836012764.0
8372.336645,836022098.0
8378.341458,836104831.0
8384.34469,836029431.0
8390.355226,836097298.0
8396.352661,836114964.0
8402.358998,836061964.0
8408.475016,836069798.0
8414.476626,836051664.0
8420.486722,836051664.0
8426.478858,836034998.0
8432.478939,836154831.0
8438.480558,836078131.0
8444.480053,836113264.0
8450.476715,836096598.0
8456.480232,836022898.0
8462.50075,836026664.0
8468.518372,836051664.0
8474.529399,836078331.0
8480.528658,835959998.0
8486.545811,836076664.0
8492.546166,836084998.0
8498.557161,836076664.0
8504.56465,836129431.0
8510.582664,836029431.0
8516.594306,836129731.0
8522.606816,835993331.0
8528.607836,836076664.0
8534.602965,836121498.0
8540.603944,836046298.0
8546.607003,836036264.0
8552.604306,836003031.0
8558.603267,836112564.0
8564.60452,836079731.0
8570.603831,836051664.0
8576.610224,836019898.0
8582.622976,836018331.0
8588.620059,836163464.0
8594.620677,836103831.0
8600.696302,835987664.0
8606.704877,836083398.0
8612.726306,836097598.0
8618.728035,836072298.0
8624.73435,836078631.0
8630.755251,836105531.0
8636.769323,835996898.0
8642.775616,836093331.0
8648.774291,836005531.0
8654.78556,836026664.0
8660.79802,836138264.0
8666.811705,836113364.0
8672.830262,836068331.0
8678.84547,836043331.0
8684.851792,836005131.0
8690.853663,836011964.0
8696.853441,836030031.0
8702.853798,836137764.0
8708.854715,836137264.0
8714.855175,836129131.0
8720.857658,835968331.0
8726.868128,836079731.0
8732.867501,836021098.0
8738.869856,836030931.0
8744.869588,836022498.0
8750.868421,836130031.0
8756.876727,836071298.0
8762.876612,836071598.0
8768.891413,836144898.0
8774.909935,836069198.0
8780.920303,836129831.0
8786.937439,836079131.0
8792.950717,836130031.0
8798.954532,836029631.0
8804.968265,836029631.0
8810.964592,836003431.0
8816.963085,836009998.0
8822.967159,836009998.0
8828.966097,836012964.0
8834.970359,836079731.0
8840.980384,836021198.0
8846.987217,835918331.0
8852.995155,836018498.0
8859.006562,835998098.0
8865.014211,836079831.0
8871.030916,835996498.0
8877.047374,836059998.0
8883.049164,836009998.0
8889.069993,835979331.0
8895.072918,836018331.0
8901.072192,836096698.0
8907.076636,836129631.0
8913.072329,836123898.0
8919.074727,836039964.0
8925.074731,836068331.0
8931.075255,836030431.0
8937.093767,836147098.0
8943.116678,836034998.0
8949.11794,835998398.0
8955.128795,835968331.0
8961.142812,836170198.0
8967.164342,836154231.0
8973.17873,835968331.0
8979.186965,836046398.0
8985.22295,836153831.0
8991.343338,836020698.0
8997.343411,836080898.0
9003.354652,836095998.0
9009.355674,836078831.0
9015.356574,836029331.0
9021.355992,836096898.0
9027.369614,836012864.0
9033.370065,835972398.0
9039.367089,836104931.0
9045.366895,836068331.0
9051.366884,836001664.0
9057.373794,836106331.0
9063.380045,836171498.0
9069.400204,836080131.0
9075.403896,836043331.0
9081.417889,836014464.0
9087.431492,835978531.0
9093.431251,836062664.0
9099.43543,836113564.0
9105.435185,836109998.0
9111.431454,836054631.0
9117.440449,836097298.0
9123.440654,835989964.0
9129.448811,835979231.0
9135.445019,836062264.0
9141.452989,836104131.0
9147.447289,836109998.0
9153.45658,836037164.0
9159.455006,836105831.0
9165.447189,836021598.0
9171.451668,836006431.0
9177.474053,836102031.0
9183.553005,835968331.0
9189.554371,836087864.0
9195.556741,836113064.0
9201.561583,836014164.0
9207.573698,836114864.0
9213.573832,836029731.0
9219.580454,835943331.0
9225.598339,836121598.0
9231.616912,835964764.0
9237.620831,836037364.0
9243.620142,835965764.0
9249.626721,835980631.0
9255.647587,835993331.0
9261.654903,836076664.0
9267.680432,836063464.0
9273.684507,836095298.0
9279.692827,835951664.0
9285.702849,835959998.0
9291.699347,836009998.0
9297.703523,836037464.0
9303.715613,835993331.0
9309.722776,836097098.0
9315.735376,836096298.0
9321.75431,836063864.0
9327.767202,836120298.0
9333.780989,835959998.0
9339.799902,836012264.0
9345.820188,836029131.0
9351.82881,835986964.0
9357.842633,836004731.0
9363.853136,836087864.0
9369.861149,836036964.0
9375.87166,836009998.0
9381.972853,835993331.0
9387.96726,835996931.0
9393.980368,836030231.0
9399.980721,836036764.0
9405.986677,836020798.0
9412.006454,835971098.0
9418.018334,836111864.0
9424.031052,836073498.0
9430.048789,836020998.0
9436.055704,836005431.0
9442.07511,836096398.0
9448.086662,836029831.0
9454.086805,836012264.0
9460.090685,836003731.0
9466.111019,836070698.0
9472.119326,836059998.0
9478.120463,836030931.0
9484.12127,836007631.0
9490.136909,836038364.0
9496.139271,836031331.0
9502.150422,835995598.0
9508.155614,836089064.0
9514.16999,836009998.0
9520.172,835959998.0
9526.184651,835980231.0
9532.187514,836080531.0
9538.20939,836045798.0
9544.218106,836043331.0
9550.217227,836096498.0
9556.231455,835987464.0
9562.230802,836112464.0
9568.236419,836028631.0
9574.245953,836070398.0
9580.251751,836043331.0
9586.265275,836043331.0
9592.279397,835918331.0
9598.280452,836070998.0
9604.303482,836077831.0
9610.325995,836112564.0
9616.329888,836004831.0
9622.338178,836070898.0
9628.339957,836101664.0
9634.354166,836029731.0
9640.356233,836063764.0
9646.355087,836105131.0
9652.358133,835971198.0
9658.373026,836018331.0
9664.371986,836119898.0
9670.380942,836094398.0
9676.3829,835956131.0
9683.301183,835956131.0
9689.317023,835956131.0
9695.334168,835981831.0
9701.33952,836021898.0
9707.339559,836071698.0
9713.341006,836064164.0
9719.351124,836012664.0
9725.356147,836048898.0
9731.373085,836062564.0
9737.374825,836009998.0
9743.384582,835987864.0
9749.389038,835962564.0
9755.403578,835996198.0
9761.403892,836009998.0
9767.425058,835989464.0
9773.439393,835987664.0
9779.466593,836022898.0
9785.464679,836022098.0
9791.471583,835938364.0
9797.481166,835995698.0
9803.48333,835987864.0
9809.49959,836064164.0
9815.519576,836001664.0
9821.536643,835995398.0
9827.548049,836104531.0
9833.55908,836002431.0
9839.555998,836051664.0
9845.558924,836111264.0
9851.559831,836102931.0
9857.555824,836138864.0
9863.558291,836104231.0
9869.623881,836034998.0
9875.653397,836130831.0
9881.649294,836130831.0
9887.650201,836055031.0
9893.655134,836021098.0
9899.679656,835984998.0
9905.699912,836059998.0
9911.696448,835996298.0
9917.697372,836013564.0
9923.699892,835996798.0
9929.701459,835951664.0
9935.717447,836045698.0
9941.720662,835980731.0
9947.734144,836059998.0
9953.736582,836012164.0
9959.750918,836041264.0
9965.764127,836059998.0
9971.783646,835988964.0
9977.790413,835926664.0
9983.795338,836036864.0
9989.809408,835954631.0
9995.81034,835986864.0
10001.806584,836037564.0
10007.807,836004531.0
10013.805217,836009998.0
10019.818577,835984998.0
10025.830646,835995398.0
10031.844191,835946198.0
10037.855492,835997898.0
10043.869882,836054331.0
10049.888933,836062564.0
10055.903269,836078931.0
10061.900156,836071098.0
10067.908341,836111964.0
10073.919338,836111964.0
10079.917244,836001664.0
10085.916184,835984998.0
10091.920309,836001664.0
10097.936065,836079331.0
10103.952199,835962064.0
10109.970453,836018331.0
10115.990663,835984998.0
10121.998664,836026664.0
10128.021337,836064564.0
10134.033546,835971098.0
10140.052745,836061764.0
10146.056804,836081731.0
10152.060221,835954031.0
10158.060921,835947398.0
10164.077145,835945998.0
10170.098902,836037164.0
10176.10465,835978931.0
10182.109834,836028631.0
10188.120942,836037364.0
10194.133323,836055331.0
10200.134146,835972298.0
10206.138206,836038264.0
10212.139526,835955231.0
10218.170753,836064664.0
10224.19226,836062364.0
10230.202528,836104231.0
10236.214526,835962464.0
10242.223664,835947598.0
10248.229294,836019898.0
10254.236124,835993331.0
10260.263098,835955631.0
10266.268799,835935031.0
10272.282095,835956231.0
10278.295711,835962064.0
10284.291527,836062964.0
10290.297667,835988664.0
10296.310441,836070898.0
10302.323532,836094598.0
10308.327446,836029731.0
10314.336802,836028731.0
10320.346104,835953131.0
10326.365663,836071898.0
10332.386293,835978831.0
10338.40371,836029531.0
10344.417342,836070398.0
10350.421394,836045398.0
10356.419989,836005131.0
10362.433594,836071998.0
10368.436212,836009998.0
10374.439503,835938164.0
10380.45471,835943331.0
10386.463185,836095898.0
10392.468615,835934998.0
10398.486275,836046998.0
10404.502977,836055031.0
10410.521628,835995798.0
10416.528625,836037664.0
10422.539135,836047398.0
10428.542564,836004231.0
10434.556314,836063664.0
10440.556173,836029831.0
10446.565486,835988064.0
10452.576113,835929231.0
10458.683387,836020898.0
10464.689672,836044364.0
10470.705382,836062764.0
10476.719391,836071398.0
10482.734582,835997798.0
10488.753478,836031831.0
10494.764165,836037064.0
10500.776024,835964564.0
10506.781667,835989064.0
10512.802355,835918331.0
10518.810523,836047298.0
10524.808027,835948098.0
10530.818954,835987464.0
10536.824213,836003831.0
10542.825408,836046798.0
10548.82294,835904831.0
10554.821638,835940464.0
10560.821086,835947098.0
10566.823736,835971998.0
10572.824093,835905131.0
10578.821732,836020698.0
10584.825646,835970598.0
10590.848037,836034998.0
10596.855246,836071798.0
10602.86518,836054831.0
10608.879308,835930131.0
10614.883029,835981431.0
10620.885765,835943331.0
10626.88432,836030331.0
10632.883312,836012764.0
10638.883756,835993331.0
10644.884201,835963164.0
10650.903304,835946798.0
10656.907671,835924898.0
10662.935371,835945798.0
10668.939025,835918331.0
10674.950777,835959998.0
10680.964281,835961364.0
10686.972823,835979331.0
10692.97991,835937764.0
10698.985124,835959998.0
10705.008314,836021298.0
10711.017621,836080731.0
10717.028549,835980831.0
10723.029271,835955231.0
10729.035939,835968331.0
10735.048442,835905031.0
10741.067856,836038164.0
10747.073831,836001664.0
10753.079811,835911964.0
10759.097001,836018331.0
10765.109175,836009998.0
10771.124211,836014264.0
10777.137194,836079831.0
10783.1409,835996598.0
10789.164377,836046898.0
10795.173995,836036964.0
10801.188061,836021398.0
10807.200193,836018331.0
10813.203815,836036664.0
10819.196364,836002731.0
10825.201865,836022598.0
10831.220166,835979231.0
10837.228375,835945198.0
10843.239898,835893331.0
10849.323285,836009998.0
10855.32961,836004598.0
10861.342918,836021598.0
10867.337986,835893331.0
10873.338544,835989664.0
10879.343625,835968331.0
10885.357449,835919898.0
10891.375272,835911964.0
10897.385026,835939164.0
10903.387578,835921898.0
10909.406236,835968331.0
10915.419586,836026664.0
10921.420074,835963064.0
10927.43125,835956231.0
10933.433585,835979731.0
10939.440146,835996498.0
10945.461764,835988464.0
10951.468918,835946798.0
10957.485954,835954731.0
10963.482,836013264.0
10969.498928,835995598.0
10975.51682,835929531.0
10981.530641,835936964.0
10987.555453,835919898.0
10993.570499,835918331.0
10999.573757,835997198.0
11005.588837,836045998.0
11011.596206,835909998.0
11017.605754,836021698.0
11023.609945,835921598.0
11029.621875,835905331.0
11035.639649,835951664.0
11041.640147,835968331.0
11047.741708,836022698.0
11053.757739,835930864.0
11059.761998,835937164.0
11065.763617,835972198.0
11071.773976,835945098.0
11077.77901,835937664.0
11083.787733,835913464.0
11089.79278,835968331.0
11095.79086,835962764.0
11101.790521,836029531.0
11107.794789,835979531.0
11113.820545,835997098.0
11119.82404,835945998.0
11125.829421,835915264.0
11131.837994,835921698.0
11137.838506,835997498.0
11143.836554,835901664.0
11149.853366,835946798.0
11155.858636,835863164.0
11161.875532,835954831.0
11167.890339,835963264.0
11173.904752,836006931.0
11179.924016,835862064.0
11185.930681,835944598.0
11191.93527,835979931.0
11197.933693,835930331.0
11203.945583,835946398.0
11209.951303,836029131.0
11215.963134,835929431.0
11221.968362,836004031.0
11227.99048,835929231.0
11234.004361,835976664.0
11240.009934,835963964.0
11246.020996,835913264.0
11252.027264,835913264.0
11258.02613,835996898.0
11264.034488,835909998.0
11270.0428,836037964.0
11276.047215,835921298.0
11282.069324,835976664.0
11288.077124,835953831.0
11294.075143,835937264.0
11300.070121,836012364.0
11306.079195,835955831.0
11312.080181,835884998.0
11318.095005,835951664.0
11324.112246,836040764.0
11330.121222,836064864.0
11336.1241,835930531.0
11342.124155,835970098.0
11348.141312,835959998.0
11354.155509,835938664.0
11360.15531,835943331.0
11366.175391,836063364.0
11372.165292,836060864.0
11378.169495,836072598.0
11384.167564,835963864.0
11390.168321,836054131.0
11396.170254,835951664.0
11402.187176,835876664.0
11408.20924,836046398.0
11414.217047,836070398.0
11420.224031,836029731.0
11426.218171,836063364.0
11432.237312,836096498.0
11438.377686,836028531.0
11444.395568,835968331.0
11450.403527,835968331.0
11456.420442,836001664.0
11462.423195,835962764.0
11468.435651,835954931.0
11474.447029,835934998.0
11480.455791,835959998.0
11486.46744,835980731.0
11492.464065,836013164.0
11498.462004,835904431.0
11504.476658,836013164.0
11510.480506,836029531.0
11516.480809,835951664.0
11522.477966,836022398.0
11528.484509,836072198.0
11534.499769,836020198.0
11540.524821,836081931.0
11546.533339,836001664.0
11552.541983,835947198.0
11558.543357,836026664.0
11564.54426,835926664.0
11570.540412,835980131.0
11576.541477,835980631.0
11582.550907,836105131.0
11588.55796,836109998.0
11594.5549,836038364.0
11600.556783,835979731.0
11606.555907,836021198.0
11612.559763,835971298.0
11618.582086,836104831.0
11624.592586,836045498.0
11630.616124,835993331.0
11636.620969,835962598.0
11642.617318,835971098.0
11648.626546,836020398.0
11654.637632,836009998.0
11660.64085,835978731.0
11666.65214,836038664.0
11672.657711,836043331.0
11678.675163,835929831.0
11684.685643,836004931.0
11690.691935,835997598.0
11696.705964,835943331.0
11702.716224,835955431.0
11708.710905,835997398.0
11714.713917,835988464.0
11720.721687,836097098.0
11726.732902,836053531.0
11732.744626,836036864.0
11738.760825,836010664.0
11744.771404,836136464.0
11750.777203,836036764.0
11756.786485,836062764.0
11762.792268,836079631.0
11768.801717,836079431.0
11774.806369,836064764.0
11780.818442,836018331.0
11786.827319,836038264.0
11792.846346,836097798.0
11798.875108,836039764.0
11804.897893,835968331.0
11810.903957,836046098.0
11816.910164,836037164.0
11822.915289,835981231.0
11829.031893,836053231.0
11835.045208,836013698.0
11841.063343,836020698.0
11847.072562,836080431.0
11853.076334,836047298.0
11859.0889,836072098.0
11865.094203,836013264.0
11871.115389,835963064.0
11877.120201,836005031.0
11883.138012,836021798.0
11889.140348,836096898.0
11895.137378,836013464.0
11901.150066,836026664.0
11907.160511,836079531.0
11913.173982,836064164.0
11919.181674,836112964.0
11925.188495,836088064.0
11931.200713,836055631.0
11937.19718,836037564.0
11943.20192,836076664.0
11949.217804,836030631.0
11955.226401,836062864.0
11961.230135,835947898.0
11967.228721,835972398.0
11973.229437,836062164.0
11979.226445,836021798.0
11985.235406,836078331.0
11991.244387,836045098.0
11997.242467,836055231.0
12003.246968,836062164.0
12009.246141,836020798.0
12015.243997,836031331.0
12021.253598,835981131.0
12027.263105,836047964.0
12033.262193,836063064.0
12039.268827,836069498.0
12045.280562,835964864.0
12051.302544,836062364.0
12057.307692,835926664.0
12063.308374,835953431.0
12069.311038,835996798.0
12075.332877,836020898.0
12081.343679,835979331.0
12087.357386,836113664.0
12093.355936,835993331.0
12099.366269,836028731.0
12105.368386,836013464.0
12111.374257,836128731.0
12117.393804,836087864.0
12123.399495,835970698.0
12129.407777,836020698.0
12135.425269,836029031.0
12141.436959,836054731.0
12147.45344,836043331.0
12153.467261,835951664.0
12159.48679,836013264.0
12165.498021,835963764.0
12171.496206,836013164.0
12177.49382,835978131.0
12183.506282,836004831.0
12189.508531,836088764.0
12195.510083,836078231.0
12201.510431,836059998.0
12207.515134,836051664.0
12213.53309,836097098.0
12219.685725,836064164.0
12225.71047,836064364.0
12231.716533,836064364.0
12237.716898,835963264.0
12243.728039,836022098.0
12249.736441,836072498.0
12255.743969,836001664.0
12261.745207,836096998.0
12267.751458,836137364.0
12273.766177,836043331.0
12279.775627,836105031.0
12285.77883,836039664.0
12291.778297,836015064.0
12297.780843,836109564.0
12303.791921,836009998.0
12309.79787,836046898.0
12315.794389,836038264.0
12321.798772,835993331.0
12327.823593,836043331.0
12333.822638,836026664.0
12339.822706,836038264.0
12345.838046,836029431.0
12351.850594,836071198.0
12357.858901,835963664.0
12363.868369,836003531.0
12369.876815,836079631.0
12375.88477,835993331.0
12381.89071,836113064.0
12387.906649,836071298.0
12393.920138,835986964.0
12399.938134,836138764.0
12405.9467,836030831.0
12411.960635,836128631.0
12417.96423,836044798.0
12423.969235,836044798.0
12429.990141,836062564.0
12436.002198,835980631.0
12442.019535,835996298.0
12448.039166,836037864.0
12454.044689,835954531.0
12460.058599,836043331.0
12466.066542,836021798.0
12472.080047,836004531.0
12478.086718,836020598.0
12484.092121,835984998.0
12490.105859,836005431.0
12496.106039,836062664.0
12502.10774,835997998.0
12508.138758,836059998.0
12514.15702,836055231.0
12520.168123,835953331.0
12526.164514,836012764.0
12532.184653,836003331.0
12538.187081,836062264.0
12544.20467,835962664.0
12550.220279,835934998.0
12556.231907,836004931.0
12562.247341,836020698.0
12568.265835,836046198.0
12574.285394,835980231.0
12580.31491,836014864.0
12586.342436,836011664.0
12592.342082,836009998.0
12598.348102,835986464.0
12604.357762,836045598.0
12610.377773,836046098.0
12616.388003,836054831.0
12622.386734,836054831.0
12628.386193,836105931.0
12634.388306,836034998.0
12640.386013,835961264.0
12646.403479,836096798.0
12652.404905,836001664.0
12658.402498,836039664.0
12664.406817,836051664.0
12670.41708,836079031.0
12676.419439,836137364.0
12682.418903,836081731.0
12688.414445,836103031.0
12694.423564,836114164.0
12700.439517,836068331.0
12706.434582,836046198.0
12712.43759,836045898.0
12718.436525,836034998.0
12724.445741,836029931.0
12730.470643,835909998.0
12736.487006,835984998.0
12742.500831,836036464.0
12748.492401,836068331.0
12754.496574,836026664.0
12760.505298,836070998.0
12766.513104,836096998.0
12772.532225,835968331.0
12778.550634,836097598.0
12784.562921,836001664.0
12790.574714,836005131.0
12796.576515,836079331.0
12802.580354,836081031.0
12808.597613,836079831.0
12814.612196,836079831.0
12820.620399,836055031.0
12826.639975,836096298.0
12832.654811,836088464.0
12838.654646,836089064.0
12844.676343,836104731.0
12850.685128,836097198.0
12856.694035,836059998.0
12862.709472,836084998.0
12868.712867,836118331.0
12874.717148,835951664.0
12880.726666,835993331.0
12886.72929,836109998.0
12892.727769,836018331.0
12898.736843,836063264.0
12904.750658,835978331.0
12910.763942,836081731.0
12916.769156,835976664.0
12922.782908,836063864.0
12928.796021,836056131.0
12934.805187,836069498.0
12940.815226,836039264.0
12946.82468,836038264.0
12952.840646,835968331.0
12958.842642,835984998.0
12964.857134,836059998.0
12970.861965,836071198.0
12976.856383,836093331.0
12982.860884,836088064.0
12988.871572,835997298.0
12994.893807,835987264.0
13000.966894,836046098.0
13006.992802,836058064.0
13012.997048,836061864.0
13019.006132,836072398.0
13025.014015,835993331.0
13031.034793,835988564.0
13037.045241,835978131.0
13043.057018,835995598.0
13049.061619,836084998.0
13055.078741,836026664.0
13061.095586,836059998.0
13067.112091,836139364.0
13073.130542,836046898.0
13079.138624,835993331.0
13085.134932,836020998.0
13091.139325,836046598.0
13097.155674,836080931.0
13103.156916,836038764.0
13109.171533,836030831.0
13115.184291,836111664.0
13121.186138,836073498.0
13127.209241,835996798.0
13133.218807,836129231.0
13139.23381,836130431.0
13145.22853,836063564.0
13151.239119,836120398.0
13157.245516,836121498.0
13163.256653,836170498.0
13169.262525,836028231.0
13175.264997,836093331.0
13181.283061,836054331.0
13187.291674,836020698.0
13193.308567,836055331.0
13199.387094,836096398.0
13205.390607,836143331.0
13211.407827,836143331.0
13217.416448,835996098.0
13223.420183,836129731.0
13229.439881,836129431.0
13235.452263,836039664.0
13241.465694,836059998.0
13247.462238,836021798.0
13253.465544,836063164.0
13259.46286,836001664.0
13265.462972,836046798.0
13271.479648,836029631.0
13277.49625,836153831.0
13283.69527,836153831.0
13289.697621,836153831.0
13295.706969,835987664.0
13301.730468,836079431.0
13307.754952,836096698.0
13313.760073,836030331.0
13319.763162,835995098.0
13325.762557,836063964.0
13331.765197,836079031.0
13337.771332,835959998.0
13343.78067,836186664.0
13349.780913,836112264.0
13355.796581,836144798.0
13361.805514,836106231.0
13367.807045,836122398.0
13373.817553,835980431.0
13379.82619,836011564.0
13385.829585,836080131.0
13391.851202,836021298.0
13397.853382,836079731.0
13403.86123,836148198.0
13409.874325,836045598.0
13415.895253,836086564.0
13421.902568,836129731.0
13427.909251,836013164.0
13433.918281,835996998.0
13439.923759,836096198.0
13445.933722,836009998.0
13451.943298,836045898.0
13457.94709,836038864.0
13463.945513,836095898.0
13470.017264,836112664.0
13476.031105,836102364.0
13482.043211,836111464.0
13488.041244,836087864.0
13494.041334,836097198.0
13500.048256,836095398.0
13506.060953,836063764.0
13512.078275,836063164.0
13518.093619,835953731.0
13524.105034,836062464.0
13530.109624,835986864.0
13536.122529,836056031.0
13542.129929,836099098.0
13548.139592,836088764.0
13554.155216,836105631.0
13560.156334,836026931.0
13566.173892,836063564.0
13572.174767,836131331.0
13578.185777,836038464.0
13584.187375,836056131.0
13590.201611,836030131.0
13596.20331,835997898.0
13602.223169,836047098.0
13608.229374,836086964.0
13614.230266,836080731.0
13620.238482,836072098.0
13626.244829,835979531.0
13632.264715,836063164.0
13638.274143,836045998.0
13644.280372,836053931.0
13650.275435,835988464.0
13656.281704,836059998.0
13662.305695,836018331.0
13668.436925,836062264.0
13674.431794,836063498.0
13680.444875,836095798.0
13686.449648,835943331.0
13692.457272,836037264.0
13698.467871,836020298.0
13704.477311,835987464.0
13710.479313,836096698.0
13716.478785,836029831.0
13722.504733,836076664.0
13728.513309,835979631.0
13734.514506,836018331.0
13740.513809,836004531.0
13746.529505,836112464.0
13752.549984,836101664.0
13758.555399,835987664.0
13764.560615,835979531.0
13770.575403,836068331.0
13776.581042,836155931.0
13782.579899,836055131.0
13788.592427,836119298.0
13794.609471,836034998.0
13800.626435,836078231.0
13806.637273,836129531.0
13812.641076,836055331.0
13818.639804,836089564.0
13824.644098,836072898.0
13830.648977,836071598.0
13836.652703,836012964.0
13842.658381,836112964.0
13848.654236,836103831.0
13854.650906,836055431.0
13860.655052,836138364.0
13866.680494,836101664.0
13872.686926,836101664.0
13878.693684,836104431.0
13884.702971,836071498.0
13890.714026,836010664.0
13896.729511,836095798.0
13902.729636,836078831.0
13908.738465,836079531.0
13914.745032,836055131.0
13920.744866,835988364.0
13926.761083,836034998.0
13932.789491,835994998.0
13938.794048,836037664.0
13944.808952,836085664.0
13950.812696,835978931.0
13956.813988,836064064.0
13962.824397,836089564.0
13968.824687,836078931.0
13974.84546,835976664.0
13980.861227,836079031.0
13986.859512,836021498.0
13992.853322,836053131.0
13998.855012,836070598.0
14004.861379,836030331.0
14010.871633,836063164.0
14016.881237,836034998.0
14022.884287,836097098.0
14028.890521,835968331.0
14034.90589,836018331.0
14040.906508,836051931.0
14046.916525,836021298.0
14052.923527,836038364.0
14058.944767,836012564.0
14064.951615,836012564.0
14070.974349,836004231.0
14076.978951,836054531.0
14082.991831,835980231.0
14088.99838,836029231.0
14095.000673,836079731.0
14101.005765,836054131.0
14107.017748,835955431.0
14113.019607,836138264.0
14119.039481,836062764.0
14125.04109,835984998.0
14131.040561,836053831.0
14137.038603,836072298.0
14143.04587,836001664.0
14149.040989,836087364.0
14155.054526,836145598.0
14161.068667,836098198.0
14167.076419,836071598.0
14173.073921,836096398.0
14179.076114,835996098.0
14185.102762,835979431.0
14191.117226,836014964.0
14197.125527,836003431.0
14203.142141,835996398.0
14209.161824,836022998.0
14215.179338,836098198.0
14221.185027,835981131.0
14227.200844,836082131.0
14233.196595,835955631.0
14239.196765,836055331.0
14245.19939,836034998.0
14251.296044,836034998.0
14257.29949,835925398.0
14263.309458,835947098.0
14269.312192,835993331.0
14275.307658,835988464.0
14281.311738,835989364.0
14287.330274,835930231.0
14293.341615,835961264.0
14299.34164,836097598.0
14305.348834,835954531.0
14311.358638,835918331.0
14317.358196,835997698.0
14323.358941,836121398.0
14329.356017,835986664.0
14335.355642,835988264.0
14341.357472,835979831.0
14347.358124,835893331.0
14353.380622,835943331.0
14359.392588,836039264.0
14365.411086,836088564.0
14371.418409,835943331.0
14377.436605,836012864.0
14383.43514,835955231.0
14389.434746,836113364.0
14395.432852,835996498.0
14401.441608,836088864.0
14407.45393,836038964.0
14413.449728,836021498.0
14419.449655,836079331.0
14425.447808,836079131.0
14431.445877,836053231.0
14437.459847,835993331.0
14443.514322,835993331.0
14449.528729,836013098.0
14455.549798,836021798.0
14461.558298,836045698.0
14467.556629,836094098.0
14473.565414,836001664.0
14479.57175,836104531.0
14485.572937,836045798.0
14491.581922,836034998.0
14497.590724,835995198.0
14503.609756,836038564.0
14509.606314,835996098.0
14515.63007,836079731.0
14521.640783,836104231.0
14527.653867,836037464.0
14533.676717,836028431.0
14539.680433,836070098.0
14545.681967,835990164.0
14551.693565,836063964.0
14557.695666,836136364.0
14563.710702,836111764.0
14569.715524,836029531.0
14575.712935,836068498.0
14581.712858,836101664.0
14587.715499,836095198.0
14593.730949,836009998.0
14599.744922,836063564.0
14605.749044,836054931.0
14611.779507,836037664.0
14617.793122,836055531.0
14623.791924,836077231.0
14629.799357,835955431.0
14635.809365,836021098.0
14641.809182,836034998.0
14647.81345,836034998.0
14653.824927,836103831.0
14659.833834,836028031.0
14665.837474,836044498.0
14671.846073,836018331.0
14677.866727,835976664.0
14683.87293,836003931.0
14689.898569,836029831.0
14695.9058,835988264.0
14701.919633,836018331.0
14707.935601,836038864.0
14713.93748,836068331.0
14719.949341,836123998.0
14725.955338,836059998.0
14731.963908,836001664.0
14737.965755,836006531.0
14743.971973,836029431.0
14749.979191,836065164.0
14755.979693,836021498.0
14761.985462,835977931.0
14768.015906,836063064.0
14774.029338,836062764.0
14780.030571,836051664.0
14786.044283,836030131.0
14792.048136,835901664.0
14798.06889,835929431.0
14804.076025,836026664.0
14810.077815,835980731.0
14816.075944,835921798.0
14822.078917,835959998.0
14828.089921,835970698.0
14834.152483,835979931.0
14840.158915,836019864.0
14846.150948,836039564.0
14852.168539,836022198.0
14858.16609,835934998.0
14864.175615,835986264.0
14870.185122,836005331.0
14876.185004,836052931.0
14882.189286,835987064.0
14888.180878,836071198.0
14894.180871,835979931.0
14900.194182,835976664.0
14906.197443,835946798.0
14912.209728,836029531.0
14918.212809,836001664.0
14924.215578,836028031.0
14930.225829,836062164.0
14936.228053,836076664.0
14942.242717,836054431.0
14948.244874,835943331.0
14954.246346,835980031.0
14960.245867,836037864.0
14966.245549,836029031.0
14972.260332,836022498.0
14978.287565,836030331.0
14984.295,835996898.0
14990.312089,836009998.0
14996.323921,836046998.0
15002.3249,835989564.0
15008.325101,836021698.0
15014.331875,835943331.0
15020.341464,835955431.0
15026.371738,835951664.0
15032.37033,835992798.0
15038.373678,836022098.0
15044.401997,835918331.0
15050.405922,836046998.0
15056.421986,835980031.0
15062.432646,835984998.0
15068.431358,835934998.0
15074.442763,836047398.0
15080.456079,835997398.0
15086.466396,836026664.0
15092.464923,836037264.0
15098.465143,836028731.0
15104.465195,835996398.0
15110.462775,835952231.0
15116.464587,836005931.0
15122.466412,835971598.0
15128.464026,835996798.0
15134.466207,835995998.0
15140.4718,836020698.0
15146.489651,835987464.0
15152.495123,835971198.0
15158.508218,836052831.0
15164.51459,836038964.0
15170.525659,836037664.0
15176.524737,836054331.0
15182.528007,835995598.0
15188.530413,836081331.0
15194.543237,836021198.0
15200.542439,835968331.0
15206.5465,835955231.0
15212.558201,836037664.0
15218.590714,836046398.0
15224.617563,836067098.0
15230.626657,836070798.0
15236.649431,835995598.0
15242.653698,835997498.0
15248.66639,836018331.0
15254.666573,836005031.0
15260.665283,835971398.0
15266.667821,836037664.0
15272.666449,836038364.0
15278.68424,836104031.0
15284.68766,835951664.0
15290.697524,836085964.0
15296.696189,836029131.0
15302.703416,836026664.0
15308.720965,836009998.0
15314.733521,836004231.0
15320.745852,836054531.0
15326.750967,835951664.0
15332.760217,835955331.0
15338.764726,835979931.0
15344.778197,836028931.0
15350.780361,836030631.0
15356.779352,835959998.0
15362.789983,835980331.0
15368.800223,836056431.0
15374.809662,836029531.0
15380.810351,835979031.0
15386.830446,836029631.0
15392.852236,836081731.0
15398.853601,835979131.0
15404.860483,836089364.0
15410.873171,836106131.0
15417.020568,835981131.0
15423.03935,836030531.0
15429.041159,836030531.0
15435.042538,835984998.0
15441.043431,836074198.0
15447.042842,836037164.0
15453.04002,836013764.0
15459.048082,836056331.0
15465.060396,836103731.0
15471.079739,836026664.0
15477.094726,836034998.0
15483.116163,835962764.0
15489.125128,835995998.0
15495.133986,836026664.0
15501.141642,835986964.0
15507.162505,835951664.0
15513.168889,836004531.0
15519.177295,836046798.0
15525.183998,836104731.0
15531.192237,836030631.0
15537.19758,835934998.0
15543.199237,836014764.0
15549.221458,836054631.0
15555.229553,836087064.0
15561.247774,836072698.0
15567.263934,836026664.0
15573.259359,836018331.0
15579.258542,835981631.0
15585.264824,835968331.0
15591.281065,836064364.0
15597.287384,835972598.0
15603.292083,836046898.0
15609.292373,835981231.0
15615.292423,836029031.0
15621.290772,836029031.0
15627.294269,835986664.0
15633.311167,836051664.0
15639.318215,835976664.0
15645.321304,835997698.0
15651.333422,836039464.0
15657.352676,835959998.0
15663.367583,836106631.0
15669.373588,836030131.0
15675.393947,836037264.0
15681.408138,835951664.0
15687.420219,836004131.0
15693.433733,835947298.0
15699.441906,835929731.0
15705.46702,836003931.0
15711.472347,835947598.0
15717.48438,836045698.0
15723.499524,836045498.0
15729.528133,836026664.0
15735.537955,836020498.0
15741.542036,835947198.0
15747.547909,835943331.0
15753.565453,836035964.0
15759.576495,835955131.0
15765.573045,835884998.0
15771.574865,836027631.0
15777.580416,836004531.0
15783.602246,836072298.0
15789.604136,835963964.0
15795.602464,836069298.0
15801.615668,836020598.0
15807.651554,836072898.0
15813.65035,836027631.0
15819.648624,836055431.0
15825.651174,836028631.0
15831.653121,836004431.0
15837.656543,835969898.0
15843.664217,835938464.0
15849.667364,836026664.0
15855.683099,835996198.0
15861.688458,835985664.0
15867.681491,835954531.0
15873.682428,835896098.0
15879.682448,835996698.0
15885.683078,835960364.0
15891.68648,835956331.0
15897.699557,835988164.0
15903.701294,835946898.0
15909.70374,836021698.0
15915.71153,836106231.0
15921.716694,836070898.0
15927.738407,835969998.0
15933.74542,836011864.0
15939.753773,836072198.0
15945.759553,836004631.0
15951.770901,835947198.0
15957.779061,835959998.0
15963.776547,835959998.0
15969.777144,835987164.0
15975.779076,836039364.0
15981.793466,835946098.0
15987.813425,835977531.0
15993.824056,836036764.0
15999.870283,835997198.0
16005.876462,835978631.0
16011.893583,836006431.0
16017.898885,835985864.0
16023.907003,835987764.0
16029.916046,836014664.0
16035.923275,836009998.0
16041.935022,836053931.0
16047.936286,836029831.0
16053.940334,835984998.0
16059.957742,835945298.0
16065.965274,835963864.0
16071.962841,836071698.0
16077.96846,836005231.0
16083.983149,835959998.0
16090.00807,835976664.0
16096.015066,836004131.0
16102.016366,836030631.0
16108.023752,835921798.0
16114.026999,835945598.0
16120.034165,836005531.0
16126.050393,835980231.0
16132.064068,836030331.0
16138.076067,835997598.0
16144.096017,835921998.0
16150.107121,836045898.0
16156.134314,836014064.0
16162.140653,835955931.0
16168.163772,836029031.0
16174.17068,836063064.0
16180.185686,835970198.0
16186.193843,835984998.0
16192.198162,835951664.0
16198.289607,835884998.0
16204.297419,836012931.0
16210.309555,836030431.0
16216.314184,835959998.0
16222.324549,836014664.0
16228.324464,836055131.0
16234.330336,836038664.0
16240.323709,836071898.0
16246.326634,836047298.0
16252.330764,835988864.0
16258.344719,835976664.0
16264.366982,835988164.0
16270.367143,835905831.0
16276.372749,836079131.0
16282.36848,836020298.0
16288.384553,835970798.0
16294.384093,835995998.0
16300.383478,836020098.0
16306.393956,835929431.0
16312.399137,835962664.0
16318.402009,836001664.0
16324.406728,836004731.0
16330.430755,835954531.0
16336.434095,836052331.0
16342.432696,836046498.0
16348.431627,836018331.0
16354.435875,835976931.0
16360.460301,835939264.0
16366.467773,835980131.0
16372.480822,836020398.0
16378.48662,835994498.0
16384.499432,836023198.0
16390.511404,836011164.0
16396.547683,835934998.0
16402.563526,835934998.0
16408.582403,836011464.0
16414.594805,836004331.0
16420.611715,835951664.0
16426.628552,835987264.0
16432.647816,835998798.0
16438.667685,836009864.0
16444.670207,835945298.0
16450.688562,835951664.0
16456.697334,835996498.0
16462.705598,835951664.0
16468.712573,835943331.0
16474.714275,836054731.0
16480.72774,836054231.0
16486.728959,835920298.0
16492.739054,835901664.0
16498.745697,835893331.0
16504.743151,835911464.0
16510.756797,835971698.0
16516.768627,835961164.0
16522.77667,835972198.0
16528.787279,835962964.0
16534.789958,835909998.0
16540.800609,835963864.0
16546.817355,836022098.0
16552.836303,835963264.0
16558.844505,835993331.0
16564.85408,836021198.0
16570.868798,835984998.0
16576.868718,836018331.0
16582.8673,835947498.0
16588.928672,835946298.0
16594.938008,836009998.0
16600.932382,836009998.0
16606.946792,836021198.0
16612.953283,836047198.0
16618.966938,835976664.0
16624.971663,836089664.0
16630.98062,835946098.0
16636.984347,835918331.0
16642.979449,835918331.0
16648.98028,835934998.0
16654.978705,835943331.0
16660.983987,836006131.0
16666.997799,835986764.0
16673.01474,836011264.0
16679.027212,835946398.0
16685.027058,835970398.0
16691.032826,835868331.0
16697.042575,835926664.0
16703.044817,835963964.0
16709.04598,835984998.0
16715.071168,836055131.0
16721.082385,836056231.0
16727.090884,835968331.0
16733.095389,835996598.0
16739.111029,836028531.0
16745.13031,836037364.0
16751.140945,836030631.0
16757.156027,836064064.0
16763.154494,835988264.0
16769.148943,835968331.0
16775.15163,835995898.0
16781.15918,835964064.0
16787.175717,835998931.0
16793.186537,836003031.0
16799.19693,836014064.0
16805.195324,835979431.0
16811.199179,835926664.0
16817.20999,835943331.0
16823.216271,835970398.0
16829.218399,835955231.0
16835.229773,836005431.0
16841.235067,836020798.0
16847.245858,835970598.0
16853.250605,835926664.0
16859.262867,835963764.0
16865.268108,836014264.0
16871.278143,835951664.0
16877.279917,836012364.0
16884.056645,836012364.0
16890.061436,836012364.0
16896.092039,835893331.0
16902.115013,835971798.0
16908.121681,835889264.0
16914.123414,835953931.0
16920.120522,836022298.0
16926.120338,835970698.0
16932.118617,836011764.0
16938.119174,835963764.0
16944.121047,835995398.0
16950.136288,835929531.0
16956.139118,835926664.0
16962.158145,835995898.0
16968.168982,835904331.0
16974.181129,835929731.0
16980.186724,835962364.0
16986.211905,835944098.0
16992.21655,835976664.0
16998.22118,835920498.0
17004.227322,836036664.0
17010.236834,835959998.0
17016.245166,835962564.0
17022.249023,835905131.0
17028.267189,835926664.0
17034.284063,835946098.0
17040.300028,836019698.0
17046.316577,836011264.0
17052.325664,835988564.0
17058.338265,835970798.0
17064.341776,835938464.0
17070.376987,835960364.0
17076.401226,835981964.0
17082.408712,835987164.0
17088.424845,835919998.0
17094.44424,835945298.0
17100.447323,835937664.0
17106.450343,835901664.0
17112.467392,835954531.0
17118.467319,835998298.0
17124.467928,836013164.0
17130.480807,836005631.0
17136.479356,836045798.0
17142.48017,835934998.0
17148.477178,836020198.0
17154.478725,835909998.0
17160.477276,835928231.0
17166.47809,835984998.0
17172.480484,836021398.0
17178.482989,835997198.0
17184.505696,835996198.0
17190.517239,836015064.0
17196.521145,835947398.0
17202.52858,835972498.0
17208.529954,836003531.0
17214.539342,836030031.0
17220.547602,835943331.0
17226.541817,836021198.0
17232.539356,835989464.0
17238.545267,835962064.0
17244.544401,836018331.0
17250.542596,835918331.0
17256.547633,836038164.0
17262.594791,836003331.0
17268.603409,835906198.0
17274.607266,835920698.0
17280.605212,835914264.0
17286.603073,835970698.0
17292.602671,836012764.0
17298.602208,835934998.0
17304.603217,835997298.0
17310.609722,835909998.0
17316.629925,835947798.0
17322.633166,836037664.0
17328.638762,835988364.0
17334.658295,835953931.0
17340.666245,835912564.0
17346.668212,836038164.0
17352.666258,836038264.0
17358.675685,835963464.0
17364.696611,836026664.0
17370.696553,835959998.0
17376.707621,835979731.0
17382.72022,835962464.0
17388.736977,835938964.0
17394.746042,835893331.0
17400.745294,835961464.0
17406.746853,835961364.0
17412.74249,835920698.0
17418.751642,835912864.0
17424.762636,836006531.0
17430.779983,836020998.0
17436.79855,835886964.0
17442.811427,835963064.0
17448.83289,835987764.0
17454.843321,835979331.0
17460.853131,835930531.0
17466.862736,835930531.0
17472.872572,835968331.0
17478.871296,836001664.0
17484.884686,835971498.0
17490.895049,835981631.0
17496.90563,836045798.0
17502.919627,835945998.0
17508.942867,835987964.0
17514.951809,835934998.0
17520.970991,835931931.0
17526.981412,835886064.0
17532.979834,835954531.0
17538.979629,835947398.0
17544.981449,835920598.0
17550.990599,835963164.0
17556.998583,835980631.0
17563.002763,835934998.0
17569.012569,835937964.0
17575.011235,835913164.0
17581.018321,835938564.0
17587.038662,835972798.0
17593.044244,836047398.0
17599.050197,836022498.0
17605.05601,835968331.0
17611.06257,835954631.0
17617.076788,836054331.0
17623.074972,835996998.0
17629.076531,835871398.0
17635.07173,835995498.0
17641.075357,835980231.0
17647.083078,835931231.0
17653.089876,836005231.0
17659.095147,836005231.0
17665.110494,836045998.0
17671.124864,835946098.0
17677.139351,835955231.0
17683.167708,836004731.0
17689.168252,835961964.0
17695.169237,836004731.0
17701.17967,836037564.0
17707.188943,835893331.0
17713.203355,835926664.0
17719.211571,835961564.0
17725.220493,835945798.0
17731.230573,835868331.0
17737.234723,835876664.0
17743.254829,835920498.0
17749.267561,835995698.0
17755.279707,835895598.0
17761.280255,835889064.0
17767.301716,835876664.0
17773.315887,835945498.0
17779.324052,835954531.0
17785.337256,835921998.0
17791.339732,835921398.0
17797.340781,835904631.0
17803.339901,835988764.0
17809.342356,835997798.0
17815.339248,835968331.0
17821.350556,836005631.0
17827.362167,835988864.0
17833.371594,835920698.0
17839.37574,835893331.0
17845.452257,835888564.0
17851.46756,835882364.0
17857.485752,835889964.0
17863.495522,835912564.0
17869.496482,835970698.0
17875.497171,836022998.0
17881.501495,835927931.0
17887.517819,835980631.0
17893.528316,835971698.0
17899.537388,835987364.0
17905.546525,836014464.0
17911.560916,835959998.0
17917.570345,836034998.0
17923.573232,835987664.0
17929.582174,835984998.0
17935.598434,836022298.0
17941.603111,835962264.0
17947.617681,835971498.0
17953.621393,835988564.0
17959.619919,835945798.0
17965.62208,835995798.0
17971.641693,836021498.0
17977.654681,835971498.0
17983.670216,835988464.0
17989.677435,835998298.0
17995.678925,836004031.0
18001.695941,836029631.0
18007.703707,835993331.0
18013.712795,836038764.0
18019.722373,836021598.0
18025.727736,836029731.0
18031.733405,835964164.0
18037.7304,835968331.0
18043.813798,835963764.0
18049.828713,835963764.0
18055.837442,835993331.0
18061.839557,835918331.0
18067.847205,835971098.0
18073.853728,835946498.0
18079.857345,835962664.0
18085.87469,835971698.0
18091.867795,835893331.0
18097.867949,835951664.0
18103.870936,835984998.0
18109.869692,835959998.0
18115.874318,835888464.0
18121.868936,836021298.0
18127.871885,835969798.0
18133.868628,835929131.0
18139.868619,835995498.0
18145.867423,836010664.0
18151.869119,835978931.0
18157.868081,835989164.0
18163.874831,835927731.0
18169.887944,835987364.0
18175.897446,835972098.0
18181.922463,836003731.0
18187.933647,835948898.0
18193.942673,835963464.0
18199.954958,836003631.0
18205.96724,835972398.0
18211.968163,835971698.0
18217.987882,835963364.0
18223.997105,835984998.0
18229.992861,836064464.0
18236.092227,835964064.0
18242.087458,836031864.0
18248.089502,836063464.0
18254.097559,835959998.0
18260.109672,835884998.0
18266.121677,835912564.0
18272.143126,835879531.0
18278.158759,835962164.0
18284.165249,835987364.0
18290.169681,835985264.0
18296.165239,835945298.0
18302.171246,835947398.0
18308.169042,836013164.0
18314.169696,836005031.0
18320.168201,835993331.0
18326.170797,836019698.0
18332.18302,836022598.0
18338.186843,835980531.0
18344.181758,836004731.0
18350.185852,835987764.0
18356.183137,835953831.0
18362.185621,836013464.0
18368.185893,836004031.0
18374.18981,836021398.0
18380.209544,836022298.0
18386.220069,835959998.0
18392.237787,835926664.0
18398.244925,835934998.0
18404.250464,836021698.0
18410.261711,835984998.0
18416.288126,835978831.0
18422.299098,835988264.0
18428.321846,835995498.0
18434.337183,836024031.0
18440.339883,836029531.0
18446.337802,836020698.0
18452.346713,835957531.0
18458.353989,836046898.0
18464.356063,836063464.0
18470.354515,836053331.0
18476.354639,835987364.0
18482.355999,835955131.0
18488.36961,836004331.0
18494.373493,835959998.0
18500.389837,835921598.0
18506.42064,835980931.0
18512.439917,836013964.0
18518.447201,835962964.0
18524.464336,835973198.0
18530.47946,836081431.0
18536.48535,836064564.0
18542.481003,836063864.0
18548.47981,835978131.0
18554.47936,835955431.0
18560.483927,835946498.0
18566.501566,835945598.0
18572.49879,836009998.0
18578.519434,835984998.0
18584.515824,835876664.0
18590.534957,835868331.0
18596.552397,835987364.0
18602.557931,835893331.0
18608.555027,835977731.0
18614.560094,836070698.0
18620.563422,835987564.0
18626.573475,836022298.0
18632.579134,836022298.0
18638.596348,835979131.0
18644.605545,835884998.0
18650.606837,835984998.0
18656.63502,835936764.0
18662.641736,835962464.0
18668.657475,835926664.0
18674.666898,835912864.0
18680.676041,835943331.0
18686.684045,836021598.0
18692.682587,835986164.0
18698.682009,836013964.0
18704.683769,835893331.0
18710.684336,836015064.0
18716.687039,835947098.0
18722.706291,835996898.0
18728.71855,836003631.0
18734.737616,835963864.0
18740.752073,835936664.0
18746.769871,835863564.0
18752.777893,835934998.0
18758.781959,835895698.0
18764.777842,835889664.0
18770.780054,835909998.0
18776.792477,835954131.0
18782.813415,835913864.0
18788.83309,835953731.0
18794.845035,835905031.0
18800.866192,835997198.0
18806.868321,835938364.0
18812.881165,836016164.0
18818.949279,835962464.0
18824.947476,835934464.0
18830.956059,835961964.0
18836.950739,835946798.0
18842.949803,835945898.0
18848.951736,835978631.0
18854.950982,835996398.0
18860.957501,836004631.0
18866.973125,836005731.0
18872.982079,835995298.0
18879.000983,836004831.0
18885.013327,835972498.0
18891.010285,836002731.0
18897.009764,836020798.0
18903.012152,836004131.0
18909.01147,835959998.0
18915.014067,835996298.0
18921.011264,835909998.0
18927.024787,835943331.0
18933.023536,835987764.0
18939.02437,836013864.0
18945.025346,835972298.0
18951.024507,835929131.0
18957.030288,835984998.0
18963.043378,836009998.0
18969.049352,835944798.0
18975.055357,835963564.0
18981.064101,835868331.0
18987.080812,835963164.0
18993.093272,835938464.0
18999.107858,835934998.0
19005.103556,835920398.0
19011.170098,835996398.0
19017.197322,835952231.0
19023.204796,835954731.0
19029.218909,836021898.0
19035.232482,836028731.0
19041.227117,835968331.0
19047.234671,835988864.0
19053.255782,835976664.0
19059.302275,835987764.0
19065.307522,835937764.0
19071.316125,835929831.0
19077.334142,835988164.0
19083.347708,836012864.0
19089.353125,836038164.0
19095.358123,835884998.0
19101.373667,835893331.0
19107.391021,835963464.0
19113.404258,835980731.0
19119.400534,835963564.0
19125.404262,836030731.0
19131.402964,835888164.0
19137.404351,835946198.0
19143.40088,835946698.0
19149.400775,835946398.0
19155.405043,835996398.0
19161.405256,836022498.0
19167.403844,836060464.0
19173.407194,836005631.0
19179.423194,835976664.0
19185.441773,836013864.0
19191.45133,835980231.0
19197.474359,835868331.0
19203.484342,836005631.0
19209.588301,835947598.0
19215.594717,835951698.0
19221.596755,835969898.0
19227.617413,835984998.0
19233.618259,835936664.0
19239.622274,835893331.0
19245.638141,835978931.0
19251.64143,835953731.0
19257.653061,835934998.0
19263.669729,836013564.0
19269.68482,836079431.0
19275.69879,835955931.0
19281.701739,836021998.0
19287.709315,836013064.0
19293.72321,835946998.0
19299.728561,835921198.0
19305.733741,836004831.0
19311.754508,836039164.0
19317.771522,835989164.0
19323.775534,835943331.0
19329.786108,835988164.0
19335.79288,835928131.0
19341.792854,835934998.0
19347.79468,836004631.0
19353.807806,836034998.0
19359.808676,835943331.0
19365.835365,836034998.0
19371.839576,835970798.0
19377.844749,835972898.0
19383.868258,835909998.0
19389.874337,836047198.0
19395.898427,835912064.0
19401.903877,835969798.0
19408.008696,835964564.0
19414.018613,836007398.0
19420.029426,836021598.0
19426.050573,835909998.0
19432.069118,836063664.0
19438.074953,835903131.0
19444.073415,835952031.0
19450.073398,835996698.0
19456.074385,836003831.0
19462.074465,835943331.0
19468.074216,836029431.0
19474.092466,836002331.0
19480.112647,835997298.0
19486.124017,835878931.0
19492.12016,835871198.0
19498.136486,835961964.0
19504.137925,835876664.0
19510.141984,835894498.0
19516.150563,835939064.0
19522.155871,835868331.0
19528.173699,835897498.0
19534.18843,835931131.0
19540.203838,836021298.0
19546.221932,835946398.0
19552.234471,835928531.0
19558.228142,835893331.0
19564.23037,835971398.0
19570.231693,836021798.0
19576.2378,835998498.0
19582.236305,836013164.0
19588.231528,835968331.0
19594.232716,836003831.0
19600.232104,836005931.0
19606.23485,835952398.0
19612.243705,835970598.0
19618.252184,835962564.0
19624.24813,835921898.0
19630.247593,835954731.0
19636.253964,835995698.0
19642.268121,835970098.0
19648.274638,835959998.0
19654.276758,835938864.0
19660.285649,836001664.0
19666.291907,835972598.0
19672.289565,835984998.0
19678.291278,835911964.0
19684.293329,835920198.0
19690.30055,836028931.0
19696.308965,835920498.0
19702.307924,835993331.0
19708.315676,835928931.0
19714.312053,835889664.0
19720.320873,835914064.0
19726.321056,835920198.0
19732.322388,835897098.0
19738.32497,835990364.0
19744.32149,835919398.0
19750.327196,835962964.0
19756.324177,835988264.0
19762.320251,835945498.0
19768.332372,835905231.0
19774.338004,835909998.0
19780.343981,835919798.0
19786.3775,835872098.0
19792.457978,835981431.0
19798.464181,835947131.0
19804.468834,835954831.0
19810.477522,835962564.0
19816.48114,835964664.0
19822.479678,835921598.0
19828.483672,835834998.0
19834.506444,835947398.0
19840.525296,835934998.0
19846.531492,836020798.0
19852.541641,836029431.0
19858.542431,835913464.0
19864.548574,835938864.0
19870.575234,835980031.0
19876.58074,835904731.0
19882.593325,835872898.0
19888.609095,835937664.0
19894.626312,835959998.0
19900.628971,836028031.0
19906.642478,835945698.0
19912.655744,835944998.0
19918.680603,835978731.0
19924.685579,835968331.0
19930.696877,836014364.0
19936.699933,835922898.0
19942.706345,835905331.0
19948.723928,835920298.0
19954.7343,835921098.0
19960.734466,835953431.0
19966.744289,835909998.0
19972.746512,835954131.0
19978.754388,836038064.0
19984.766399,836032031.0
19990.868333,836080831.0
19996.870187,835913264.0
20002.877157,835938964.0
20008.900662,835887164.0
20014.901696,835919798.0
20020.905853,835938564.0
20026.904105,835957931.0
20032.906821,835955531.0
20038.916836,836021498.0
20044.915491,835927131.0
20050.918907,835984998.0
20056.935826,835880231.0
20062.936577,835971498.0
20068.946504,835905531.0
20074.958947,835955531.0
20080.968172,835978631.0
20086.976852,836001664.0
20092.984042,835901664.0
20099.000609,835898298.0
20105.013196,835997098.0
20111.034514,835953431.0
20117.040918,835929731.0
20123.042451,835970398.0
20129.045307,836003931.0
20135.04331,836021998.0
20141.042158,836038464.0
20147.039847,836046098.0
20153.043796,835980831.0
20159.04324,835928831.0
20165.046539,835987364.0
20171.067911,835995198.0
20177.083419,835962564.0
20183.088853,835930331.0
20189.096822,835931298.0
20195.109148,835946698.0
20201.107862,835922098.0
20207.126221,835962364.0
20213.139712,835879831.0
20219.158767,835904731.0
20225.168035,835968331.0
20231.164833,836029331.0
20237.170285,835993331.0
20243.183807,835988564.0
20249.194718,835994898.0
20255.211731,835909998.0
20261.228621,835943331.0
20267.240652,835921698.0
20273.248603,835984998.0
20279.245639,835884998.0
20285.244272,835988564.0
20291.262062,835931031.0
20297.258858,835955731.0
20303.27062,836010964.0
20309.287234,835943331.0
20315.29346,835922698.0
20321.301335,835959998.0
20327.305936,835979231.0
20333.309413,835943331.0
20339.319962,835954731.0
20345.324666,835963164.0
20351.324966,835918331.0
20357.324506,836046598.0
20363.325231,835920798.0
20369.337045,835886464.0
20375.345846,835987564.0
20381.358605,835976664.0
20387.377209,835976664.0
20393.389239,835846998.0
20399.385308,835893331.0
20405.391694,835979331.0
20411.409178,835980731.0
20417.420275,836004531.0
20423.442612,835905531.0
20429.452923,835979531.0
20435.469303,835928531.0
20441.470941,835954431.0
20447.481403,835979031.0
20453.481147,836009998.0
20459.480612,836022298.0
20465.490002,835997098.0
20471.493218,836037764.0
20477.503832,835963164.0
20484.424462,835963164.0
20490.431888,835963164.0
20496.431814,835930131.0
20502.431483,836028831.0
20508.429869,835943331.0
20514.448933,835909998.0
20520.454023,835996598.0
20526.477762,835872398.0
20532.496894,835963564.0
20538.500376,835903931.0
20544.510659,835996598.0
20550.508618,835913164.0
20556.515555,835980531.0
20562.524942,835988764.0
20568.550732,835918998.0
20574.555985,835971398.0
20580.55574,835884998.0
20586.565235,835988764.0
20592.57336,836022298.0
20598.577342,835904331.0
20604.594455,835962764.0
20610.604945,835997298.0
20616.610627,835955231.0
20622.625846,835963164.0
20628.643162,836001664.0
20634.652526,835934998.0
20640.659741,835931631.0
20646.676959,835996298.0
20652.696077,836020298.0
20658.709293,835884998.0
20664.727301,835843331.0
20670.745268,835922098.0
20676.764595,835944698.0
20682.781214,835944698.0
20688.793777,835930931.0
20694.804448,835934998.0
20700.82006,835986464.0
20706.840158,835896298.0
20712.844963,835901664.0
20718.867007,835871898.0
20724.869587,835954331.0
20730.871284,835943331.0
20736.88667,835953831.0
20742.915322,835995498.0
20748.922838,835901664.0
20754.944004,836078131.0
20760.948957,835954531.0
20766.949314,835859998.0
20772.946732,836055531.0
20778.956381,836030031.0
20784.975426,836038864.0
20790.980918,835962564.0
20797.002777,836001664.0
20803.02075,835880631.0
20809.024223,836020898.0
20815.026814,835996098.0
20821.056423,835884998.0
20827.059857,835944198.0
20833.073918,835918331.0
20839.091059,835909998.0
20845.104113,835959998.0
20851.130815,835993331.0
20857.136155,836037964.0
20863.152744,835934998.0
20869.156711,836055431.0
20875.183307,836113564.0
20881.19399,836113564.0
20887.197436,835968331.0
20893.213159,836056431.0
20899.223571,835945698.0
20905.227098,835921798.0
20911.22945,835952831.0
20917.254469,835918331.0
20923.258136,835918331.0
20929.265643,835996298.0
20935.276471,836005031.0
20941.276724,835905931.0
20947.292806,835953931.0
20953.31249,836012364.0
20959.329194,835996298.0
20965.338531,835876664.0
20971.356283,835988064.0
20977.382086,836030031.0
20983.414718,835893331.0
20989.415166,835901664.0
20995.416024,836039064.0
21001.422294,836053831.0
21007.436875,835988564.0
21013.454223,835947098.0
21019.47247,835909998.0
21025.478029,835955331.0
21031.487224,835912564.0
21037.502993,835919598.0
21043.517289,835959998.0
21049.528072,835943331.0
21055.540491,836062164.0
21061.544884,836047498.0
21067.585593,836005131.0
21073.59233,835943331.0
21079.609932,835943331.0
21085.61908,835876664.0
21091.635251,835913464.0
21097.660838,835963164.0
21103.675029,835879331.0
21109.689375,835997798.0
21115.701291,835951664.0
21121.712959,835944498.0
21127.712367,836004931.0
21133.734004,835938164.0
21139.747975,835959998.0
21145.764021,835962964.0
21151.780186,835971298.0
21157.80974,835988264.0
21163.807488,835968331.0
21169.821269,835918331.0
21175.827737,836066064.0
21181.845865,836038464.0
21187.865998,836018331.0
21193.876175,835926664.0
21199.891494,835903831.0
21205.91258,835948698.0
21211.925468,835876664.0
21217.937197,836021598.0
21223.96022,835920298.0
21229.969091,835947198.0
21235.984485,836029731.0
21242.00717,835956631.0
21248.032951,836029431.0
21254.044081,835964164.0
21260.069095,836013564.0
21266.085733,836034998.0
21272.19699,836005831.0
21278.227742,836051664.0
21284.232951,836051664.0
21290.250278,836080031.0
21296.260242,836029931.0
21302.276004,836071698.0
21308.274768,835943331.0
21314.274387,836029331.0
21320.288764,835929231.0
21326.319787,835971498.0
21332.349228,836018331.0
21338.35259,835988464.0
21344.3628,835926664.0
21350.376551,836038164.0
21356.391378,835936664.0
21362.400175,836013064.0
21368.407973,835962264.0
21374.427162,835906531.0
21380.451223,835893331.0
21386.464451,835901664.0
21392.462696,835929931.0
21398.463328,835938064.0
21404.473832,835976664.0
21410.478347,836004431.0
21416.481816,835979731.0
21422.497001,836004131.0
21428.509842,835923098.0
21434.541613,835947198.0
21440.5451,835902831.0
21446.563075,835868331.0
21452.581559,835946798.0
21458.596408,836036764.0
21464.610278,835928431.0
21470.625625,835963864.0
21476.648216,835876664.0
21482.650865,835876664.0
21488.648574,835899398.0
21494.657663,835921098.0
21500.676901,835903131.0
21506.689953,835959998.0
21512.707077,835962664.0
21518.725537,835968331.0
21524.746152,835981231.0
21530.747534,836027931.0
21536.767472,835961464.0
21542.781698,835926664.0
21548.800761,835944498.0
21554.805591,835914064.0
21560.833865,835987764.0
21566.848921,835976664.0
21572.865615,835980331.0
21578.873225,835995398.0
21584.885063,836094598.0
21590.883391,835993331.0
21596.88675,835870898.0
21602.893496,836004331.0
21608.9035,835970998.0
21614.901579,836014364.0
21620.923228,835892998.0
21626.936265,835913864.0
21632.954265,835896298.0
21638.962661,835972598.0
21644.969591,835913264.0
21650.977874,835947198.0
21656.982184,835843331.0
21662.977616,835930231.0
21669.034133,835937264.0
21675.044912,835951464.0
21681.066987,835964564.0
21687.080516,835959998.0
21693.093464,836022598.0
21699.114086,836004631.0
21705.122523,835970798.0
21711.141557,836021798.0
21717.150292,836001664.0
21723.162371,835939764.0
21729.173845,835948498.0
21735.19438,835936664.0
21741.20747,835989064.0
21747.210913,835989164.0
21753.211772,836054831.0
21759.211259,836088764.0
21765.212598,836048498.0
21771.211033,836064764.0
21777.221101,835996798.0
21783.232425,835963564.0
21789.251321,836003431.0
21795.259006,836022598.0
21801.26148,836071398.0
21807.260257,836064764.0
21813.257921,835976664.0
21819.26137,835909998.0
21825.261348,835963064.0
21831.259615,835960964.0
21837.262617,836037564.0
21843.278858,835945398.0
21849.278694,836021598.0
21855.277794,835968331.0
21861.277885,835913164.0
21867.281066,835997598.0
21873.293619,835997598.0
21879.291702,835979631.0
21885.293687,835977031.0
21891.294783,836021198.0
21897.294706,835988564.0
21903.295524,836055731.0
21909.295198,835920898.0
21915.295324,835951664.0
21921.313807,835963064.0
21927.335943,836022698.0
21933.340679,836096698.0
21939.355094,836097998.0
21945.362008,835972698.0
21951.380453,835978731.0
21957.384662,835979931.0
21963.394033,836046098.0
21969.411442,835997198.0
21975.423599,835954531.0
21981.414854,836031031.0
21987.429612,835993331.0
21993.440704,836003631.0
21999.449966,835922098.0
22005.458001,835963664.0
22011.462582,835904131.0
22017.469943,836028031.0
22023.478856,835913464.0
22029.479244,836054331.0
22035.495022,835979031.0
22041.495646,835993331.0
22047.496246,835884998.0
22053.495127,835955231.0
22059.499444,836045598.0
22065.512815,836045598.0
22071.512235,836043331.0
22077.515462,835971798.0
22083.528862,835980831.0
22089.553649,835951664.0
22095.558615,835996698.0
22101.560567,835976664.0
22107.571603,835996798.0
22113.5716,836014564.0
22119.578825,835879431.0
22125.607304,835961864.0
22131.611725,835958231.0
22137.620478,835951664.0
22143.621161,835954931.0
22149.621897,836052731.0
22155.623896,836062164.0
22161.637816,835943331.0
22167.639389,835976664.0
22173.657256,836063464.0
22179.665285,835962964.0
22185.674744,836072498.0
22191.680919,836122198.0
22197.6899,836078331.0
22203.695651,835955331.0
22209.695218,836026664.0
22215.695276,836069898.0
22221.695803,836004731.0
22227.695403,835951664.0
22233.696513,835926664.0
22239.695818,835962264.0
22245.699518,835997298.0
22251.695477,836035231.0
22257.696005,836055331.0
22263.698379,836043331.0
22269.69582,836071698.0
22275.695842,835997198.0
22281.695668,835979231.0
22287.695312,836047198.0
22293.6969,835976664.0
22299.699816,835987764.0
22305.696939,835988764.0
22311.69578,835951664.0
22317.69543,835995198.0
22323.701788,835930831.0
22329.697518,835995798.0
22335.695796,836030431.0
22341.695684,835939164.0
22347.695148,836071598.0
22353.702407,836013264.0
22359.711872,835980931.0
22365.712,835943331.0
22371.713408,835962364.0
22377.71188,836030131.0
22383.711155,835931431.0
22389.711029,835989764.0
22395.719922,835962264.0
22401.729229,836014564.0
22407.727902,835962764.0
22413.729502,836031031.0
22419.72992,835984998.0
22425.729532,836031631.0
22431.729129,836012964.0
22437.735663,836093331.0
22443.750264,836093331.0
22449.766694,835943331.0
22455.779154,836045798.0
22461.779786,835993331.0
22467.780539,835884998.0
22473.778777,835951664.0
22479.774524,835896098.0
22485.788968,835989864.0
22491.804721,836030531.0
22497.809546,835928731.0
22503.81173,835997698.0
22509.826463,835976664.0
22515.843777,835943331.0
22521.849369,835979431.0
22527.86159,835995498.0
22533.871154,835906031.0
22539.879538,835972398.0
22545.890174,835973298.0
22551.901721,835997198.0
22557.90223,835954131.0
22563.906294,836055531.0
22569.923904,835993331.0
22575.931782,835930131.0
22581.93292,835979031.0
22587.943349,835926664.0
22593.947041,835896098.0
22599.958696,836067498.0
22605.967825,836004931.0
22611.979609,836035864.0
22617.978732,836070198.0
22623.979898,835971198.0
22629.979797,836046298.0
22635.978093,836046298.0
22641.977715,836006731.0
22647.980148,836070598.0
22653.993254,836045798.0
22659.997881,835943331.0
22666.013273,836029031.0
22672.013438,836152931.0
22678.013522,836139564.0
22684.012052,836079331.0
22690.008923,836072398.0
22696.009033,836003931.0
22702.00811,836080931.0
22708.012601,836095798.0
22714.012806,836020798.0
22720.009957,836051664.0
22726.013074,836145498.0
22732.012626,835995198.0
22738.013796,836028531.0
22744.014593,836013464.0
22750.029356,836053531.0
22756.023128,835951664.0
22762.030002,836087164.0
22768.046161,836043331.0
22774.076021,835996398.0
22780.097255,836012564.0
22786.114476,836054131.0
22792.122094,836040164.0
22798.129688,835987064.0
22804.147261,835987964.0
22810.145358,835954831.0
22816.159403,835979531.0
22822.181611,836027331.0
22828.184148,836029731.0
22834.185041,836113164.0
22840.182227,836038864.0
22846.185446,836105031.0
22852.195929,836051664.0
22858.212815,836030631.0
22864.219843,836128731.0
22870.229207,836101664.0
22876.229916,836062964.0
22882.230084,836062264.0
22888.229919,836081731.0
22894.230284,836132331.0
22900.229323,836068331.0
22906.230128,836046198.0
22912.234436,836063064.0
22918.246299,836081031.0
22924.248246,836096598.0
22930.266781,836104731.0
22936.263809,836010664.0
22942.284757,836061464.0
22948.291827,836068331.0
22954.297788,835960464.0
22960.314661,835990264.0
22966.330478,836096998.0
22972.347835,836043331.0
22978.357875,836028731.0
22984.376475,835951664.0
22990.386026,835959998.0
22996.38821,836022698.0
23002.38642,836038864.0
23008.385639,836155431.0
23014.393724,836112664.0
23020.410524,836112664.0
23026.417557,836113364.0
23032.422043,836055231.0
23038.430255,836018331.0
23044.430232,836104631.0
23050.430295,836029331.0
23056.430504,835987964.0
23062.430171,836122198.0
23068.430363,836071898.0
23074.430173,836043331.0
23080.433117,835980631.0
23086.433191,836013164.0
23092.430553,836144198.0
23098.430586,836138664.0
23104.430343,835984998.0
23110.4302,836063564.0
23116.43016,835987364.0
23122.430317,836009998.0
23128.43534,835968331.0
23134.431812,835981031.0
23140.430848,836078931.0
23146.432901,835968331.0
23152.430308,836097598.0
23158.429879,836001664.0
23164.430308,836080831.0
23170.431843,836054431.0
23176.432328,835984998.0
23182.431192,836013964.0
23188.430094,836003931.0
23194.431414,836120298.0
23200.437799,836047498.0
23206.4466,836047498.0
23212.446458,836079631.0
23218.447581,836105531.0
23224.457896,836138264.0
23230.465525,835987364.0
23236.481339,835961464.0
23242.49259,836069998.0
23248.495485,835971998.0
23254.502595,836054031.0
23260.5154,836020898.0
23266.532375,836111664.0
23272.543913,836061764.0
23278.541109,836078131.0
23284.542073,835979331.0
23290.543983,836093331.0
23296.548191,836005031.0
23302.556284,836112164.0
23308.564674,836026631.0
23314.580144,836046398.0
23320.590674,836028631.0
23326.616036,836181131.0
23332.619411,836055431.0
23338.618609,835993331.0
23344.630153,836118998.0
23350.648341,836020198.0
23356.662466,836080031.0
23362.673752,836054731.0
23368.692358,836095098.0
23374.703321,836004931.0
23380.713987,836087764.0
23386.712069,836121398.0
23392.81279,836029731.0
23398.835762,836104831.0
23404.846704,836104831.0
23410.851495,836021998.0
23416.864381,836086964.0
23422.881386,835959998.0
23428.894263,836080131.0
23434.90006,836103731.0
23440.907169,836051664.0
23446.915619,836031031.0
23452.914955,835930931.0
23458.914746,835974098.0
23464.914818,836095198.0
23470.913993,836055731.0
23476.914599,836114064.0
23482.914346,835993331.0
23488.91451,835951664.0
23494.91508,836021798.0
23500.91613,836056131.0
23506.914761,836071198.0
23512.914095,836011364.0
23518.915432,836021498.0
23524.915357,836030631.0
23530.914066,836036564.0
23536.914556,835971698.0
23542.913895,836045998.0
23548.914453,836088964.0
23554.914945,836059998.0
23560.914622,836061564.0
23566.914819,836030231.0
23572.921895,836062564.0
23578.930979,836059998.0
23585.023154,836020998.0
23591.025943,836081931.0
23597.031763,836103631.0
23603.038629,836038764.0
23609.045404,836120398.0
23615.065462,836093898.0
23621.07486,836038364.0
23627.092352,836105131.0
23633.107251,836021798.0
23639.121407,835996098.0
23645.14263,836054931.0
23651.154076,835986364.0
23657.157453,836088864.0
23663.164567,836087764.0
23669.164724,836088564.0
23675.16544,836104931.0
23681.164571,835968331.0
23687.164338,836079431.0
23693.165173,836112564.0
23699.164656,836013164.0
23705.165234,836109998.0
23711.164423,836106231.0
23717.164345,836004531.0
23723.164735,836038364.0
23729.165505,836070498.0
23735.164799,836046098.0
23741.164444,836043331.0
23747.16436,836088664.0
23753.165567,835971598.0
23759.163743,835926664.0
23765.166155,835955931.0
23771.165843,836018331.0
23777.243854,836037964.0
23783.244266,835943331.0
23789.248534,835943331.0
23795.243569,836076664.0
23801.250496,836096998.0
23807.273316,836051664.0
23813.275242,836005331.0
23819.275737,835984998.0
23825.282147,836047398.0
23831.296171,836055831.0
23837.292573,835954231.0
23843.300459,836053131.0
23849.30946,835943331.0
23855.339006,836001664.0
23861.353443,835994498.0
23867.362497,835994098.0
23873.376139,835959998.0
23879.384144,836054431.0
23885.398752,836046098.0
23891.405897,836013964.0
23897.419384,836018331.0
23903.430398,835934998.0
23909.431735,836106831.0
23915.43202,835995998.0
23921.432214,836004031.0
23927.432215,836068331.0
23933.436036,836006231.0
23939.449795,835962764.0
23945.451107,836021698.0
23951.455507,836063464.0
23957.464717,836064464.0
23963.466163,836001664.0
23969.468437,835989464.0
23975.489556,836020298.0
23981.502939,836021398.0
23987.51123,836078231.0
23993.522166,836119798.0
23999.532465,835964064.0
24005.546675,835984998.0
24011.556489,836003431.0
24017.564834,836079631.0
24023.582113,836093298.0
24029.592857,836047298.0
24035.610012,836138364.0
24041.626661,836006031.0
24047.644337,836051664.0
24053.649639,836102431.0
24059.64918,836128731.0
24065.650309,836055131.0
24071.648849,836084998.0
24077.657622,836070298.0
24084.780621,836070298.0
24090.809862,836070298.0
24096.807609,836045898.0
24102.809267,836014364.0
24108.808663,836029031.0
24114.809614,836081231.0
24120.832747,836031431.0
24126.846284,836029431.0
24132.856358,835904231.0
24138.862579,835979631.0
24144.876134,836028731.0
24150.891335,836121798.0
24156.905752,836046698.0
24162.907051,836034998.0
24168.921088,836030831.0
24174.932686,836006031.0
24180.932819,836061964.0
24186.933406,835980531.0
24192.932403,836112064.0
24198.931069,836054631.0
24204.933445,835979031.0
24210.932952,836095898.0
24216.952245,836068331.0
24222.964592,835962864.0
24228.963199,835984998.0
24234.967803,835903831.0
24240.979055,836013464.0
24246.998134,836038264.0
24253.022289,836164464.0
24259.032439,836079031.0
24265.044612,836020098.0
24271.09397,836046398.0
24277.104087,836034998.0
24283.128417,836034998.0
24289.140858,836030831.0
24295.153417,836068331.0
24301.152798,836131231.0
24307.151426,836095098.0
24313.152862,836128131.0
24319.161958,835947498.0
24325.164959,836147798.0
24331.170923,836062364.0
24337.186209,836018331.0
24343.202365,836088164.0
24349.222795,836088664.0
24355.231184,836078931.0
24361.234816,836059998.0
24367.244813,836070698.0
24373.251029,835989664.0
24379.266495,836051664.0
24385.278786,836094098.0
24391.292644,835996298.0
24397.299456,836071298.0
24403.312302,836070798.0
24409.337688,836026664.0
24415.340974,836164164.0
24421.350739,836020998.0
24427.374152,835964164.0
24433.386331,836038164.0
24439.386071,836098098.0
24445.386692,836126664.0
24451.415424,836179531.0
24457.432968,835951664.0
24463.434591,836055431.0
24469.515012,836014564.0
24475.539996,836005364.0
24481.541578,836011064.0
24487.551542,836028531.0
24493.565334,835993331.0
24499.582987,836001664.0
24505.58616,836122398.0
24511.58701,836038364.0
24517.601036,836046398.0
24523.607432,836021098.0
24529.631382,836088864.0
24535.643807,836005731.0
24541.654271,836076664.0
24547.681146,836101664.0
24553.684388,836054031.0
24559.684779,836062164.0
24565.68732,836070198.0
24571.70137,836145598.0
24577.719322,836104031.0
24583.740629,835996498.0
24589.757521,836146098.0
24595.76904,836138064.0
24601.775196,836120498.0
24607.785148,836039764.0
24613.789149,836155231.0
24619.789896,836018331.0
24625.78987,836154331.0
24631.79108,836043331.0
24637.794087,836038364.0
24643.796122,836059998.0
24649.804848,836079531.0
24655.80514,836038364.0
24661.805639,836101664.0
24667.944591,836053931.0
24673.963789,836171798.0
24679.981749,836172298.0
24685.987131,836102331.0
24692.006556,836096398.0
24698.015497,836036864.0
24704.039565,836139564.0
24710.068683,836020498.0
24716.081244,836103831.0
24722.08838,836113064.0
24728.101131,836054231.0
24734.105175,836145098.0
24740.115789,836028531.0
24746.126677,836080831.0
24752.135107,836037364.0
24758.157073,836087864.0
24764.174313,836062864.0
24770.192648,836073498.0
24776.199066,836036864.0
24782.202194,835993331.0
24788.217233,836045598.0
24794.228971,836054231.0
24800.228676,836102831.0
24806.248866,836088464.0
24812.261263,836018331.0
24818.290742,836137364.0
24824.295255,835995898.0
24830.292258,836097298.0
24836.293441,836113864.0
24842.306975,836111864.0
24848.32831,836061964.0
24854.341389,836071598.0
24860.362685,836055031.0
24866.370582,836062064.0
24872.393972,836096898.0
24878.400513,836096898.0
24884.405204,836147798.0
24890.417355,836045398.0
24896.417276,835993331.0
24902.432294,836013064.0
24908.455553,836005431.0
24914.472171,836070598.0
24920.481407,836036964.0
24926.493822,835959998.0
24932.500659,835976664.0
24938.519567,836114164.0
24944.525265,835954931.0
24950.555049,836065064.0
24956.574447,836022298.0
24962.588903,835989164.0
24968.611015,836018331.0
24974.62351,835926664.0
24980.642255,836096198.0
24986.656197,836047798.0
24992.668416,836104331.0
24998.68668,835968331.0
25004.69813,835984998.0
25010.703678,836118331.0
25016.718933,836087864.0
25022.733219,836095398.0
25028.752898,836079531.0
25034.760945,836080831.0
25040.779355,836137564.0
25046.79837,836005231.0
25052.807044,836001664.0
25058.812002,836055531.0
25064.820433,836114764.0
25070.828447,836128731.0
25076.842168,836128731.0
25082.860551,836037864.0
25088.880517,836006031.0
25094.885343,836044498.0
25100.911423,836036364.0
25106.922009,835994498.0
25112.941542,836054531.0
25118.946417,835995498.0
25124.958147,836047498.0
25130.964832,836020898.0
25136.977232,835987564.0
25142.978145,836129531.0
25149.012911,836204231.0
25155.038389,836081131.0
25161.067674,836248298.0
25167.075663,836020498.0
25173.091669,836103431.0
25179.109079,836129731.0
25185.126334,836096398.0
25191.143664,835997398.0
25197.149351,836079331.0
25203.151542,836114364.0
25209.179029,836028031.0
25215.206029,836013264.0
25221.21475,836094298.0
25227.232369,835984998.0
25233.247478,836130031.0
25239.259286,836129331.0
25245.278375,836037364.0
25251.300072,836096798.0
25257.316563,836106631.0
25263.331918,835971798.0
25269.397866,835981031.0
25275.406449,836005398.0
25281.429166,836020598.0
25287.439534,835962264.0
25293.458344,835964264.0
25299.488242,836021398.0
25305.501333,836045598.0
25311.50991,835971298.0
25317.511928,836055031.0
25323.509156,836071298.0
25329.5217,836005731.0
25335.529447,836029631.0
25341.546448,835995398.0
25347.570674,835996798.0
25353.597848,836054831.0
25359.615927,836029531.0
25365.625435,836070198.0
25371.635383,836088964.0
25377.637576,836013164.0
25383.661259,835997498.0
25389.666757,836037664.0
25395.672478,836071598.0
25401.685737,836004031.0
25407.707957,835976664.0
25413.718115,836096398.0
25419.729489,836112164.0
25425.739197,836102531.0
25431.757416,835996598.0
25437.776926,836128931.0
25443.78253,836164764.0
25449.799663,836070998.0
25455.820836,836103631.0
25461.838135,836034998.0
25467.857011,836139964.0
25473.881782,836020198.0
25479.88777,836020198.0
25485.906609,836030731.0
25491.921428,836156031.0
25497.948656,836114964.0
25503.954617,836021398.0
25509.977395,836147298.0
25516.003515,836052931.0
25522.009696,836012364.0
25528.035591,836106131.0
25534.044894,836145998.0
25540.060953,836088464.0
25546.075304,835993698.0
25552.088619,836059998.0
25558.10498,835976664.0
25564.127478,836087464.0
25570.136381,836129431.0
25576.160667,835968331.0
25582.165806,836051664.0
25588.19141,836131331.0
25594.201695,836105031.0
25600.213608,836020598.0
25606.218301,836070998.0
25612.236737,836103031.0
25618.257332,836070898.0
25624.281772,836076664.0
25630.300381,836145798.0
25636.31136,836096198.0
25642.326532,836087664.0
25648.343906,836161764.0
25654.364112,836022098.0
25660.398314,836030831.0
25666.424981,836055031.0
25672.438424,835970998.0
25678.44712,836055798.0
25684.470806,836072198.0
25690.490022,836018331.0
25696.498961,836079631.0
25702.513043,835961764.0
25708.526724,836121098.0
25714.548779,836068331.0
25720.556691,836113464.0
25726.568747,836130731.0
25732.587822,836126664.0
25738.618559,836029431.0
25744.625586,836013564.0
25750.635569,836006231.0
25756.639086,836076664.0
25762.649188,836096498.0
25768.672173,836055531.0
25774.684968,836072698.0
25780.705904,835951664.0
25786.71498,836095198.0
25792.736073,836128631.0
25798.7491,836098398.0
25804.77004,836013364.0
25810.784721,836154831.0
25816.802484,836043331.0
25822.80714,836129031.0
25828.824553,836069598.0
25834.84172,836071398.0
25840.855604,836087164.0
25846.873832,836078131.0
25852.893775,836054331.0
25858.906496,836054931.0
25864.917987,836147498.0
25870.937014,836055831.0
25877.067592,836171598.0
25883.073477,836105764.0
25889.08774,836114664.0
25895.104053,836093331.0
25901.124109,836188664.0
25907.14616,836146598.0
25913.151023,836079931.0
25919.175629,836079631.0
25925.200336,836104631.0
25931.214543,836038364.0
25937.237351,836109998.0
25943.257794,836162464.0
25949.287024,836084998.0
25955.304647,836189964.0
25961.324071,836095998.0
25967.326727,836078831.0
25973.336055,836162864.0
25979.345598,836197098.0
25985.352566,836129031.0
25991.365574,836070498.0
25997.370703,836109998.0
26003.390087,836147598.0
26009.405711,836130731.0
26015.422808,836155631.0
26021.440063,836120698.0
26027.456116,836195798.0
26033.470395,836128831.0
26039.488826,836180231.0
26045.505889,836122698.0
26051.515078,836189364.0
26057.527127,836118331.0
26063.542726,836113964.0
26069.54378,836153731.0
26075.553103,836078631.0
26081.679023,836071898.0
26087.684917,836118164.0
26093.691393,836137364.0
26099.701211,836113664.0
26105.706899,836164164.0
26111.722293,836001664.0
26117.728926,836130831.0
26123.746869,836070798.0
26129.762225,835993331.0
26135.783254,836009998.0
26141.796619,835979831.0
26147.809689,836019898.0
26153.823023,836021098.0
26159.831672,836055231.0
26165.849597,836088364.0
26171.865918,836068331.0
26177.877137,836071898.0
26183.899254,836122298.0
26189.92396,836021598.0
26195.934775,835993331.0
26201.952228,836023298.0
26207.961314,836055631.0
26213.960523,836043331.0
26219.964887,835996398.0
26225.96091,836129931.0
26231.965526,836003431.0
26237.961945,836065664.0
26243.962637,836005031.0
26249.961515,836082231.0
26255.961629,836021898.0
26261.960455,836054831.0
26267.960764,836111864.0
26273.961886,836079131.0
26279.960213,836064264.0
26285.962487,836064264.0
26291.961701,835926664.0
26297.961624,836001664.0
26303.961752,836074198.0
26309.959987,836034998.0
26315.961514,836038764.0
26321.964795,836113964.0
26327.992294,836084998.0
26334.014487,836063464.0
26340.036397,836136264.0
26346.052849,836112664.0
26352.065995,836011764.0
26358.07557,835951664.0
26364.092454,836036364.0
26370.117844,836038964.0
26376.148776,836098398.0
26382.171419,836001664.0
26388.192318,835963264.0
26394.211083,836068331.0
26400.214107,835993331.0
26406.239106,835959998.0
26412.251318,835996098.0
26418.265509,836001664.0
26424.274074,836096298.0
26430.277117,836130131.0
26436.277754,835993331.0
26442.296909,836068331.0
26448.30619,836013964.0
26454.32748,836026664.0
26460.338077,836053431.0
26466.341463,836156331.0
26472.355373,836037764.0
26478.375151,836138764.0
26484.387997,836138764.0
26490.415162,836146098.0
26496.429815,836168331.0
26502.439332,836068331.0
26508.455184,836104631.0
26514.473719,836096698.0
26520.488556,836039464.0
26526.493872,836063064.0
26532.518148,836094398.0
26538.525926,836061464.0
26544.54152,836080231.0
26550.56072,836145298.0
26556.584944,836020498.0
26562.586961,836073298.0
26568.616533,836073298.0
26574.638095,836043331.0
26580.660266,836043331.0
26586.681935,836139264.0
26592.70337,836053531.0
26598.714491,836172798.0
26604.721414,836178731.0
26610.733125,836109998.0
26616.755699,836018331.0
26622.771451,836139164.0
26628.777919,836144998.0
26634.789967,836152831.0
26640.820555,836139364.0
26646.83773,836055631.0
26652.838112,836053331.0
26658.864286,836064064.0
26664.872954,836054331.0
26670.891377,836171198.0
26676.942782,836049598.0
26682.947714,836086631.0
26688.951124,836103731.0
26694.967205,836101664.0
26700.978532,836172498.0
26706.977382,836120598.0
26712.978324,836130131.0
26718.976799,836110864.0
26724.976694,836118331.0
26730.976534,836129031.0
26736.980768,836096198.0
26742.976726,836196398.0
26748.984012,836121398.0
26754.993015,836103231.0
26760.993191,836170898.0
26767.000186,836197398.0
26773.012403,836071898.0
26779.037307,836143331.0
26785.044579,836177231.0
26791.063789,836105031.0
26797.082883,836151664.0
26803.09275,836104131.0
26809.112044,836137664.0
26815.121393,836128631.0
26821.122469,836163264.0
26827.136683,836171898.0
26833.15532,836146498.0
26839.178075,836145498.0
26845.183848,836151664.0
26851.191457,836138064.0
26857.204986,836159998.0
26863.218761,836109998.0
26869.230057,836101664.0
26875.233522,836145098.0
26881.251159,836145098.0
26887.272658,836105331.0
26893.27567,836170998.0
26899.284355,836155131.0
26905.29411,836198298.0
26911.309159,836204731.0
26917.323523,836109998.0
26923.341533,836043331.0
26929.355723,836070998.0
26935.374175,836168331.0
26941.37783,836026664.0
26947.388728,836145598.0
26953.412623,836137764.0
26959.425693,836168331.0
26965.437355,836151664.0
26971.452375,836109998.0
26977.464918,836221598.0
26983.47242,836112364.0
26989.479561,836230131.0
26995.482093,836155231.0
27001.47992,836188564.0
27007.502584,836159998.0
27013.515971,836179531.0
27019.528777,836109998.0
27025.545125,836122298.0
27031.562369,836205131.0
27037.573414,836147998.0
27043.571792,836184998.0
27049.584522,836120498.0
27055.58639,836088464.0
27061.586751,836145998.0
27067.609421,836172298.0
27073.624542,836053431.0
27079.637034,836053431.0
27085.656909,836163264.0
27091.667811,836157631.0
27097.684464,836186564.0
27103.686382,836196598.0
27109.705638,836093331.0
27115.722447,836180331.0
27121.728921,836126664.0
27127.74845,836113164.0
27133.758938,836155031.0
27139.762299,836138264.0
27145.784834,836159998.0
27151.789555,836113764.0
27157.800562,836196398.0
27163.814266,836220098.0
27169.834619,836263364.0
27175.854154,836206031.0
27181.878117,836205131.0
27187.886233,836113764.0
27193.905522,836034998.0
27199.929558,836129131.0
27205.952599,836154731.0
27211.970438,836095798.0
27217.983161,836121798.0
27223.994845,836129331.0
27229.99366,836053731.0
27235.991844,836238664.0
27241.992721,836144298.0
27247.992698,836219798.0
27253.994459,836170898.0
27259.992527,836154631.0
27265.998177,836203831.0
27271.99402,836090098.0
27277.992385,836120898.0
27283.992667,836220998.0
27289.992835,836190064.0
27295.992291,836112964.0
27301.994419,836034998.0
27307.998464,836096198.0
27313.991935,836068798.0
27319.995997,836162464.0
27326.00825,836097398.0
27332.009162,836155431.0
27338.009058,836184998.0
27344.014565,836211964.0
27350.033091,836118331.0
27356.04293,836178731.0
27362.061624,836078731.0
27368.084846,836188364.0
27374.090772,836220498.0
27380.107454,836153131.0
27386.119554,836104431.0
27392.142818,836171998.0
27398.151226,836111964.0
27404.166051,836095198.0
27410.193051,836094598.0
27416.207203,836097398.0
27422.219919,836154631.0
27428.233831,836093331.0
27434.248778,836093331.0
27440.267732,836088164.0
27446.290365,836201664.0
27452.304958,836134998.0
27458.312988,836246298.0
27464.417419,836212264.0
27470.442965,836175831.0
27476.450788,836180331.0
27482.470323,836221098.0
27488.482763,836137564.0
27494.496184,836171298.0
27500.517501,836079731.0
27506.525811,836122498.0
27512.534787,836145998.0
27518.544654,836080631.0
27524.569054,836180431.0
27530.598282,836178831.0
27536.605792,836178631.0
27542.602601,836147498.0
27548.616646,836026664.0
27554.6217,836079431.0
27560.65862,836079831.0
27566.674533,836062064.0
27572.691225,836043331.0
27578.702465,836144198.0
27584.726017,836094698.0
27590.743762,836068331.0
27596.748823,836021098.0
27602.765845,836113264.0
27608.780736,836130531.0
27614.799191,836095398.0
27620.807707,836111664.0
27626.805093,836088264.0
27632.816248,836080031.0
27638.826705,836029931.0
27644.841271,836064264.0
27650.863902,836096198.0
27656.872128,836077631.0
27662.890368,836064564.0
27668.899743,836063164.0
27674.910741,836063164.0
27685.144967,836155731.0
27691.176895,836155731.0
27697.195722,836068331.0
27703.204948,836034998.0
27709.215895,836038464.0
27715.23829,836112564.0
27721.24755,836062864.0
27727.2653,836056431.0
27733.279508,836163664.0
27739.296074,836018331.0
27745.308978,836051664.0
27751.309853,836012464.0
27757.314575,836054231.0
27763.3248,836079331.0
27769.338424,836104731.0
27775.357058,836104531.0
27781.356375,836004331.0
27787.374286,836043331.0
27793.384562,836039364.0
27799.392589,836051664.0
27805.407897,836112464.0
27811.417858,836129231.0
27817.420037,836088464.0
27823.424893,836068331.0
27829.434866,836095098.0
27835.448219,836127331.0
27841.462162,836071798.0
27847.4908,836080531.0
27853.502321,836095898.0
27859.510785,836054531.0
27865.535621,836113264.0
27871.553669,836036264.0
27877.661423,836054531.0
27883.670036,836056798.0
27889.692529,836070798.0
27895.702148,836071498.0
27901.727446,836093331.0
27907.737156,836068331.0
27913.744974,836144298.0
27919.754143,836156531.0
27925.760143,836009998.0
27931.784542,836072298.0
27937.791804,836097698.0
27943.80678,836051664.0
27949.810849,836038164.0
27955.835719,836096698.0
27961.867809,835954431.0
27967.897363,836087864.0
27973.901592,836068331.0
27979.915013,836079631.0
27985.916314,836062564.0
27991.918981,836071098.0
27997.944405,836020198.0
28003.947094,836121198.0
28009.963925,836051664.0
28015.989987,836106431.0
28022.002357,836087864.0
28028.018149,836130831.0
28034.02503,836111564.0
28040.023653,836038564.0
28046.023467,836030431.0
28052.027508,836055531.0
28058.024323,836096598.0
28064.024481,836062264.0
28070.024824,836035864.0
28076.080137,836104531.0
28082.090623,836009998.0
28088.093567,836009998.0
28094.115958,836039064.0
28100.130655,836004731.0
28106.143725,835994998.0
28112.15298,836055031.0
28118.177557,836103931.0
28124.189814,836039264.0
28130.216507,835998298.0
28136.231384,836053331.0
28142.229228,835995798.0
28148.230934,836079031.0
28154.235475,835996998.0
28160.255066,836136764.0
28166.270212,836105031.0
28172.283148,836071998.0
28178.291326,836034998.0
28184.308134,835918331.0
28190.325139,835997898.0
28196.340729,836038564.0
28202.338626,836095898.0
28208.355674,836065064.0
28214.373946,836146798.0
28220.392399,836030431.0
28226.411798,836054831.0
28232.428461,836034998.0
28238.43053,835995398.0
28244.441035,835980131.0
28250.454886,836045898.0
28256.467757,836094598.0
28262.486355,835995098.0
28268.494907,836061364.0
28274.514471,836072098.0
28280.535078,836078031.0
28286.546897,836078031.0
28292.568537,836097698.0
28298.597442,836059998.0
28304.603025,836001664.0
28310.627973,836068331.0
28316.646824,836055231.0
28322.65893,836062264.0
28328.665,836130331.0
28334.695067,836078831.0
28340.720698,836022398.0
28346.74173,836161964.0
28352.745065,836146598.0
28358.748001,836094298.0
28364.749275,836097698.0
28370.768002,836155631.0
28376.775149,836114064.0
28382.795778,836104931.0
28388.81003,836155631.0
28394.836483,836072798.0
28400.859776,836109998.0
28406.872457,836076664.0
28412.894374,836069898.0
28418.900323,836113364.0
28424.924058,836051664.0
28430.94148,836045998.0
28436.952583,836093331.0
28442.964981,836112964.0
28448.990211,836076664.0
28455.004117,836095798.0
28461.0108,836079131.0
28467.010639,835997598.0
28473.020314,836072698.0
28479.124097,836084998.0
28485.139108,836009998.0
28491.157946,836009998.0
28497.174806,836072998.0
28503.189955,836065564.0
28509.201456,836120498.0
28515.21525,836119898.0
28521.235261,836121298.0
28527.261035,836147598.0
28533.261363,836081931.0
28539.270649,835986464.0
28545.278788,836105231.0
28551.294549,835994398.0
28557.313837,836012264.0
28563.334839,836039064.0
28569.343791,836080131.0
28575.35773,836095098.0
28581.373825,836063364.0
28587.38723,835997098.0
28593.408932,836079031.0
28599.421174,836071098.0
28605.435021,836038164.0
28611.457721,836079731.0
28617.467257,836112564.0
28623.479362,836080931.0
28629.49752,836051664.0
28635.512474,835997398.0
28641.512878,836022298.0
28647.528809,836056731.0
28653.550645,836076664.0
28659.555673,836036264.0
28665.567666,836059998.0
28671.577793,836080331.0
28677.587192,836029531.0
28683.594363,836004231.0
28689.613987,836004231.0
28695.62725,836019798.0
28701.639404,836006331.0
28707.661869,836006331.0
28713.677957,836087664.0
28719.699236,836080631.0
28725.712151,836037564.0
28731.713012,836078931.0
28737.729978,835952831.0
28743.755404,836023498.0
28749.765327,836030731.0
28755.782987,836046898.0
28761.803126,836055031.0
28767.818148,836022498.0
28773.844987,836009998.0
28779.857427,836004231.0
28785.879112,835934998.0
28791.884754,835943331.0
28797.890125,835978831.0
28803.912107,835955331.0
28809.920073,836037264.0
28815.93261,835987164.0
28821.952346,836070698.0
28827.965134,836111964.0
28833.96121,835988964.0
28839.974812,836061964.0
28846.004056,836003331.0
28852.022561,835955931.0
28858.024816,835953431.0
28864.025593,836054531.0
28870.02839,836014364.0
28876.046671,835945098.0
28882.167323,836019398.0
28888.17504,836048664.0
28894.18752,836062264.0
28900.200577,835980631.0
28906.213723,836049098.0
28912.240473,835943331.0
28918.2519,835980731.0
28924.266061,836080131.0
28930.280599,836023898.0
28936.301252,836004031.0
28942.315199,836038364.0
28948.324939,835995198.0
28954.34231,836079931.0
28960.365509,836011864.0
28966.378495,836015464.0
28972.40115,835989264.0
28978.416789,835926664.0
28984.446548,836018331.0
28990.454002,836030831.0
28996.468264,835978531.0
29002.481332,835918331.0
29008.497387,836064264.0
29014.512117,836005031.0
29020.52678,836062364.0
29026.545177,835926664.0
29032.563501,836020598.0
29038.571531,835965064.0
29044.603555,836043331.0
29050.619366,835929531.0
29056.624249,836088764.0
29062.643595,835988064.0
29068.65655,835959998.0
29074.669343,836070498.0
29080.692263,836037664.0
29086.787218,836046798.0
29092.794932,836030598.0
29098.822338,836045798.0
29104.823576,836005131.0
29110.848871,835997398.0
29116.8555,836029931.0
29122.877733,835953631.0
29128.883394,836037164.0
29134.896134,835909998.0
29140.911554,836086564.0
29146.920584,835968331.0
29152.941928,836029331.0
29158.950632,836040164.0
29164.96288,836104931.0
29170.980921,836029931.0
29176.984185,835979731.0
29183.006946,836080931.0
29189.024705,836004431.0
29195.038289,835997498.0
29201.040861,836002331.0
29207.046118,836037264.0
29213.058172,836012064.0
29219.075231,836031431.0
29225.070907,836104131.0
29231.069981,836063064.0
29237.074949,836030931.0
29243.093058,836095198.0
29249.104364,836043331.0
29255.133064,836012064.0
29261.134492,836062664.0
29267.158285,836103431.0
29273.174371,836062064.0
29279.18507,836045398.0
29285.214064,836068331.0
29291.237014,836038264.0
29297.243848,836038264.0
29303.26683,835984998.0
29309.275609,835968331.0
29315.297448,836087564.0
29321.314374,836088264.0
29327.325237,836055631.0
29333.343382,835971298.0
29339.367548,835963064.0
29345.389766,836046198.0
29351.402836,836028631.0
29357.432255,836045698.0
29363.458803,836103831.0
29369.478371,836076664.0
29375.496988,836053531.0
29381.495234,836011564.0
29387.493226,835987964.0
29393.511905,836028631.0
29399.537188,836046298.0
29405.543113,836120798.0
29411.544123,836013664.0
29417.56211,836072398.0
29423.577784,835959998.0
29429.591697,836030031.0
29435.604562,835993331.0
29441.631996,836069898.0
29447.659167,835926664.0
29453.673503,835946098.0
29459.695267,836004231.0
29465.704896,836005531.0
29471.722672,836013864.0
29477.738736,835972298.0
29483.7447,835943331.0
29489.827912,835918331.0
29495.865763,835970898.0
29501.87269,835970898.0
29507.877968,836097598.0
29513.891554,836039064.0
29519.907873,835995698.0
29525.917161,836055531.0
29531.932264,836029131.0
29537.951136,836056331.0
29543.969555,836059998.0
29549.984721,836068331.0
29555.998654,836038164.0
29562.018511,835984998.0
29568.033663,836039064.0
29574.043696,836038364.0
29580.064041,836096398.0
29586.074127,836138064.0
29592.091582,836112664.0
29598.093917,836076664.0
29604.107444,836140164.0
29610.122887,836080131.0
29616.125839,836083331.0
29622.134384,836063264.0
29628.134767,836113364.0
29634.133792,836164564.0
29640.148262,836143331.0
29646.155723,836109998.0
29652.166005,836143331.0
29658.183703,836118331.0
29664.210143,836096998.0
29670.215316,836104731.0
29676.232581,836113164.0
29682.253026,836061464.0
29688.25999,836084998.0
29694.28566,836088664.0
29700.291726,836088664.0
29706.292429,836054931.0
29712.297916,836134998.0
29718.318724,836070898.0
29724.323765,836018331.0
29730.323803,836128431.0
29736.321039,836011564.0
29742.3219,836012864.0
29748.328641,836030231.0
29754.345404,836026664.0
29760.358326,836029331.0
29766.384696,836163464.0
29772.406617,836162564.0
29778.415468,836114264.0
29784.437812,836168331.0
29790.446615,836163464.0
29796.44534,836088864.0
29802.458205,836021698.0
29808.462827,836126664.0
29814.483641,836076664.0
29820.499578,836155331.0
29826.514404,836059998.0
29832.527676,836106031.0
29838.550941,835987364.0
29844.562,836096298.0
29850.574007,836114264.0
29856.591569,836022698.0
29862.609653,836136864.0
29868.628529,836111664.0
29874.635752,836121498.0
29880.650397,836119098.0
29886.67547,836054431.0
29892.696368,836118798.0
29898.701236,836118798.0
29904.714875,836080231.0
29910.727993,836022898.0
29916.750958,836137864.0
29922.767488,836138764.0
29928.775093,836076664.0
29934.806454,836036764.0
29940.810004,836036764.0
29946.821245,836095998.0
29952.833124,835996998.0
29958.843054,836104031.0
29964.857251,836063164.0
29970.878896,836029131.0
29976.913585,836061964.0
29982.928997,836080031.0
29988.948809,836040264.0
29994.965014,836112164.0
30000.961159,836044798.0
30006.962185,836138164.0
30012.978006,836072598.0
30019.002735,836154731.0
30025.012918,836153731.0
30031.028957,836139464.0
30037.05319,836063964.0
30043.071865,836018331.0
30049.099047,836026664.0
30055.113423,836065164.0
30061.125668,836018331.0
30067.1392,836055231.0
30073.155581,836034998.0
30079.167611,836005031.0
30085.171568,836046098.0
30091.289388,836138064.0
30097.316062,836089764.0
30103.32905,836089764.0
30109.339065,836128831.0
30115.354916,836128431.0
30121.367378,836036864.0
30127.384827,836062764.0
30133.406125,836128931.0
30139.424714,836146398.0
30145.431479,836076664.0
30151.448085,836023298.0
30157.465904,836105731.0
30163.478892,836043331.0
30169.497204,835918331.0
30175.509619,836037464.0
30181.513202,836072398.0
30187.540573,836022098.0
30193.560403,836062464.0
30199.578878,836063164.0
30205.600985,836072198.0
30211.602417,836088764.0
30217.609664,836054231.0
30223.623726,836061964.0
30229.635377,836080231.0
30235.658726,836034998.0
30241.673945,836097998.0
30247.689884,836087564.0
30253.704875,836051664.0
30259.716024,836103831.0
30265.716138,835993331.0
30271.738579,836038064.0
30277.743454,836079931.0
30283.762031,835986464.0
30289.778104,836045998.0
30295.910641,836079431.0
30301.919215,836062631.0
30307.942576,836077531.0
30313.947998,836070398.0
30319.957784,836031331.0
30325.962676,836005331.0
30331.979824,836144998.0
30337.995451,836004231.0
30344.010207,836038264.0
30350.014515,836061964.0
30356.029236,836054631.0
30362.043478,836029631.0
30368.042877,836089364.0
30374.056009,836104531.0
30380.058519,836078731.0
30386.080042,836063964.0
30392.09511,836053631.0
30398.119978,836188164.0
30404.12931,836040264.0
30410.145922,836079031.0
30416.156732,835968331.0
30422.168671,835984998.0
30428.17704,835988164.0
30434.181824,836094598.0
30440.180246,836028931.0
30446.183226,835976664.0
30452.180792,836161464.0
30458.186347,836129231.0
30464.198137,836163364.0
30470.215823,836143331.0
30476.228056,836106531.0
30482.228312,836122098.0
30488.231273,836054331.0
30494.330924,836044698.0
30500.357707,836043598.0
30506.375219,836045698.0
30512.390191,836138164.0
30518.40165,836004431.0
30524.424066,836112864.0
30530.440159,836054931.0
30536.448071,836163664.0
30542.449639,836039164.0
30548.468307,836138364.0
30554.482836,836105131.0
30560.497354,836155831.0
30566.515517,836190764.0
30572.536181,836128531.0
30578.546103,836120998.0
30584.566909,836153531.0
30590.578945,836073598.0
30596.600402,836070998.0
30602.627819,836080431.0
30608.637892,836118331.0
30614.6526,836038264.0
30620.664418,836080431.0
30626.685711,836137764.0
30632.704215,836145798.0
30638.711977,836076664.0
30644.716768,836029631.0
30650.713017,836056631.0
30656.721748,836054031.0
30662.731441,836154431.0
30668.736038,836109998.0
30674.747133,836154331.0
30680.762352,836193331.0
30686.788252,836180431.0
30692.789964,836130031.0
30698.791309,836118331.0
30704.808149,836118331.0
30710.831522,836101664.0
30716.8412,836188564.0
30722.859929,836179131.0
30728.879452,836163164.0
30734.888591,836196698.0
30740.904706,836034998.0
30746.919969,836138964.0
30752.92823,836103531.0
30758.930326,836145698.0
30764.941271,836146998.0
30770.946178,836146298.0
30776.960473,836043331.0
30782.996497,836046998.0
30789.009416,836140064.0
30795.029961,836080831.0
30801.043417,836020898.0
30807.065445,836126664.0
30813.074252,836096298.0
30819.095708,836102931.0
30825.114305,836080031.0
30831.127436,836061864.0
30837.134499,836021598.0
30843.140111,835997198.0
30849.150204,836088264.0
30855.160132,836043331.0
30861.17275,836071798.0
30867.190654,836105731.0
30873.20833,836022598.0
30879.223742,836172298.0
30885.226218,836071598.0
30891.230947,836146398.0
30897.229365,836194898.0
30903.230584,836194898.0
30909.245345,836103331.0
30915.242315,836034998.0
30921.242413,836064964.0
30927.246844,836022298.0
30933.242582,836070798.0
30939.256866,836070898.0
30945.284706,836109998.0
30951.297751,836059998.0
30957.310246,836095798.0
30963.333428,836080431.0
30969.342705,836029831.0
30975.363463,836054131.0
30981.379025,836018331.0
30987.384035,836136664.0
30993.408047,836180531.0
30999.416616,836161764.0
31005.433242,836213364.0
31011.449309,836114564.0
31017.462142,836087764.0
31023.466862,836147698.0
31029.483331,836112664.0
31035.513037,836130831.0
31041.532918,836101664.0
31047.548356,836118331.0
31053.56823,836104231.0
31059.572467,836121098.0
31065.583698,836095798.0
31071.612058,836101664.0
31077.62437,836043331.0
31083.644959,836080331.0
31089.660409,836181231.0
31095.792251,836131431.0
31101.820581,836043331.0
31107.8456,836043331.0
31113.858724,836103931.0
31119.871673,836145898.0
31125.8894,836061664.0
31131.900685,836072598.0
31137.917531,836096298.0
31143.953525,836043331.0
31149.966188,836120698.0
31155.981319,836037864.0
31162.004284,836104431.0
31168.026757,836118331.0
31174.051506,836103531.0
31180.056572,836136964.0
31186.056127,836097598.0
31192.085405,836044998.0
31198.099933,836105231.0
31204.118983,836064264.0
31210.13634,836078431.0
31216.138029,836129931.0
31222.154746,836195398.0
31228.168099,836109998.0
31234.171057,836001664.0
31240.190624,836093331.0
31246.207956,836130331.0
31252.216918,836087064.0
31258.229525,836113964.0
31264.232285,836104031.0
31270.231267,836001664.0
31276.230736,836104931.0
31285.516715,836104931.0
31291.542257,836104931.0
31297.552459,836078831.0
31303.565666,836055331.0
31309.586512,836018331.0
31315.611712,836078531.0
31321.622989,836001664.0
31327.63957,836053731.0
31333.650675,836038264.0
31339.650134,836097898.0
31345.657802,836051664.0
31351.66443,836095398.0
31357.665078,836112164.0
31363.665967,836054931.0
31369.666033,836128931.0
31375.666713,836046598.0
31381.667551,836037564.0
31387.666466,836129231.0
31393.666423,836102931.0
31399.665276,836105131.0
31405.666619,836137664.0
31411.673896,836053931.0
31417.680017,836064164.0
