time_s,relative_deviation
6.400994,-0.0001375243948791741
12.409516999999969,-0.0002375531142146213
18.418039999999937,-0.00019773787971278173
24.426562999999906,-0.00010255013978674958
30.435085999999874,-0.00016761404556921072
36.44360899999984,-8.25338508077161e-05
42.45213199999981,-9.159434638865283e-05
48.460654999999775,-0.00020755820025598255
54.469177999999744,-0.00017740898930047557
60.47770099999971,-0.0001104051724823479
66.48622399999968,-0.00016705273589429507
72.49474699999965,-0.00017080587700453852
78.50326999999962,-0.00019509898746054475
84.51179299999959,-0.00012721793847387288
90.52031599999955,-5.1122787005627676e-05
96.52883899999952,-1.87821883913854e-05
102.53736199999949,-0.0001787142650895009
108.54588499999946,-8.105019731489914e-05
114.55440799999943,-0.00019825456235574325
120.5629309999994,-0.00025605987905454855
126.57145399999936,-7.982112363524151e-05
132.57997699999933,-0.00017435741456415962
138.5884999999993,-0.0001541199760679915
144.59702299999927,-0.00020545483407778233
150.60554599999924,-0.00018442386149182736
156.6140689999992,-9.454012378682718e-05
162.62259199999917,-7.133608336550559e-05
168.63111499999914,-7.120244096167767e-05
174.6396379999991,-6.0207500902935315e-05
180.64816099999908,-0.00019177887804075906
186.65668399999905,-0.00019214823254829592
192.66520699999901,-0.00015706312902490544
198.67372999999898,-6.495248602149476e-05
204.68225299999895,-6.128624223512917e-05
210.69077599999892,-2.048961922733623e-05
216.6992989999989,-7.403093307874676e-05
222.70782199999886,-0.0001408765028076738
228.71634499999882,-0.00010464682210815652
234.7248679999988,-0.00022716015750859296
240.73339099999876,-0.00013932168404838754
246.74191399999873,-0.00011958627793378909
252.7504369999987,-0.00012093966677326756
258.7589599999987,-0.00022724710968956657
264.76748299999866,-0.00018472880832029993
270.77600599999863,-0.00019870805492015783
276.7845289999986,-0.00012160383357817583
282.79305199999857,-0.0001521614840477713
288.80157499999854,-0.00022422001994945514
294.8100979999985,-0.00020737612489675326
300.8186209999985,-0.00018069245635754795
306.82714399999844,-7.580138385111939e-05
312.8356669999984,-0.00012957616835280629
318.8441899999984,-0.00013260781736380901
324.85271299999835,-0.00022619725217626856
330.8612359999983,-0.000137232626485277
336.8697589999983,-0.00022316219007857053
342.87828199999825,-0.00021813272948724885
348.8868049999982,-0.000246198700744937
354.8953279999982,-0.00020845314200231035
360.90385099999816,-0.00015994676942666507
366.9123739999981,-0.00018716022504315156
372.9208969999981,-0.0002475711050258742
378.92941999999806,-0.0002474217849575921
384.93794299999803,-0.00020307905239706555
390.946465999998,-0.00012532126588179674
396.95498899999797,-0.00025257258735375836
402.96351199999793,-0.00014606496569092252
408.9720349999979,-0.0001843396229311491
414.98055799999787,-0.00012120232795564746
420.98908099999784,-0.0001260033553360592
426.9976039999978,-0.00013392485714487163
433.0061269999978,-0.00020656257698975006
439.01464999999774,-0.00015899042938674222
445.0231729999977,-0.0002467780066409696
451.0316959999977,-0.0001693458913664893
457.04021899999765,-0.00027682774049689877
463.0487419999976,-0.0002240125457893939
469.0572649999976,-0.00018660720618715544
475.06578799999755,-0.0001262744122518573
481.0743109999975,-0.0001504486750185012
487.0828339999975,-0.00027512137054436345
493.09135699999746,-0.00010659850249466182
499.0998799999974,-0.00011846969532351471
505.1084029999974,-0.0001258503687632873
511.11692599999736,-0.0002467588027274357
517.1254489999973,-0.00010469752286738988
523.1339719999972,-0.0002972603941088476
529.1424949999972,-0.0002868338654643787
535.1510179999972,-0.0001755742742557623
541.1595409999971,-0.00022171055546749545
547.1680639999971,-0.0001693978331059917
553.1765869999971,-0.000204043752668935
559.185109999997,-0.00023840014712701822
565.193632999997,-0.00023922173788492245
571.202155999997,-0.0002799633425174303
577.210678999997,-0.00024560446355080805
583.2192019999969,-0.00018484297830642077
589.2277249999969,-0.0002669911977308636
595.2362479999969,-0.00032548754078628534
601.2447709999968,-0.0002240111722789958
607.2532939999968,-0.0002651738958344175
613.2618169999968,-0.00022924353047118191
619.2703399999967,-0.00028262842956690764
625.2788629999967,-0.00015430269475332718
631.2873859999967,-0.00014097958026424513
637.2959089999966,-0.0003153880827833963
643.3044319999966,-0.00021561245360897998
649.3129549999966,-0.00027189355473017173
655.3214779999965,-0.0003448257665242932
661.3300009999965,-0.0002358977168022882
667.3385239999965,-0.00024864795663970377
673.3470469999965,-0.0002873499907320975
679.3555699999964,-0.0002288200921812472
685.3640929999964,-0.0002668610547480282
691.3726159999964,-0.00021844791248637932
697.3811389999963,-0.00019129223361826015
703.3896619999963,-0.0002007562197539612
709.3981849999963,-0.00015871540171697487
715.4067079999962,-0.0001864198668383507
721.4152309999962,-0.00016746216759929632
727.4237539999962,-0.00015682414725391565
733.4322769999961,-0.00018565131182438226
739.4407999999961,-0.00016936978235934926
745.4493229999961,-0.00016601910352072142
751.457845999996,-0.0001142745569982626
757.466368999996,-0.00014509967548090292
763.474891999996,-0.00014629990077626002
769.483414999996,-0.0001986457901600827
775.4919379999959,-0.00023555161743325494
781.5004609999959,-0.0002314715568853034
787.5089839999958,-0.00015492251778102578
793.5175069999958,-0.0002173648041962644
799.5260299999958,-0.00019175716643514285
805.5345529999958,-0.0002822776757179596
811.5430759999957,-0.00012611391125283758
817.5515989999957,-0.0002118144607392019
823.5601219999957,-0.00011706300979637041
829.5686449999956,-0.00010155528527289341
835.5771679999956,-0.0001976387209282361
841.5856909999956,-0.00019466036891061937
847.5942139999955,-0.0001949169823713287
853.6027369999955,-8.08972475620171e-05
859.6112599999955,-0.00012057414794442184
865.6197829999954,-0.00019590722381951844
871.6283059999954,-0.0001440577899327745
877.6368289999954,-0.00015947200632031801
883.6453519999953,-0.00015077108393414152
889.6538749999953,-0.00020489923000339922
895.6623979999953,-0.00012802856549099182
901.6709209999952,-0.00010819244004186746
907.6794439999952,-0.00013753471850477052
913.6879669999952,-0.00023553572881131947
919.6964899999952,-0.00018472929560662304
925.7050129999951,-0.00015849606442555183
931.7135359999951,-0.00012250418432654665
937.722058999995,-7.1760943534508e-05
943.730581999995,-0.00024375064400181465
949.739104999995,-0.00011798631918856324
955.747627999995,-0.00011668034163510321
961.7561509999949,-7.582636804204719e-05
967.7646739999949,-0.00010811602549817895
973.7731969999949,-0.00020292551370176286
979.7817199999948,-7.067203284420804e-05
985.7902429999948,-0.00021412688015759476
991.7987659999948,-0.00012194224488087821
997.8072889999947,-0.00021407253633123102
1003.8158119999947,-0.00010118465949925366
1009.8243349999947,-0.00020295945009730964
1015.8328579999946,-0.00016981287543564217
1021.8413809999946,-0.00028923993763747233
1027.8499039999947,-0.00022867952331825347
1033.8584269999947,-0.0002046418887265889
1039.8669499999946,-0.00014041707797958375
1045.8754729999946,-0.00020229129339213497
1051.8839959999946,-0.00018513824895022025
1057.8925189999945,-0.00027518265340049686
1063.9010419999945,-0.00022985974424135134
1069.9095649999945,-0.00023502014089502678
1075.9180879999944,-0.0002444775428265952
1081.9266109999944,-0.00018066831567799163
1087.9351339999944,-0.00015464432681863233
1093.9436569999943,-0.00022748492300455917
1099.9521799999943,-0.0002812113656430549
1105.9607029999943,-0.00015306397510011138
1111.9692259999943,-0.00023856077383450013
1117.9777489999942,-0.00019189888678580784
1123.9862719999942,-0.0001628610228323566
1129.9947949999942,-0.00015258922019744615
1136.0033179999941,-0.00018164341565729135
1142.011840999994,-0.0001271572770874192
1148.020363999994,-0.00012936939923739767
1154.028886999994,-0.00018556371110309045
1160.037409999994,-0.00017621431130590535
1166.045932999994,-7.38040559489409e-05
1172.054455999994,-0.00010937663514830516
1178.062978999994,-0.00024421609973069084
1184.0715019999939,-0.0001621619804037316
1190.0800249999938,-0.00013067033748508658
1196.0885479999938,-9.52706678472981e-05
1202.0970709999938,-0.00016964995602367569
1208.1055939999937,-0.000204800298533363
1214.1141169999937,-0.00028228564389428073
1220.1226399999937,-0.00017480271165186035
1226.1311629999936,-0.00015400925473491752
1232.1396859999936,-0.00014493827047926667
1238.1482089999936,-0.0002153159736293749
1244.1567319999936,-0.000188106964613485
1250.1652549999935,-0.000231392672831617
1256.1737779999935,-0.00023095353295162895
1262.1823009999935,-0.000292498639738073
1268.1908239999934,-0.00020695516410489714
1274.1993469999934,-0.00019346168256462835
1280.2078699999934,-0.0001757550939178033
1286.2163929999933,-0.00017943284870105836
1292.2249159999933,-0.0002498124805458603
1298.2334389999933,-0.0002685500739575721
1304.2419619999932,-0.00021915826953372916
1310.2504849999932,-0.00021622531845091547
1316.2590079999932,-0.00019520529207332044
1322.2675309999931,-0.00018900554019316687
1328.276053999993,-0.0002057055087744122
1334.284576999993,-0.00019901908421916475
1340.293099999993,-0.00011428087218288957
1346.301622999993,-0.00013768631647506196
1352.310145999993,-0.00013808310264144124
1358.318668999993,-0.00017440763745864166
1364.327191999993,-0.00012310092547281897
1370.335714999993,-9.93217439878528e-05
1376.3442379999929,-5.596933464097902e-05
1382.3527609999928,-0.00011687575410224828
1388.3612839999928,-8.224621625567674e-05
1394.3698069999928,-0.00018002836304640386
1400.3783299999927,-0.00022856487927647807
1406.3868529999927,-0.00012615361581061766
1412.3953759999927,-6.196419047531403e-05
1418.4038989999926,-0.00017523128495010526
1424.4124219999926,-0.00011653155192789232
1430.4209449999926,-9.94548160618302e-05
1436.4294679999925,-7.445853310551e-05
1442.4379909999925,-0.00011739478407222403
1448.4465139999925,-0.0001978353035911601
1454.4550369999924,-0.00012004940144826687
1460.4635599999924,-0.00022358167578820368
1466.4720829999924,-0.0001816802711916758
1472.4806059999923,-0.00013596549170160547
1478.4891289999923,-0.0002061040456609914
1484.4976519999923,-0.00027485699151326307
1490.5061749999923,-0.00024674515287347184
1496.5146979999922,-0.00018713113285484415
1502.5232209999922,-0.0001384850195023961
1508.5317439999922,-0.00018053589634470536
1514.5402669999921,-0.00020211702909571545
1520.548789999992,-0.00019163075975496907
1526.557312999992,-0.00012059383916110486
1532.565835999992,-0.00019397517590949773
1538.574358999992,-0.0002100718607810247
1544.582881999992,-0.00021174040455069893
1550.591404999992,-0.0001085198178948762
1556.599927999992,-0.0001936215438361706
1562.6084509999919,-0.00015807947219222736
1568.6169739999918,-0.00012831010062285062
1574.6254969999918,-0.0002329011874155027
1580.6340199999918,-0.0002069970527580689
1586.6425429999917,-0.0002475711050258742
1592.6510659999917,-0.00023801412329299323
1598.6595889999917,-0.0001779969508437045
1604.6681119999917,-0.00018944162246046868
1610.6766349999916,-0.0001770066029924839
1616.6851579999916,-0.00020052642558956803
1622.6936809999916,-0.00017094573012424162
1628.7022039999915,-0.00026150046579260486
1634.7107269999915,-0.00020487021409926567
1640.7192499999915,-0.00028757025342198713
1646.7277729999914,-0.00022183892829679336
1652.7362959999914,-0.00018761241018548807
1658.7448189999914,-0.00020916796666680854
1664.7533419999913,-0.0002251218074566545
1670.7618649999913,-0.0001984117533033283
1676.7703879999913,-0.00021092518094828502
1682.7789109999912,-0.0002657661583727296
1688.7874339999912,-0.00015715177639879436
1694.7959569999912,-0.00023715361640172408
1700.8044799999911,-0.00021686926905483775
1706.813002999991,-0.00021342300108131797
1712.821525999991,-0.00020207120323837053
1718.830048999991,-0.00024915373546232375
1724.838571999991,-0.00028584340670560266
1730.847094999991,-0.00028818963453529
1736.855617999991,-0.00018091918749284572
1742.864140999991,-0.0001547314758722844
1748.872663999991,-0.00012820669189735233
1754.8811869999909,-0.0001747302730893289
1760.8897099999908,-0.00020856525118696814
1766.8982329999908,-0.0002003360157389197
1772.9067559999908,-0.0002438973015829287
1778.9152789999907,-0.00024158623562316889
1784.9238019999907,-0.0002025937799418193
1790.9323249999907,-0.00016683737599456274
1796.9408479999906,-0.0002161090964852983
1802.9493709999906,-0.00030176149448274224
1808.9578939999906,-0.0002594799297268848
1814.9664169999905,-0.00020178475139653212
1820.9749399999905,-0.0002634468394110956
1826.9834629999905,-0.00022987097359223477
1832.9919859999904,-0.00020401767212392024
1839.0005089999904,-0.00018847727812974422
1845.0090319999904,-0.00020189040535105026
1851.0175549999904,-0.00017589718116634527
1857.0260779999903,-0.00016422717644204305
1863.0346009999903,-0.0001611886211851978
1869.0431239999903,-0.0001406645793045177
1875.0516469999902,-0.00020054690008646778
1881.0601699999902,-0.00029325783047953036
1887.0686929999902,-0.0003671870943157656
1893.0772159999901,-0.00035188180538007905
1899.08573899999,-0.00026177331310349726
1905.09426199999,-0.00019065167911032005
1911.10278499999,-0.00023599889524326487
1917.11130799999,-0.0002002767029322669
1923.11983099999,-0.00017047999685219844
1929.12835399999,-0.00018984039511976835
1935.13687699999,-0.00016467451248675796
1941.1453999999899,-0.00019092439623417763
1947.1539229999898,-0.0001640185238002447
1953.1624459999898,-0.00023206339353272205
1959.1709689999898,-0.00019976113349778622
1965.1794919999898,-0.00020018900664803488
1971.1880149999897,-0.00012696634383910435
1977.1965379999897,-0.00014575246693585668
1983.2050609999897,-0.00012196910896577221
1989.2135839999896,-0.0001778812930969563
1995.2221069999896,-0.0001072179679730474
2001.2306299999896,-0.00016435739284520703
2007.2391529999895,-0.00011113758678663604
2013.2476759999895,-0.00012024419822718048
2019.2561989999895,-0.00017198194976441344
2025.2647219999894,-0.00020076779758963962
2031.2732449999894,-0.00016428840179640142
2037.2817679999894,-0.0001927492873617817
2043.2902909999893,-0.00012552183991184515
2049.2988139999893,-0.00013366137187846892
2055.3073369999893,-0.00019297258259159478
2061.3158599999892,-0.0002394141088102246
2067.324382999989,-0.00016029704429749276
2073.332905999989,-0.0001534821592873246
2079.341428999989,-0.00013792271612350944
2085.349951999989,-0.00013777660112100924
2091.358474999989,-0.00013180234776540226
2097.366997999989,-0.00011711459114638505
2103.375520999989,-0.00015785911305845563
2109.384043999989,-0.00014669893881323062
2115.392566999989,-9.227573601290228e-05
2121.401089999989,-8.849709662141903e-05
2127.409612999989,-0.00014571582665158433
2133.418135999989,-0.00012367928019620531
2139.426658999989,-0.00013971851884523787
2145.435181999989,-0.0001903150476915842
2151.4437049999888,-0.0001590353017751173
2157.4522279999887,-0.00022174437497326707
2163.4607509999887,-0.0002043612443535595
2169.4692739999887,-0.00022774533940024384
2175.4777969999886,-0.00023586397075563056
2181.4863199999886,-0.0002006417098265272
2187.4948429999886,-0.00017639943302620573
2193.5033659999885,-0.00022858723506204978
2199.5118889999885,-0.00019735389649883743
2205.5204119999885,-0.0002075448822252061
2211.5289349999885,-0.00018001936037043343
2217.5374579999884,-0.00018669910431716458
2223.5459809999884,-0.0001719724231291012
2229.5545039999884,-0.00015291998230448537
2235.5630269999883,-0.0002524077723684012
2241.5715499999883,-0.00022302612748108981
2247.5800729999883,-0.0001956108611667372
2253.5885959999882,-0.0002141640150053003
2259.597118999988,-0.00019428353890254353
2265.605641999988,-0.0001399419034544296
2271.614164999988,-0.0001551622707025272
2277.622687999988,-0.00016982071198744477
2283.631210999988,-0.00016578192967511236
2289.639733999988,-0.0001498114768103019
2295.648256999988,-0.0001744549752473311
2301.656779999988,-0.0002341634787483927
2307.665302999988,-0.00018381294759328666
2313.673825999988,-0.00016757016383616043
2319.682348999988,-8.412998358086677e-05
2325.690871999988,-5.424222365801116e-05
2331.699394999988,4.327317680596826e-06
2337.707917999988,-0.00010644251332914107
2343.7164409999878,-7.989642722228374e-05
2349.7249639999877,-5.252325325744452e-05
2355.7334869999877,-6.300927061830793e-05
2361.7420099999877,-3.425180112104398e-05
2367.7505329999876,-0.00014100780691464045
2373.7590559999876,-0.00014230903445076976
2379.7675789999876,-0.0001396473553071428
2385.7761019999875,-0.00013871746662872013
2391.7846249999875,-0.00016320777916070588
2397.7931479999875,-7.911957576280393e-05
2403.8016709999874,-0.00011782670059183097
2409.8101939999874,-1.6662398358903777e-05
2415.8187169999874,-0.00015546359310952118
2421.8272399999873,-0.00013611687855271475
2427.8357629999873,-9.185294551352984e-05
2433.8442859999873,-6.530891723748786e-05
2439.8528089999872,-6.285174469679236e-05
2445.861331999987,-0.00011002948668454801
2451.869854999987,-0.00016561964009578417
2457.878377999987,-8.662488578625015e-05
2463.886900999987,-0.00016560014638075895
2469.895423999987,-0.00015586511451699315
2475.903946999987,-0.00015049528949974945
2481.912469999987,-0.000121477672713431
2487.920992999987,-0.00011838583659279147
2493.929515999987,-0.00010518519908611031
2499.938038999987,-0.00011649567408923407
2505.946561999987,-0.00013342505352250224
2511.955084999987,-0.00011088025706944254
2517.963607999987,-9.581243168161138e-05
2523.972130999987,-9.427552468353467e-05
2529.9806539999868,-0.00013903669160792166
2535.9891769999867,-0.00014433024798386965
2541.9976999999867,-0.0001263315056537201
2548.0062229999867,-0.00014245020021289424
2554.0147459999866,-8.103818287086685e-05
2560.0232689999866,-0.00014962178118931558
2566.0317919999866,-0.00020038372955773597
2572.0403149999865,-0.00023443247034437157
2578.0488379999865,-0.00020639692017690653
2584.0573609999865,-0.00010484049723820251
2590.0658839999865,-0.00019371657822809342
2596.0744069999864,-0.00014983808291797835
2602.0829299999864,-9.114024922050248e-05
2608.0914529999864,-0.00018474796115474943
2614.0999759999863,-0.0001037948774289218
2620.1084989999863,-0.00012136694025750372
2626.1170219999863,-0.00010523138130339693
2632.1255449999862,-0.0001223430670807572
2638.134067999986,-0.0001185208940461776
2644.142590999986,-0.00011233573134226939
2650.151113999986,-4.289587891039927e-05
2656.159636999986,1.9101100531425414e-05
2662.168159999986,-0.00012200839082760589
2668.176682999986,-0.00011570981559099705
2674.185205999986,-9.52707758261283e-05
2680.193728999986,-0.00018554302628196658
2686.202251999986,-0.00015839530378571894
2692.210774999986,-0.00013025034000798742
2698.219297999986,-0.00021540618035545978
2704.227820999986,-7.857124955953835e-05
2710.236343999986,-0.00010430129551316674
2716.244866999986,-0.0001126847248579428
2722.2533899999858,-0.00013350615466226786
2728.2619129999857,-0.00013402816075381644
2734.2704359999857,-7.785624077805173e-05
2740.2789589999857,-3.8595269521599665e-05
2746.2874819999856,-0.00013505678325274816
2752.2960049999856,-0.00018850671252061048
2758.3045279999856,-7.616792332809431e-05
2764.3130509999855,-0.00012955207329229157
2770.3215739999855,-0.00012664692196298348
2776.3300969999855,-9.643690194234442e-05
2782.3386199999854,-0.0001037491433458112
2788.3471429999854,-6.923262046180141e-05
2794.3556659999854,-0.00017380587980585235
2800.3641889999853,-0.0001012092037800781
2806.3727119999853,-0.0001110999093571796
2812.3812349999853,-0.00015285726040018685
2818.3897579999852,-0.00018515645482394653
2824.398280999985,-0.00012025478272506768
2830.406803999985,-0.00023658738605202015
2836.415326999985,-0.00013385437788755286
2842.423849999985,-0.0001696922977433282
2848.432372999985,-7.426500557471791e-05
2854.440895999985,-0.00018365863973009058
2860.449418999985,-0.00019453056945332414
2866.457941999985,-0.00019454055233409374
2872.466464999985,-0.00017914941713012455
2878.474987999985,-0.00020944703373570694
2884.483510999985,-0.00013106487069531125
2890.492033999985,-0.0001796673166807422
2896.500556999985,-0.0001650983807621548
2902.509079999985,-0.0001550193262845929
2908.517602999985,-0.0001943790381103557
2914.5261259999847,-9.283932180370269e-05
2920.5346489999847,-9.507208480342977e-05
2926.5431719999847,-9.505138946946705e-05
2932.5516949999846,-0.00016050082632162053
2938.5602179999846,-0.00014423694689237016
2944.5687409999846,-0.0001352961935727145
2950.5772639999846,-0.000156181865971623
2956.5857869999845,-0.00010000161909582512
2962.5943099999845,-0.00017511672839406857
2968.6028329999845,-0.00014099043216220507
2974.6113559999844,-0.0001424446758866087
2980.6198789999844,-5.982072737285472e-05
2986.6284019999844,-7.324685221306955e-05
2992.6369249999843,-6.445667858390941e-05
2998.6454479999843,-0.00014768349909739898
3004.6539709999843,-0.00012650664894843814
3010.6624939999842,-0.00017859559760151304
3016.671016999984,-0.00015961065866238448
3022.679539999984,-0.0001737408794405785
3028.688062999984,-0.00019178995610207215
3034.696585999984,-0.00017430753641781328
3040.705108999984,-0.00018216316626421962
3046.713631999984,-0.00011344238824900668
3052.722154999984,-6.556044275781984e-05
3058.730677999984,-6.220579490300818e-05
3064.739200999984,-0.0001120304714848435
3070.747723999984,-5.8619879584425303e-05
3076.756246999984,-0.00015612749107487666
3082.764769999984,-0.00015622391497346457
3088.773292999984,-0.00020935671983273696
3094.781815999984,-0.0001853317275063209
3100.7903389999838,-0.00016595828210343858
3106.7988619999837,-0.00014648621254832365
3112.8073849999837,-0.00021000329049502718
3118.8159079999837,-0.00014943515665965384
3124.8244309999836,-7.779571612352597e-05
3130.8329539999836,-0.00014772634582045836
3136.8414769999836,-7.097566237914867e-05
3142.8499999999835,-0.00011010586680377267
3148.8585229999835,-0.0001703274999514793
3154.8670459999835,-0.00011334689695598218
3160.8755689999834,-6.876619428593302e-05
3166.8840919999834,-2.892162500710248e-05
3172.8926149999834,2.1329100235099265e-05
3178.9011379999833,-0.00011317787041053189
3184.9096609999833,-8.819205077140402e-05
3190.9181839999833,-2.899086552514961e-05
3196.9267069999833,-9.01810957205411e-05
3202.935229999983,-0.00013110876194504314
3208.943752999983,-5.127764937380454e-05
3214.952275999983,-9.42091828073837e-05
3220.960798999983,-0.0001420101695961788
3226.969321999983,-0.00018466284804739513
3232.977844999983,-0.00014819296201482705
3238.986367999983,-0.00014561427216379735
3244.994890999983,-0.00019314436131743983
3251.003413999983,-0.00015249698538423977
3257.011936999983,-0.0001478903165110361
3263.020459999983,-0.00012805212249295998
3269.028982999983,-0.0001731550661633049
3275.037505999983,-6.645050821140349e-05
3281.046028999983,-7.375516469530801e-05
3287.054551999983,-7.421527628672494e-05
3293.0630749999827,7.923035708519427e-06
3299.0715979999827,-3.044832576472728e-05
3305.0801209999827,-1.9762225342327194e-05
3311.0886439999827,-8.842019869447317e-05
3317.0971669999826,-9.778685027599087e-05
3323.1056899999826,-1.1256228719751768e-05
3329.1142129999826,-5.0506753271709596e-05
3335.1227359999825,-0.0001370371786167609
3341.1312589999825,-9.738336859695096e-05
3347.1397819999825,-1.9777022654701395e-05
3353.1483049999824,-3.27273382989307e-05
3359.1568279999824,-9.660921994519637e-05
3365.1653509999824,-9.837925895126187e-05
3371.1738739999823,-5.007365468613854e-05
3377.1823969999823,-0.00013768620289687525
3383.1909199999823,-0.0001660010254558577
3389.1994429999822,-6.181458470681115e-05
3395.207965999982,-8.316450933485177e-05
3401.216488999982,-0.0001766138948978412
3407.225011999982,-6.731992109591712e-05
3413.233534999982,-0.00011071023437525789
3419.242057999982,-7.906957297673272e-05
3425.250580999982,-7.431602567166306e-05
3431.259103999982,-6.462880933371691e-05
3437.267626999982,-1.93190548530913e-05
3443.276149999982,-2.3410921687557264e-05
3449.284672999982,-3.3197071320592174e-05
3455.293195999982,-3.433526939846348e-05
3461.301718999982,-4.349820428686007e-05
3467.310241999982,-9.547700291518721e-05
3473.318764999982,-7.791747482803904e-05
3479.3272879999818,-0.0001017270500760643
3485.3358109999817,-0.00010769427086464287
3491.3443339999817,-0.00010400816052907042
3497.3528569999817,-1.891921314248524e-05
3503.3613799999816,-7.503776107526346e-05
3509.3699029999816,-0.00011255873243831938
3515.3784259999816,-0.00012560107999665297
3521.3869489999815,-2.7614155122041985e-05
3527.3954719999815,-2.407058004128131e-05
3533.4039949999815,-3.50418070261887e-05
3539.4125179999814,-8.784962402297543e-05
3545.4210409999814,-3.199262259196234e-05
3551.4295639999814,-7.767710718651514e-05
3557.4380869999814,-0.00011153024868573211
3563.4466099999813,-2.0109502639692733e-05
3569.4551329999813,-0.00011158755073805801
3575.4636559999813,-2.687403370522637e-05
3581.472178999981,-1.6357174755272098e-05
3587.480701999981,-0.0001232507853277367
3593.489224999981,-0.00015552508510093514
3599.497747999981,-0.00015501783963961608
3605.506270999981,-0.00012027004877750078
3611.514793999981,-0.00015699431215917848
3617.523316999981,-0.00020015570341325569
3623.531839999981,-4.861758513418423e-05
3629.540362999981,-0.00010376936727592827
3635.548885999981,-5.1687002688385235e-05
3641.557408999981,-8.107569711347502e-05
3647.565931999981,-6.380880814881991e-05
3653.574454999981,-2.802579878831664e-05
3659.582977999981,-0.00010218380258602891
3665.591500999981,-5.581665526252483e-05
3671.6000239999807,-3.76728487397819e-05
3677.6085469999807,-0.00013716042048725775
3683.6170699999807,-1.5377184457173872e-05
3689.6255929999807,2.2681192117997534e-05
3695.6341159999806,-5.075302797153432e-05
3701.6426389999806,-2.9548912659030702e-05
3707.6511619999806,-7.499477951862174e-05
3713.6596849999805,4.542784165252142e-05
3719.6682079999805,3.240365744685604e-05
3725.6767309999805,-2.0384522745737312e-05
3731.6852539999804,3.557398932346225e-05
3737.6937769999804,-9.918770850329569e-05
3743.7022999999804,-3.061791852592414e-05
3749.7108229999803,5.346272621041446e-05
3755.7193459999803,5.066058541190681e-06
3761.7278689999803,-3.063953324961145e-05
3767.7363919999802,-1.5994930621834697e-05
3773.74491499998,-9.064182537622283e-05
3779.75343799998,-0.00013906728752973807
3785.76196099998,-0.00011108905134524371
3791.77048399998,-7.901580207655959e-05
3797.77900699998,-0.00011759155327907565
3803.78752999998,-0.00015611389924015918
3809.79605299998,-0.0001669314311779863
3815.80457599998,-0.00012927088960731987
3821.81309899998,-0.00014289590287050715
3827.82162199998,-0.00016243759564217507
3833.83014499998,-8.382099680413607e-06
3839.83866799998,-4.022710231049153e-07
3845.84719099998,2.337656039085758e-05
3851.85571399998,-6.095445823540579e-05
3857.8642369999798,-6.483187166842509e-05
3863.8727599999797,-9.024199506467345e-05
3869.8812829999797,-0.00010462617894796751
3875.8898059999797,-0.0001211852796126995
3881.8983289999796,-4.518709008462014e-05
3887.9068519999796,-3.505570275775221e-05
3893.9153749999796,-8.703632313859668e-05
3899.9238979999795,-1.0714862617563442e-06
3905.9324209999795,-9.058115369695185e-05
3911.9409439999795,-0.000151505090885037
3917.9494669999794,-7.869460226743471e-05
3923.9579899999794,-0.00010971246962837564
3929.9665129999794,-0.00011547377102870468
3935.9750359999794,-0.00014091512808478424
3941.9835589999793,-6.239976460557708e-05
3947.9920819999793,-1.7923024919177864e-05
3954.0006049999793,-5.8048290777465395e-08
3960.0091279999792,3.827429161841766e-06
3966.017650999979,-3.131238346493059e-05
3972.026173999979,-2.4493495826469174e-05
3978.034696999979,-0.00011336069759345248
3984.043219999979,-0.00016310682262239245
3990.051742999979,-0.00012006131495558517
3996.060265999979,-0.00011346340722856956
4002.068788999979,-6.030116180841573e-05
4008.077311999979,-0.00011134483432433604
4014.085834999979,-0.00012310081535123817
4020.094357999979,-6.165330916355758e-05
4026.102880999979,-0.00018415740797357997
4032.111403999979,-6.198583270184037e-05
4038.119926999979,-2.5247796065325185e-05
4044.128449999979,-0.00014765043485324484
4050.1369729999788,-5.839801413221194e-05
4056.1454959999787,8.350759424765295e-07
4062.1540189999787,-0.000130112647782166
4068.1625419999787,-0.00013720368870149212
4074.1710649999786,-6.387630333912064e-05
4080.1795879999786,-0.00022579694157645093
4086.1881109999786,-0.0001945827416242845
4092.1966339999785,-0.00013078673841893077
4098.2051569999785,1.5207736408142936e-05
4104.213679999978,-0.00012335340005669863
4110.2222029999775,-0.000143061468152951
4116.230725999978,-3.5842046232014527e-06
4122.239248999978,-1.7999906368461546e-06
4128.247771999978,-0.0001023261995828785
4134.256294999977,-8.267135509233746e-05
4140.264817999978,-4.927097641143282e-05
4146.273340999978,-3.5642617371467705e-05
4152.281863999978,-0.00013425077905682115
4158.290386999977,-4.888929365078205e-05
4164.298909999978,-6.121930019217775e-05
4170.307432999978,2.3902888923817533e-05
4176.315955999978,1.4399299638036299e-05
4182.324478999977,2.451662647026535e-05
4188.333001999978,-1.3270601835666674e-05
4194.341524999978,-8.916202124578467e-05
4200.3500479999775,-6.813264300315555e-05
4206.358570999977,-5.6776257955418026e-05
4212.367093999977,-4.01741490586746e-05
4218.375616999978,-9.595454599437518e-05
4224.384139999977,-0.0001695904010504157
4230.392662999977,-0.00017779431383350893
4236.401185999977,-5.1523299067206195e-05
4242.409708999978,-8.797602609253517e-05
4248.418231999977,-5.976967105605257e-05
4254.426754999977,1.7659342614403206e-05
4260.435277999977,-0.00011996692762257802
4266.443800999978,-0.00012746344603604864
4272.452323999977,-8.843796723133605e-05
4278.460846999977,-9.38219763653972e-05
4284.469369999977,-0.00015055575227174666
4290.4778929999775,-0.000128513445318528
4296.486415999977,-0.00012277521795000276
4302.4949389999765,-0.0001078226925485686
4308.503461999977,-3.4961660612638715e-05
4314.511984999977,2.0665561060189495e-05
4320.520507999977,-1.0895601367277545e-05
4326.529030999976,-0.00016955702701945373
4332.537553999977,-0.00015213867490882098
4338.546076999977,-0.00013007344159406394
4344.554599999977,-8.05368374920383e-05
4350.563122999976,-3.666443502441418e-05
4356.571645999977,-9.714199701624647e-05
4362.580168999977,-1.4464130752393612e-05
4368.588691999977,-0.0001300286217946945
4374.597214999976,-7.335196414209354e-05
4380.605737999977,-3.697753577988863e-05
4386.614260999977,-0.00013233399623515976
4392.6227839999765,-5.0101123468737343e-05
4398.631306999976,2.23919409052012e-06
4404.639829999976,-0.0001487704678972721
4410.648352999977,-3.8827647782740364e-05
4416.656875999976,-9.520793640606973e-05
4422.665398999976,-0.00010375201646306616
4428.673921999976,-0.00010267925356713686
4434.682444999977,-5.814795015172529e-05
4440.690967999976,-3.642582816276734e-05
4446.699490999976,-4.4936703857659505e-05
4452.708013999976,-0.0001736497499608488
4458.716536999977,-4.17832900415715e-06
4464.725059999976,-3.805873266746535e-05
4470.733582999976,7.887999631041614e-06
4476.742105999976,-3.9102776401342136e-05
4482.7506289999765,-4.786724297973387e-05
4488.759151999976,-1.853975513187956e-05
4494.7676749999755,-4.282953799532761e-05
4500.776197999976,-0.00010234489358080651
4506.784720999976,-2.4460950639867118e-05
4512.793243999976,-9.845571810386057e-05
4518.801766999975,4.928195637335482e-05
4524.810289999976,-0.0001459986075772366
4530.818812999976,-0.00010138633309644541
4536.827335999976,-4.866275739513519e-05
4542.835858999975,-8.109595931508251e-05
4548.844381999976,-6.0735387356453784e-05
4554.852904999976,-0.00013687854041319366
4560.861427999976,8.16720174313463e-06
4566.869950999975,-3.080080007085631e-05
4572.8784739999755,-6.521006715518485e-05
4578.886996999976,-9.044774748335776e-05
4584.8955199999755,-6.140335657145122e-05
4590.904042999975,-9.035940911400943e-05
4596.912565999975,1.448713387479549e-05
4602.921088999976,-1.0559806101667447e-05
4608.929611999975,-6.122802828193993e-05
4614.938134999975,-6.615312254957459e-05
4620.946657999975,3.4016276874119823e-05
4626.955180999976,-3.4357036982244524e-06
4632.963703999975,5.886509564967456e-06
4638.972226999975,-4.079466600688914e-05
4644.980749999975,-9.04556542857809e-06
4650.989272999976,9.875522930668185e-07
4656.997795999975,-6.154853695168998e-05
4663.006318999975,1.643974355955352e-05
4669.014841999975,2.535310925719233e-05
4675.0233649999755,-0.0001224733197747897
4681.031887999975,8.24083483842602e-06
4687.0404109999745,9.625797456563357e-05
4693.048933999975,-3.3600310825895225e-05
4699.057456999975,3.294060660202262e-05
4705.065979999975,-3.715685073964126e-05
4711.074502999974,-9.318542011027277e-05
4717.083025999975,-4.08409427022656e-05
4723.091548999975,-9.702527556387475e-05
4729.100071999975,-0.00015304273724842219
4735.108594999974,-9.917515345542516e-05
4741.117117999975,-4.0480240482425266e-05
4747.125640999975,-3.497549356690026e-05
4753.134163999975,1.8328792205972878e-05
4759.142686999974,2.355886941784396e-05
4765.1512099999745,-1.874440699467807e-07
4771.159732999975,3.186928054206491e-05
4777.1682559999745,-0.00012203857167894158
4783.176778999974,-3.412157214684841e-05
4789.185301999974,1.2926639824481042e-05
4795.193824999975,-8.43494706014609e-05
4801.202347999974,-5.7571649409561054e-05
4807.210870999974,-5.4032434354829895e-05
4813.219393999974,-5.4032434354829895e-05
4819.227916999975,6.512403422005911e-05
4825.236439999974,-4.4674283615298625e-05
4831.244962999974,-9.058843822775018e-05
4837.253485999974,-6.119093539875051e-05
4843.262008999975,-8.225412620442261e-06
4849.270531999974,2.384536999638546e-05
4855.279054999974,2.1963509133301107e-05
4861.287577999974,-1.4972536862009868e-05
4867.296100999974,-3.374080161046273e-05
4873.304623999974,-7.674022107735403e-06
4879.3131469999735,-1.3528783094947706e-05
4885.321669999974,4.8248958476115204e-05
4891.330192999974,-1.0589995237250217e-05
4897.338715999974,-7.022386995543303e-05
4903.347238999973,-6.570848570240595e-05
4909.355761999974,-8.278407531511427e-05
4915.364284999974,-6.66191618546551e-05
4921.372807999974,-6.124365412753531e-05
4927.381330999973,5.484988291875489e-05
4933.389853999974,-6.254350377108701e-05
4939.398376999974,-2.33533964552167e-05
4945.406899999974,-1.4530251198150603e-05
4951.415422999973,-0.00017226384656425216
4957.4239459999735,3.397206129647851e-05
4963.432468999974,5.3741495376521764e-05
4969.440991999973,-0.00012090763448831917
4975.449514999973,-5.6183637012375277e-05
4981.458037999973,-2.5592978214904988e-05
4987.466560999974,-0.00011365952607618193
4993.475083999973,1.2058520978659454e-05
4999.483606999973,2.4396181342873198e-05
5005.492129999973,-0.00012993642334436627
5011.500652999974,-6.153134081513336e-05
5017.509175999973,-8.256141363634684e-05
5023.517698999973,-6.729152922686058e-05
5029.526221999973,-4.0573766062091e-05
5035.534744999974,1.650017165426883e-05
5041.543267999973,6.550567712871455e-06
5047.551790999973,-6.215826539068694e-05
5053.560313999973,-0.0001323177739303342
5059.568836999973,-8.130700680798419e-05
5065.577359999973,-1.3624732923906882e-05
5071.5858829999725,-2.4241835366465357e-05
5077.594405999973,-2.3352734402465463e-05
5083.602928999973,-9.846272406724374e-05
5089.611451999973,-6.602789408691241e-05
5095.619974999972,-9.085727761357593e-05
5101.628497999973,-8.843862873153797e-05
5107.637020999973,9.805077529008309e-06
5113.645543999973,-0.00010495271182331716
5119.654066999972,-9.681095326419935e-05
5125.662589999973,-2.997753914289189e-05
5131.671112999973,-1.4887632636975485e-05
5137.679635999973,-0.00011898850449179065
5143.688158999972,-5.996971264787212e-05
5149.6966819999725,-7.959555272074602e-05
5155.705204999973,-0.00010617879588679311
5161.713727999972,-4.8514949826717356e-05
5167.722250999972,2.430601926933208e-06
5173.730773999972,-0.0001188605473985993
5179.739296999973,-6.870388959543618e-05
5185.747819999972,-0.00010660691331060863
5191.756342999972,-9.572450350020416e-05
5197.764865999972,1.7264435047670085e-05
5203.773388999973,-3.1276892923129225e-05
5209.781911999972,-1.6035196963416807e-05
5215.790434999972,-6.09524569675307e-06
5221.798957999972,-2.3390999048107183e-05
5227.8074809999725,-3.382779400889847e-05
5233.816003999972,-3.8007168619302566e-05
5239.824526999972,5.9296653788506564e-05
5245.833049999972,-1.9324150851990408e-05
5251.841572999972,-7.092808793494324e-05
5257.850095999972,-0.00012468525974405507
5263.858618999971,4.24259672364977e-05
5269.867141999972,8.509239912207295e-05
5275.875664999972,1.0011718306675582e-05
5281.884187999972,8.014087842980943e-05
5287.892710999971,-4.804588284600111e-05
5293.901233999972,-8.670003582062264e-06
5299.909756999972,6.155553109080304e-05
5305.918279999972,-5.775535086238398e-05
5311.926802999971,-5.6259504403482386e-05
5317.935325999972,4.993503861925528e-05
5323.943848999972,5.492111114647161e-05
5329.952371999972,7.805709343697303e-06
5335.960894999971,-3.1360432202065964e-05
5341.9694179999715,4.9709829797525365e-05
5347.977940999972,-5.258535460266461e-05
5353.986463999971,-3.618248788308407e-05
5359.994986999971,-9.607048019345107e-06
5366.003509999971,6.279881144098644e-05
5372.012032999972,-4.1869573786031236e-05
5378.020555999971,0.00010023482900328547
5384.029078999971,0.00012657991331452588
5390.037601999971,2.2338729430478315e-05
5396.046124999972,4.444893932074027e-05
5402.054647999971,-4.795953729501507e-05
5408.063170999971,6.686446106880828e-05
5414.071693999971,2.4747250728706726e-05
5420.0802169999715,2.795498931469519e-06
5426.088739999971,-3.237371228097363e-05
5432.097262999971,-7.012984228882266e-06
5438.105785999971,-4.0305195709032084e-06
5444.114308999971,5.385383516289397e-05
5450.122831999971,5.5813283639129974e-05
5456.13135499997,4.5272175485369504e-05
5462.139877999971,-5.5286607398651485e-06
5468.148400999971,3.897812774799518e-06
5474.156923999971,9.972101208225893e-05
5480.16544699997,-4.6833942453160696e-05
5486.173969999971,7.594813688751563e-05
5492.182492999971,7.450962870065434e-05
5498.191015999971,-9.962378040377426e-05
5504.19953899997,-5.7560275548423906e-05
5510.208061999971,-0.00010283264805790601
5516.216584999971,-4.1177759811507733e-05
5522.2251079999705,-5.392021911563946e-05
5528.23363099997,4.9702770918882957e-05
5534.2421539999705,-1.737605390648446e-06
5540.250676999971,-7.160995849968301e-05
5546.25919999997,-7.382938754637263e-06
5552.26772299997,-9.426553692464586e-05
5558.27624599997,-1.1930369286155785e-05
5564.284768999971,-0.00011813319188945904
5570.29329199997,-0.00012913884442606317
5576.30181499997,-0.00012319657059257767
5582.31033799997,-0.00013714440465192968
5588.318860999971,1.52283783304789e-05
5594.32738399997,-2.5732086274975933e-05
5600.33590699997,-0.0001420237389213919
5606.34442999997,-4.372704936189614e-05
5612.3529529999705,-2.587036344504246e-05
5618.36147599997,-1.542108180576684e-05
5624.3699989999695,-0.00011257162977230847
5630.37852199997,8.152263001664285e-06
5636.38704499997,2.27772808627021e-05
5642.39556799997,-4.918621565172792e-05
5648.404090999969,-0.00013359512880398137
5654.41261399997,4.5155152616563454e-05
5660.42113699997,-2.93448259335451e-05
5666.42965999997,-4.343640052159967e-05
5672.438182999969,-5.747895348062074e-05
5678.44670599997,6.018838655999779e-05
5684.45522899997,-3.847701516368192e-05
5690.46375199997,4.0934405714384226e-05
5696.472274999969,-0.00013900660261167075
5702.48079799997,-2.429078182127181e-05
5708.48932099997,-0.00010390867128909302
5714.4978439999695,-9.851636191183125e-05
5720.506366999969,5.392952794071822e-05
5726.5148899999695,3.665410809920716e-05
5732.52341299997,7.351129887463726e-05
5738.531935999969,-2.7484318132888143e-05
5744.540458999969,-9.943972833524098e-05
5750.548981999969,-5.535877727263651e-05
5756.55750499997,4.149268636387528e-05
5762.566027999969,-4.748606380454147e-06
5768.574550999969,-7.062823840368241e-06
5774.583073999969,-4.952694152061755e-05
5780.59159699997,3.059054838328789e-05
5786.600119999969,6.191198801181795e-05
5792.608642999969,0.0001021821463658782
5798.617165999969,-4.847198955456034e-05
5804.6256889999695,-6.499654457845297e-05
5810.634211999969,-2.0554216699175477e-05
5816.6427349999685,2.2713156819534376e-05
5822.651257999969,-0.00013638210631025394
5828.659780999969,8.514230482715492e-06
5834.668303999969,3.0792394749317265e-05
5840.676826999968,-3.233031005734656e-05
5846.685349999969,-9.508900427148715e-05
5852.693872999969,2.0086865615789415e-05
5858.702395999969,-0.00010150663175862874
5864.710918999968,-6.055515910155985e-05
5870.719441999969,-9.31496694495014e-05
5876.727964999969,-3.1730149998869378e-06
5882.736487999969,-5.165190372024373e-06
5888.745010999968,-2.2883655023255604e-05
5894.753533999969,9.729153362967367e-05
5900.762056999969,8.608442654296615e-05
5906.7705799999685,3.410439913123653e-05
5912.779102999968,6.352791657349843e-05
5918.787625999968,2.5763192633006636e-05
5924.796148999969,0.00010093228166226694
5930.804671999968,-1.8797131235979996e-05
5936.813194999968,4.0965780564752874e-05
5942.821717999968,0.00010028006724390033
5948.830240999969,-2.8961083757153658e-05
5954.838763999968,6.887973481243978e-05
5960.847286999968,-2.188548707051665e-05
5966.855809999968,-4.6249283627504176e-06
5972.864332999969,-3.284613141638402e-05
5978.872855999968,-8.505470490681006e-05
5984.881378999968,4.003826023189253e-05
5990.889901999968,4.126456982403856e-06
5996.8984249999685,7.253485011490777e-05
6002.906947999968,9.303274408818134e-05
6008.9154709999675,0.0001503573822392745
6014.923993999968,0.00012566349274939712
6020.932516999968,4.175917534766072e-05
6026.941039999968,2.5751332467444344e-05
6032.949562999967,8.204730823923436e-05
6038.958085999968,1.720518092175431e-05
6044.966608999968,5.162366286868939e-05
6050.975131999968,-7.146671561771009e-05
6056.983654999967,5.858297325899506e-05
6062.992177999968,7.403619410651529e-05
6069.000700999968,8.623833702053916e-05
6075.009223999968,3.416145519659365e-05
6081.017746999967,3.153366742380102e-05
6087.026269999968,3.153366742380102e-05
6093.034792999968,5.579526350481953e-05
6099.0433159999675,4.4558662748757325e-05
6105.051838999967,2.556983441615737e-05
6111.060361999967,9.554455192093913e-06
6117.068884999968,4.526251984697524e-05
6123.077407999967,9.280690054671052e-05
6129.085930999967,3.0049997623435775e-05
6135.094453999967,-1.4272522998505824e-05
6141.102976999968,-5.1021260502502746e-05
6147.111499999967,2.9571157935595434e-05
6153.120022999967,2.532362211176956e-06
6159.128545999967,4.7121891956312e-05
6165.137068999968,0.0001048647288981759
6171.145591999967,1.9760229567433945e-05
6177.154114999967,5.824847712622518e-07
6183.162637999967,2.7504775216713203e-05
6189.1711609999675,6.75901495132868e-05
6195.179683999967,-2.6316474693265537e-05
6201.1882069999665,5.7016856730244445e-06
6207.196729999967,1.1145684504613223e-05
6213.205252999967,5.7015119988472685e-05
6219.213775999967,2.54124383778101e-05
6225.222298999966,-4.603256815604757e-06
6231.230821999967,-2.6254504171474436e-05
6237.239344999967,-6.898501895176314e-05
6243.247867999967,-3.755600272411538e-05
6249.256390999966,1.8653411217765327e-05
6255.264913999967,-6.301905362480862e-06
6261.273436999967,-1.78837260636366e-05
6267.281959999967,-8.6859451871314e-06
6273.290482999966,6.799280299220365e-05
6279.2990059999665,0.00010437980490134489
6285.307528999967,9.223646454455682e-05
6291.3160519999665,6.523561881169012e-05
6297.324574999966,3.362966255795099e-05
6303.333097999966,-2.06495318113882e-05
6309.341620999967,4.816671471142672e-05
6315.350143999966,6.828214570887729e-05
6321.358666999966,0.0001026818958501076
6327.367189999966,1.800809540851064e-05
6333.375712999967,1.0403023547343309e-05
6339.384235999966,3.556161478297157e-05
6345.392758999966,-4.35158948873197e-06
6351.401281999966,-2.7134501549454876e-05
6357.409804999967,-1.2114634156472978e-05
6363.418327999966,-3.351377521705313e-05
6369.426850999966,-6.819643051213611e-05
6375.435373999966,1.804316298015853e-05
6381.4438969999665,6.534297723510755e-05
6387.452419999966,9.034374438163325e-06
6393.4609429999655,2.9656557044327723e-05
6399.469465999966,3.4224353641894803e-05
6405.477988999966,7.79653728448368e-06
6411.486511999966,-3.09258954451364e-05
6417.495034999965,-3.127545236418732e-05
6423.503557999966,4.194635489934681e-05
6429.512080999966,5.349624072279703e-05
6435.520603999966,-1.0190129358921482e-05
6441.529126999965,-3.503825479046527e-05
6447.537649999966,6.673004174086315e-05
6453.546172999966,5.5048692570582507e-05
6459.554695999966,-1.5382478550491432e-05
6465.563218999965,-3.729958168389168e-05
6471.5717419999655,-3.824312376856423e-05
6477.580264999966,-2.462448960819545e-05
6483.5887879999655,-4.3379894289436727e-07
6489.597310999965,-2.728877519423452e-05
6495.605833999965,-3.0507806903282338e-05
6501.614356999966,9.743655392803482e-06
6507.622879999965,-3.8173347953005976e-05
6513.631402999965,5.010838238277917e-05
6519.639925999965,-4.800135632454936e-05
6525.648448999966,-4.02980253488959e-05
6531.656971999965,-2.7495716505540578e-05
6537.665494999965,-4.267317072394831e-06
6543.674017999965,-4.271319677345568e-05
6549.682540999966,9.82734803176631e-06
6555.691063999965,4.538965555229922e-05
6561.699586999965,1.0198999043615899e-05
6567.708109999965,2.1184476600838716e-05
6573.716632999965,2.8825555139763927e-05
6579.725155999965,4.600005700876467e-05
6585.7336789999645,4.803834056884386e-05
6591.742201999965,5.191322391477899e-05
6597.750724999965,6.951097664071714e-05
6603.759247999965,8.925565253847196e-05
6609.767770999964,5.4480312961047424e-05
6615.776293999965,1.7090403216945532e-06
6621.784816999965,3.5106200473008605e-06
6627.793339999965,-3.403240836949781e-05
6633.801862999964,-1.4783245869962069e-05
6639.810385999965,-5.8897709684776544e-05
6645.818908999965,-1.6891457085580267e-05
6651.827431999965,-2.57934613171533e-05
6657.835954999964,-8.134903618954828e-05
6663.8444779999645,-9.805111841350993e-05
6669.853000999965,-3.2982287995159245e-05
6675.861523999964,-1.9495257162110968e-05
6681.870046999964,-2.10522020889449e-05
6687.878569999964,-4.954702094390316e-05
6693.887092999965,-6.011916303294897e-05
6699.895615999964,-1.086810033148415e-05
6705.904138999964,1.9862221875475814e-05
6711.912661999964,3.837179282489594e-05
6717.921184999965,3.175389690198347e-05
6723.929707999964,-1.382446871397555e-06
6729.938230999964,2.5527587361962387e-05
6735.946753999964,-2.368701007105403e-06
6741.955276999965,3.6116459585441235e-05
6747.963799999964,-1.6307817253114292e-06
6753.972322999964,5.913321568374182e-05
6759.980845999964,0.00013716816840159498
6765.989368999964,3.969217517124848e-05
6771.997891999964,-4.418200814763903e-05
6778.006414999963,3.977309632680933e-05
6784.014937999964,7.406509500367657e-05
6790.023460999964,6.64446344935717e-05
6796.031983999964,1.1306073878405063e-05
6802.040506999963,-2.2739067704247004e-05
6808.049029999964,8.520227492622184e-06
6814.057552999964,2.5640120534319927e-06
6820.066075999964,2.176665888122557e-05
6826.074598999963,-1.93314418412703e-05
6832.083121999964,-4.692585567068923e-05
6838.091644999964,-1.1074788864526939e-05
6844.100167999964,1.112070762701423e-05
6850.108690999963,4.119621530177445e-05
6856.1172139999635,6.087262889140003e-05
6862.125736999964,6.390893108500303e-05
6868.134259999963,1.211896154744286e-05
6874.142782999963,-1.8881928717042768e-05
6880.151305999963,4.882705241176863e-05
6886.159828999964,2.354184930824088e-05
6892.168351999963,5.1867376892442585e-05
6898.176874999963,0.00013522202067467443
6904.185397999963,0.00013294599541555473
6910.193920999964,6.804676284427865e-05
6916.202443999963,3.779366895589947e-06
6922.210966999963,9.172114684655222e-05
6928.219489999963,5.9032813291501656e-05
6934.2280129999635,6.194231311616891e-05
6940.236535999963,5.5637980663792064e-05
6946.245058999963,-9.306918061536728e-06
6952.253581999963,-2.8841944079630658e-05
6958.262104999963,-2.636135042260327e-05
6964.270627999963,-2.5401734032476044e-05
6970.279150999962,-3.07991237664293e-05
6976.287673999963,6.58286763894665e-05
6982.296196999963,0.00014921389922842638
6988.304719999963,0.00011094147833935637
6994.313242999962,-4.976933593868728e-06
7000.321765999963,6.1025668117914955e-05
7006.330288999963,1.352793444793339e-05
7012.338811999963,-6.405173808884273e-05
7018.347334999962,4.3762695824130166e-05
7024.355857999963,3.2295246207528244e-05
7030.364380999963,-1.8508234232104358e-05
7036.372903999963,2.8685268168322025e-05
7042.381426999962,4.703627790618225e-05
7048.3899499999625,1.8632736586791545e-05
7054.398472999963,1.938664199586807e-05
7060.406995999962,8.61780059787222e-05
7066.415518999962,0.00011429640064776445
7072.424041999962,2.7933073376057968e-05
7078.432564999963,1.3054727782738631e-05
7084.441087999962,1.7027925234008232e-05
7090.449610999962,6.091135895082508e-05
7096.458133999962,2.924407180081809e-05
7102.466656999963,-2.365961795321078e-05
7108.475179999962,1.8255767009322277e-05
7114.483702999962,1.1007120241901654e-05
7120.492225999962,2.084518370021807e-05
7126.5007489999625,8.083911411105622e-05
7132.509271999962,2.423780689298099e-05
7138.517794999962,3.9301396291765315e-05
7144.526317999962,1.2598488264261525e-05
7150.534840999962,1.8709736149871872e-05
7156.543363999962,6.181173736986731e-05
7162.551886999961,3.236902935467952e-05
7168.560409999962,0.0001143015872914158
7174.568932999962,0.00017692606758478815
7180.577455999962,6.461430268823319e-05
7186.585978999961,7.219840124662959e-05
7192.594501999962,0.0001390231799712809
7198.603024999962,8.604549840808757e-05
7204.611547999962,3.915671483902987e-05
7210.620070999961,4.5984271932146335e-05
7216.628593999962,6.782188443035432e-05
7222.637116999962,0.00012967594958536473
7228.6456399999615,0.00011980454050695997
7234.654162999961,0.00010944456824840943
7240.6626859999615,9.526585937067785e-05
7246.671208999962,8.623764780574705e-05
7252.679731999961,0.00013593134402674418
7258.688254999961,0.00012798268075841251
7264.696777999961,0.00011995460329235033
7270.705300999962,0.00011049403976943734
7276.713823999961,0.00013881367577755607
7282.722346999961,0.00012628262266807863
7288.730869999961,5.991428293006744e-05
7294.739392999962,9.472170715572065e-05
7300.747915999961,9.756282808977223e-05
7306.756438999961,7.767440054930235e-05
7312.764961999961,2.5498589924383342e-05
7318.7734849999615,9.83993547780611e-05
7324.782007999961,7.066577318401382e-05
7330.7905309999605,0.000128271261886886
7336.799053999961,0.00011297110569056393
7342.807576999961,7.520875720462698e-05
7348.816099999961,7.95412987458876e-05
7354.82462299996,0.00014032501126642284
7360.833145999961,0.00014642046280954036
7366.841668999961,9.662228236437927e-05
7372.850191999961,0.00011013638379973043
7378.85871499996,2.8941963422157498e-05
7384.867237999961,0.00012486830146141164
7390.875760999961,0.00011471374856492538
7396.884283999961,9.665957462404415e-05
7402.89280699996,0.00011963789772326913
7408.901329999961,0.00011603780840101846
7414.909852999961,0.00011990355416310964
7420.9183759999605,0.0001391412364153034
7426.92689899996,0.00018642728517705728
7432.93542199996,0.00014457378492376726
7438.943944999961,0.00014505319882227927
7444.95246799996,0.00016111725710121907
7450.96099099996,0.0002294311379070742
7456.96951399996,0.00015252030985192554
7462.978036999961,0.00013918420832008502
7468.98655999996,0.00016410262244132023
7474.99508299996,9.663986912207202e-05
7481.00360599996,2.18231650147139e-05
7487.012128999961,0.00012927742537718992
7493.02065199996,0.00010019900134794008
7499.02917499996,0.00010082638154410684
7505.03769799996,0.00011758600714940814
7511.0462209999605,0.00012126285430318431
7517.05474399996,7.205877633834826e-05
7523.0632669999595,3.904670755595026e-05
7529.07178999996,0.00012738910765341073
7535.08031299996,9.599828550223057e-05
7541.08883599996,4.870814960849986e-05
7547.097358999959,0.00015800011746320482
7553.10588199996,0.00011594745873719957
7559.11440499996,0.00010924647791982163
7565.12292799996,0.0001468197369936816
7571.131450999959,4.0033289288948334e-05
7577.13997399996,8.944053973987539e-05
7583.14849699996,0.00013835997848884424
7589.15701999996,0.0001271662784516732
7595.165542999959,5.763171679609241e-05
7601.17406599996,5.2854055942136746e-05
7607.18258899996,0.00011963949278455264
7613.1911119999595,0.0001456084814378742
7619.199634999959,8.526127777438438e-05
7625.208157999959,4.096781948540573e-05
7631.21668099996,0.00011440341022605343
7637.225203999959,0.00015517593091319017
7643.233726999959,0.00014854782100957243
7649.242249999959,8.551459747010352e-05
7655.25077299996,8.610614409486852e-05
7661.259295999959,0.00011561155574629027
7667.267818999959,0.0001563371344203389
7673.276341999959,0.00017475905060087402
7679.28486499996,0.0001758313273164344
7685.293387999959,0.00013545754868021724
7691.301910999959,6.297414074619031e-05
7697.310433999959,4.929224779309765e-05
7703.3189569999595,8.224195644526652e-05
7709.327479999959,3.931890599699113e-05
7715.3360029999585,0.00011401052536396982
7721.344525999959,0.00011296925243845799
7727.353048999959,0.00011261161924248097
7733.361571999959,0.00010284117626798075
7739.370094999958,0.00011944417787907905
7745.378617999959,9.549818117938816e-05
7751.387140999959,0.00014051482823536604
7757.395663999959,0.00013513847485269827
7763.404186999958,0.00011372289766054746
7769.412709999959,0.00016701487844056513
7775.421232999959,6.028460273455171e-05
7781.429755999959,1.809954728229844e-05
7787.438278999958,5.137692171087008e-05
7793.446801999959,7.765745420439083e-05
7799.455324999959,4.554039349334568e-05
7805.4638479999585,7.219207261459218e-05
7811.472370999958,0.00015456402589889074
7817.480893999958,0.0001716755055444146
7823.489416999959,0.00014352768950356604
7829.497939999958,3.730711256341819e-05
7835.506462999958,3.9655190020060144e-06
7841.514985999958,8.036937963437198e-05
7847.523508999959,8.265156562739586e-05
7853.532031999958,-1.2568110636355316e-05
7859.540554999958,8.219861748375887e-05
7865.549077999958,0.00010252254066411333
7871.557600999959,1.3896814980666112e-05
7877.566123999958,6.849910596752205e-05
7883.574646999958,5.729038551653112e-05
7889.583169999958,1.6570154395623377e-05
7895.5916929999585,0.00010398514424843746
7901.600215999958,6.345298306644687e-05
7907.6087389999575,0.00012961673437845587
7913.617261999958,0.00020678307082976828
7919.625784999958,0.0001624655521644013
7925.634307999958,5.659758669394051e-05
7931.642830999957,0.00010629130921371825
7937.651353999958,0.00013026439745027262
7943.659876999958,8.916225944801097e-05
7949.668399999958,8.87238011177084e-05
7955.676922999957,0.0001410333511788202
7961.685445999958,0.0001719497833253401
7967.693968999958,0.00016180723365563602
7973.702491999958,0.00013577622330875327
7979.711014999957,9.274710980358197e-05
7985.7195379999575,0.00015987724908381442
7991.728060999958,0.00013685659460823229
7997.7365839999575,0.00013686093255738574
8003.745106999957,0.00010452174837627051
8009.753629999957,3.735387645542652e-05
8015.762152999958,4.147068415011707e-05
8021.770675999957,9.79554872611997e-05
8027.779198999957,0.0001374778124088543
8033.787721999957,0.00011153052133452421
8039.796244999958,9.356979910766104e-05
8045.804767999957,0.00010768829166678712
8051.813290999957,4.937131146067387e-05
8057.821813999957,8.559920971638841e-05
8063.830336999958,0.00015169282797994083
8069.838859999957,0.00017310805995853117
8075.847382999957,6.925986516946956e-05
8081.855905999957,6.564415805629526e-05
8087.864428999957,4.717821585789625e-05
8093.872951999957,8.001328857386731e-05
8099.8814749999565,0.00011336018084520002
8105.889997999957,0.00014700845215961738
8111.898520999957,6.099871101408908e-05
8117.907043999957,5.5788923197236894e-05
8123.915566999956,0.0001486837549741435
8129.924089999957,0.00011875292729538485
8135.932612999957,8.590777213909698e-05
8141.941135999957,0.00010407520828461561
8147.949658999956,2.930807917950819e-05
8153.958181999957,5.1215608333887736e-05
8159.966704999957,9.831855492382911e-05
8165.975227999957,9.768452613506528e-05
8171.983750999956,1.577629061256633e-05
8177.9922739999565,4.693638664159163e-05
8184.000796999957,5.830458352443688e-05
8190.0093199999565,4.445958634867253e-05
8196.017842999956,0.0001351937100895431
8202.026365999956,0.00018398468438284905
8208.034888999957,0.00016527927485822066
8214.043411999955,0.00016772084927076285
8220.051934999956,0.00017427501592310712
8226.060457999956,8.716946015544157e-05
8232.068980999957,-4.199007274684134e-06
8238.077503999957,2.7285661273422407e-05
8244.086026999956,0.00015975388742875442
8250.094549999956,0.00011060038837141243
8256.103072999957,0.00012546541127143727
8262.111595999955,0.0001970946427287922
8268.120118999956,9.605411475739228e-05
8274.128641999956,6.387306242493748e-05
8280.137164999956,3.170581804670405e-05
8286.145687999957,3.063172323500556e-05
8292.154210999955,7.819510059907668e-05
8298.162733999956,4.901674986778906e-05
8304.171256999956,4.548189946453119e-06
8310.179779999955,1.4630607207761633e-05
8316.188302999955,6.839006792908734e-05
8322.196825999956,8.485096105663884e-05
8328.205348999956,0.00015589374998115725
8334.213871999957,0.0001099070789302306
8340.222394999955,2.9888253404432904e-05
8346.230917999956,8.543877244862029e-05
8352.239440999956,4.1304602610227156e-05
8358.247963999955,0.00012017533627899073
8364.256486999955,6.630049932830368e-05
8370.265009999956,1.2261381174715996e-05
8376.273532999956,8.098480935588901e-05
8382.282055999956,5.5862936418792315e-05
8388.290578999955,7.816879652711761e-05
8394.299101999955,0.00011995028025874868
8400.307624999956,8.544141615595622e-05
8406.316147999954,6.985230104456868e-05
8412.324670999955,5.9246515821067766e-05
8418.333193999955,5.146886819885432e-05
8424.341716999956,3.8643708804724464e-05
8430.350239999956,0.00012401936606169924
8436.358762999955,0.00011556305764796292
8442.367285999955,0.00011035301053504707
8448.375808999956,0.00011220133286532513
8454.384331999954,4.7836796297565505e-05
8460.392854999955,1.998767850906323e-05
8466.401377999955,4.0948668872703543e-05
8472.409900999955,7.211957829291931e-05
8478.418423999956,-8.389930753636306e-06
8484.426946999954,3.223168649659126e-05
8490.435469999955,8.783501971215484e-05
8496.443992999955,8.487740043829954e-05
8502.452515999954,0.00012229946852088794
8508.461038999954,6.704474880638435e-05
8514.469561999955,0.00010244579058481902
8520.478084999955,3.945877888384289e-05
8526.486607999956,4.6138331669330466e-05
8532.495130999954,0.00011614614821618226
8538.503653999955,7.653241340209248e-05
8544.512176999955,3.723631448072559e-05
8550.520699999954,7.106810013651664e-06
8556.529222999954,7.901730619578366e-05
8562.537745999954,9.856691092106027e-05
8568.546268999955,6.298314818292561e-05
8574.554791999955,2.647458041325924e-05
8580.563314999954,1.2239337988321156e-05
8586.571837999954,0.0001259080815717889
8592.580360999955,0.0001381226049336616
8598.588883999953,2.311293666600642e-05
8604.597406999954,4.92630295857597e-05
8610.605929999954,0.0001004320413756471
8616.614452999955,8.68078611589038e-05
8622.622975999955,8.106280632138461e-05
8628.631498999954,0.00010455272755341989
8634.640021999954,3.1966501935432323e-05
8640.648544999955,6.045941994090258e-05
8646.657067999953,3.3354071199619374e-05
8652.665590999954,1.265002709806629e-05
8658.674113999954,0.00010790036229093896
8664.682636999954,0.00013581671157581355
8670.691159999955,9.055043535188192e-05
8676.699682999953,5.216883054636787e-05
8682.708205999954,1.2115366520019159e-05
8688.716728999954,1.0712392361374404e-06
8694.725251999953,1.7926668153427694e-05
8700.733774999953,0.00010892783426071209
8706.742297999954,0.00015407068856221023
8712.750820999954,0.00014754351355223037
8718.759343999955,1.9027281044353533e-05
8724.767866999953,3.8478669334908476e-05
8730.776389999954,3.935275036206329e-05
8736.784912999954,2.2583360966143986e-05
8742.793435999953,2.007225708477542e-05
8748.801958999953,0.00010089936097669835
8754.810481999953,9.911450873442912e-05
8760.819004999954,7.519005579669186e-05
8766.827527999954,0.00013290612517625534
8772.836050999953,0.00010364414121382549
8778.844573999953,0.00011992139684310691
8784.853096999954,0.00010533138754900783
8790.861619999952,0.00012405618907623952
8796.870142999953,6.680795967697732e-05
8802.878665999953,2.5113877278612546e-05
8808.887188999954,4.631891480247838e-06
8814.895711999954,-1.0776084120332252e-06
8820.904234999953,1.6296701013281671e-06
8826.912757999953,3.963122546442083e-06
8832.921280999954,5.7786251398291086e-05
8838.929803999952,3.891524771734455e-05
8844.938326999953,-6.604877423543035e-05
8850.946849999953,-2.9052126658608842e-05
8856.955372999953,-4.278392145378646e-06
8862.963895999954,5.1795213835846634e-05
8868.972418999952,1.9584918948520978e-05
8874.980941999953,3.534952026473373e-05
8880.989464999953,2.2154624617370072e-05
8886.997987999952,-2.24290220138856e-05
8893.006510999952,-4.461296602784047e-06
8899.015033999953,7.319336266031194e-05
8905.023556999953,0.00013126030707992763
8911.032079999954,0.0001402058203705017
8917.040602999952,7.149736049938823e-05
8923.049125999953,5.994998100482767e-05
8929.057648999953,4.131398701934631e-05
8935.066171999952,0.00011860895923642906
8941.074694999952,7.699482872602272e-05
8947.083217999952,2.5975956689862507e-06
8953.091740999953,-3.602235430369049e-05
8959.100263999953,0.00011124535860976765
8965.108786999952,0.00018067520797078758
8971.117309999952,2.800484017594258e-05
8977.125832999953,1.3135561911854024e-05
8983.134355999951,0.00012921044960078213
8989.142878999952,7.168303541965485e-05
8995.151401999952,6.01303942941558e-05
9001.159924999953,9.790491059883825e-05
9007.168447999953,9.144925946952799e-05
9013.176970999952,4.62608213934472e-05
9019.185493999952,7.633618206385306e-05
9025.194016999953,4.142311607242048e-05
9031.202539999951,-2.586117946088781e-05
9037.211062999952,5.8190410905757245e-05
9043.219585999952,8.707377366036255e-05
9049.228108999952,2.00868108522349e-05
9055.236631999953,7.231573924093928e-05
9061.245154999951,0.00016710252560437532
9067.253677999952,0.00012448783314183688
9073.262200999952,5.7204037966243434e-05
9079.27072399995,1.9299741870886055e-05
9085.279246999951,-2.0626941862832615e-05
9091.287769999952,2.867310470295214e-05
9097.296292999952,0.00010381954559258549
9103.304815999953,0.00012276023825842552
9109.313338999951,7.841209930716839e-05
9115.321861999952,8.806050794602306e-05
9121.330384999952,2.2820016252849986e-05
9127.33890799995,-3.066408642355667e-05
9133.347430999951,2.9403871074045932e-05
9139.355953999951,9.674788693545207e-05
9145.364476999952,0.00011880719217378798
9151.372999999952,6.433174085415843e-05
9157.38152299995,8.78689670895301e-05
9163.390045999951,5.0095153303743866e-05
9169.398568999952,3.566277757789061e-06
9175.40709199995,7.24684531820303e-05
9181.41561499995,8.020262348895118e-06
9187.424137999951,4.4017752400792185e-05
9193.432660999952,0.00011424619396244126
9199.441183999952,4.838643665117736e-05
9205.44970699995,8.45118098313731e-05
9211.458229999951,6.113892835005824e-05
9217.466752999951,-4.174698852264479e-05
9223.47527599995,5.9893170626280294e-05
9229.48379899995,1.4011571119796048e-05
9235.492321999951,3.5768418531315547e-06
9241.500844999951,-2.1026576687853712e-05
9247.509367999952,-3.976667431408066e-05
9253.51789099995,-2.3680157022805633e-05
9259.52641399995,4.605477740069338e-05
9265.534936999951,7.120561515870403e-05
9271.54345999995,9.008333557034737e-05
9277.55198299995,-6.929216698455044e-06
9283.56050599995,-6.173181927325817e-05
9289.569028999951,-1.9617739226397e-05
9295.577551999952,2.2850482202234647e-05
9301.58607499995,3.9202455962973343e-07
9307.59459799995,6.18421021284366e-05
9313.603120999951,0.00010519762526507919
9319.61164399995,7.987300365006622e-05
9325.62016699995,0.00010946229097173332
9331.62868999995,1.0445879596722106e-05
9337.63721299995,-1.812369790232386e-05
9343.645735999951,1.7228612530106438e-05
9349.65425899995,-7.668735365533898e-06
9355.66278199995,-1.2373851853247192e-05
9361.67130499995,5.867270090486275e-05
9367.67982799995,5.599058327686227e-05
9373.68835099995,1.3346485171564535e-05
9379.69687399995,-1.0869686117068863e-05
9385.70539699995,-1.562539572740939e-05
9391.713919999951,1.081813278379976e-05
9397.72244299995,3.070503518621232e-05
9403.73096599995,2.1720963104825948e-05
9409.73948899995,-2.2513220951145685e-05
9415.748011999949,5.989130502772732e-05
9421.75653499995,9.494599876598232e-05
9427.76505799995,3.861941759148524e-05
9433.77358099995,3.2410793691670796e-06
9439.78210399995,6.352787260725656e-05
9445.79062699995,5.5764768613543536e-05
9451.79914999995,1.235170400616989e-05
9457.80767299995,-1.985453667783835e-06
9463.816195999949,4.370292804965664e-05
9469.82471899995,6.632564241430446e-05
9475.83324199995,3.9920354463148135e-05
9481.84176499995,9.38543604666921e-06
9487.85028799995,2.1586396108041342e-05
9493.85881099995,3.0343520995798624e-05
9499.86733399995,6.388999119279192e-07
9505.87585699995,5.3762396708996095e-05
9511.884379999949,3.757070322728331e-05
9517.892902999949,-3.546789567486971e-05
9523.90142599995,-4.316677527561534e-05
9529.90994899995,4.047838809628886e-05
9535.91847199995,6.025773174514409e-05
9541.926994999949,4.262644997384957e-05
9547.93551799995,8.090927438457994e-05
9553.94404099995,2.4279331016466474e-05
9559.952563999948,6.741552426713015e-05
9565.961086999949,6.190965005104926e-05
9571.96960999995,5.495344504948136e-05
9577.97813299995,5.375804065433455e-05
9583.98665599995,4.150126781132767e-05
9589.995178999949,-5.122967381872423e-05
9596.003701999949,5.3131475936110286e-06
9602.01222499995,7.965950696344234e-05
9608.020747999948,0.00010841229154109944
9614.029270999948,4.482891698265684e-05
9620.037793999949,4.42189880451172e-05
9626.04631699995,9.721297072121262e-05
9632.05483999995,5.81292168447975e-05
9638.063362999948,5.0391054069788807e-05
9644.071885999949,9.659096609735637e-05
9650.08040899995,1.6005043352263152e-05
9656.088931999948,-9.811926924584912e-06
9662.097454999948,8.7024055148721e-05
9668.105977999949,0.00011413351577319576
9674.114500999949,-2.9606654524068694e-07
9680.12302399995,-6.280387484945764e-05
9686.131546999948,-6.280387484945764e-05
9692.140069999949,-4.838106123172694e-05
9698.148592999949,-9.601659411148618e-06
9704.157115999948,4.3837242235666686e-05
9710.165638999948,7.118904864460309e-05
9716.174161999948,3.73817131796858e-05
9722.182684999949,2.5255614418648817e-05
9728.19120799995,5.586253839720281e-05
9734.199730999948,3.489360154897272e-05
9740.208253999948,-1.0852915835757397e-05
9746.216776999949,-3.9120578332574354e-05
9752.225299999947,-3.613704076357152e-05
9758.233822999948,-7.0912651128944675e-06
9764.242345999948,-9.949143269984383e-06
9770.250868999949,-2.394389674650856e-05
9776.259391999949,-5.36638079628401e-06
9782.267914999948,1.661321294926322e-05
9788.276437999948,-3.0780128033941136e-05
9794.284960999948,-5.1950119631262425e-05
9800.293483999947,-1.9866071965508587e-05
9806.302006999947,1.791335436622996e-05
9812.310529999948,3.151283624669486e-05
9818.319052999948,-1.1826284912341305e-05
9824.327575999949,4.4772162576998357e-05
9830.336098999947,5.806060270677539e-05
9836.344621999948,1.9932724664978603e-05
9842.353144999948,8.468796324184619e-05
9848.361667999947,0.00011810459619387313
9854.370190999947,0.0001329381526218699
9860.378713999948,0.0001362915629598629
9866.387236999948,7.572369473900808e-05
9872.395759999948,8.423191051141655e-05
9878.404282999947,0.00014616525843998265
9884.412805999948,0.00010441079563697031
9890.421328999948,3.676538383815953e-05
9896.429851999947,-4.981027621946145e-06
9902.438374999947,1.2835249641291127e-05
9908.446897999947,2.653290367367853e-05
9914.455420999948,-5.262385313751093e-06
9920.463943999948,-3.34812395526938e-06
9926.472466999947,-3.910051659927976e-05
9932.480989999947,-1.617879747398463e-05
9938.489512999948,8.44850641016863e-06
9944.498035999946,1.0413177386870255e-05
9950.506558999947,3.5010139723803164e-05
9956.515081999947,2.0301252050113092e-05
9962.523604999948,4.936151672102024e-05
9968.532127999948,2.2366175912186858e-05
9974.540650999947,-5.7734132857410545e-05
9980.549173999947,-3.749230998582626e-05
9986.557696999947,-1.141437987498425e-05
9992.566219999946,-4.6885673974100687e-05
9998.574742999946,1.9165539461823243e-06
10004.583265999947,1.6318557935089306e-05
10010.591788999947,-1.873689443012932e-06
10016.600311999948,-1.2270131905311033e-05
10022.608834999946,-2.250077655359217e-05
10028.617357999947,-4.310619359928384e-05
10034.625880999947,-4.60685992064348e-05
10040.634403999946,1.8345432148245033e-05
10046.642926999946,5.919610463688745e-05
10052.651449999947,7.349941049811725e-05
10058.659972999947,7.977749293568198e-05
10064.668495999947,9.723810498182448e-05
10070.677018999946,0.00012359730974065882
10076.685541999947,6.274889072267622e-05
10082.694064999947,-1.7566837366737176e-05
10088.702587999946,-1.902276713883027e-05
10094.711110999946,3.475961411795387e-05
10100.719633999946,1.9662299948868785e-05
10106.728156999947,-2.4662507797308412e-05
10112.736679999947,-6.723334625607382e-06
10118.745202999946,-5.42412051771586e-06
10124.753725999946,4.230304608045166e-05
10130.762248999947,1.593058862013638e-05
10136.770771999945,4.417071957202487e-06
10142.779294999946,7.43961073244373e-05
10148.787817999946,1.7946489705014814e-05
10154.796340999947,-6.893350986992265e-05
10160.804863999947,-7.401371933119586e-05
10166.813386999946,-2.5373449890857606e-05
10172.821909999946,2.542507318713642e-06
10178.830432999946,-8.547164800210363e-06
10184.838955999945,2.866036782814271e-05
10190.847478999945,4.4109855766010607e-05
10196.856001999946,1.0791616912202977e-05
10202.864524999946,-7.58267739899744e-06
10208.873047999947,-9.820807452649637e-06
10214.881570999945,-4.368158506772502e-06
10220.890093999946,6.577650645565354e-05
10226.898616999946,8.681807914234758e-05
10232.907139999945,3.8060406648903744e-05
10238.915662999945,-6.322174123069706e-05
10244.924185999946,-3.4122611132342536e-05
10250.932708999946,-8.304245651083492e-07
10256.941231999946,-3.8546977068722716e-05
10262.949754999945,-7.442508595010068e-05
10268.958277999945,-7.67010828515341e-05
10274.966800999946,-5.956937216604508e-05
10280.975323999945,-1.7678978067524403e-06
10286.983846999945,2.5146397217061956e-05
10292.992369999945,2.0194356814881668e-05
10299.000892999946,8.716006520838711e-05
10305.009415999946,6.811389989279092e-05
10311.017938999945,2.4697951719205276e-05
10317.026461999945,-1.6437436300563558e-05
10323.034984999946,-2.9335436425429588e-06
10329.043507999944,2.615791776635125e-05
10335.052030999945,-8.784950037142264e-06
10341.060553999945,4.6591150531970964e-05
10347.069076999946,6.067040092397821e-05
10353.077599999946,2.2645701271759322e-05
10359.086122999945,3.1268728976661566e-05
10365.094645999945,4.291447752733621e-05
10371.103168999945,-3.654241687496996e-05
10377.111691999944,-8.154963522320169e-05
10383.120214999944,2.8442693681632252e-06
10389.128737999945,1.895411525363357e-05
10395.137260999945,-2.8670813221633495e-05
10401.145783999946,5.0134857075121525e-05
10407.154306999944,2.4284626578067978e-05
10413.162829999945,6.663063568828986e-06
10419.171352999945,3.984206101095621e-05
10425.179875999944,2.3653414487638143e-05
10431.188398999944,2.6009077584509253e-05
10437.196921999945,4.801160925520429e-05
10443.205444999945,3.3276870061986784e-06
10449.213967999945,-5.561588082661944e-05
10455.222490999944,-4.746820234300094e-05
10461.231013999944,2.6573602714417225e-05
10467.239536999945,5.206594957390805e-05
10473.248059999944,6.911269382515271e-05
10479.256582999944,3.7939953443454536e-05
10485.265105999944,4.151763273790034e-06
10491.273628999945,3.0369903928878946e-05
10497.282151999945,-2.3172490868121445e-06
10503.290674999944,-4.044584010501779e-05
10509.299197999944,-5.87892903112099e-05
10515.307720999945,-4.36911785141631e-05
10521.316243999943,-3.3286060973327397e-06
10527.324766999944,-5.269714420221107e-05
10533.333289999944,-1.7127692152473737e-05
10539.341812999945,1.5814168494507787e-05
10545.350335999945,-2.584292473096521e-05
10551.358858999944,-0.00010614832053337564
10557.367381999944,-7.817691789007131e-05
10563.375904999944,-6.0932102142687956e-05
10569.384427999943,-7.795794571196924e-05
10575.392950999943,-6.459969384665084e-05
10581.401473999944,-1.1320917473450442e-05
10587.409996999944,-1.2442469952798341e-05
10593.418519999945,5.036924964729555e-05
10599.427042999943,6.686752233887186e-05
10605.435565999944,-8.49306676346618e-06
10611.444088999944,-6.768984540856087e-05
10617.452611999943,-5.204969760666684e-05
10623.461134999943,-3.343592393692321e-05
10629.469657999944,1.6895408759130558e-05
10635.478180999944,-5.113952030078538e-06
10641.486703999944,-3.395993614380852e-05
10647.495226999943,-6.288330616138715e-05
10653.503749999943,-8.531288229282735e-05
10659.512272999944,-8.936101220779281e-05
10665.520795999942,-8.931250201141608e-05
10671.529318999943,-8.654390177595915e-05
10677.537841999943,-5.747538225317141e-05
10683.546364999944,-4.7308749831469805e-05
10689.554887999944,-5.64247685619509e-05
10695.563410999943,-7.33321377357725e-05
10701.571933999943,-2.668723556371503e-05
10707.580456999944,4.5575271790973276e-05
10713.588979999942,3.511940534025988e-05
10719.597502999943,-4.636810156333372e-05
10725.606025999943,-5.715839517853863e-05
10731.614548999944,-8.068379073494601e-05
10737.623071999944,-5.5813773780457544e-05
10743.631594999943,1.6683864749836878e-05
10749.640117999943,-5.4185292366559264e-05
10755.648640999943,-6.131741731532207e-05
10761.657163999942,7.352768964126766e-06
10767.665686999942,3.7984710385384537e-06
10773.674209999943,3.99926673194989e-05
10779.682732999943,4.294821028742874e-05
10785.691255999944,1.1075926901508095e-05
10791.699778999942,4.075478951144819e-05
10797.708301999943,2.6039155319876473e-05
10803.716824999943,1.3722832908753937e-05
10809.725347999942,2.0820807097077506e-05
10815.733870999942,1.6389657753910588e-05
10821.742393999943,3.0119614936195416e-06
10827.750916999943,-5.26989649414599e-06
10833.759439999943,-5.237755468619358e-05
10839.767962999942,-0.00010209101405780902
10845.776485999942,-7.973360070775957e-05
10851.785008999943,-1.0176931011894686e-06
10857.793531999941,3.502452782115083e-06
10863.802054999942,-4.7429954539775234e-05
10869.810577999942,-9.04411381472861e-05
10875.819100999943,-3.323379511139261e-05
10881.827623999943,-7.214009663214728e-05
10887.836146999942,-0.00011005333596685062
10893.844669999942,-0.00010226586541684077
10899.853192999943,-9.159130742760734e-05
10905.861715999941,-8.092021212018438e-05
10911.870238999942,-1.961979306402759e-05
10917.878761999942,-9.613210933787116e-06
10923.887284999942,-5.786555055496953e-05
10929.895807999943,-5.1142395954919e-05
10935.904330999942,-2.632463698593528e-05
10941.912853999942,-1.8464703030349104e-05
10947.921376999942,-4.453496224338727e-05
10953.929899999941,-7.008655581607748e-05
10959.938422999941,-3.584142807321031e-05
10965.946945999942,-3.1205249783210426e-06
10971.955468999942,-4.785422177687968e-05
10977.963991999943,-9.100373796110769e-05
10983.972514999941,-9.400438979254796e-05
10989.981037999942,-0.00010690018652871143
10995.989560999942,-7.000463316937903e-05
11001.99808399994,9.84540615451932e-06
11008.006606999941,-2.0781058059719406e-05
11014.015129999942,-6.420606819788803e-05
11020.023652999942,-3.259301242810686e-05
11026.032175999942,-0.0001119505446090457
11032.040698999941,-0.00010129224119465845
11038.049221999941,-6.014141826923289e-05
11044.057744999942,-2.2443494051387798e-05
11050.06626799994,-2.562379576874242e-05
11056.07479099994,-9.011916820876072e-05
11062.083313999941,-6.928286564505328e-05
11068.091836999942,-5.6142065003469125e-05
11074.100359999942,-7.944601571504444e-05
11080.10888299994,-9.611754074312516e-05
11086.117405999941,-8.837922089125158e-05
11092.125928999942,-5.080096816901976e-05
11098.13445199994,-2.3673208805174738e-05
11104.14297499994,1.5616703006079177e-06
11110.151497999941,-2.6595447253559114e-05
11116.160020999941,-3.761985027830891e-05
11122.168543999942,-8.927677157480511e-05
11128.17706699994,-0.00010868035411559932
11134.185589999941,-6.851860983462491e-05
11140.194112999941,-5.8341940922892534e-05
11146.20263599994,-0.0001067248020608342
11152.21115899994,-0.00011324526205009696
11158.21968199994,-0.00013098095205883134
11164.228204999941,-6.041329948294385e-05
11170.236727999942,-3.389423869943295e-05
11176.24525099994,-6.941782976295026e-05
11182.25377399994,-0.00013703179868722475
11188.262296999941,-6.018786777593978e-05
11194.27081999994,-5.7435855234832736e-05
11200.27934299994,-8.616626867645655e-05
11206.28786599994,-3.58500993360919e-05
11212.296388999941,-2.2003849096268457e-05
11218.304911999941,-5.994414515722855e-05
11224.31343499994,-4.0349403886077444e-05
11230.32195799994,-7.29844437574767e-05
11236.33048099994,-4.412709610808076e-05
11242.33900399994,-7.693222619362216e-05
11248.34752699994,-0.00011407966097835539
11254.35604999994,-7.524383686092047e-05
11260.36457299994,-5.4495750535053905e-05
11266.373095999941,-5.840792607948134e-05
11272.38161899994,-1.927602007318865e-05
11278.39014199994,-7.870397773409579e-05
11284.39866499994,-4.883248631859945e-05
11290.40718799994,-7.325331229452085e-05
11296.41571099994,-5.029963696753713e-05
11302.42423399994,-2.203198842547783e-05
11308.43275699994,-9.639253619534627e-05
11314.44127999994,-0.0001165873924423692
11320.44980299994,-2.643875347273441e-05
11326.45832599994,4.968580641755752e-05
11332.46684899994,4.47093987020522e-06
11338.475371999939,-7.487872491541449e-05
11344.48389499994,-5.0834982692330085e-05
11350.49241799994,-6.815431643224853e-05
11356.50094099994,-8.151490680988678e-05
11362.50946399994,-2.1968254721111368e-05
11368.51798699994,6.42944207097895e-05
11374.52650999994,6.799324638586306e-05
11380.53503299994,2.5214511066384436e-05
11386.543555999939,-1.0801897289657742e-05
11392.55207899994,5.7404998447142235e-06
11398.56060199994,-0.00010378708460893756
11404.56912499994,-7.755363452536765e-05
11410.57764799994,5.648714320861297e-05
11416.586170999939,5.4692688502728657e-05
11422.59469399994,4.114450452888291e-05
11428.60321699994,8.116848353986863e-05
11434.611739999938,7.365974632738532e-05
11440.620262999939,-3.036146263616575e-06
11446.62878599994,-4.821072415609088e-05
11452.63730899994,-3.340837822405999e-05
11458.64583199994,-2.558934081757221e-05
11464.654354999939,-5.834667804065655e-05
11470.66287799994,-7.3073164070299e-05
11476.67140099994,-7.701221885144944e-05
11482.679923999938,-4.900306153001329e-05
11488.688446999939,-1.9009578043546572e-05
11494.696969999939,-4.300262136267998e-05
11500.70549299994,-7.613169669720976e-05
11506.71401599994,1.2712364344198257e-05
11512.722538999938,-9.808323339562642e-06
11518.731061999939,-3.64000703951017e-05
11524.73958499994,3.8891234658570086e-05
11530.748107999938,5.2624251211147014e-05
11536.756630999938,4.1490414898388125e-05
11542.765153999939,5.187399169868114e-05
11548.77367699994,-3.2630484179886774e-05
11554.78219999994,-3.800701643424585e-05
11560.790722999938,-2.3231871777083043e-05
11566.799245999939,-7.399939119493108e-05
11572.807768999939,-3.38700674040817e-05
11578.816291999938,2.2875074095698646e-05
11584.824814999938,0.00011762769758524597
11590.833337999939,8.873451251998838e-05
11596.841860999939,8.835872544610228e-06
11602.85038399994,-1.5610853450979306e-05
11608.858906999938,-7.869014151016825e-06
11614.867429999938,1.6543287218734714e-05
11620.875952999939,8.797920711408026e-05
11626.884475999937,2.0350804356489905e-05
11632.892998999938,-3.224572559010405e-05
11638.901521999938,-5.120142227608931e-05
11644.910044999939,-2.2401607641067157e-05
11650.91856799994,9.326347546661304e-06
11656.927090999938,-1.2633767484683342e-05
11662.935613999938,-8.403761484439412e-06
11668.944136999939,3.8049315286908785e-05
11674.952659999937,-1.0276759719632686e-05
11680.961182999938,-6.009641538838806e-05
11686.969705999938,-7.766861269720598e-06
11692.978228999938,-3.7879669813505646e-05
11698.986751999939,-7.262226952644684e-05
11704.995274999937,-4.455649599785293e-05
11711.003797999938,-1.752372612955232e-05
11717.012320999938,2.5584346197426535e-05
11723.020843999937,8.588308751060451e-05
11729.029366999937,4.608644008490741e-05
11735.037889999938,2.1819705147411384e-05
11741.046412999938,5.9646795027671414e-05
11747.054935999939,0.0001075591357760107
11753.063458999937,4.5478268247195114e-05
11759.071981999938,7.242406609379528e-05
11765.080504999938,8.48307788025715e-05
11771.089027999937,7.799969468067477e-05
11777.097550999937,4.5971952013329766e-05
11783.106073999938,2.0674530004414667e-05
11789.114596999938,6.25015200179757e-05
11795.123119999938,8.043668391282495e-05
11801.131642999937,5.2210888792252505e-06
11807.140165999937,-1.3482456993962646e-05
11813.148688999938,4.0817122004800515e-05
11819.157211999936,9.089546751120218e-06
11825.165734999937,-1.0933460973169233e-06
11831.174257999937,3.649602020067556e-05
11837.182780999938,9.029498285303262e-06
11843.191303999938,3.973025147514536e-05
11849.199826999937,7.183620386898819e-05
11855.208349999937,5.676536302092501e-05
11861.216872999938,5.0973935559194556e-05
11867.225395999936,-1.5717329862387302e-05
11873.233918999937,-3.68003354120964e-05
11879.242441999937,2.76129667357693e-06
11885.250964999937,4.7367039326776985e-05
11891.259487999938,7.031000327757531e-05
11897.268010999936,1.13705996771123e-05
11903.276533999937,4.393796899559982e-05
11909.285056999937,7.830815184181241e-05
11915.293579999936,8.701553983764261e-05
11921.302102999936,0.00011427947796907474
11927.310625999937,8.131560840216878e-05
11933.319148999937,4.857927815727623e-05
11939.327671999938,5.119703695142909e-05
11945.336194999936,6.183804437568498e-05
11951.344717999937,3.995796816520297e-05
11957.353240999937,1.6149812640804025e-05
11963.361763999936,-6.223784778756531e-05
11969.370286999936,-5.025588969262083e-06
11975.378809999936,4.67231283023541e-05
11981.387332999937,4.006214894653819e-05
11987.395855999937,6.907456243857734e-05
11993.404378999936,4.79797106762099e-05
11999.412901999936,5.873321622465608e-05
12005.421424999937,4.6093926135929944e-05
12011.429947999935,1.913552225933833e-05
12017.438470999936,5.2204229007359154e-06
12023.446993999936,-3.721684408285359e-06
12029.455516999937,5.364397611116342e-05
12035.464039999937,6.792624151498904e-05
12041.472562999936,2.69213534788119e-05
12047.481085999936,-9.741042665160757e-06
12053.489608999937,5.1515042371735915e-06
12059.498131999935,-8.636367060246409e-05
12065.506654999936,-4.703638558428304e-05
12071.515177999936,-3.6080891769725437e-06
12077.523700999936,-3.4544732975892505e-06
12083.532223999937,2.3424045739587737e-05
12089.540746999935,7.324019679196113e-05
12095.549269999936,-2.8542274545122804e-06
12101.557792999936,1.7369500342672827e-05
12107.566315999935,5.6233798611813454e-05
12113.574838999935,0.00012578286229156943
12119.583361999936,4.3674161365368776e-05
12125.591884999936,-2.3555795993976994e-05
12131.600407999937,1.806053752540576e-05
12137.608930999935,3.5562530378143954e-05
12143.617453999936,5.01954462977794e-05
12149.625976999936,1.8899820957077247e-06
12155.634499999935,-4.161852637956117e-05
12161.643022999935,-1.5702311826597045e-05
12167.651545999935,-3.245842954798925e-05
12173.660068999936,-9.702104837640374e-06
12179.668591999936,-2.493623203048242e-05
12185.677114999935,3.175979256878507e-05
12191.685637999935,9.127596538738827e-05
12197.694160999936,7.530873665166751e-05
12203.702683999934,5.779816348580719e-05
12209.711206999935,7.130093490505871e-05
12215.719729999935,9.181449340622957e-05
12221.728252999936,6.650197203795804e-05
12227.736775999936,6.666009883867053e-05
12233.745298999935,2.5772210602971667e-05
12239.753821999935,-3.04245690827024e-05
12245.762344999936,3.6514805834950116e-05
12251.770867999934,4.7696574045262095e-05
12257.779390999935,3.0337685213649866e-05
12263.787913999935,0.00012211688142228354
12269.796436999935,0.00011573755604619376
12275.804959999936,6.653990446927876e-05
12281.813482999934,8.876205156732447e-05
12287.822005999935,2.7093802012633846e-05
12293.830528999935,4.633607939695354e-05
12299.839051999934,7.994744765774556e-05
12305.847574999934,1.673687015318295e-05
12311.856097999935,4.222313903739546e-05
12317.864620999935,1.6909051409705066e-05
12323.873143999936,2.285425109817603e-06
12329.881666999934,3.466174915721205e-05
12335.890189999935,2.6346187393880742e-05
12341.898712999935,3.179391057980478e-05
12347.907235999934,4.2068146890286045e-05
12353.915758999934,3.062290834423805e-05
12359.924281999934,-3.740365563427333e-05
12365.932804999935,2.517024451731671e-05
12371.941327999935,4.944943844166442e-05
12377.949850999934,3.0937939866002705e-05
12383.958373999934,0.00010774235942924751
12389.966896999935,4.039338164392789e-05
12395.975419999933,3.609000760865067e-05
12401.983942999934,0.00011169641419144336
12407.992465999934,6.634397674355419e-05
12414.000988999935,0.0001094538012548817
12420.009511999935,4.3256034374210374e-05
12426.018034999934,5.048733826337701e-05
12432.026557999934,3.1310555318954297e-05
12438.035080999935,-2.716679980397928e-05
12444.043603999933,1.9602253753993855e-06
12450.052126999934,1.5507612781750309e-06
12456.060649999934,-2.911138498846238e-05
12462.069172999934,3.28816494956746e-05
12468.077695999935,8.836810989942537e-06
12474.086218999933,1.509130560298382e-06
12480.094741999934,7.0408001985338e-08
12486.103264999934,-2.010060196218653e-05
12492.111787999933,1.9053710690594423e-05
12498.120310999933,3.866636959366677e-05
12504.128833999934,1.2128636606769068e-05
12510.137356999934,5.9544061612257855e-05
12516.145879999935,1.5406940978585708e-05
12522.154402999933,-4.260439662168812e-05
12528.162925999934,1.1926812715736469e-06
12534.171448999934,1.6988061351093548e-05
12540.179971999933,2.4692477075444667e-05
12546.188494999933,-6.590274453356804e-05
12552.197017999933,-6.057624655574283e-05
12558.205540999934,1.7565519740534885e-06
12564.214063999934,2.4396047386382658e-05
12570.222586999933,1.928067523983307e-05
12576.231109999933,-2.0608116365583036e-05
12582.239632999934,6.227910745795527e-06
12588.248155999932,2.9894812439979964e-06
12594.256678999933,-7.3441133571417575e-06
12600.265201999933,-3.956483149691511e-06
12606.273724999934,4.44033106198346e-05
12612.282247999934,4.812110996820368e-05
12618.290770999933,5.525710657966518e-05
12624.299293999933,7.474267662104706e-05
12630.307816999933,8.921637113122594e-05
12636.316339999932,3.1814863743828727e-06
12642.324862999933,-4.428209239538871e-06
12648.333385999933,6.886259854499333e-05
12654.341908999933,6.340883833104599e-06
12660.350431999934,4.177167846473664e-05
12666.358954999932,6.210132110056593e-05
12672.367477999933,0.00010687695863808993
12678.376000999933,0.0001322776151137076
12684.384523999932,9.578676331157636e-05
12690.393046999932,0.00011729680630615159
12696.401569999933,0.00010820322158397294
12702.410092999933,6.270307008111161e-05
12708.418615999934,4.481205658832381e-05
12714.427138999932,4.02477053888247e-05
12720.435661999933,2.9517322236431524e-05
12726.444184999933,-2.2112258971975837e-05
12732.452707999932,-8.843108800437066e-05
12738.461230999932,-8.064829812611114e-06
12744.469753999932,4.581341388364402e-05
12750.478276999933,5.4920589761653104e-05
12756.486799999933,3.912979560215701e-05
12762.495322999932,8.489703623022258e-05
12768.503845999932,5.479317405371168e-05
12774.512368999933,2.6628185989843697e-06
12780.520891999931,6.880831202818874e-05
12786.529414999932,-6.982589316235401e-06
12792.537937999932,2.484025735206166e-05
12798.546460999933,8.52302353305526e-05
12804.554983999933,8.612545607749423e-05
12810.563506999932,8.516110390213803e-05
12816.572029999932,7.548466392145979e-05
12822.580552999932,7.157005955163246e-05
12828.589075999931,0.00010182169843550568
12834.597598999932,9.571994715703996e-05
12840.606121999932,0.00010227847353496954
12846.614644999932,0.00011203884030205179
12852.623167999933,9.158324221236199e-05
12858.631690999931,7.107015858404833e-05
12864.640213999932,0.00010416470108305125
12870.648736999932,6.693649116963397e-05
12876.65725999993,-5.205665477074843e-05
12882.665782999931,2.677495819435384e-05
12888.674305999932,8.569200140861261e-05
12894.682828999932,2.908394354258133e-05
12900.691351999933,3.232612921272113e-05
12906.699874999931,3.842923553602861e-06
12912.708397999932,4.6740293122126794e-05
12918.716920999932,-4.460236448305835e-06
12924.72544399993,6.307383749702461e-05
12930.733966999931,6.19685625848484e-05
12936.742489999931,6.114369226853154e-05
12942.751012999932,3.625117418732608e-05
12948.759535999932,8.53646088693422e-06
12954.76805899993,-4.1808575500208764e-05
12960.776581999931,5.722669282729412e-07
12966.785104999932,6.573903638348095e-05
12972.79362799993,8.336592890879754e-05
12978.80215099993,9.926768110479497e-05
12984.810673999931,5.979016404545883e-05
12990.819196999932,-1.744316229002172e-05
12996.827719999932,-3.1536644909564617e-06
13002.83624299993,4.925127899664374e-05
13008.844765999931,6.052628790517182e-05
13014.853288999931,6.756201999093652e-05
13020.86181199993,4.705772280458691e-05
13026.87033499993,-2.0064790579311444e-05
13032.878857999931,-2.7837666389225175e-05
13038.887380999931,-3.0086185362548752e-05
13044.895903999932,1.71539196984206e-05
13050.90442699993,6.997177310538582e-05
13056.91294999993,3.371991847504144e-05
13062.921472999931,9.024833379560118e-05
13068.92999599993,0.0001229635303717992
13074.93851899993,2.6486346093174248e-05
13080.94704199993,-8.325907475642742e-06
13086.955564999931,2.4072441622979023e-05
13092.964087999932,5.786500274346416e-05
13098.97261099993,7.120611916495543e-05
13104.98113399993,3.316037469668078e-05
13110.989656999931,5.578592587915947e-05
13116.99817999993,0.00010944123922735084
13123.00670299993,4.9854506025924885e-05
13129.01522599993,3.34457885352082e-05
13135.02374899993,0.0001446821254347867
13141.032271999931,0.00012169109366828775
13147.04079499993,8.620072922070915e-05
13153.04931799993,0.00013408226885693964
13159.05784099993,0.00015267264646529
13165.06636399993,0.0001423358658688058
13171.07488699993,4.6951007468574605e-05
13177.08340999993,8.721346765071177e-05
13183.09193299993,4.254779118974105e-05
13189.100455999931,2.688213438814867e-05
13195.10897899993,7.040494430905516e-05
13201.11750199993,0.00012115908056746008
13207.12602499993,0.00016111725710121907
13213.134547999929,0.00011050662548557714
13219.14307099993,3.0973519483316264e-05
13225.15159399993,0.00014474626918749536
13231.16011699993,0.00011376878108226591
13237.16863999993,4.405723402210711e-05
13243.17716299993,4.8396372963803845e-05
13249.18568599993,2.994933164093258e-05
13255.19420899993,4.402068435406833e-05
13261.202731999929,7.315798970898955e-06
13267.21125499993,3.968159164128508e-05
13273.21977799993,6.808149177620566e-05
13279.22830099993,0.00017367693597665767
13285.23682399993,0.00017367693597665767
13291.24534699993,0.00012248509603912544
13297.25386999993,3.104269770075107e-06
13303.26239299993,8.993462853349704e-05
13309.270915999929,8.529623301040422e-05
13315.279438999929,1.5284577597614243e-05
13321.28796199993,4.743167855594419e-06
13327.29648499993,7.078715519134824e-05
13333.30500799993,4.770114358587056e-05
13339.313530999929,1.140247299540583e-05
13345.32205399993,0.00019008898229849855
13351.33057699993,0.0001339810654157802
13357.339099999928,0.0001510296637835318
13363.347622999929,0.00012170875592218338
13369.35614599993,9.231120156592834e-05
13375.36466899993,-2.414854714915095e-05
13381.37319199993,2.4637666143142063e-05
13387.381714999929,6.738045675765298e-05
13393.390237999929,3.3068306217928736e-05
13399.39876099993,0.00010610770742966905
13405.407283999928,0.00013538433013836302
13411.415806999928,5.675845784952355e-05
13417.424329999929,0.0001063577136840813
13423.43285299993,0.00010932706914098689
13429.44137599993,4.863181906827734e-07
13435.449898999928,1.634202093850912e-05
13441.458421999929,7.840944904310408e-05
13447.46694499993,1.258549742623791e-05
13453.475467999928,4.2424608186208154e-05
13459.483990999928,5.363763696514639e-05
13465.492513999929,0.00010948950416070534
13471.501036999929,0.00012139484285334111
13477.50955999993,0.00011479095126395539
13483.518082999928,0.00011605783542209578
13489.526605999929,9.753381520034773e-05
13495.535128999929,0.00010539938516690876
13501.543651999928,9.437084480633587e-05
13507.552174999928,6.576454239142777e-05
13513.560697999928,3.2965831966537384e-05
13519.569220999929,-3.3748759871696425e-05
13525.57774399993,4.2208244481475585e-05
13531.586266999928,-5.724368256935734e-06
13537.594789999928,6.931751960338212e-05
13543.603312999929,0.00010517695211151532
13549.611835999927,0.0001007841171792192
13555.620358999928,9.303875925022416e-05
13561.628881999928,3.260711203496667e-05
13567.637404999929,8.54723893895287e-05
13573.645927999929,0.00011957620577488211
13579.654450999928,4.085098641621914e-05
13585.662973999928,4.91816588207518e-05
13591.671496999928,1.626918731605249e-05
13597.680019999927,1.5926793008756562e-06
13603.688542999927,5.764150135286822e-05
13609.697065999928,9.18698136274402e-05
13615.705588999928,8.370197885401091e-05
13621.714111999929,4.870846997288394e-05
13627.722634999927,-1.0255559441296759e-05
13633.731157999928,6.021409933874191e-05
13639.739680999928,4.700680416838638e-05
13645.748203999927,3.500737706407898e-05
13651.756726999927,-3.0257554792516813e-06
13657.765249999928,4.91633241080685e-05
13663.773772999928,2.4180195818005137e-05
13669.782295999928,6.447942135762336e-05
13675.790818999927,7.435639373807272e-05
13681.799341999927,6.312278076372847e-05
13687.807864999928,-5.271237427534219e-05
13693.816387999927,2.9655277620315466e-05
13699.824910999927,5.0811778325337e-06
13705.833433999927,4.197691548253326e-06
13711.841956999928,8.717026671088907e-05
13717.850479999928,3.810496499249033e-05
13723.859002999927,5.5212585130972605e-05
13729.867525999927,-2.4248103948726805e-05
13735.876048999928,7.851002100752365e-06
13741.884571999926,2.450872684100173e-05
13747.893094999927,0.00012126944741284331
13753.901617999927,8.058592418471589e-05
13759.910140999928,-2.7280028598134277e-05
13765.918663999928,-1.083107516845331e-05
13771.927186999927,9.499056602864165e-05
13777.935709999927,0.00014896097273792047
13783.944232999927,7.303260203883231e-05
13789.952755999926,0.00010957295263390191
13795.961278999926,4.315195731671917e-05
13801.969801999927,9.696131466164023e-05
13807.978324999927,0.0001247852902746004
13813.986847999928,6.504161112025088e-05
13819.995370999926,9.230263241972088e-05
13826.003893999927,7.651599812622828e-05
13832.012416999927,5.93853879832213e-05
13838.020939999926,3.2428861841161874e-05
13844.029462999926,0.00012229533982351386
13850.037985999927,0.00010050969118403459
13856.046508999927,7.903310129557524e-05
13862.055031999927,0.0001449762115709958
13868.063554999926,0.00011127686284380001
13874.072077999926,0.00011204009330222907
13880.080600999927,0.00010549487531932889
13886.089123999926,5.841334429191537e-05
13892.097646999926,2.5849110549467437e-05
13898.106169999926,9.960368066407033e-05
13904.114692999927,8.415794746176651e-05
13910.123215999927,7.807366037714297e-05
13916.131738999926,3.7157447472508134e-05
13922.140261999926,-1.1310090581377023e-05
13928.148784999927,2.0519724932820954e-05
13934.157307999925,-4.687052949834426e-06
13940.165830999926,4.7817077539971026e-05
13946.174353999926,6.310300426366137e-05
13952.182876999927,-1.2281568506390682e-05
13958.191399999927,7.329144525732333e-05
13964.199922999926,9.388763635391645e-05
13970.208445999926,5.596989210577042e-05
13976.216968999926,-1.0326887379709661e-05
13982.225491999925,6.85518855597206e-05
13988.234014999925,2.4062563622913462e-05
13994.242537999926,5.8059829428913255e-05
14000.251060999926,6.292187685831815e-05
14006.259583999927,3.508764648180786e-05
14012.268106999925,5.7395794986872e-05
14018.276629999926,4.880021127684991e-05
14024.285152999926,6.989090948453905e-05
14030.293675999925,-3.425981163162587e-05
14036.302198999925,2.094947662496549e-05
14042.310721999926,4.3227008930152514e-05
14048.319244999926,1.9913156574391812e-05
14054.327767999926,2.8362723689306476e-05
14060.336290999925,4.699016386506781e-06
14066.344813999925,2.3932776818640992e-06
14072.353336999926,8.54904353802951e-06
14078.361859999924,3.445787149342885e-05
14084.370382999925,-2.0524527170410842e-05
14090.378905999925,3.852879648792342e-05
14096.387428999926,7.797001975660838e-05
14102.395951999926,2.7119843609980414e-05
14108.404474999925,-1.3111220905437416e-05
14114.412997999925,0.00013415268115897068
14120.421520999926,4.3325629158785925e-05
14126.430043999924,-9.212661946086638e-06
14132.438566999925,5.920949886514099e-05
14138.447089999925,5.6340683685698664e-05
14144.455612999926,1.57661544780027e-05
14150.464135999926,0.00011065665040429968
14156.472658999925,0.00015045958179808294
14162.481181999925,9.96501054619127e-05
14168.489704999925,8.230349608924617e-05
14174.498227999924,7.650812379188793e-05
14180.506750999924,-1.9729557848400046e-05
14186.515273999925,-2.495137777318095e-05
14192.523796999925,4.3402538970889255e-06
14198.532319999926,-8.192527960946255e-06
14204.540842999924,-7.245074803191346e-06
14210.549365999925,3.7921055030799496e-05
14216.557888999925,7.498817129805802e-05
14222.566411999924,-5.158327095838661e-06
14228.574934999924,5.3234461198367215e-05
14234.583457999925,-3.5837183001678714e-05
14240.591980999925,5.020203101596111e-05
14246.600503999925,3.153366742380102e-05
14252.609026999924,2.861647810344692e-06
14258.617549999924,-9.387283950097809e-05
14264.626072999925,-6.147906058164049e-05
14270.634595999923,-1.95908059782995e-05
14276.643118999924,-2.388898612603953e-05
14282.651641999924,-3.879904333619928e-05
14288.660164999925,-8.557225081788236e-05
14294.668687999925,-2.0594897671337755e-05
14300.677210999924,6.836596034031904e-05
14306.685733999924,-7.435017310354524e-05
14312.694256999925,-8.688419175644886e-05
14318.702779999923,2.0071343905419928e-05
14324.711302999924,9.853895981638398e-05
14330.719825999924,-2.584647534839647e-05
14336.728348999924,-2.6674764101939693e-05
14342.736871999925,-5.823955507183376e-05
14348.745394999924,-0.00012414605791050574
14354.753917999924,-5.190243525355686e-05
14360.762440999924,5.005863281872181e-05
14366.770963999923,5.628173561363885e-05
14372.779486999923,-5.930437087287366e-05
14378.788009999924,-1.0473184556363625e-05
14384.796532999924,-2.0959152189927792e-05
14390.805055999925,9.333581688655493e-05
14396.813578999923,1.08692854338315e-05
14402.822101999924,8.226092047967608e-05
14408.830624999924,3.1480596513915855e-05
14414.839147999923,3.140514094273098e-05
14420.847670999923,8.450726510229638e-05
14426.856193999924,7.704935739945297e-05
14432.864716999924,3.643929975177467e-05
14438.873239999924,-1.8306726833618032e-05
14444.881762999923,-1.2930893670353138e-05
14450.890285999923,7.69103010060937e-06
14456.898808999924,2.2162901431196478e-05
14462.907331999922,5.7353060418489715e-05
14468.915854999923,7.721600873247195e-05
14474.924377999923,1.9500515121270156e-05
14480.932900999924,9.877167520703916e-05
14486.941423999924,4.1510127338525894e-05
14492.949946999923,2.0694936147898677e-05
14498.958469999923,-4.286113096164993e-06
14504.966992999924,2.43021812146076e-05
14510.975515999922,7.741822626519606e-06
14516.984038999923,9.164291833237962e-05
14522.992561999923,9.63934754449052e-05
14529.001084999923,3.206650665401081e-05
14535.009607999924,3.474360123516414e-05
14541.018130999923,5.220725349375155e-05
14547.026653999923,-2.3490679428509526e-06
14553.035176999923,8.553923158788877e-05
14559.043699999922,0.0001461890338975619
14565.052222999922,0.00010138288425417716
14571.060745999923,3.544907641051898e-05
14577.069268999923,8.057318294155854e-05
14583.077791999924,0.00010951815290259379
14589.086314999922,8.031834046998384e-05
14595.094837999923,1.6160686944745527e-05
14601.103360999923,6.336680098107913e-05
14607.111883999922,5.0709050463792655e-05
14613.120406999922,3.948805475608267e-05
14619.128929999923,6.187442708043268e-05
14625.137452999923,4.9419316670754956e-05
14631.145975999923,-4.6041452930542886e-05
14637.154498999922,1.8634664478827177e-05
14643.163021999922,3.153366742380102e-05
14649.171544999923,5.013460756067792e-05
14655.180067999921,9.342110102553181e-05
14661.188590999922,2.764480363272141e-05
14667.197113999922,3.581456736720883e-05
14673.205636999923,3.4247893731718773e-07
14679.214159999923,-3.092611176512657e-05
14685.222682999922,1.3122599806822448e-06
14691.231205999922,1.432311077958538e-05
14697.239728999923,-1.6390281581086485e-05
14703.248251999921,1.7021481611396778e-05
14709.256774999922,4.391688204762331e-05
14715.265297999922,8.611201393088095e-05
14721.273820999922,0.00012110967988360914
14727.282343999923,4.6027305781056866e-05
14733.290866999921,-7.051994211072472e-06
14739.299389999922,3.5647825671915062e-06
14745.307912999922,3.4380086433517834e-05
14751.316435999921,5.5976944618616964e-05
14757.324958999921,3.7124027341251904e-06
14763.333481999922,-1.3964341651590544e-05
14769.342004999922,6.502595681102233e-05
14775.350527999923,6.182318789362111e-05
14781.359050999921,4.57789480483218e-05
14787.367573999922,-8.157335483066491e-06
14793.376096999922,-0.00012062935661355498
14799.38461999992,-6.926704116888838e-05
14805.393142999921,9.507352373752021e-06
14811.401665999922,-4.8936962136741596e-05
14817.410188999922,-9.371565347215136e-05
14823.418711999922,-5.5325570366951704e-05
14829.427234999921,-4.2943234269443876e-05
14835.435757999921,-2.4130003057494996e-05
14841.444280999922,1.8485831293043743e-05
14847.45280399992,3.2501372324652615e-05
14853.46132699992,-6.2604289120945205e-06
14859.469849999921,-7.477850751183604e-05
14865.478372999922,-2.181578337626137e-05
14871.486895999922,8.40066496287043e-06
14877.49541899992,3.578929532603741e-05
14883.503941999921,-3.7214542373455037e-06
14889.512464999922,5.0606418473903157e-05
14895.52098799992,-3.520616765644885e-05
14901.52951099992,-4.6189467602143164e-05
14907.538033999921,-5.190157743721842e-05
14913.546556999921,1.757123311597097e-05
14919.555079999922,-1.2867005434270853e-06
14925.56360299992,3.235735502079096e-05
14931.57212599992,6.791887237555844e-05
14937.580648999921,7.539227549769077e-05
14943.58917199992,2.496687086277938e-05
14949.59769499992,-6.821921898160693e-05
14955.60621799992,-1.8535640656625706e-05
14961.614740999921,3.2551219729436686e-05
14967.623263999922,2.260622961914697e-05
14973.63178699992,1.8713638051918973e-05
14979.64030999992,1.6946029035813437e-05
14985.648832999921,-1.0514374526971234e-05
14991.65735599992,1.1533259211947138e-05
14997.66587899992,3.052461845525059e-05
15003.67440199992,-1.4167725610780425e-05
15009.682924999921,-5.564951270546681e-06
15015.691447999921,-7.484031669036859e-05
15021.69997099992,-6.465628879313696e-05
15027.70849399992,-5.718251590272307e-05
15033.71701699992,-1.108233498129589e-05
15039.72553999992,-1.1731372608434953e-05
15045.73406299992,-7.387216367530402e-05
15051.74258599992,2.8090049978713656e-05
15057.75110899992,-3.290186203072761e-05
15063.759631999921,-4.150456257447146e-05
15069.76815499992,-5.818412331137904e-05
15075.77667799992,3.309903050586258e-05
15081.78520099992,-5.700534482232591e-06
15087.79372399992,2.4370490171445187e-05
15093.80224699992,3.1969275505973475e-05
15099.81076999992,1.5363622987144387e-05
15105.81929299992,-2.6565927409907842e-05
15111.82781599992,-5.2859685112622406e-05
15117.83633899992,-1.2621386961830375e-05
15123.84486199992,-3.7374959048886664e-05
15129.85338499992,-1.4381146036045393e-05
15135.861907999919,-8.250269851080684e-06
15141.87043099992,5.189397909904957e-06
15147.87895399992,-2.9825709049272163e-05
15153.88747699992,-2.2171019669216463e-05
15159.89599999992,4.9032299039502905e-05
15165.90452299992,3.591807476903098e-05
15171.91304599992,3.933325451968758e-05
15177.92156899992,3.831241591582099e-05
15183.930091999919,8.3594192522289e-06
15189.938614999919,7.010966273932379e-05
15195.94713799992,2.281880190417446e-07
15201.95566099992,-5.189902065009589e-05
15207.96418399992,-4.062777126898212e-05
15213.972706999919,3.717230741402978e-05
15219.98122999992,5.088264076612168e-05
15225.98975299992,7.094103935687947e-05
15231.998275999918,5.3870812621251245e-05
15238.006798999919,-1.508124850792575e-05
15244.01532199992,-7.67907855921862e-06
15250.02384499992,7.998104942786003e-06
15256.03236799992,-1.3471382353036744e-05
15262.040890999919,-2.6376919184792577e-05
15268.04941399992,3.491547784522687e-05
15274.05793699992,5.3722573360956395e-05
15280.066459999918,7.214593961469091e-05
15286.074982999919,-3.1063836744930495e-05
15292.083505999919,7.679016861676438e-05
15298.09202899992,2.3830119700234683e-05
15304.10055199992,1.693637733713142e-05
15310.109074999918,3.7080277365046786e-08
15316.117597999919,8.582207483753869e-06
15322.12612099992,2.661641501900166e-05
15328.134643999918,-6.713713685270871e-05
15334.143166999918,-5.698355563750287e-05
15340.151689999919,-2.08168696638994e-05
15346.16021299992,2.4744778249487036e-05
15352.16873599992,6.756494052405218e-06
15358.177258999918,-5.2521809977678496e-05
15364.185781999919,-1.2716806484616788e-05
15370.194304999919,4.97065452061371e-05
15376.202827999918,1.0969923532628774e-05
15382.211350999918,-2.1326239486678497e-05
15388.219873999918,3.949316587529765e-05
15394.228396999919,5.9291753053975276e-05
15400.23691999992,-4.927140029917464e-06
15406.245442999918,0.00010118378965901438
15412.253965999918,8.303573997720215e-05
15418.262488999919,-2.0707131077921812e-05
15424.271011999917,2.6190421182221568e-05
15430.279534999918,1.4951698004682153e-05
15436.288057999918,-6.12865266607078e-06
15442.296580999919,6.917009815514066e-05
15448.305103999919,2.8233296902495664e-05
15454.313626999918,1.692793350055248e-05
15460.322149999918,6.906620136604281e-05
15466.330672999919,9.429540948184114e-05
15472.339195999917,2.3652202169492217e-05
15478.347718999918,1.3554093355420366e-05
15484.356241999918,-4.666582412852402e-05
15490.364764999918,-7.549128906329365e-06
15496.373287999919,1.1768801844575365e-05
15502.381810999917,-3.462000925730233e-05
15508.390333999918,-5.522009290680818e-05
15514.398856999918,5.439902968334676e-06
15520.407379999917,5.983939398216099e-05
15526.415902999917,9.677203180910723e-05
15532.424425999918,2.8387705876227043e-06
15538.432948999918,-6.844272458155917e-05
15544.441471999919,1.7167278082978462e-05
15550.449994999917,6.295069840212587e-05
15556.458517999918,9.030382245394798e-05
15562.467040999918,6.546932716197892e-05
15568.475563999917,1.955049430485881e-05
15574.484086999917,2.635313863320776e-06
15580.492609999917,-3.557049145802081e-05
15586.501132999918,-2.4605314682610535e-05
15592.509655999918,4.4207326467203835e-05
15598.518178999917,-2.4889891395525425e-05
15604.526701999917,2.9605894774467456e-05
15610.535224999918,-2.0936717503451277e-05
15616.543747999916,2.4396181342873198e-05
15622.552270999917,1.3747408524756853e-05
15628.560793999917,-9.915480984954365e-06
15634.569316999918,3.267908281894633e-05
15640.577839999918,-3.296380852881535e-05
15646.586362999917,-2.5708532444712138e-06
15652.594885999917,1.6955100749362598e-05
15658.603408999918,-2.1706570682906525e-05
15664.611931999916,9.825954879844311e-05
15670.620454999917,2.7479049392671948e-05
15676.628977999917,1.3217827641910571e-05
15682.637500999917,-5.5314044571294395e-05
15688.646023999918,-1.9245635941598785e-05
15694.654546999916,-7.763922124576672e-05
15700.663069999917,-7.639370958039684e-05
15706.671592999917,-1.9143444337218945e-05
15712.680115999916,-4.943738641586586e-05
15718.688638999916,4.42846829550382e-05
15724.697161999917,3.961785979034725e-05
15730.705684999917,2.0119726483866654e-05
15736.714207999918,-2.987654856768338e-06
15742.722730999916,-7.439850843610257e-05
15748.731253999917,-5.632523117974216e-05
15754.739776999917,1.3799847270031716e-05
15760.748299999916,-8.039330280827428e-05
15766.756822999916,-0.0001142394267859172
15772.765345999916,1.7244203300727005e-05
15778.773868999917,1.1155396996410446e-05
15784.782391999917,5.0670296562043004e-05
15790.790914999916,-2.8505779276169885e-05
15796.799437999916,6.096625158798853e-05
15802.807960999917,2.6666529606688753e-05
15808.816483999915,6.635319009452841e-05
15814.825006999916,2.9233623636452917e-05
15820.833529999916,4.964671986557894e-05
15826.842052999917,1.8174171655049444e-05
15832.850575999917,-1.3268529812390512e-05
15838.859098999916,-5.3862750978825404e-05
15844.867621999916,-6.27873918502978e-05
15850.876144999917,1.424229968999391e-05
15856.884667999915,-1.7398449299931656e-05
15862.893190999916,-3.496376269488268e-05
15868.901713999916,-7.89301351863173e-05
15874.910236999916,-0.00010998856016232303
15880.918759999917,-2.3233598604908086e-05
15886.927282999915,-5.874032735863561e-05
15892.935805999916,-5.465337993586586e-05
15898.944328999916,-3.472479786583906e-05
15904.952851999915,-5.519223305960785e-05
15910.961374999915,3.679154980444615e-05
15916.969897999916,0.00010788342051286536
15922.978420999916,4.918715170662496e-05
15928.986943999917,-3.580809609317605e-05
15934.995466999915,1.887659800460678e-05
15941.003989999916,5.920640503987006e-05
15947.012512999916,-1.91092316801344e-05
15953.021035999915,-7.030339961386795e-05
15959.029558999915,-5.817832454361754e-05
15965.038081999915,-5.134676628407504e-05
15971.046604999916,-1.2476935885797022e-05
15977.055127999916,1.3086585714637054e-05
15983.063650999915,-6.687174500784413e-05
15989.072173999915,-2.2368166898224333e-05
15995.080696999916,2.3809640975726667e-05
16001.089219999914,-1.8188450556104703e-05
16007.097742999915,-2.914094376038913e-05
16013.106265999915,-7.604929677181878e-06
16019.114788999916,-2.6778510116799635e-05
16025.123311999916,-1.8452763252626275e-05
16031.131834999915,6.081369564648412e-06
16037.140357999915,1.2268640434404155e-05
16043.148880999915,4.834971374531138e-05
16049.157403999914,1.4446229769674368e-05
16055.165926999915,-3.7946333191650627e-05
16061.174449999915,-7.126409865214989e-05
16067.182972999915,-2.736552052032139e-05
16073.191495999916,5.9167232825922e-05
16079.200018999914,-1.5151069841854715e-05
16085.208541999915,-5.4123755947328704e-05
16091.217064999915,-3.1630594216269445e-05
16097.225587999914,1.0056502492780238e-06
16103.234110999914,-7.882435084014291e-08
16109.242633999915,-9.809144870394114e-05
16115.251156999915,-6.0793939324947535e-05
16121.259679999916,-9.878164789994018e-06
16127.268202999914,-2.1840673572348272e-05
16133.276725999915,1.8053601027951808e-05
16139.285248999915,-3.1366642648154484e-05
16145.293771999914,-7.41016629568911e-05
16151.302294999914,3.702094906248719e-05
16157.310817999914,-7.127321845488565e-06
16163.319340999915,-4.593176639328462e-05
16169.327863999915,3.228525106586765e-05
16175.336386999914,4.3577307555467286e-05
16181.344909999914,-4.256181468781686e-05
16187.353432999915,-3.597479967112284e-05
16193.361955999913,-8.338236533339756e-05
16199.370478999914,-0.00012035882415589033
16205.379001999914,8.903816522164622e-06
16211.387524999915,1.0946134813580853e-05
16217.396047999915,-4.640827323261382e-05
16223.404570999914,1.592415351234548e-05
16229.413093999914,5.2045627926407526e-05
16235.421616999914,4.3157098921683914e-05
16241.430139999913,7.024839108123293e-05
16247.438662999914,3.330087300504491e-05
16253.447185999914,-2.6359024686364287e-05
16259.455708999914,-3.5705439958949193e-05
16265.464231999915,-4.2496959450796374e-05
16271.472754999913,-8.48084908439608e-05
16277.481277999914,7.131265796452809e-05
16283.489800999914,2.914127116589128e-06
16289.498323999913,-3.966392624363339e-05
16295.506846999913,-9.7216589821677e-06
16301.515369999914,-6.71281678726926e-06
16307.523892999914,-8.726159692372752e-05
16313.532415999915,-4.618228915496654e-05
16319.540938999913,-7.64328970495541e-06
16325.549461999914,-1.6061224491788424e-05
16331.557984999914,-4.275189707521272e-05
16337.566507999913,5.0949554277137706e-05
16343.575030999913,3.887372643588755e-05
16349.583553999913,2.0965637390484743e-06
16355.592076999914,-4.657080585492806e-05
16361.600599999914,-7.370076425595373e-05
16367.609122999913,-2.4953587050704543e-05
16373.617645999913,8.205495995865758e-06
16379.626168999914,-1.040462167595281e-05
16385.634691999912,1.4700804331547621e-05
16391.643214999913,-1.4058247534763872e-05
16397.651737999913,-8.808232186609038e-05
16403.660260999914,-7.141584346181516e-05
16409.668783999914,1.8415556304436389e-06
16415.677306999914,-1.648296281962993e-05
16421.68582999991,-6.054522778996807e-05
16427.69435299991,-2.3120950133261858e-05
16433.702875999912,-9.447416666067288e-06
16439.711398999912,-1.1959528524860706e-05
16445.719921999913,-7.443371779561153e-05
16451.728444999913,-5.886610603692739e-05
16457.736967999914,-2.3798065691614012e-05
16463.745490999914,-6.98726548029556e-05
16469.754013999915,-5.499222772971033e-05
16475.76253699991,5.5033233813190014e-05
16481.77105999991,2.668750659264645e-05
16487.779582999912,-0.00010956225231611762
16493.788105999913,-0.00012969594353633005
16499.796628999913,-0.00013412198988995783
16505.805151999914,-0.00010350891440600004
16511.813674999914,-4.63983914372831e-05
16517.82219799991,-5.446912445617771e-05
16523.83072099991,-4.552214099401119e-05
16529.83924399991,-6.573357166664305e-05
16535.847766999912,-0.00010664692875701553
16541.856289999912,-4.1332122181162475e-05
16547.864812999913,3.85609421940632e-06
16553.873335999913,-4.80640140106399e-05
16559.881858999914,-1.2552821923839264e-05
16565.890381999914,7.566144782763037e-06
16571.89890499991,-2.142890063234938e-05
16577.90742799991,-3.07409665057977e-06
16583.91595099991,-7.337865396576772e-05
16589.924473999912,-6.193944206651782e-05
16595.932996999913,1.6296701013281671e-06
16601.941519999913,3.877506963291004e-06
16607.950042999913,2.0221251857509486e-05
16613.95856599991,3.2022971408164966e-05
16619.96708899991,-1.5729773371726707e-05
16625.97561199991,6.823143500176e-05
16631.98413499991,-8.0356584920982e-05
16637.992657999912,-0.00010801871880103659
16644.001180999912,-0.00010462424648353284
16650.009703999913,-8.637172499102256e-05
16656.018226999913,-6.511155391507068e-05
16662.026749999914,-7.012746299864873e-06
16668.03527299991,-2.1108821688398948e-05
16674.04379599991,-1.0135814777032198e-05
16680.05231899991,-6.954120567791775e-05
16686.06084199991,-6.67535736097515e-05
16692.069364999912,-0.00015579208013718687
16698.077887999912,-9.035527479560466e-05
16704.086410999913,-4.9067445301587775e-05
16710.09493399991,-1.3669464001110501e-05
16716.10345699991,5.5841908954068306e-05
16722.11197999991,3.891489369236931e-05
16728.12050299991,-4.241285656756806e-05
16734.12902599991,-7.835679608437091e-06
16740.13754899991,2.5599958158990565e-05
16746.146071999912,3.3002746219160906e-05
16752.154594999913,3.3049279257064536e-05
16758.163117999913,5.1078719316562214e-05
16764.17164099991,-2.841339398246795e-05
16770.18016399991,-4.2545921398515184e-05
16776.18868699991,-2.1809518110864322e-05
16782.19720999991,-4.611913645684406e-05
16788.20573299991,-1.0767836662773514e-05
16794.214255999912,-4.447376982267907e-06
16800.222778999912,-5.915471222732657e-07
16806.23130199991,-4.582445516912857e-05
16812.23982499991,-9.459954894593404e-05
16818.24834799991,-7.251752147003889e-05
16824.25687099991,-4.888360088921405e-05
16830.26539399991,-5.342205332229816e-05
16836.27391699991,-6.372091998667004e-07
16842.28243999991,4.08504094982697e-06
16848.290962999912,-5.464553505076405e-05
16854.299485999913,-9.030914872460047e-05
16860.30800899991,-4.316061519977957e-05
16866.31653199991,-6.329928152409594e-06
16872.32505499991,-5.548202563041876e-05
16878.33357799991,4.459784407926998e-06
16884.34210099991,4.459784407926998e-06
16890.35062399991,-2.3679425292944395e-06
16896.359146999912,-0.0001337602358135753
16902.36766999991,-4.821623529391553e-05
16908.37619299991,-0.0001395072740977927
16914.38471599991,-6.187225595661736e-05
16920.39323899991,1.3536917766425921e-05
16926.40176199991,-4.3074757700843035e-05
16932.41028499991,9.51295042537336e-07
16938.41880799991,-5.178451818771005e-05
16944.42733099991,-1.9845963868549785e-05
16950.435853999912,-9.47928687405717e-05
16956.44437699991,-9.385110337158357e-05
16962.45289999991,-2.060717572474059e-05
16968.46142299991,-0.00012328710299165524
16974.46994599991,-9.25052856349401e-05
16980.47846899991,-5.6406162357763276e-05
16986.48699199991,-7.541268534560797e-05
16992.49551499991,-4.1364356831485955e-05
16998.504037999908,-9.888267268643545e-05
17004.51256099991,2.9173739695723005e-05
17010.52108399991,-5.803311590978565e-05
17016.52960699991,-5.8363690486864093e-05
17022.53812999991,-0.00012257069175673844
17028.54665299991,-9.697141024108061e-05
17034.55517599991,-7.083749129769462e-05
17040.56369899991,1.2790303526154337e-05
17046.57222199991,1.988843837157717e-06
17052.58074499991,-2.491038101259846e-05
17058.58926799991,-4.687684331821007e-05
17064.59779099991,-8.28251956724937e-05
17070.60631399991,-5.675698106188386e-05
17076.61483699991,-3.168230775818166e-05
17082.62335999991,-2.8549919764569802e-05
17088.63188299991,-0.000104983825126358
17094.640405999908,-7.606026944607877e-05
17100.648928999908,-8.633954974338633e-05
17106.65745199991,-0.00012577846210126508
17112.66597499991,-6.29849958047323e-05
17118.67449799991,-1.175144956485524e-05
17124.68302099991,5.09438210845027e-06
17130.69154399991,-1.9060348811134324e-06
17136.70006699991,3.957755133053336e-05
17142.70858999991,-8.420056499792288e-05
17148.717112999908,8.560614970837811e-06
17154.72563599991,-0.00011708859805103288
17160.73415899991,-9.326996780753305e-05
17166.74268199991,-2.6355027369531494e-05
17172.75120499991,1.3960341352417393e-05
17178.75972799991,-1.3736139203668178e-05
17184.76825099991,-1.389173027744348e-05
17190.776773999907,4.190594589338218e-06
17196.785296999908,-7.192977551344243e-05
17202.793819999908,-4.158573110557535e-05
17208.80234299991,-4.6691021760767015e-06
17214.81086599991,2.0905633855126027e-05
17220.81938899991,-7.389154682014971e-05
17226.82791199991,1.3215941142306459e-05
17232.83643499991,-2.4553463197867503e-05
17238.84495799991,-5.234482266149378e-05
17244.853480999907,5.4335979242352884e-06
17250.862003999908,-0.00010039449264754513
17256.870526999908,3.3095920918177824e-05
17262.87904999991,-1.1841747326825981e-05
17268.88757299991,-0.00012171081600611658
17274.89609599991,-0.00010555801228270066
17280.90461899991,-0.00010951376706046222
17286.913141999907,-4.2778914930944323e-05
17292.921664999907,-7.6339207760578e-09
17298.930187999908,-8.400945357120569e-05
17304.938710999908,-1.9394216961700068e-05
17310.94723399991,-0.00011545142918448685
17316.95575699991,-6.693712356111033e-05
17322.96427999991,3.147132564234429e-05
17328.97280299991,-2.6533657479417692e-05
17334.98132599991,-6.809591369755649e-05
17340.989848999907,-0.00010681670927161699
17346.998371999907,3.532729385812015e-05
17353.006894999908,3.0368671957944255e-05
17359.015417999908,-4.976682815220818e-05
17365.02394099991,1.721443879722345e-05
17371.03246399991,-5.685929374215245e-05
17377.04098699991,-3.571965879097838e-05
17383.049509999906,-5.6767008054197975e-05
17389.058032999907,-8.625471853485609e-05
17395.066555999907,-0.00013356863368471083
17401.075078999907,-5.643132702598373e-05
17407.083601999908,-5.927643921080351e-05
17413.09212499991,-0.00010573263177008142
17419.10064799991,-0.00010805289808514079
17425.10917099991,-1.5208417569974416e-06
17431.11769399991,5.791286505473923e-06
17437.126216999906,-0.00014057817959257674
17443.134739999907,-5.292451791400189e-05
17449.143262999907,-2.548664331715101e-05
17455.151785999908,-3.8049050885859844e-05
17461.160308999908,-9.342556810766983e-05
17467.16883199991,-9.112266285864892e-05
17473.17735499991,-4.618492914346734e-05
17479.185877999906,-1.0226776397414035e-05
17485.194400999906,-4.379790470709208e-05
17491.202923999906,-2.8370291585786916e-05
17497.211446999907,3.838178189749748e-05
17503.219969999907,-7.242148633716218e-05
17509.228492999908,-2.773803965957868e-05
17515.237015999908,-8.825615226129121e-05
17521.24553899991,-9.42570706077942e-05
17527.25406199991,-0.00014289267308003286
17533.262584999906,-6.511982616462587e-05
17539.271107999906,-7.4806794800205e-05
17545.279630999907,-0.00010278051761718088
17551.288153999907,-5.3356507051421936e-05
17557.296676999908,-3.62079480990235e-05
17563.305199999908,-8.790378214514393e-05
17569.31372299991,-8.602378652911988e-05
17575.322245999905,-0.00011262625476314045
17581.330768999906,-8.169159741807026e-05
17587.339291999906,-3.840058769176543e-05
17593.347814999906,4.486059801792475e-05
17599.356337999907,1.327893390314101e-05
17605.364860999907,-4.9053346547578915e-05
17611.373383999908,-5.843492121752226e-05
17617.381906999908,5.117048932528674e-05
17623.39042999991,-2.1817303104468802e-05
17629.398952999905,-0.0001561747978107225
17635.407475999906,-1.673591719940292e-05
17641.415998999906,-3.729975362397661e-05
17647.424521999907,-8.755675691150628e-05
17653.433044999907,-4.072424108120956e-06
17659.441567999907,-1.2641369388542025e-06
17665.450090999908,3.794415099118226e-05
17671.458613999905,-7.419873387004814e-05
17677.467136999905,-6.066093770806588e-05
17683.475659999905,-7.295873504677888e-06
17689.484182999906,-5.313347966300806e-05
17695.492705999906,-2.5568850334101853e-06
17701.501228999907,2.5371081469720793e-05
17707.509751999907,-0.00013579596335268617
17713.518274999908,-9.586300731687278e-05
17719.526797999908,-5.729446000104629e-05
17725.535320999905,-8.001778719466455e-05
17731.543843999905,-0.00016730664646899543
17737.552366999906,-0.000155092573670662
17743.560889999906,-0.0001008479294137477
17749.569412999906,-2.1486985599425215e-05
17755.577935999907,-0.0001355994646687021
17761.586458999907,-0.0001437809883485695
17767.594981999904,-0.00015384418112140402
17773.603504999905,-7.500539899537582e-05
17779.612027999905,-6.658137790267456e-05
17785.620550999905,-0.00010366627310741386
17791.629073999906,-0.0001053171018262857
17797.637596999906,-0.00011942695749295117
17803.646119999907,-2.321830867521502e-05
17809.654642999907,-1.4798974035569725e-05
17815.663165999908,-4.580655971147467e-05
17821.671688999904,-4.6653281413554145e-06
17827.680211999905,-2.7965288593471658e-05
17833.688734999905,-0.00010691649824086398
17839.697257999906,-0.0001382244228290495
17845.705780999906,-0.00014393737688062042
17851.714303999906,-0.00015066828107418773
17857.722826999907,-0.00014088377310822407
17863.731349999904,-0.00011218425955299457
17869.739872999904,-4.2841982223052416e-05
17875.748395999904,1.2421821853887918e-05
17881.756918999905,-9.385931129669873e-05
17887.765441999905,-3.3938174834848767e-05
17893.773964999906,-4.34172076165592e-05
17899.782487999906,-2.4122035503879093e-05
17905.791010999907,4.323359970213579e-06
17911.799533999907,-5.461610655399479e-05
17917.808056999904,2.929157567399567e-05
17923.816579999904,-2.5214510408743807e-05
17929.825102999905,-2.6472758495903984e-05
17935.833625999905,1.3529762701567681e-05
17941.842148999905,-5.502884952646694e-05
17947.850671999906,-4.3630275862862705e-05
17953.859194999906,-2.603677843083232e-05
17959.867717999903,-7.269462412600881e-05
17965.876240999904,-1.4057836223614787e-05
17971.884763999904,1.2967810869811263e-05
17977.893286999904,-4.3617522992641876e-05
17983.901809999905,-2.3674941222089553e-05
17989.910332999905,-1.2099280439916878e-05
17995.918855999906,-4.286763304683053e-06
18001.927378999906,2.3441179345528918e-05
18007.935901999906,-1.6206796192583807e-05
18013.944424999903,3.524698165496511e-05
18019.952947999904,1.58786440858039e-05
18025.961470999904,2.2181125166596173e-05
18031.969993999905,-5.299848164510566e-05
18037.978516999905,-4.8433532032134205e-05
18043.987039999905,-5.367358638696022e-05
18049.995562999906,-5.269152170851741e-05
18056.004085999903,-2.0797509696037656e-05
18062.012608999903,-0.00010620059361010722
18068.021131999903,-4.5753005861940145e-05
18074.029654999904,-7.375983774815193e-05
18080.038177999904,-5.4664617549892554e-05
18086.046700999905,-4.6873715359650954e-05
18092.055223999905,-0.00013574311040090382
18098.063746999906,-6.684659965218465e-05
18104.072269999906,-2.9277983878348782e-05
18110.080792999903,-6.118652016527332e-05
18116.089315999903,-0.00013804578407444016
18122.097838999904,1.2797275379634634e-05
18128.106361999904,-4.835798243174342e-05
18134.114884999904,-9.184197943606698e-05
18140.123407999905,-1.4944141875719656e-05
18146.131930999905,7.534310602499832e-07
18152.140453999902,-3.497779635715656e-05
18158.148976999903,-2.672747168006547e-05
18164.157499999903,-9.342165244921245e-05
18170.166022999903,-2.628918858289914e-05
18176.174545999904,-4.196455496866731e-05
18182.183068999904,-8.71017966004421e-06
18188.191591999905,-7.070778378759948e-05
18194.200114999905,-5.1975130337997945e-05
18200.208637999905,-7.5626196752858505e-06
18206.217160999902,-4.338081347953059e-05
18212.225683999903,-4.4609714642313106e-05
18218.234206999903,-5.3091292548079176e-05
18224.242729999904,-2.4380297999601748e-05
18230.251252999904,6.169206375859619e-05
18236.259775999904,-5.104824298324309e-05
18242.268298999905,2.8923772033493644e-05
18248.2768219999,6.172489060289695e-05
18254.285344999902,-6.098044355143401e-05
18260.293867999902,-0.00014688007816362052
18266.302390999903,-0.00011610281821296055
18272.310913999903,-0.00015167281434681255
18278.319436999904,-5.478108878882796e-05
18284.327959999904,-2.5512282564058525e-05
18290.336482999905,-2.9286148457788418e-05
18296.345005999905,-7.568668971586497e-05
18302.3535289999,-7.085912876473942e-05
18308.362051999902,5.103801032009695e-06
18314.370574999903,-4.780325499417001e-06
18320.379097999903,-1.7198620995569055e-05
18326.387620999903,1.3357521695000868e-05
18332.396143999904,1.4915063483606083e-05
18338.404666999904,-3.256578766696982e-05
18344.4131899999,-5.452798455026651e-06
18350.4217129999,-2.656204317788868e-05
18356.430235999902,-6.261863816838524e-05
18362.438758999902,5.29953998621301e-06
18368.447281999903,-4.603403246591173e-06
18374.455804999903,1.5313462307148266e-05
18380.464327999904,1.3183528427940542e-05
18386.472850999904,-5.985323263602216e-05
18392.481373999904,-9.764688777262768e-05
18398.4898969999,-8.385200605978853e-05
18404.4984199999,1.3813962266423688e-05
18410.506942999902,-2.857450690054857e-05
18416.515465999903,-3.52242985314805e-05
18422.523988999903,-2.404456293548696e-05
18428.532511999903,-1.451936420054721e-05
18434.541034999904,1.8638800960658573e-05
18440.5495579999,2.4624906680972285e-05
18446.5580809999,1.1658727373210448e-05
18452.5666039999,-5.7216373208286245e-05
18458.575126999902,4.649804758365685e-05
18464.583649999902,6.512368444465152e-05
18470.592172999903,5.033744821074813e-05
18476.600695999903,-2.702500957529023e-05
18482.609218999904,-6.152194510335065e-05
18488.617741999904,-7.340596377914499e-06
18494.6262649999,-6.010814437574906e-05
18500.6347879999,-0.00010122822967505685
18506.6433109999,-3.167741510370373e-05
18512.651833999902,4.22161655804527e-06
18518.660356999902,-5.419686120117375e-05
18524.668879999903,-3.7986597810704814e-05
18530.677402999903,8.641000840594451e-05
18536.6859259999,6.68713197437911e-05
18542.6944489999,6.241313211083472e-05
18548.7029719999,-3.749834624641204e-05
18554.7114949999,-6.405427755372255e-05
18560.7200179999,-7.436871931813131e-05
18566.728540999902,-7.248759539213292e-05
18572.737063999903,4.461845713029833e-07
18578.745586999903,-3.316159907280735e-05
18584.754109999903,-0.00015825371135442634
18590.7626329999,-0.00016243952584179923
18596.7711559999,-2.954138143813566e-05
18602.7796789999,-0.00013418978141880038
18608.7882019999,-3.264882570511098e-05
18614.796724999902,7.031692387458505e-05
18620.805247999902,-2.353324096397129e-05
18626.813770999903,1.634243678398481e-05
18632.8222939999,1.4255843616190583e-05
18638.8308169999,-3.968559103898294e-05
18644.8393399999,-0.00014323038324927622
18650.8478629999,-3.05811805402388e-05
18656.8563859999,-8.483699149136857e-05
18662.8649089999,-5.681723218254046e-05
18668.873431999902,-9.86443207235579e-05
18674.881954999903,-0.00011325387755554823
18680.890477999903,-7.477325250150776e-05
18686.8990009999,1.3986280456215554e-05
18692.9075239999,-2.5632837151968598e-05
18698.9160469999,7.468189982208555e-07
18704.9245699999,-0.00013207934381516702
18710.9330929999,4.32035102493009e-06
18716.941615999902,-7.108939822677542e-05
18722.950138999902,-1.3713376973944316e-05
18728.9586619999,-7.883845653288779e-06
18734.9671849999,-5.479583703083057e-05
18740.9757079999,-8.93389614234528e-05
18746.9842309999,-0.0001704801655756621
18752.9927539999,-8.976458497704666e-05
18759.0012769999,-0.0001353554127950527
18765.0097999999,-0.000141369072919153
18771.018322999902,-0.00011589427573423766
18777.026845999902,-6.707107915331092e-05
18783.0353689999,-0.00011160366606291994
18789.0438919999,-6.771723318586191e-05
18795.0524149999,-0.00012013054912095504
18801.0609379999,-1.596457041142357e-05
18807.0694609999,-8.094298873187564e-05
18813.0779839999,6.921772083355014e-06
18819.0865069999,-5.59948421103653e-05
18825.0950299999,-8.791327682228726e-05
18831.1035529999,-5.6273017100019685e-05
18837.1120759999,-7.399658737377664e-05
18843.1205989999,-7.392998302301316e-05
18849.1291219999,-3.5261891971302504e-05
18855.1376449999,-1.433206123957446e-05
18861.1461679999,-4.748853587024039e-06
18867.1546909999,-3.851424675500078e-06
18873.163213999902,-1.5610714691231063e-05
18879.1717369999,-5.649292565328351e-06
18885.1802599999,-4.221966852663854e-05
18891.1887829999,-6.419847344237763e-06
18897.1973059999,1.392529290182759e-05
18903.2058289999,-7.092432529386009e-06
18909.2143519999,-5.671074992565982e-05
18915.2228749999,-1.8351892381843467e-05
18921.231397999898,-0.00011652675974456102
18927.2399209999,-7.620863221747195e-05
18933.2484439999,-2.3795648809834866e-05
18939.2569669999,4.326900120293255e-06
18945.2654899999,-4.5532471478633936e-05
18951.2740129999,-9.232395782587878e-05
18957.2825359999,-2.7019860131254913e-05
18963.2910589999,-1.5865523309428346e-06
18969.2995819999,-7.542473308747388e-05
18975.3081049999,-5.870442026138616e-05
18981.3166279999,-0.0001630657220830675
18987.3251509999,-5.5591960954324066e-05
18993.3336739999,-8.410214221704698e-05
18999.3421969999,-8.876489142353489e-05
19005.3507199999,-0.00010184246220729943
19011.3592429999,-1.629602864133336e-05
19017.367765999898,-6.73840548367174e-05
19023.376288999898,-6.218752554001125e-05
19029.3848119999,1.6089460242350095e-05
19035.3933349999,2.2098713794237144e-05
19041.4018579999,-4.749632854649051e-05
19047.4103809999,-2.4075835097524653e-05
19053.4189039999,-3.788492738381271e-05
19059.4274269999,-2.62121739820645e-05
19065.4359499999,-8.497656459291155e-05
19071.444472999898,-9.277475561171568e-05
19077.452995999898,-2.3903345424517018e-05
19083.4615189999,5.6313873390303855e-06
19089.4700419999,3.1753600458920716e-05
19095.4785649999,-0.0001476907472410783
19101.4870879999,-0.00013634146967536148
19107.4956109999,-5.367319164230898e-05
19113.504133999897,-3.3720370672130396e-05
19119.512656999897,-5.241237748505523e-05
19125.521179999898,2.310587265058041e-05
19131.5297029999,-0.00014263728639444097
19137.5382259999,-7.467197868253449e-05
19143.5467489999,-7.409597540425895e-05
19149.5552719999,-7.290716782306172e-05
19155.5637949999,-1.3812100193064031e-05
19161.5723179999,1.7846442157804373e-05
19167.580840999897,6.006131119248839e-05
19173.589363999898,-4.643168617164366e-06
19179.597886999898,-3.695156636373425e-05
19185.6064099999,5.151876471464909e-06
19191.6149329999,-3.761218498257083e-05
19197.6234559999,-0.0001637523906398221
19203.6319789999,-5.27294919392019e-06
19209.640501999897,-7.296808495229486e-05
19215.649024999897,-6.790947004031364e-05
19221.657547999897,-4.61539621964088e-05
19227.666070999898,-2.874312305742888e-05
19233.6745939999,-8.657586455990033e-05
19239.6831169999,-0.0001368871558203981
19245.6916399999,-3.580005414375031e-05
19251.7001629999,-6.58935790958202e-05
19257.7086859999,-8.721348577190513e-05
19263.717208999897,6.517083540080434e-06
19269.725731999897,8.367768718718218e-05
19275.734254999898,-6.257622267605593e-05
19281.742777999898,1.5910587165480115e-05
19287.7513009999,4.745379913973933e-06
19293.7598239999,-7.391655899987474e-05
19299.7683469999,-0.00010392654569440421
19305.776869999896,-4.256704398485291e-06
19311.785392999896,3.6209878410726046e-05
19317.793915999897,-2.3495608311542632e-05
19323.802438999897,-7.787467016688707e-05
19329.810961999898,-2.4784406738837057e-05
19335.819484999898,-9.625992931498803e-05
19341.8280079999,-8.759446132918225e-05
19347.8365309999,-4.537308640036351e-06
19353.8450539999,3.0853068914133295e-05
19359.853576999896,-7.729780155803021e-05
19365.862099999897,3.1191728527506036e-05
19371.870622999897,-4.5246810885415015e-05
19377.879145999897,-4.317750803467488e-05
19383.887668999898,-0.00011745592321947844
19389.8961919999,4.554039210534181e-05
19395.9047149999,-0.00011544274459910661
19401.913237999896,-4.6465557619046996e-05
19407.921760999896,-5.262750365386163e-05
19413.930283999896,-2.2333763663958673e-06
19419.938806999897,1.5249051953174955e-05
19425.947329999897,-0.0001156973770366347
19431.955852999898,6.236362221158386e-05
19437.964375999898,-0.00012266489701055901
19443.9728989999,-6.868828230038281e-05
19449.9814219999,-1.5098287813876214e-05
19455.989944999896,-5.86710482350018e-06
19461.998467999896,-7.71981126846241e-05
19468.006990999897,2.3720687378723463e-05
19474.015513999897,-7.1268033731396626e-06
19480.024036999897,-1.3472949188105042e-05
19486.032559999898,-0.0001529933309384072
19492.0410829999,-0.00016427533549953437
19498.049605999895,-5.7394511106959496e-05
19504.058128999895,-0.00015650247500842651
19510.066651999896,-0.00013679445079371554
19516.075174999896,-8.388757743734415e-05
19522.083697999897,-0.0001668098777427623
19528.092220999897,-0.0001334106870666931
19534.100743999898,-9.32943733576983e-05
19540.109266999898,1.3450652131752082e-05
19546.1177899999,-7.289571964325776e-05
19552.126312999895,-9.543343634385924e-05
19558.134835999896,-0.0001372672525340905
19564.143358999896,-4.5895789202980304e-05
19570.151881999896,1.4942613196355951e-05
19576.160404999897,-1.1767027658639938e-05
19582.168927999897,5.219665442324961e-06
19588.177450999898,-4.772700388615519e-05
19594.185973999894,-6.077788664377758e-06
19600.194496999895,-3.2508581839930323e-06
19606.203019999895,-6.692959461087213e-05
19612.211542999896,-4.5615552757216704e-05
19618.220065999896,-5.505760879718285e-05
19624.228588999897,-0.00010359348708091335
19630.237111999897,-6.454710913082355e-05
19636.245634999897,-1.5543368659442756e-05
19642.254157999898,-4.602601558739507e-05
19648.262680999895,-5.815427481767068e-05
19654.271203999895,-8.343457546200032e-05
19660.279726999896,-8.413159039811815e-06
19666.288249999896,-4.308554112945881e-05
19672.296772999896,-2.8379246155744727e-05
19678.305295999897,-0.00011561166573369071
19684.313818999897,-0.0001053418602763645
19690.322341999894,2.380614308019803e-05
19696.330864999894,-0.00010510859745008007
19702.339387999895,-1.87101650536207e-05
19708.347910999895,-9.559192063385293e-05
19714.356433999896,-0.00014209346513114045
19720.364956999896,-0.00011306882552519127
19726.373479999897,-0.00010602685851832665
19732.382002999897,-0.00013230880662251055
19738.390525999897,-2.278374337822225e-05
19744.399048999894,-0.00010606943170466498
19750.407571999895,-5.422490913929717e-05
19756.416094999895,-2.515185928166315e-05
19762.424617999895,-7.635877336048637e-05
19768.433140999896,-0.00012359273748407444
19774.441663999896,-0.00011778399730871947
19780.450186999897,-0.00010726830431709693
19786.458709999893,-0.00016157410338300856
19792.467232999894,-3.26042503271777e-05
19798.475755999894,-7.355155919763836e-05
19804.484278999895,-6.433510634290128e-05
19810.492801999895,-5.510258505042676e-05
19816.501324999896,-5.2770385803124526e-05
19822.509847999896,-0.00010463139014377327
19828.518370999896,-0.00020692371367077327
19834.526893999897,-7.330033455587853e-05
19840.535416999894,-8.790937987920982e-05
19846.543939999894,1.4569584705306959e-05
19852.552462999894,2.4624482484943603e-05
19858.560985999895,-0.00011374656733751589
19864.569508999895,-8.328691313191794e-05
19870.578031999896,-3.425761793314103e-05
19876.586554999896,-0.00012432331940707798
19882.595077999893,-0.00016234127625568734
19888.603600999893,-8.496411078205663e-05
19894.612123999894,-5.824131594311317e-05
19900.620646999894,2.3087172567480292e-05
19906.629169999895,-7.506546538902953e-05
19912.637692999895,-7.611820944146876e-05
19918.646215999896,-3.600096003291961e-05
19924.654738999896,-4.814683521787884e-05
19930.663261999896,6.544194490888768e-06
19936.671784999893,-0.00010204284864692745
19942.680307999894,-0.00012347770909470085
19948.688830999894,-0.000105770289458056
19954.697353999894,-0.00010471482665196007
19960.705876999895,-6.621778347788803e-05
19966.714399999895,-0.00011772793926249396
19972.722922999896,-6.540366214419148e-05
19978.731445999892,3.481771114243997e-05
19984.739968999893,2.8016385899593863e-05
19990.748491999893,8.521083528639614e-05
19996.757014999894,-0.00011030018755696169
20002.765537999894,-8.390957386109852e-05
20008.774060999895,-0.00014399714672640526
20014.782583999895,-0.00010703875110270433
20020.791106999895,-8.424580499200841e-05
20026.799629999896,-6.105428306831152e-05
20032.808152999893,-6.347438306376752e-05
20038.816675999893,1.4070481684808518e-05
20044.825198999893,-9.579346716623438e-05
20050.833721999894,-2.9256493217310966e-05
20056.842244999894,-0.00015164334150664195
20062.850767999895,-4.5983584061296746e-05
20068.859290999895,-0.00012218450607310582
20074.867813999892,-6.442810444915417e-05
20080.876336999892,-3.6312547991935575e-05
20086.884859999893,-8.760930480958257e-06
20092.893382999893,-0.00012614990132032145
20098.901905999894,-0.00013191533809182212
20104.910428999894,-1.582073259739547e-05
20110.918951999894,-6.503104880832367e-05
20116.927474999895,-9.384706843263059e-05
20122.935997999895,-4.6601095317780744e-05
20128.944520999892,-6.300879755239394e-06
20134.953043999893,1.565835716744677e-05
20140.961566999893,3.5414953838079914e-05
20146.970089999893,4.4704837166065214e-05
20152.978612999894,-3.24111463968018e-05
20158.987135999894,-9.487737161645768e-05
20164.995658999895,-2.603761237803861e-05
20171.00418199989,-1.6172674108812228e-05
20177.012704999892,-5.465010511354944e-05
20183.021227999892,-9.323063705071764e-05
20189.029750999893,-9.252102634077917e-05
20195.038273999893,-7.430439839301657e-05
20201.046796999894,-0.00010321324191611423
20207.055319999894,-5.591562678418709e-05
20213.063842999894,-0.00015282534361444307
20219.072365999895,-0.00012471403559738187
20225.08088899989,-4.93139698408264e-05
20231.089411999892,2.383734789139398e-05
20237.097934999892,-1.7787945222936984e-05
20243.106457999893,-2.3935477786769133e-05
20249.114980999893,-1.6532849101498463e-05
20255.123503999894,-0.00011649724104379562
20261.132026999894,-7.875481247463092e-05
20267.14054999989,-0.0001035603970198016
20273.14907299989,-2.9528682520826032e-05
20279.15759599989,-0.00014613422390822925
20285.166118999892,-2.562280718430121e-05
20291.174641999893,-9.182776436108792e-05
20297.183164999893,-6.365526478130284e-05
20303.191687999893,1.9177210506795705e-06
20309.200210999894,-7.69446031291111e-05
20315.208733999894,-0.00010244693834880698
20321.21725699989,-5.8802719739777824e-05
20327.22577999989,-3.547968721708701e-05
20333.234302999892,-7.757746879116236e-05
20339.242825999892,-6.465349830132566e-05
20345.251348999893,-5.451444650262415e-05
20351.259871999893,-0.00010743694383048623
20357.268394999894,4.397418056890958e-05
20363.27691799989,-0.00010385627353912714
20369.28544099989,-0.00014578421984987622
20375.29396399989,-2.624914629500127e-05
20381.30248699989,-3.8121436785807504e-05
20387.311009999892,-3.824312376856423e-05
20393.319532999893,-0.00019154608320934055
20399.328055999893,-0.00013845189646129134
20405.336578999893,-3.599690505532019e-05
20411.345101999894,-3.3396173388360564e-05
20417.35362499989,-5.225390988675637e-06
20423.36214799989,-0.00012174736683087279
20429.37067099989,-3.602508568484577e-05
20435.379193999892,-9.490421166823716e-05
20441.387716999892,-6.526695014669714e-05
20447.396239999893,-3.582874742482079e-05
20453.404762999893,1.1580872017476796e-06
20459.41328599989,1.6177330106776e-05
20465.42180899989,-1.3458734963980637e-05
20471.43033199989,3.433269112451625e-05
20477.43885499989,-5.342663429190791e-05
20483.44737799989,-5.439128232269957e-05
20489.455900999892,-5.439128232269957e-05
20495.464423999892,-8.753324699558036e-05
20501.472946999893,5.294958659834651e-06
20507.481469999893,-6.194464666738018e-05
20513.48999299989,-0.00011163409068389751
20519.49851599989,-3.088131160585508e-05
20525.50703899989,-0.00013902105688988155
20531.51556199989,-7.16916914605515e-05
20537.52408499989,-0.00011364358209265536
20543.532607999892,-3.243656250333561e-05
20549.541130999893,-9.810120194521638e-05
20555.54965399989,-4.6574917281393046e-05
20561.55817699989,-2.5353891529559113e-05
20567.56669999989,-9.359300050828422e-05
20573.57522299989,-5.477863369017167e-05
20579.58374599989,-0.00013114732539637718
20585.59226899989,-4.386532884197528e-05
20591.600791999892,9.849284134959908e-06
20597.609314999892,-0.00010201409505884257
20603.617837999893,-6.621419856290101e-05
20609.62636099989,-2.0287057068678922e-05
20615.63488399989,-5.570511515289591e-05
20621.64340699989,-5.594110082583717e-05
20627.65192999989,-1.5925294528102158e-05
20633.66045299989,-7.491768895002793e-05
20639.66897599989,-9.1445544871146e-05
20645.677498999892,-2.7605900717334208e-05
20651.68602199989,9.13271771510705e-06
20657.69454499989,-0.00012057926428198383
20663.70306799989,-0.00018924814036691169
20669.71159099989,-0.00011969614065742028
20675.72011399989,-8.117040726518337e-05
20681.72863699989,-7.647957090497092e-05
20687.73715999989,-9.005318427362673e-05
20693.745682999892,-8.893924137080162e-05
20699.754205999892,-3.742831541059494e-05
20705.76272899989,-0.00011507105066066342
20711.77125199989,-0.00012910281578079833
20717.77977499989,-0.0001571318313057365
20723.78829799989,-8.271905690079929e-05
20729.79682099989,-7.575913354764926e-05
20735.80534399989,-6.781277092197515e-05
20741.81386699989,-2.482065603408237e-05
20747.82238999989,-0.00010739507097352291
20753.83091299989,4.410623541828201e-05
20759.83943599989,-3.740069176803037e-05
20765.84795899989,-0.00015703930538089094
20771.85648199989,1.3576589922856917e-05
20777.86500499989,3.113163896927401e-05
20783.87352799989,3.422377751106077e-05
20789.88205099989,-3.840921505670737e-05
20795.89057399989,-1.6977251234559856e-05
20801.89909699989,-0.00012613025781195813
20807.90761999989,-1.6538393247407006e-05
20813.91614299989,-9.508023613651561e-06
20819.92466599989,-0.00012294624549582297
20825.93318899989,-9.03671055870751e-05
20831.94171199989,-0.00010219375913037324
20837.95023499989,-0.00011609650511475979
20843.958757999888,-6.957043672379245e-05
20849.96728099989,-2.6004462605952738e-05
20855.97580399989,2.4765815857590488e-05
20861.98432699989,-6.41640058283457e-05
20867.99284999989,2.8049520971443928e-05
20874.00137299989,0.00011187371720920892
20880.00989599989,0.0001255111655692971
20886.01841899989,-1.4093475283113957e-05
20892.02694199989,3.639115786894192e-05
20898.035464999888,-4.9100541052175035e-05
20904.04398799989,-9.823777577586572e-05
20910.05251099989,-7.402976291975692e-05
20916.06103399989,-9.984445440025003e-05
20922.06955699989,-0.00010801871880103659
20928.07807999989,-3.3193539318868094e-05
20934.08660299989,-6.379497271115223e-06
20940.095125999887,-9.950775718351425e-05
20946.103648999888,-7.678438290713341e-05
20952.11217199989,-9.477239514072684e-06
20958.12069499989,-1.0897744041861621e-05
20964.12921799989,-0.0001290615311558555
20970.13774099989,-5.1589305218529985e-05
20976.14626399989,1.529706143136082e-05
20982.15478699989,-0.000103772167946197
20988.16330999989,-0.00013003462719108773
20994.171832999888,2.3211699765925324e-06
21000.180355999888,5.040856147412799e-05
21006.18887899989,-7.809727896533064e-06
21012.19740199989,-6.3249027509894e-05
21018.20592499989,-0.00010864703130203732
21024.21444799989,-7.516995423093723e-05
21030.22297099989,-0.00010415440960284882
21036.231493999887,-0.00010828153107520983
21042.240016999887,-6.844120321965949e-05
21048.248539999888,-7.387080552862869e-05
21054.257062999888,3.368624210720491e-05
21060.26558599989,5.022335823234186e-05
21066.27410899989,6.81047646489042e-06
21072.28263199989,-6.199675460772693e-05
21078.29115499989,-7.811472147856373e-05
21084.29967799989,-0.0001403499903428116
21090.308200999887,-0.0001235500922865152
21096.316723999887,-6.765246838526476e-05
21102.325246999888,-0.00013216335127933185
21108.33376999989,-4.49032208632601e-05
21114.34229299989,-5.5672818875713784e-05
21120.35081599989,-7.477660375458401e-05
21126.35933899989,-2.0734056157558054e-05
21132.367861999886,-6.617635699378742e-05
21138.376384999887,-6.413474742136978e-05
21144.384907999887,-5.5443811145560135e-05
21150.393430999888,-4.6959573357379094e-05
21156.401953999888,-2.9105942804656753e-05
21162.41047699989,-4.265713799102059e-05
21168.41899999989,-9.407293380329279e-05
21174.42752299989,2.7498808328657986e-05
21180.43604599989,4.341348797422188e-05
21186.444568999887,1.7283400896009925e-05
21192.453091999887,-7.208869530398207e-05
21198.461614999887,-0.00011887082308715626
21204.470137999888,-8.455193587334114e-05
21210.47866099989,-0.00013712648985333872
21216.48718399989,-2.6309866923724656e-05
21222.49570699989,-7.620284341670189e-05
21228.504229999886,-8.133330604959282e-05
21234.512752999886,1.0799125724692354e-06
21240.521275999887,-4.0633105368723636e-05
21246.529798999887,3.1521270302651885e-06
21252.538321999888,-3.3639023094800934e-05
21258.546844999888,-9.034284003451116e-06
21264.55536799989,2.5012376047595953e-05
21270.56389099989,5.9684280888637616e-06
21276.57241399989,3.6420822094512874e-05
21282.580936999886,5.146886819885432e-05
21288.589459999886,7.603504921834762e-05
21294.597982999887,4.2047734702839405e-05
21300.606505999887,6.156780247354539e-05
21306.615028999888,-3.563118608626893e-05
21312.623551999888,-3.550265584829134e-06
21318.63207499989,-6.199882903313102e-05
21324.640597999885,-5.849913395234082e-05
21330.649120999886,-4.198485663284763e-06
21336.657643999886,-1.4041898012410476e-05
21342.666166999887,-7.71833516153496e-05
21348.674689999887,-2.422840543226134e-06
21354.683212999887,-5.160994026230432e-05
21360.691735999888,-2.0686217556851316e-05
21366.70025899989,-3.819542309785491e-05
21372.70878199989,-0.0001031014731317777
21378.717304999886,-0.00013337804603552893
21384.725827999886,-0.000130837078517036
21390.734350999886,-0.00010388587122564039
21396.742873999887,-8.720413689163549e-05
21402.751396999887,-5.147460583384321e-05
21408.759919999888,-1.4534772883995971e-05
21414.768442999888,-2.6142399672434835e-05
21420.776965999885,-1.3733988176249616e-05
21426.785488999885,-7.451964480154417e-05
21432.794011999886,-8.184142566403025e-05
21438.802534999886,-0.00011115515448914884
21444.811057999887,-0.00015581247441733017
21450.819580999887,-0.00010144592220413433
21456.828103999887,2.008754054871467e-06
21462.836626999888,-5.7719839811235474e-05
21468.84514999989,-6.609901921805336e-05
21474.853672999885,-0.00012677945587474893
21480.862195999885,-0.00015785911305845563
21486.870718999886,-0.000138726374949944
21492.879241999886,-0.00011239095515210926
21498.887764999887,-0.00011981232364342838
21504.896287999887,-7.846897308857484e-05
21510.904810999888,-5.5944529269695926e-05
21516.913333999884,-5.0251822431315464e-05
21522.921856999885,-3.7455816411167775e-05
21528.930379999885,6.166395573405031e-06
21534.938902999886,-3.227489243174493e-05
21540.947425999886,-8.53555405532227e-05
21546.955948999886,-8.325704840110241e-05
21552.964471999887,-0.00010196105695755318
21558.972994999887,-5.2178959077710364e-05
21564.981517999888,-3.412109904328977e-05
21570.990040999885,-3.522414514821169e-05
21576.998563999885,-2.1458157186752225e-05
21583.007086999885,6.575811802163067e-05
21589.015609999886,1.9411643820177324e-05
21595.024132999886,-0.00011931840451666814
21601.032655999887,-5.459395330476762e-05
21607.041178999887,-3.2665546702873774e-05
21613.049701999884,-9.163324137784491e-06
21619.058224999884,-9.335854544100051e-05
21625.066747999885,-0.00012112200543800092
21631.075270999885,-0.00012781323411763373
21637.083793999886,-7.164653219784185e-05
21643.092316999886,-9.189933329284976e-05
21649.100839999886,-8.616995359360059e-05
21655.109362999887,-0.00015897818725760032
21661.117885999887,-0.00012602763768840378
21667.126408999884,-8.802168066415615e-05
21673.134931999884,-7.378364165866982e-05
21679.143454999885,-5.772177033012618e-05
21685.151977999885,-5.6426768915945074e-05
21691.160500999886,-7.370021740624065e-06
21697.169023999886,2.153035463473037e-06
21703.177546999887,-3.215946032902485e-05
21709.186069999883,-4.074908372112389e-06
21715.194592999884,-5.00530772131544e-07
21721.203115999884,-5.8252043390427045e-05
21727.211638999885,-7.53442549545445e-05
21733.220161999885,-8.144777934778425e-05
21739.228684999885,-4.4037045791808996e-05
21745.237207999886,-2.3330450320540736e-05
21751.245730999886,2.9522616903544808e-05
21757.254253999887,8.260635976602814e-05
21763.262776999883,6.333038346301548e-05
21769.271299999884,6.084677594137589e-05
21775.279822999884,1.2100031365269946e-05
21781.288345999885,-4.1056529417288005e-05
21787.296868999885,-2.171050309508685e-05
21793.305391999886,9.245815474224494e-06
21799.313914999886,5.613429059785022e-05
21805.322437999883,6.970195580623638e-05
21811.330960999883,-4.385559431080404e-06
21817.339483999884,-9.245810517650398e-05
21823.348006999884,-7.475266007561238e-05
21829.356529999885,-5.6225866013679115e-05
21835.365052999885,5.639853233948259e-06
21841.373575999885,-4.072870853337738e-05
21847.382098999886,-1.3307274756994967e-05
21853.390621999886,-2.8167256598490987e-05
21859.399144999883,-9.353703472553089e-05
21865.407667999883,-4.472046320316349e-05
21871.416190999884,-1.3202712570618367e-05
21877.424713999884,-2.80046142602741e-05
21883.433236999885,-3.6840113892704126e-05
21889.441759999885,-1.28647196211813e-06
21895.450282999886,-1.2009010258926332e-05
21901.458805999882,3.174259245971973e-05
21907.467328999883,-5.581183135430738e-05
21913.475851999883,-7.930663501274069e-05
21919.484374999884,-5.865588672732276e-05
21925.492897999884,-5.0098442959050515e-06
21931.501420999884,7.822422490853722e-05
21937.509943999885,0.00010641468301502419
21943.518466999885,3.0111968322470435e-06
21949.526989999886,-3.799306105587524e-05
21955.535512999882,-3.47773348635077e-05
21961.544035999883,2.0445690338372934e-05
21967.552558999883,4.388094000016825e-06
21973.561081999884,-4.8907024182518934e-05
21979.569604999884,-1.3945394439063547e-06
21985.578127999885,-4.4253548725992375e-06
21991.586650999885,-9.786381737255693e-06
21997.59517399988,-7.341068868064973e-05
22003.603696999882,-6.913852243306247e-05
22009.612219999883,-0.00010305992636532046
22015.620742999883,-2.2420547465261227e-05
22021.629265999884,-7.165831606796542e-05
22027.637788999884,2.948343075423178e-06
22033.646311999884,-7.7321245723012e-06
22039.654834999885,-2.3554052999913698e-05
22045.663357999885,-0.00010830890689676966
22051.671880999882,-8.941363237361547e-05
22057.680403999882,1.1465493448586e-05
22063.688926999883,4.421296228852951e-05
22069.697449999883,4.2321537514372005e-05
22075.705972999884,-1.827271643909877e-05
22081.714495999884,-3.6518788942210896e-05
22087.723018999885,-5.754629094810859e-05
22093.73154199988,-3.066911130700644e-05
22099.74006499988,-3.097444378908991e-05
22105.748587999882,-2.1463631224776192e-05
22111.757110999883,6.647223945968432e-07
22117.765633999883,-0.00010576051903627588
22123.774156999883,-8.592962138039787e-05
22129.782679999884,-5.896818323237155e-05
22135.791202999884,-6.575572838702064e-05
22141.799725999885,-6.542544881466561e-05
22147.80824899988,1.7388076080931174e-05
22153.816771999882,6.063126892421264e-05
22159.825294999882,-3.527450091076908e-05
22165.833817999883,-5.0238479078522996e-05
22171.842340999883,3.42706999664699e-05
22177.850863999884,-1.8325940583100076e-05
22183.859386999884,3.681066024602904e-05
22189.86790999988,0.00011789363899408845
22195.87643299988,9.920251781875209e-05
22201.88495599988,-1.9402764826132086e-05
22207.893478999882,-4.0594106607776175e-06
22213.902001999882,5.782333631792592e-05
22219.910524999883,1.8521240771797022e-05
22225.919047999883,-4.9353033808011315e-05
22231.927570999884,-8.923634300773925e-05
22237.936093999884,-6.795841326366912e-05
22243.94461699988,-2.58108980415233e-05
22249.95313999988,1.8627378804572595e-05
22255.96166299988,4.890605440699892e-05
22261.970185999882,4.5634022925759846e-05
22267.978708999883,6.571790938544692e-05
22273.987231999883,1.169555062901869e-05
22279.995754999884,-2.9083485005933695e-05
22286.00427799988,2.3212117070986762e-05
22292.01280099988,-1.4568167278717257e-05
22298.02132399988,-2.8678272571476927e-05
22304.02984699988,-2.4102099934775093e-05
22310.038369999882,-5.588612511505911e-05
22316.046892999882,-3.038188049868596e-05
22322.055415999883,-7.196250225833747e-05
22328.063938999883,-3.652868951780155e-05
22334.072461999884,1.4859384626520959e-05
22340.08098499988,-5.371914321738466e-05
22346.08950799988,3.2917160821885726e-05
22352.09803099988,2.417181733482001e-05
22358.10655399988,-2.2807677923803286e-05
22364.115076999882,-6.614454530834146e-05
22370.123599999883,-6.137919191781401e-05
22376.132122999883,4.363959438429069e-06
22382.14064599988,-6.144265070102038e-05
22388.14916899988,-4.073709575283058e-05
22394.15769199988,-4.691573286817801e-05
22400.16621499988,-9.180231691452746e-06
22406.17473799988,-3.8826911027318353e-05
22412.183260999882,5.750222979395473e-06
22418.191783999882,-1.4159624119924087e-05
22424.200306999883,1.3288448940478831e-05
22430.208829999883,1.0835581330158376e-05
22436.21735299988,7.700941730252037e-05
22442.22587599988,0.00010130926245627336
22448.23439899988,-3.2418108456399e-05
22454.24292199988,1.3135359207249295e-05
22460.25144499988,-2.3222384928886145e-06
22466.259967999882,-0.00011505426267667013
22472.268490999882,-8.822552272294498e-05
22478.27701399988,-0.00011801230277564682
22484.28553699988,-5.0490238620814005e-05
22490.29405999988,1.3975001477420453e-05
22496.30258299988,-6.501964815959584e-05
22502.31110599988,-3.370805846847076e-05
22508.31962899988,-3.193993717498532e-05
22514.32815199988,-6.80719697982781e-05
22520.336674999882,-4.5809912811705456e-05
22526.345197999883,-2.056195592929124e-05
22532.35372099988,-9.570941196195153e-05
22538.36224399988,-6.339313076946749e-05
22544.37076699988,-4.2541533619395265e-05
22550.37928999988,-2.092117557605105e-05
22556.38781299988,-5.21947610596284e-05
22562.39633599988,2.5591124127772262e-05
22568.404858999882,4.7459794971396995e-07
22574.41338199988,-7.479796029172668e-05
22580.42190499988,-5.0139456615806725e-05
22586.43042799988,-8.228380461004875e-05
22592.43895099988,-0.00012542883963660449
22598.44747399988,1.8870067523097083e-05
22604.45599699988,1.4397648582332309e-05
22610.46451999988,2.3244601700750825e-05
22616.47304299988,6.333081035933483e-05
22622.481565999882,-1.5215042820036651e-05
22628.49008899988,2.274608792026539e-05
22634.49861199988,4.5050274213558744e-05
22640.50713499988,9.322593993766645e-06
22646.51565799988,5.547786371948373e-05
22652.52418099988,5.16996477165229e-05
22658.53270399988,-4.820741400954645e-05
22664.54122699988,-6.895926959140266e-07
22670.54974999988,0.00013644726548176511
22676.55827299988,0.00016048928134244924
22682.56679599988,0.00010192198293083372
22688.57531899988,7.825255535221953e-05
22694.58384199988,1.382546982039623e-05
22700.59236499988,6.474083291344254e-05
22706.60088799988,0.00010007916362938049
22712.60941099988,3.553104019383643e-05
22718.61793399988,4.289906170808739e-05
22724.62645699988,0.00013778371391876822
22730.63497999988,2.5209102663946553e-05
22736.64350299988,1.4693914838572494e-05
22742.65202599988,9.867836661013759e-06
22748.66054899988,4.2795238167207926e-05
22754.66907199988,-4.062010351450655e-05
22760.67759499988,5.7441405381212927e-05
22766.686117999878,5.33541444901597e-05
22772.694640999878,-1.7771414926126353e-06
22778.70316399988,2.2190984737609277e-07
22784.71168699988,4.282843697772447e-05
22790.72020999988,4.1611570726113754e-05
22796.72873299988,-1.0991276944980302e-05
22802.73725599988,-2.4978766895280065e-05
22808.74577899988,-5.511117851293918e-05
22814.75430199988,-4.171656147002248e-05
22820.762824999878,8.892378261725914e-06
22826.77134799988,2.455780509272212e-05
22832.77987099988,0.00010166370409776076
22838.78839399988,5.681378610972066e-05
22844.79691699988,9.699799639367032e-05
22850.80543999988,6.623681811341265e-05
22856.81396299988,3.2159155985291186e-05
22862.822485999877,0.00011635688565790801
22868.831008999878,0.00011880988986184081
22874.839531999878,7.571134171828119e-05
22880.84805499988,6.434102255726506e-05
22886.85657799988,8.210380604170499e-05
22892.86510099988,0.00013418889534915399
22898.87362399988,8.870545226888865e-05
22904.88214699988,5.087773817431173e-05
22910.89066999988,6.05900466453694e-05
22916.899192999877,8.178081711440945e-05
22922.907715999878,0.00010105821619924847
22928.91623899988,0.00011276246725348942
22934.92476199988,2.7550167370473843e-05
22940.93328499988,4.955183958757335e-05
22946.94180799988,6.955925758830536e-05
22952.95033099988,-2.8673468600949803e-05
22958.958853999877,-3.00075124917837e-05
22964.967376999877,7.676711231758701e-05
22970.975899999878,5.613733224549742e-05
22976.984422999878,2.8028301102632536e-05
22982.99294599988,-4.695616869110755e-05
22989.00146899988,-6.0475063025893924e-05
22995.00999199988,-4.003777605824013e-07
23001.01851499988,3.174814857947882e-05
23007.02703799988,0.00014401443143383612
23013.035560999877,0.00013599877522071222
23019.044083999877,0.00012443462166568807
23025.052606999878,0.00012508167512004353
23031.061129999878,7.14959437746431e-05
23037.06965299988,2.159269996562129e-05
23043.07817599988,9.156397235310143e-05
23049.08669899988,4.492462090749398e-05
23055.095221999876,-1.371493086595492e-05
23061.103744999877,0.00010034050250592884
23067.112267999877,8.888914692556893e-05
23073.120790999877,4.895858713756093e-05
23079.129313999878,-1.7208580971993243e-05
23085.13783699988,-2.984562925850342e-06
23091.14635999988,0.0001285926803640861
23097.15488299988,0.00015694220086090042
23103.16340599988,1.0539670992390809e-05
23109.171928999876,4.599450777113203e-05
23115.180451999877,-6.459483887403973e-06
23121.188974999877,-3.971508016844987e-06
23127.197497999878,-3.793690283780658e-05
23133.206020999878,-3.6124865107894347e-05
23139.21454399988,6.034172386283994e-05
23145.22306699988,-2.1543959829591147e-05
23151.231589999876,7.550815837384759e-05
23157.240112999876,1.4417251921430042e-05
23163.248635999877,6.770858503208981e-05
23169.257158999877,6.095954484795366e-05
23175.265681999877,-1.2126729974264307e-05
23181.274204999878,-3.0883296653734214e-07
23187.28272799988,-3.332074882995054e-06
23193.29125099988,0.00010712137043394862
23199.29977399988,6.298472799541661e-05
23205.308296999876,4.648566608503744e-05
23211.316819999876,7.768520087309368e-05
23217.325342999877,0.00011010890739608633
23223.333865999877,0.00014773387671296087
23229.342388999878,8.300653963339134e-06
23235.350911999878,-5.060322437255333e-05
23241.35943499988,4.89266979939699e-05
23247.367957999875,-2.180622086645328e-05
23253.376480999876,3.590539842068715e-05
23259.385003999876,2.211862294663582e-05
23265.393526999876,0.0001026890218461664
23271.402049999877,7.488760624756322e-05
23277.410572999877,7.943705337018307e-05
23283.419095999878,-1.2937503091553034e-05
23289.427618999878,7.594568951342744e-05
23295.43614199988,1.525056375276318e-05
23301.444664999875,0.00010012652732486134
23307.453187999876,4.045183285879754e-05
23313.461710999876,4.0773761421860015e-05
23319.470233999877,2.7879395393147634e-05
23325.478756999877,0.0001719016306735708
23331.487279999878,8.432954610031177e-05
23337.495802999878,-4.40424405991097e-06
23343.504325999875,0.00010385995019013347
23349.512848999875,3.612842904611314e-05
23355.521371999876,7.182098574047597e-05
23361.529894999876,6.0896053305346215e-05
23367.538417999876,9.416517864551874e-05
23373.546940999877,1.631754652544201e-05
23379.555463999877,7.555282067684243e-05
23385.563986999878,0.00012718121655261414
23391.572509999878,4.752507221421198e-05
23397.581032999875,9.635103055795059e-05
23403.589555999875,0.00011506510122461088
23409.598078999876,3.6665466498374715e-05
23415.606601999876,7.743794711577605e-05
23421.615124999877,-2.6217385353830473e-05
23427.623647999877,5.5154257460710724e-05
23433.632170999877,0.00010778979788814391
23439.640693999874,6.459941768093581e-05
23445.649216999875,3.199038617749431e-05
23451.657739999875,-6.785542750390392e-05
23457.666262999875,-5.205700480296669e-05
23463.674785999876,7.360538729928487e-05
23469.683308999876,6.60181766257362e-05
23475.691831999877,0.00011189079907557322
23481.700354999877,1.091445377717219e-05
23487.708877999878,-5.813253245395139e-05
23493.717400999874,-9.99896025831908e-07
23499.725923999875,4.866702457933381e-05
23505.734446999875,7.128847016114228e-05
23511.742969999876,1.7234945952710746e-05
23517.751492999876,1.3034510424607436e-05
23523.760015999876,2.4206418300603992e-05
23529.768538999877,3.205162970352409e-05
23535.777061999874,-2.947474134548817e-05
23541.785584999874,2.797655311558043e-05
23547.794107999875,8.648998431903224e-05
23553.802630999875,6.78603746306181e-05
23559.811153999875,6.296633238495455e-05
23565.819676999876,3.267220384522678e-05
23571.828199999876,5.746545987277283e-05
23577.836722999877,6.199659362608514e-05
23583.845245999877,2.3807144539252116e-05
23589.853768999874,7.344055242685802e-05
23595.862291999874,0.00010857535000741209
23601.870814999875,5.1123178710616026e-05
23607.879337999875,0.0001147299238658425
23613.887860999876,0.00010818806919357145
23619.896383999876,4.858674826065614e-05
23625.904906999876,9.96642080116145e-05
23631.913429999873,3.552849463223444e-05
23637.921952999874,-8.86595309006501e-06
23643.930475999874,4.120954563008841e-05
23649.938998999874,-1.0062483526097861e-05
23655.947521999875,7.125571218231005e-05
23661.956044999875,9.491495049136498e-05
23667.964567999876,9.541576279229083e-05
23673.973090999876,0.0001112946362743248
23679.981613999877,-1.599109415346147e-05
23685.990136999873,5.8674376451120806e-05
23691.998659999874,0.00011661079953649675
23698.007182999874,2.83556162775843e-05
23704.015705999875,9.905636064682909e-05
23710.024228999875,0.00011759611404206398
23716.032751999875,1.8033508672160418e-05
23722.041274999876,2.7982756796183874e-05
23728.049797999873,6.685078101784626e-05
23734.058320999873,5.019400902903694e-05
23740.066843999874,4.210677170496618e-05
23746.075366999874,8.588477847890602e-05
23752.083889999874,-1.9063471096473582e-05
23758.092412999875,-8.845118149791457e-05
23764.100935999875,-6.925580917132939e-05
23770.109458999876,-1.5448962973242813e-06
23776.117981999876,3.073133560393107e-05
23782.126504999873,-5.702845327445835e-05
23788.135027999873,-7.811472147856373e-05
23794.143550999874,5.210878007454737e-05
23800.152073999874,0.00010124794798448037
23806.160596999875,6.148728040560209e-05
23812.169119999875,6.261102459012209e-06
23818.177642999875,-2.3823475383014656e-05
23824.186165999872,3.274652772184105e-05
23830.194688999873,5.460577014219338e-05
23836.203211999873,-4.299836013703055e-05
23842.211734999873,3.178576434329121e-05
23848.220257999874,-5.430810199049088e-05
23854.228780999874,-2.118696109297954e-05
23860.237303999875,-1.532010434643919e-05
23866.245826999875,-1.7300358641831812e-05
23872.254349999876,-5.056950608568796e-05
23878.262872999872,3.369753973635739e-05
23884.271395999873,4.667933258804189e-05
23890.279918999873,1.3578338813441293e-05
23896.288441999874,1.0614874942742811e-05
23902.296964999874,-6.928680094161232e-05
23908.305487999874,7.888459651801054e-05
23914.314010999875,9.585410480433248e-06
23920.32253399987,-7.284865252658854e-06
23926.331056999872,5.7289691722638085e-05
23932.339579999873,1.0689501411901556e-05
23938.348102999873,-4.534478805501939e-05
23944.356625999873,2.76840597095384e-06
23950.365148999874,5.6511375763787526e-05
23956.373671999874,6.656253748345648e-05
23962.382194999875,5.228673738613108e-06
23968.390717999875,-2.0312050909613108e-05
23974.399240999872,7.271387086247093e-06
23980.407763999872,1.5026259906421753e-05
23986.416286999873,7.08584158734588e-05
23992.424809999873,0.00012389100499863594
23998.433332999874,-1.924832211922952e-05
24004.441855999874,-3.28742866610099e-05
24010.450378999874,-1.0283610069586721e-05
24016.45890199987,6.814473803468704e-05
24022.46742499987,9.82413726493032e-05
24028.475947999872,5.647080574809023e-05
24034.484470999872,0.0001348000863854687
24040.492993999873,2.6710037473466618e-05
24046.501516999873,4.11027229755958e-05
24052.510039999874,0.00010067072361657028
24058.518562999874,0.00013772485479260322
24064.527085999875,7.209378675871563e-05
24070.53560899987,8.471150095535163e-05
24076.54413199987,7.701653188397984e-05
24082.552654999872,7.375811164313268e-05
24088.561177999873,7.375811164313268e-05
24094.569700999873,5.546194239561235e-05
24100.578223999873,2.087394385501288e-05
24106.586746999874,1.7898616300403266e-05
24112.59526999987,6.379560711761551e-05
24118.60379299987,4.931131174524897e-05
24124.61231599987,2.5763367835200115e-05
24130.620838999872,-6.917983843995442e-05
24136.629361999872,-6.822849104654242e-05
24142.637884999873,2.1774500118503757e-06
24148.646407999873,9.381359863496247e-05
24154.654930999874,7.914710378524835e-05
24160.663453999874,3.676575113501278e-05
24166.67197699987,2.8413319036390297e-05
24172.68049999987,7.998116061076328e-06
24178.68902299987,3.8769745036018544e-05
24184.697545999872,2.6769033717132e-06
24190.706068999873,6.532730744109447e-05
24196.714591999873,8.04018294265792e-05
24202.723114999873,-2.111758111505072e-06
24208.73163799987,5.308804938676708e-05
24214.74016099987,8.352337465790322e-05
24220.74868399987,-8.254352521881285e-06
24226.75720699987,-3.801082267225405e-05
24232.765729999872,-8.97576206430852e-05
24238.774252999872,-4.2323345253383196e-05
24244.782775999873,2.452203145203085e-05
24250.791298999873,0.00013049077805555863
24256.799821999874,0.0001221657148798287
24262.80834499987,3.993132483780484e-05
24268.81686799987,3.3328077629573874e-05
24274.82539099987,3.670375085198884e-05
24280.83391399987,3.153366742380102e-05
24286.842436999872,2.845469253222386e-05
24292.850959999872,5.4228052910177795e-05
24298.859482999873,0.00011788317482917853
24304.86800599987,0.00011987519622271982
24310.87652899987,0.00012794851761659088
24316.88505199987,8.73920556097123e-06
24322.89357499987,7.580538434507508e-05
24328.90209799987,0.0001028723074351191
24334.91062099987,3.152257034138779e-05
24340.919143999872,6.342727835848756e-05
24346.927666999873,9.549878224438423e-05
24352.936189999873,8.853148158990163e-05
24358.94471299987,7.007638923184021e-05
24364.95323599987,6.935642512109834e-05
24370.96175899987,1.4251692246613098e-05
24376.97028199987,2.315991431717057e-05
24382.97880499987,8.280947862931159e-05
24388.987327999872,3.0086387226850746e-05
24394.995850999872,4.0549833163748585e-05
24401.00437399987,7.458575433819532e-05
24407.01289699987,4.1933489132393e-05
24413.02141999987,0.00012248805115370025
24419.02994299987,8.091896413843821e-05
24425.03846599987,-2.6833673621906592e-05
24431.04698899987,8.79152989802338e-07
24437.05551199987,7.916360282302537e-05
24443.064034999872,0.00012795488963807998
24449.072557999873,0.0001798431406434909
24455.08108099987,3.838187840155394e-05
24461.08960399987,7.477204900818039e-06
24467.09812699987,2.6521852013100303e-05
24473.10664999987,5.311868686357146e-07
24479.11517299987,1.4825342252586375e-07
24485.12369599987,1.5357822026296833e-05
24491.132218999872,-1.2715701230992377e-06
24497.14074199987,-1.2384444813480595e-05
24503.14926499987,7.745413169552901e-05
24509.15778799987,7.625097389363349e-05
24515.16631099987,4.127938789102051e-05
24521.17483399987,2.716353564864517e-05
24527.18335699987,6.302510730403023e-05
24533.19187999987,3.707842855643547e-05
24539.20040299987,4.6732635958203477e-05
24545.208925999872,9.901026360883339e-05
24551.21744899987,7.77138615216712e-05
24557.22597199987,6.00421101331034e-05
24563.23449499987,6.971157168517841e-05
24569.24301799987,0.00012696196714775978
24575.25154099987,0.0001344971680915756
24581.26006399987,3.847113576878026e-05
24587.26858699987,9.040483055416698e-05
24593.277109999868,0.00015880065501172228
24599.28563299987,0.00014251474610086856
24605.29415599987,7.726101201970789e-05
24611.30267899987,0.00011815240829959078
24617.31120199987,7.92383115920871e-05
24623.31972499987,0.00010730178911972288
24629.32824799987,9.599018515083785e-05
24635.33677099987,3.7992008736332395e-05
24641.34529399987,5.0870940558665944e-05
24647.35381699987,7.52715605244644e-05
24653.36233999987,5.56071535599062e-05
24659.37086299987,8.05537942137546e-05
24665.37938599987,7.803866006450669e-05
24671.38790899987,0.00013483345930463017
24677.39643199987,0.00019550948543628165
24683.40495499987,0.0001480602139537703
24689.413477999868,0.00010803508700782716
24695.422000999868,6.450131924750464e-05
24701.43052399987,0.00010340653461202248
24707.43904699987,7.630754761466856e-05
24713.44756999987,7.020642369085355e-05
24719.45609299987,0.00012007361512550504
24725.46461599987,8.539737394490391e-05
24731.47313899987,0.00011558301325072258
24737.48166199987,8.490394262664369e-05
24743.490184999868,5.8917602434089375e-05
24749.49870799987,5.717765559241431e-05
24755.50723099987,6.818940842229824e-05
24761.51575399987,7.807815254616054e-05
24767.52427699987,7.194612662956193e-05
24773.53279999987,5.3217578113721434e-05
24779.54132299987,4.774242823405613e-06
24785.549845999867,1.6488419518870355e-05
24791.558368999868,4.9952079387643356e-05
24797.566891999868,8.688176733803968e-05
24803.57541499987,0.0001031191831765546
24809.58393799987,4.895367736745809e-05
24815.59246099987,9.026149686502798e-05
24821.60098399987,6.069231163057946e-05
24827.60950699987,5.179524066906719e-05
24833.61802999987,0.00011703594973513988
24839.626552999867,0.0001245440262249829
24845.635075999868,9.048684493061063e-05
24851.643598999868,7.014292228948302e-05
24857.65212199987,6.441711461920051e-05
24863.66064499987,6.011432612506426e-05
24869.66916799987,8.672702754711716e-05
24875.67769099987,0.0001055759647942438
24881.686213999867,0.0001388913159397872
24887.694736999867,9.944217962822279e-05
24893.703259999867,9.86533696243066e-06
24899.711782999868,-5.378592512826561e-06
24905.72030599987,3.1300084129752317e-07
24911.72882899987,3.8574745498885104e-05
24917.73735199987,5.2256677784505444e-05
24923.74587499987,-1.6101054473984707e-05
24929.75439799987,-4.735728225473084e-05
24935.762920999867,5.0901071092080654e-05
24941.771443999867,2.3096981516135563e-05
24947.779966999868,6.8683596326868356e-06
24953.788489999868,4.001848509487546e-05
24959.79701299987,-4.893360602294251e-06
24965.80553599987,-4.655941207192845e-06
24971.81405899987,-4.6815853209261866e-05
24977.822581999866,9.7353186542555e-06
24983.831104999867,7.404069725935764e-05
24989.839627999867,8.265019341844747e-05
24995.848150999867,2.851663411383475e-05
25001.856673999868,-3.769774331733532e-05
25007.86519699987,5.5832547567932243e-05
25013.87371999987,0.0001120075703147056
25019.88224299987,9.950979289353476e-05
25025.89076599987,9.382628290137361e-05
25031.899288999866,8.561660754271273e-05
25037.907811999867,0.00012184036774678546
25043.916334999867,7.172094625948735e-05
25049.924857999868,-6.292513541928654e-06
25055.933380999868,2.5206649496432286e-05
25061.94190399987,9.30025982526442e-05
25067.95042699987,0.0001356502779894314
25073.958949999866,0.00014365332266489493
25079.967472999866,8.721059270426905e-05
25085.975995999866,1.525611679621289e-05
25091.984518999867,2.0669282717371142e-05
25097.993041999867,3.787956996591983e-05
25104.001564999868,7.4214699539174576e-06
25110.010087999868,1.9927941767612815e-05
25116.01861099987,1.8714193666276193e-05
25122.02713399987,1.6159964463632926e-05
25128.035656999866,3.0183868796368115e-05
25134.044179999866,-5.75368398117085e-06
25140.052702999867,6.182541258249365e-05
25146.061225999867,0.0001902595732776022
25152.069748999867,0.00015926208631933254
25158.078271999868,0.00018753243172696607
25164.08679499987,0.00014974591629634423
25170.095317999865,6.398204920989611e-05
25176.103840999865,0.00012913810543320857
25182.112363999866,0.00012494908423281518
25188.120886999866,4.604569143907199e-05
25194.129409999867,3.528153083012377e-05
25200.137932999867,0.00010542819410674582
25206.146455999868,7.515666059745877e-05
25212.154978999868,1.4478224935429369e-05
25218.16350199987,5.324477346797016e-05
25224.172024999865,3.8215462200868554e-05
25230.180547999866,5.675454397804629e-05
25236.189070999866,0.00014479863166342607
25242.197593999867,9.066934644738301e-05
25248.206116999867,6.892890423693567e-05
25254.214639999867,0.00011115413562871273
25260.223162999868,3.928733409983753e-05
25266.231685999865,-3.878409103224564e-05
25272.240208999865,-1.9231669856747513e-05
25278.248731999865,4.7077375776016705e-06
25284.257254999866,-1.8523463200849816e-05
25290.265777999866,-5.434446804746249e-05
25296.274300999867,-2.1160133776071442e-05
25302.282823999867,2.8719033555774147e-05
25308.291346999868,2.945021218255551e-06
25314.299869999868,1.895451980557168e-06
25320.308392999865,6.456943508586204e-05
25326.316915999865,3.8329386961326594e-05
25332.325438999866,9.867414635541368e-06
25338.333961999866,6.028010852431004e-06
25344.342484999866,-1.5057017557496984e-05
25350.351007999867,1.7862289199512837e-05
25356.359530999867,4.13695545275495e-05
25362.368053999864,4.7271477790689386e-05
25368.376576999864,8.39140022205807e-05
25374.385099999865,5.454850229858756e-05
25380.393622999865,-3.1570584759863593e-06
25386.402145999866,8.60521208684531e-06
25392.410668999866,5.3267735616166874e-05
25398.419191999867,3.839603428032094e-05
25404.427714999867,-2.0412534468138957e-05
25410.436237999867,2.6771332854716515e-05
25416.444760999864,0.00011353181633186866
25422.453283999865,0.00011861412114041573
25428.461806999865,5.4989739627533134e-05
25434.470329999865,5.694099218615658e-05
25440.478852999866,0.00016317620840372888
25446.487375999866,0.0001363363263095112
25452.495898999867,9.207468326767573e-05
25458.504421999864,7.701663947481347e-05
25464.512944999864,8.73312554610863e-05
25470.521467999864,9.373331947254521e-05
25476.529990999865,1.383050100889709e-05
25482.538513999865,1.9379266637940567e-05
25488.547036999866,9.222452935121087e-05
25494.555559999866,0.00015483996662837775
25500.564082999867,7.844782404959827e-05
25506.572605999867,8.072738927100218e-05
25512.581128999864,0.00011709068634036265
25518.589651999864,3.209070827341094e-05
25524.598174999865,5.263929053028123e-05
25530.606697999865,0.00013702333511985846
25536.615220999865,0.00013490452026633005
25542.623743999866,4.718543072769764e-05
25548.632266999866,1.58542584188583e-05
25554.640789999863,1.9152566213975285e-05
25560.649312999863,1.7748915252293215e-05
25566.657835999864,0.00011543036800655472
25572.666358999864,6.356316896640342e-05
25578.674881999865,-6.477147917585229e-06
25584.683404999865,9.12845054091849e-05
25590.691927999866,0.0001336751389551634
25596.700450999866,7.33272150477084e-05
25602.708973999866,3.936216569554941e-05
25608.717496999863,9.05066450348714e-05
25614.726019999864,9.702013001164032e-05
25620.734542999864,7.731183346697601e-05
25626.743065999864,0.0001151908939225403
25632.751588999865,0.00013987428431854856
25638.760111999865,0.00010058300607009811
25644.768634999866,0.0001305026103974468
25650.777157999863,0.00011564245997664903
25656.785680999863,2.02952861423873e-05
25662.794203999863,3.8057121520223665e-05
25668.802726999864,1.575144248622946e-05
25674.811249999864,-4.964273288277294e-06
25680.819772999865,6.414068777108752e-05
25686.828295999865,5.079473189028836e-05
25692.836818999865,4.023426525006868e-05
25698.845341999866,2.9915797224511715e-05
25704.853864999863,1.8120733351490133e-05
25710.862387999863,0.00011004270299235063
25716.870910999864,9.227162913288434e-05
25722.879433999864,0.00013337120739320362
25728.887956999864,0.00014417119301766615
25734.896479999865,9.665706922914106e-05
25740.905002999865,1.765052377322894e-05
25746.913525999862,2.555977222695112e-06
25752.922048999862,2.921058590093616e-05
25758.930571999863,9.041841411233741e-05
25764.939094999863,8.646678844974852e-05
25770.947617999864,6.386535909797882e-05
25776.956140999864,2.2017555944802685e-05
25782.964663999865,-3.610471421823712e-06
25788.973186999865,0.00011854117157315022
25794.981709999865,0.00013002801341494369
25800.990232999862,6.950980652493309e-05
25806.998755999863,6.835868334087478e-05
25813.007278999863,0.00012561448874148204
25819.015801999863,7.928681729106891e-05
25825.024324999864,0.0001178177377075389
25831.032847999864,7.371098105073917e-05
25837.041370999865,8.197166996401874e-05
25843.04989399986,8.999299424396289e-05
25849.058416999862,7.279662256542304e-05
25855.066939999862,5.4918421953276266e-05
25861.075462999863,9.532666598862251e-05
25867.083985999863,0.0001266437329068723
25873.092508999864,0.0001051410061483037
25879.101031999864,0.00016826704091101085
25885.109554999864,0.00011978517198463672
25891.118077999865,0.00011821543581128542
25897.12660099986,0.00013962090768543896
25903.135123999862,0.0001985395991340493
25909.143646999863,0.00013849854700297718
25915.152169999863,8.516152412423206e-05
25921.160692999863,9.477485706233335e-05
25927.169215999864,8.887646318689587e-05
25933.177738999864,6.34900795867654e-05
25939.18626199986,0.00014156131065868178
25945.19478499986,0.00015423425592672507
25951.203307999862,0.00013132442312474799
25957.211830999862,0.00018128567718063586
25963.220353999863,9.801242922875987e-05
25969.228876999863,0.00011578185090175675
25975.237399999864,0.00019743771175897333
25981.245922999864,0.0001996740003267542
25987.254445999864,0.00012186688175468689
25993.26296899986,8.892603509415746e-05
25999.27149199986,0.0001354479678832371
26005.280014999862,0.00015988269601469596
26011.288537999862,0.0001553655582420759
26017.297060999863,0.0001628147017399637
26023.305583999863,0.00016190050022043222
26029.314106999864,0.00019912988722686978
26035.32262999986,0.00016269485665232128
26041.33115299986,0.00018418439859126841
26047.33967599986,0.0001607716272291303
26053.34819899986,0.00019027303239282662
26059.356721999862,0.00012962453556510616
26065.365244999863,0.00014043592840072864
26071.373767999863,0.00014620136581931805
26077.382290999863,8.132087930324491e-05
26083.390813999864,9.144532929663396e-05
26089.39933699986,0.00013756873121714502
26095.40785999986,0.0001458830025506799
26101.41638299986,0.00014288222848035938
26107.424905999862,0.0001305227370905775
26113.433428999862,3.567521821511434e-05
26119.441951999863,0.00012572458651260377
26125.450474999863,4.8113172258667364e-05
26131.45899799986,-1.268849446271467e-05
26137.46752099986,-8.47715461576341e-06
26143.47604399986,-2.1069206060258027e-05
26149.48456699986,1.387144893909264e-05
26155.49308999986,2.625508226638956e-05
26161.501612999862,6.673333346277551e-05
26167.510135999863,8.87541020064253e-05
26173.518658999863,7.257836394921821e-05
26179.527181999863,9.219030638419782e-05
26185.53570499986,0.00010324049341293797
26191.54422799986,6.390843132903223e-06
26197.55275099986,-8.6686169643389e-06
26203.56127399986,2.789467387601525e-05
26209.569796999862,5.226930859922107e-05
26215.578319999862,2.6375251466197624e-05
26221.586842999863,2.856884662888016e-05
26227.59536599986,0.00010390099407468802
26233.60388899986,1.4113419574511867e-05
26239.61241199986,4.826690262812197e-05
26245.62093499986,2.1215303099700906e-05
26251.62945799986,6.797027409314616e-05
26257.63798099986,2.687225320497129e-05
26263.646503999862,7.442666147609235e-05
26269.655026999862,0.000112423593022121
26275.663549999863,7.927884912202002e-05
26281.67207299986,6.654048284938063e-05
26287.68059599986,1.9403255967466973e-05
26293.68911899986,-7.222243532409473e-05
26299.69764199986,1.6763812686247805e-05
26305.70616499986,6.478669097307623e-05
26311.71468799986,3.285074365244222e-05
26317.723210999862,6.243510454553592e-05
26323.73173399986,0.00011583270623762284
26329.74025699986,8.386527959216466e-05
26335.74877999986,9.066247472439378e-05
26341.75730299986,0.00014458945250387563
26347.76582599986,9.005269689361978e-05
26353.77434899986,-1.6694002050671688e-05
26359.78287199986,-3.939887478654183e-05
26365.791394999862,3.4044533243968134e-05
26371.799917999862,5.6105909318632984e-05
26377.80844099986,7.548408305039432e-05
26383.81696399986,-2.089274366207036e-05
26389.82548699986,-2.016970879395756e-05
26395.83400999986,4.715148670896665e-05
26401.84253299986,-2.9083151255739503e-05
26407.85105599986,-4.6600853089715806e-05
26413.85957899986,-1.3216576322481366e-05
26419.86810199986,2.185266698827873e-05
26425.87662499986,0.00011566191001047652
26431.88514799986,0.00010147766405390646
26437.89367099986,5.7775728582303565e-06
26443.90219399986,5.403308833522781e-05
26449.91071699986,1.0421732874914263e-05
26455.91923999986,3.0043954374919252e-05
26461.92776299986,8.617513420598013e-05
26467.936285999862,0.00013905687670244895
26473.94480899986,6.674096008063208e-05
26479.95333199986,0.00015565439487034974
26485.96185499986,0.00015794517077887592
26491.97037799986,0.0001713035314586217
26497.97890099986,0.0001601875860326862
26503.98742399986,8.257892596443511e-05
26509.99594699986,0.00011239662187726846
26516.004469999858,8.791368915925306e-05
26522.01299299986,4.404168535859604e-05
26528.02151599986,7.460943993970624e-05
26534.03003899986,9.26717611829865e-05
26540.03856199986,6.883592396868573e-05
26546.04708499986,0.00010510709353504971
26552.05560799986,0.0001264266588926547
26558.06413099986,2.9754345181179782e-05
26564.07265399986,7.734659132182942e-05
26570.081176999858,6.862781735540522e-05
26576.08969999986,4.150126781132767e-05
26582.09822299986,6.890352146488198e-05
26588.10674599986,0.00013198668038339855
26594.11526899986,8.721080743163386e-05
26600.12379199986,0.00019802950466031425
26606.13231499986,0.00018416595298486121
26612.140837999857,9.56165077243444e-05
26618.149360999858,4.50816556654301e-05
26624.15788399986,0.00015774363568176987
26630.16640699986,0.00016527515498224288
26636.17492999986,0.00016878131376165043
26642.18345299986,0.00013368616017961438
26648.19197599986,5.55931143717114e-05
26654.20049899986,5.636534642953092e-05
26660.20902199986,6.369572864008543e-05
26666.217544999858,8.589022319288843e-05
26672.226067999858,0.00016236968721400363
26678.23459099986,5.8527063007376366e-05
26684.24311399986,9.77085735343161e-05
26690.25163699986,0.00011321484623197855
26696.26015999986,0.00012950087768657717
26702.26868299986,0.0001826541811376068
26708.277205999857,0.000136394880312242
26714.285728999857,0.0001403048372853377
26720.294251999858,0.00012424275636450173
26726.30277499986,0.0001340420672973797
26732.31129799986,0.00013528151861971196
26738.31982099986,0.00013150543368865521
26744.32834399986,0.0002044089947850775
26750.33686699986,0.0001299894897699751
26756.34538999986,0.00013139437331203592
26762.353912999857,0.00020127217385644737
26768.362435999858,0.00019177623576805504
26774.370958999858,9.493903145909165e-05
26780.37948199986,0.00017017710242672453
26786.38800499986,0.00018239179781295487
26792.39652799986,0.00012765517539769844
26798.40505099986,0.00015857632841061588
26804.413573999856,0.00012302937741059513
26810.422096999857,0.00015198312128149083
26816.430619999857,0.00015257155764196554
26822.439142999858,0.00018722131277166415
26828.447665999858,0.00018867003143542639
26834.45618899986,0.0001646471340969489
26840.46471199986,0.0001652894185142994
26846.47323499986,0.00016759337576730405
26852.48175799986,0.00016044656837910156
26858.490280999857,0.00016827118105235852
26864.498803999857,0.0001191229077852538
26870.507326999857,0.0001223303622475338
26876.515849999858,0.00016323087163197145
26882.52437299986,0.00015317293598569344
26888.53289599986,0.00013215314760684396
26894.54141899986,0.00019021332610019427
26900.549941999856,0.00018610561866367906
26906.558464999856,0.00022848403457976794
26912.566987999857,0.00021086288920212922
26918.575510999857,0.0001046556202730068
26924.584033999858,4.8338351710725834e-05
26930.592556999858,9.852174649361872e-05
26936.60107999986,0.0001563912025250234
26942.60960299986,5.071809448100358e-05
26948.61812599986,0.00016191651116466508
26954.626648999856,0.00016184023057048004
26960.635171999857,0.00018701027486003885
26966.643694999857,0.00016108937647189048
26972.652217999857,0.00014788476611882494
26978.660740999858,0.00022872831920601019
26984.66926399986,0.00015214190608744174
26990.67778699986,0.0002470594973234802
26996.686309999855,0.0001833568016875002
27002.694832999856,0.00020833036491176932
27008.703355999856,0.00018571916897583489
27014.711878999857,0.0001878757589429789
27020.720401999857,0.00012415973626916962
27026.728924999858,0.00015545118627690793
27032.737447999858,0.00022168034167666326
27038.74597099986,0.0001753512289832878
27044.75449399986,0.00019578181692278402
27050.763016999856,0.00012628146083098053
27056.771539999856,0.00010908037791480312
27062.780062999856,0.00017054059922139476
27068.788585999857,0.0001678936109751333
27074.797108999857,5.35824827296067e-05
27080.805631999858,7.908598052631771e-05
27086.814154999858,0.00018366308808629675
27092.822677999855,0.00018486527409012789
27098.831200999855,0.00021512401223565658
27104.839723999856,0.00020116485926366552
27110.848246999856,0.00012107167241865843
27116.856769999857,0.00019325207301949877
27122.865292999857,0.0001381323965356907
27128.873815999857,0.00013440929610022699
27134.882338999858,0.00017135927268918438
27140.89086199986,0.00015992795701763325
27146.899384999855,0.00017078868089008388
27152.907907999856,0.00014414031101162502
27158.916430999856,0.00022985415274759911
27164.924953999856,0.0002624907249875378
27170.933476999857,0.0002921768340866463
27176.941999999857,0.0002359220731608775
27182.950522999858,0.00021553253226395125
27188.959045999854,0.00010895822610018661
27194.967568999855,5.138489253001678e-05
27200.976091999855,0.0001494524615316411
27206.984614999856,0.00016266438873614625
27212.993137999856,0.00010954999367765781
27219.001660999857,0.00013688693500215745
27225.010183999857,0.0001290651975555392
27231.018706999857,9.17444508121631e-05
27237.027229999858,0.0002556751009063739
27243.035752999855,0.00017797338638481601
27249.044275999855,0.00024233550183463262
27255.052798999855,0.00019065850655179345
27261.061321999856,0.00018510728905853912
27267.069844999856,0.0002091692885549841
27273.078367999857,0.00010410210079407219
27279.086890999857,0.00015612466543237345
27285.095413999854,0.00024721895530631897
27291.103936999854,0.00019993748370564845
27297.112459999855,0.00010738851936124415
27303.120982999855,4.526942410335504e-05
27309.129505999856,9.855364689837864e-05
27315.138028999856,9.335069510027633e-05
27321.146551999856,0.00016910931121137492
27327.155074999857,0.00011944017177977794
27333.163597999857,0.00018239570573557926
27339.172120999854,0.00021720447620521136
27345.180643999855,0.0002215134851967003
27351.189166999855,0.00014511117706862621
27357.197689999855,0.00018051152790788717
27363.206212999856,0.00010876551130369798
27369.214735999856,0.00022221512290196345
27375.223258999857,0.00023825387618626117
27381.231781999853,0.00016194568281369885
27387.240304999854,0.00012962501915683502
27393.248827999854,0.00018218895161514696
27399.257350999855,0.0001199092333309664
27405.265873999855,0.00010341152591188151
27411.274396999856,0.00010342699259589691
27417.282919999856,0.00011842198581543862
27423.291442999856,0.00016156931119768096
27429.299965999857,0.00010130926245627336
27435.308488999854,0.00010022109905205845
27441.317011999854,0.0001187819146098327
27447.325534999854,0.0002171682720014122
27453.334057999855,0.00017395359654186505
27459.342580999855,0.0002774159551892763
27465.351103999856,0.00023681928078431565
27471.359626999856,0.00020081373854150916
27477.368149999853,0.00021280666133175898
27483.376672999853,0.00023907650136153832
27489.385195999854,0.00016027450894936487
27495.393718999854,0.00017824394763222488
27501.402241999855,9.257438170789869e-05
27507.410764999855,0.0001403374386605724
27513.419287999855,0.0001527999082850395
27519.427810999856,0.00010361826733195006
27525.436333999856,0.00020521948872736072
27531.444856999853,0.00020354722086044709
27537.453379999853,0.0001980781993384333
27543.461902999854,0.00014544987309321626
27549.470425999854,3.053876001479127e-05
27555.478948999855,8.475058233090565e-05
27561.487471999855,8.223305192715047e-05
27567.495994999856,6.0849601492476736e-05
27573.504517999852,5.782506939661657e-05
27579.513040999853,0.00015418658115496454
27585.521563999853,9.877493185597304e-05
27591.530086999854,6.400717825216097e-05
27597.538609999854,2.9377705509159648e-05
27603.547132999855,0.00012783512513822194
27609.555655999855,0.00014039542554408502
27615.564178999855,0.00010625890404239906
27621.572701999856,0.00011966818660819089
27627.581224999853,9.397679495213321e-05
27633.589747999853,7.768810920363902e-05
27639.598270999853,3.0741016500887295e-05
27645.606793999854,7.139576581495777e-05
27651.615316999854,0.00010196108567671366
27657.623839999855,8.057724964945902e-05
27663.632362999855,6.669256014258317e-05
27669.640885999852,6.522470696719183e-05
27675.649408999852,7.321641680918126e-05
27681.657931999853,0.00013822312131604072
27687.666454999853,0.0001759496397731656
27693.674977999854,0.0001325590380800522
27699.683500999854,5.4898692827575186e-05
27705.692023999854,3.324906168471929e-05
27711.700546999855,7.224777396007784e-05
27717.709069999855,9.987176930150137e-05
27723.717592999852,6.170741515244887e-05
27729.726115999852,0.00010965393081469073
27735.734638999853,0.000114500691299167
27741.743161999853,2.7823923748471478e-05
27747.751684999854,3.238211314761059e-05
27753.760207999854,2.49666491159707e-05
27759.768730999855,6.679895679182241e-05
27765.77725399985,9.695348745825902e-05
27771.78577699985,0.00011484820650059609
27777.794299999852,6.60146806699052e-05
27783.802822999853,1.3815648799928762e-05
27789.811345999853,3.957718729151086e-05
27795.819868999853,4.271980702041379e-05
27801.828391999854,8.091831271773391e-05
27807.836914999854,0.00013230133519957156
27813.845437999855,0.00012452887387051496
27819.85396099985,8.572637620234523e-05
27825.862483999852,8.439132056035292e-05
27831.871006999852,0.00011904268482758226
27837.879529999853,0.0001151239200200946
27843.888052999853,7.975579071327998e-05
27849.896575999854,9.335454161934332e-05
27855.905098999854,8.459219015936671e-05
27861.91362199985,8.291712125472122e-05
27867.92214499985,8.862732636020025e-05
27873.93066799985,4.155162746839521e-05
27879.939190999852,5.592621812684129e-05
27885.947713999853,6.394330026155498e-05
27891.956236999853,7.467159090242868e-05
27897.964759999853,8.500045904893669e-05
27903.973282999854,9.013409699393413e-05
27909.981805999854,0.00010535575753724192
27915.99032899985,0.00016774149428766012
27921.99885199985,0.00011139780487058997
27928.007374999852,2.942753666172167e-05
27934.015897999852,8.743578693142484e-05
27940.024420999853,8.609442758399971e-05
27946.032943999853,4.548152041242303e-05
27952.041466999854,6.124309495148086e-05
27958.04998999985,4.2868910033494305e-05
27964.05851299985,-6.847628357637162e-06
27970.06703599985,8.632688676602289e-05
27976.07555899985,7.62917776714847e-05
27982.084081999852,7.754326486863476e-05
27988.092604999852,6.820797272185896e-05
27994.101127999853,5.2665302786902814e-05
28000.109650999853,5.7408974381671265e-05
28006.118173999854,0.00010463068299558326
28012.12669699985,7.498063855269725e-05
28018.13521999985,0.00010905467831026056
28024.14374299985,0.00011306460363891401
28030.15226599985,0.0001379773584240359
28036.160788999852,9.202941480482366e-05
28042.169311999853,3.232010554569669e-05
28048.177834999853,3.6843868161560104e-05
28054.18635799985,7.377856204831202e-05
28060.19488099985,9.036041703026173e-05
28066.20340399985,5.268092127810249e-05
28072.21192699985,6.223629038547629e-05
28078.22044999985,7.444007829085066e-05
28084.228972999852,1.6296701013281671e-06
28090.237495999852,1.4006686207852984e-05
28096.246018999853,2.185340722968088e-05
28102.254541999853,-8.782674494625444e-06
28108.26306499985,9.012844965776595e-06
28114.27158799985,7.606576319991779e-05
28120.28011099985,8.693766645796428e-05
28126.28863399985,1.9571382205893148e-05
28132.29715699985,1.0405735742845704e-05
28138.305679999852,2.966260019146036e-05
28144.314202999853,1.923104238132022e-05
28150.32272599985,5.002067706040892e-05
28156.33124899985,4.4285656048563355e-05
28162.33977199985,0.00014010682793994566
28168.34829499985,0.00010164864594546448
28174.35681799985,6.051635147847064e-05
28180.36534099985,-1.6570533723364528e-05
28186.373863999852,-7.534373323120932e-05
28192.382386999852,3.7913770033578243e-06
28198.390909999853,5.924117456456496e-05
28204.39943299985,9.17477806910634e-05
28210.40795599985,0.00010083676733185742
28216.41647899985,0.00011802506198414299
28222.42500199985,3.592630135676653e-05
28228.43352499985,4.7285525410715395e-05
28234.44204799985,1.5642571936684997e-05
28240.450570999852,-2.1971773639323285e-05
28246.45909399985,-7.697585246351862e-06
28252.46761699985,6.407124610569788e-05
28258.47613999985,6.310897853876618e-05
28264.48466299985,1.0168538056195364e-05
28270.49318599985,6.733389856442498e-05
28276.50170899985,7.825366487180983e-05
28282.51023199985,8.300801609491998e-05
28288.51875499985,9.071151815524074e-05
28294.527277999852,9.188182889052882e-05
28300.53580099985,3.891654211950709e-05
28306.54432399985,1.7355320645822095e-05
28312.55284699985,6.639397847543261e-05
28318.56136999985,5.841454781547254e-05
28324.56989299985,9.005340991736965e-05
28330.57841599985,0.00012602001573577454
28336.58693899985,6.277100932613462e-05
28342.59546199985,6.844304176981852e-05
28348.60398499985,0.00017770370583199642
28354.61250799985,0.00014556368961076116
28360.62103099985,0.00010373526412770081
28366.62955399985,0.0001281816467242305
28372.63807699985,0.0001603515305137468
28378.64659999985,0.00012271346753091878
28384.65512299985,0.00013393360694033933
28390.66364599985,0.00014535453900211103
28396.67216899985,9.030966333095789e-05
28402.68069199985,0.00010917034584704181
28408.68921499985,7.893121475687929e-05
28414.69773799985,8.889100513678713e-05
28420.70626099985,0.00010314550201690911
28426.71478399985,4.945196768602177e-05
28432.72330699985,6.147423453110024e-05
28438.731829999848,0.00010825893630756867
28444.74035299985,0.00011199931492781468
28450.74887599985,8.806587578578025e-05
28456.75739899985,9.84409828897587e-05
28462.76592199985,5.579454082550214e-05
28468.77444499985,1.3162361928405683e-05
28474.78296799985,8.087765669399301e-05
28480.79149099985,6.64730064467547e-05
28486.80001399985,1.6296701013281671e-06
28492.808536999848,2.230247243961136e-05
28498.81705999985,7.455998346434516e-05
28504.82558299985,8.597403161524443e-05
28510.83410599985,0.0001336104951660028
28516.84262899985,0.0001335403404549039
28522.85115199985,0.00014319841452304147
28528.85967499985,0.0001452940245383057
28534.868197999847,5.713853208779141e-05
28540.876720999848,1.1455316928014864e-05
28546.885243999848,8.014084876554007e-05
28552.89376699985,-1.1352637016485982e-05
28558.90228999985,1.279742736662916e-05
28564.91081299985,4.9280713984976226e-05
28570.91933599985,9.021019966781084e-05
28576.92785899985,9.351604715429688e-05
28582.93638199985,4.486734500465341e-05
28588.944904999847,1.1550825563815531e-05
28594.953427999848,8.176649412818946e-05
28600.96195099985,6.462201965624409e-05
28606.97047399985,4.799673836051544e-05
28612.97899699985,9.498333034519886e-05
28618.98751999985,0.0001147469920144393
28624.99604299985,7.765424900357301e-05
28631.004565999847,3.520547188720985e-05
28637.013088999847,-5.993297859733604e-06
28643.021611999848,2.667180906279678e-05
28649.030134999848,6.347420982594032e-05
28655.03865799985,6.939823036399255e-05
28661.04718099985,4.0091161646883886e-05
28667.05570399985,6.74593918476458e-05
28673.06422699985,7.072888765912763e-05
28679.07274999985,1.7510337172690528e-05
28685.081272999847,-5.26858400101987e-06
28691.089795999847,-6.986059155234947e-07
28697.098318999848,9.410523321339388e-06
28703.10684199985,-2.7566482259321508e-06
28709.11536499985,2.0748104616033083e-05
28715.12388799985,9.251045083468735e-05
28721.13241099985,7.383945544073966e-05
28727.140933999846,4.638438843914327e-05
28733.149456999847,4.807516974541405e-05
28739.157979999847,-4.6718158271579696e-05
28745.166502999848,1.9809232536413732e-05
28751.175025999848,3.0959853623674316e-05
28757.18354899985,4.8031237345374184e-05
28763.19207199985,4.6510440427147444e-05
28769.20059499985,1.3151952838331597e-05
28775.20911799985,6.456138245519466e-08
28781.217640999846,-2.3975043343105228e-05
28787.226163999847,-8.58466115064438e-05
28793.234686999847,-6.856941315471073e-05
28799.243209999848,-4.196705406308229e-05
28805.251732999848,-4.190814848384704e-05
28811.26025599985,2.0886415927087842e-05
28817.26877899985,-3.504725785186558e-06
28823.277301999846,8.51135266679507e-05
28829.285824999846,9.119108516866088e-05
28835.294347999847,-4.172712013997239e-06
28841.302870999847,4.8340831301362127e-05
28847.311393999847,-1.866104728343087e-05
28853.319916999848,-6.368946607711796e-05
28859.32843999985,-3.976198348540452e-05
28865.33696299985,4.440210398389191e-05
28871.34548599985,-1.128025502459484e-05
28877.354008999846,-5.7017958348023084e-05
28883.362531999846,1.9838025789696634e-05
28889.371054999847,5.1116407994354125e-05
28895.379577999847,4.4790315775592614e-05
28901.388100999848,-1.7324190480402165e-05
28907.396623999848,2.3567925281426965e-05
28913.40514699985,-6.944734539182667e-05
28919.413669999845,-1.041047111084647e-05
28925.422192999846,7.259033551471087e-05
28931.430715999846,1.3716667877941117e-05
28937.439238999847,2.2632159674112398e-06
28943.447761999847,2.5829384001426725e-05
28949.456284999847,2.982448063390318e-06
28955.464807999848,7.010727435696874e-05
28961.47333099985,4.655066708000363e-06
28967.48185399985,2.426459204788115e-06
28973.490376999845,-3.672965184941972e-05
28979.498899999846,-7.837342851796134e-05
28985.507422999846,1.4237690470070685e-05
28991.515945999847,1.5503137946525517e-05
28997.524468999847,-4.8658358488171196e-05
29003.532991999848,-7.750421552924821e-05
29009.541514999848,5.4240894653000455e-05
29015.550037999845,7.522761882961823e-06
29021.558560999845,3.6440177397147295e-05
29027.567083999846,-7.897245868881111e-05
29033.575606999846,3.11865544305028e-06
29039.584129999846,-3.640256632750868e-05
29045.592652999847,1.9120414607892188e-05
29051.601175999847,-6.34798201658306e-05
29057.609698999848,7.612653270765245e-05
29063.618221999848,-3.004842114377964e-05
29069.626744999845,-3.68511023433521e-05
29075.635267999845,6.769866656131629e-05
29081.643790999846,3.6428324448092915e-05
29087.652313999846,4.2858000151080796e-05
29093.660836999847,2.8882560605435563e-05
29099.669359999847,3.758648811239875e-05
29105.677882999847,-5.5035539936423775e-06
29111.686405999844,-8.015873126872881e-06
29117.694928999845,1.2751170569872436e-05
29123.703451999845,-5.205642429437357e-05
29129.711974999846,1.3163028735790285e-05
29135.720497999846,-8.904293047493607e-05
29141.729020999846,7.397534748514115e-05
29147.737543999847,-3.831092405477865e-05
29153.746066999847,2.648918583702109e-05
29159.754589999848,4.80725460630356e-05
29165.763112999844,0.00010325550362862257
29171.771635999845,1.7563653982847708e-05
29177.780158999845,-1.8576232136475362e-05
29183.788681999846,7.45897776897258e-05
29189.797204999846,-6.09466089210687e-06
29195.805727999847,-1.2583212704130237e-05
29201.814250999847,-2.159927448409917e-06
29207.822773999844,3.0350168799141385e-05
29213.831296999844,7.077512852791962e-06
29219.839819999845,3.835650521633776e-05
29225.848342999845,0.00010786184780845002
29231.856865999845,6.0068449013245084e-05
29237.865388999846,3.676574024230517e-05
29243.873911999846,9.548348902178244e-05
29249.882434999847,3.667433775601661e-05
29255.890957999847,1.1744460235986952e-05
29261.899480999844,7.081937121213299e-05
29267.908003999844,0.00010722413344347559
29273.916526999845,6.14474821149251e-05
29279.925049999845,4.7340591702506474e-05
29285.933572999846,6.710884931608471e-05
29291.942095999846,3.544032563400887e-05
29297.950618999846,2.7963685507318424e-05
29303.959141999843,-3.0571334122466025e-05
29309.967664999844,-3.182001266554453e-05
29315.976187999844,9.450546141777095e-05
29321.984710999845,9.089518063430091e-05
29327.993233999845,4.501711254234125e-05
29334.001756999845,-4.573812472020646e-05
29340.010279999846,-4.38978201237201e-05
29346.018802999846,4.273246042134901e-05
29352.027325999847,2.6032162654038114e-05
29358.035848999843,5.129705139088287e-05
29364.044371999844,0.00011070780175972619
29370.052894999844,7.873147471310777e-05
29376.061417999845,4.897839144162427e-05
29382.069940999845,7.980148506217735e-07
29388.078463999846,-1.9996499906366265e-05
29394.086986999846,2.5934710287500534e-05
29400.095509999843,5.3334469832702265e-05
29406.104032999843,0.0001221859428982403
29412.112555999844,1.2650799531490474e-05
29418.121078999844,6.37772707142026e-05
29424.129601999844,-5.0491788134495155e-05
29430.138124999845,2.160294849869666e-05
29436.146647999845,-1.006977369503809e-05
29442.155170999846,5.840766653131259e-05
29448.163693999846,-9.610105757670331e-05
29454.172216999843,-6.904604355875338e-05
29460.180739999843,-5.142966540932267e-06
29466.189262999844,-2.91129026325251e-06
29472.197785999844,2.3274587177066248e-06
29478.206308999845,-4.61630454540321e-05
29484.214831999845,-8.042580747468846e-05
29490.223354999845,-0.00010390055203395451
29496.231877999842,-4.514018171101937e-05
29502.240400999843,-3.5860365900812e-05
29508.248923999843,0.00010209424579824766
29514.257446999844,3.324252608040014e-05
29520.265969999844,-1.1210527889985672e-05
29526.274492999844,5.421846528226222e-05
29532.283015999845,2.6411818531483226e-05
29538.291538999845,5.729943747362613e-05
29544.300061999846,6.198534068740628e-05
29550.308584999842,6.946202957176105e-05
29556.317107999843,3.1956494537871487e-05
29562.325630999843,-2.497234318554769e-05
29568.334153999844,3.6355389435903156e-05
29574.342676999844,3.90073596819414e-05
29580.351199999845,0.0001073591776077299
29586.359722999845,0.00015337509303316144
29592.36824599984,0.0001224497878143564
29598.376768999842,8.494553590805671e-05
29604.385291999843,0.00015401222133824022
29610.393814999843,8.569270591882526e-05
29616.402337999843,8.824308668537626e-05
29622.410860999844,6.810558102889237e-05
29628.419383999844,0.00012817755724302791
29634.427906999845,0.0001852733235061127
29640.436429999845,0.0001592046822942092
29646.444952999842,0.00012316438170731142
29652.453475999842,0.00015968871548786427
29658.461998999843,0.0001300348745314102
29664.470521999843,0.00010609664847458433
29670.479044999844,0.00011538759497888656
29676.487567999844,0.00012241349821452439
29682.496090999844,6.433031031511012e-05
29688.50461399984,9.151968478234857e-05
29694.51313699984,9.572678423611414e-05
29700.521659999842,9.418065687859902e-05
29706.530182999843,5.916832151333375e-05
29712.538705999843,0.00014808324168750283
29718.547228999843,7.208314113276138e-05
29724.555751999844,1.6689244788314363e-05
29730.564274999844,0.00013768923088293677
29736.572797999845,3.568095002502143e-06
29742.58132099984,5.955045758173324e-06
29748.589843999842,2.5646344803267245e-05
29754.598366999842,2.16990805082263e-05
29760.606889999843,3.1372732900009084e-05
29766.615412999843,0.00018515829875201452
29772.623935999844,0.00018203349909763915
29778.632458999844,0.0001286787014949048
29784.64098199984,0.00019082441041663566
29790.64950499984,0.00018218147113710116
29796.65802799984,9.31241720750128e-05
29802.666550999842,1.9981237429604546e-05
29808.675073999842,0.00013907249617597437
29814.683596999843,8.450047834684691e-05
29820.692119999843,0.000171820822460658
29826.700642999844,6.314303348401754e-05
29832.709165999844,0.00011222348641086131
29838.71768899984,-2.182959555509653e-05
29844.72621199984,0.00010544525256241563
29850.73473499984,0.00012342301559816341
29856.743257999842,2.0262987907683376e-05
29862.751780999843,0.00015266989756140573
29868.760303999843,0.00012349649682794983
29874.768826999843,0.00013493798160179457
29880.77734999984,0.0001305008457729673
29886.78587299984,5.619043914823092e-05
29892.79439599984,0.00013177186644873002
29898.80291899984,0.0001309918278547273
29904.811441999842,8.453822404701493e-05
29910.819964999842,1.916005851386711e-05
29916.828487999843,0.00015459172348937937
29922.837010999843,0.00015479477198354716
29928.845533999844,8.081545864693946e-05
29934.85405699984,3.36460857946605e-05
29940.86257999984,3.4265788936554626e-05
29946.87110299984,0.00010351733594924616
29952.87962599984,-1.2929783808396162e-05
29958.888148999842,0.0001137416406032223
29964.896671999843,6.495820405645443e-05
29970.905194999843,2.4686950184902545e-05
29976.91371799984,6.378979291212528e-05
29982.92224099984,8.537606421660197e-05
29988.93076399984,3.7975234421197055e-05
29994.93928699984,0.0001234687646481594
30000.94780999984,4.343542783532118e-05
30006.956332999842,0.0001548277916799637
30012.964855999842,7.668071411528208e-05
30018.973378999843,0.0001742747767278606
30024.981901999843,0.00017356349286024562
30030.99042499984,0.00015660100997805929
30036.99894799984,6.699478386416603e-05
30043.00747099984,1.2181270384127145e-05
30049.01599399984,2.142751993581575e-05
30055.02451699984,6.693627234427827e-05
30061.033039999842,1.2460342102282405e-05
30067.041562999842,5.501893159498154e-05
30073.05008599984,3.195803878144423e-05
30079.05860899984,-3.661757140844849e-06
30085.06713199984,4.3956576067040326e-05
30091.07565499984,0.00015097389679133777
30097.08417799984,9.926550887260138e-05
30103.09270099984,9.704256011830295e-05
30109.10122399984,0.0001419236254713754
30115.109746999842,0.00014331397393825657
30121.118269999843,3.8303691974955535e-05
30127.12679299984,6.341776760793425e-05
30133.13531599984,0.0001403329345216969
30139.14383899984,0.00016381083158354865
30145.15236199984,8.524882708033539e-05
30151.16088499984,2.0585696989356767e-05
30157.16940799984,0.00011128350475062171
30163.177930999842,4.5237154629876646e-05
30169.18645399984,-0.00010029839192799186
30175.19497699984,2.7025969885890052e-05
30181.20349999984,7.411443318058259e-05
30187.21202299984,1.938287950108571e-05
30193.22054599984,6.166145094588201e-05
30199.22906899984,6.51760402788682e-05
30205.23759199984,7.537874064627881e-05
30211.24611499984,9.466995892055608e-05
30217.254637999842,5.6980637929874866e-05
30223.26316099984,6.323474951259553e-05
30229.27168399984,8.431767076609444e-05
30235.28020699984,3.4933787744809906e-05
30241.28872999984,0.00010206580496234233
30247.29725299984,9.522556488686803e-05
30253.30577599984,5.431811023434338e-05
30259.31429899984,0.00010969874535264997
30265.32282199984,-9.64242393518368e-06
30271.33134499984,3.1582925577449805e-05
30277.33986799984,8.191488196108056e-05
30283.34839099984,-1.88369533470222e-05
30289.35691399984,3.970580532722145e-05
30295.36543699984,8.112728109761701e-05
30301.37395999984,6.6410741892014e-05
30307.38248299984,8.075265283642363e-05
30313.39100599984,7.466907449988772e-05
30319.39952899984,3.1488180446731986e-05
30325.40805199984,-1.0803345421876178e-06
30331.41657499984,0.00014747283909114596
30337.42509799984,1.06958278062212e-05
30343.43362099984,3.1537891790062186e-05
30349.44214399984,6.108689885531566e-05
30355.45066699984,5.5861618401884184e-05
30361.459189999838,2.8019072445685864e-05
30367.467712999838,8.971414440679668e-05
30373.47623599984,0.0001129570262568161
30379.48475899984,8.679522139274672e-05
30385.49328199984,6.79028520201631e-05
30391.50180499984,5.5040853451101065e-05
30397.51032799984,0.0001984610680969178
30403.51885099984,5.5804285534845615e-05
30409.52737399984,7.943687214684192e-05
30415.535896999838,-3.453406417979881e-05
30421.54441999984,-3.0344427354627993e-05
30427.55294299984,-2.48806499366885e-05
30433.56146599984,8.967210601775193e-05
30439.56998899984,3.22677684128858e-05
30445.57851199984,-3.194516320606281e-05
30451.58703499984,0.000160923314927156
30457.595557999837,0.0001480442836070182
30463.604080999838,0.00018104545087951505
30469.612603999838,0.00016351929976731158
30475.62112699984,0.0001215422158462162
30481.62964999984,0.00013386136365543688
30487.63817299984,6.266787182392252e-05
30493.64669599984,4.4428966302624426e-05
30499.65521899984,4.197401068744797e-05
30505.66374199984,4.403558102550346e-05
30511.672264999837,0.00014173537830586668
30517.680787999838,1.415292094172903e-05
30523.68931099984,0.0001088496264734841
30529.69783399984,6.392728733527428e-05
30535.70635699984,0.0001693818089792869
30541.71487999984,5.474905673331231e-05
30547.72340299984,0.00014049002209193985
30553.731925999837,0.00012038695803332735
30559.740448999837,0.00016843726666885032
30565.748971999838,0.00021253241568938298
30571.757494999838,0.0001530419104016528
30577.76601799984,0.00013557299918903225
30583.77454099984,0.00016819672401150246
30589.78306399984,9.036276377848948e-05
30595.79158699984,7.501316754054976e-05
30601.80010999984,8.432932149735787e-05
30607.808632999837,0.0001249580930073615
30613.817155999837,4.87432030487169e-05
30619.825678999838,7.884187433158103e-05
30625.834201999838,0.0001447599847432086
30631.84272499984,0.0001626926133815362
30637.85124799984,9.322058159448518e-05
30643.85977099984,3.3143096639662145e-05
30649.868293999836,5.286044305371192e-05
30655.876816999837,5.473750040499203e-05
30661.885339999837,0.0001574866073251141
30667.893862999837,0.0001287000707267075
30673.902385999838,0.0001668227314639985
30679.91090899984,0.00021432199810782833
30685.91943199984,0.00020771956792168348
30691.92795499984,0.00015386710487248556
30697.93647799984,0.00013320671629956274
30703.945000999836,0.0001312132597787462
30709.953523999837,0.0001141828951681416
30715.962046999837,0.0002000169024204518
30721.970569999838,0.00020560707219135355
30727.979092999838,0.0001876974065120086
30733.98761599984,0.0002189385605933606
30739.99613899984,6.074424107240177e-05
30746.004661999836,0.0001369705072111795
30752.013184999836,0.00011996501274974494
30758.021707999837,0.0001563130173261539
30764.030230999837,0.0001652678929589526
30770.038753999837,0.00016479279284629172
30776.047276999838,6.020234273803202e-05
30782.05579999984,4.520399102823009e-05
30788.06432299984,0.00013971216559445493
30794.07284599984,9.762096915208208e-05
30800.081368999836,2.6136873792451933e-05
30806.089891999836,0.0001206860728973035
30812.098414999837,0.00011075709844980388
30818.106937999837,0.00011148955168664529
30824.115460999838,8.994631168350596e-05
30830.123983999838,6.729603801969853e-05
30836.13250699984,2.3539087227445786e-05
30842.141029999835,-8.825804722110262e-06
30848.149552999836,7.711209344730277e-05
30854.158075999836,5.046269903247867e-05
30860.166598999836,6.98542459497046e-05
30866.175121999837,0.00010929212965554564
30872.183644999837,3.363390885607077e-05
30878.192167999838,0.0001650588085720899
30884.200690999838,9.589264579507168e-05
30890.20921399984,0.0001495616667937424
30896.217736999835,0.00021301566479902252
30902.226259999836,0.00022279963429833736
30908.234782999836,0.00013167319122525564
30914.243305999837,4.514990902839197e-05
30920.251828999837,6.146012158748244e-05
30926.260351999837,2.4727240003912817e-05
30932.268874999838,6.493476604366364e-05
30938.277397999835,7.4456327282596e-05
30944.285920999835,0.00011349611287862908
30950.294443999835,7.141693143939711e-05
30956.302966999836,9.708609075039767e-05
30962.311489999836,8.899752346109245e-05
30968.320012999837,3.565370607794632e-05
30974.328535999837,4.9423430820895923e-05
30980.337058999838,1.901463468881418e-05
30986.345581999838,0.00012866489356806135
30992.354104999835,0.00019643408015371342
30998.362627999835,0.0001871038275197543
31004.371150999836,0.00023399241069464765
31010.379673999836,0.00014771940916059054
31016.388196999837,0.00010037591844373404
31022.396719999837,0.00015356440945017767
31028.405242999837,0.00013194378396170123
31034.413765999834,0.0001422035629906701
31040.422288999835,0.0001177135455486786
31046.430811999835,0.00012750948944981086
31052.439334999835,0.00011751022544208729
31058.447857999836,0.00013074408712550494
31064.456380999836,0.00010993553560383905
31070.464903999837,0.00010994163973687313
31076.473426999837,5.485848092414952e-05
31082.481949999838,7.720979529548748e-05
31088.490472999834,0.00018297840423348605
31094.498995999835,0.00015944648751504392
31100.507518999835,6.44550026170009e-05
31106.516041999836,4.150126781132767e-05
31112.524564999836,9.79054747673718e-05
31118.533087999836,0.00015301259206282564
31124.541610999837,8.599706483482913e-05
31130.550133999834,7.357087221919937e-05
31136.558656999834,9.845579408844575e-05
31142.567179999834,5.605308175075217e-05
31148.575702999835,0.00011264305915107514
31154.584225999835,5.797511917335629e-05
31160.592748999836,9.59258684225312e-05
31166.601271999836,0.00012727783308714625
31172.609794999837,0.00011774642748464121
31178.618317999837,0.00014392314038284108
31184.626840999834,0.00011763115246933795
31190.635363999834,5.862704410137033e-05
31196.643886999835,9.810152528623708e-05
31202.652409999835,7.848034004833543e-05
31208.660932999835,7.93314593515088e-05
31214.669455999836,0.00013001506138413376
31220.677978999836,0.00020417724125501208
31226.686501999833,0.000146414342824829
31232.695024999834,2.3523713612127355e-05
31238.703547999834,7.422168496212525e-05
31244.712070999834,0.0001345648351395423
31250.720593999835,0.00010670053304111242
31256.729116999835,0.00011796013753115948
31262.737639999836,0.00011706657230138322
31268.746162999836,2.1973845767690764e-05
31274.754685999837,8.479413273813426e-05
31280.763208999833,0.00011518471721390078
31286.771731999834,0.00011518471721390078
31292.780254999834,0.0001087539821432649
31298.788777999835,7.818556085187618e-05
31304.797300999835,4.6801708258850814e-05
31310.805823999835,2.6169604202281804e-05
31316.814346999836,6.52112453913762e-05
31322.822869999833,4.081405611542468e-06
31328.831392999833,5.0273132694770324e-05
31334.839915999833,4.958005057023685e-05
31340.848438999834,9.574119409021576e-05
31346.856961999834,6.191257892958456e-05
31352.865484999835,0.00010779578109444191
31358.874007999835,0.00011004473034696997
31364.882530999836,7.33240542678627e-05
31370.891053999836,0.00012378745440456875
31376.899576999833,4.318902190310967e-05
31382.908099999833,5.7277813933105506e-05
31388.916622999834,0.00013769657304541267
31394.925145999834,0.00011334456877341132
31400.933668999834,0.0001236486240294026
31406.942191999835,0.00013307126069126232
31412.950714999835,5.678268357005525e-05
