time_s,value
6.400994,835893664.0
12.409516999999969,835810039.1268294
18.418039999999937,835843325.0067006
24.426562999999906,835922902.7792803
30.435085999999874,835868508.7921815
36.44360899999984,835939636.5697191
42.45213199999981,835932061.9171708
48.460654999999775,835835115.1339223
54.469177999999744,835860320.1346371
60.47770099999971,835916335.904114
66.48622399999968,835868978.051917
72.49474699999965,835865840.3935382
78.50326999999962,835845531.1434119
84.51179299999959,835902280.2865571
90.52031599999955,835965896.4903104
96.52883899999952,835992933.5100318
102.53736199999949,835859228.9128057
108.54588499999946,835940876.9168513
114.55440799999943,835842893.0555493
120.5629309999994,835794567.3116065
126.57145399999936,835941904.4330612
132.57997699999933,835862871.2774688
138.5884999999993,835879789.9508137
144.59702299999927,835836873.5662111
150.60554599999924,835854455.6409076
156.6140689999992,835929599.2218274
162.62259199999917,835948998.0
168.63111499999914,835949109.7262037
174.6396379999991,835958301.5910405
180.64816099999908,835848306.7835579
186.65668399999905,835847998.0
192.66520699999901,835877329.4495258
198.67372999999898,835954334.7425057
204.68225299999895,835957399.7539712
210.69077599999892,835991506.0831083
216.6992989999989,835946745.0823681
222.70782199999886,835890861.6088244
228.71634499999882,835921149.9347535
234.7248679999988,835818727.7283849
240.73339099999876,835892161.4507339
246.74191399999873,835908660.4206724
252.7504369999987,835907528.9759153
258.7589599999987,835818655.0356107
264.76748299999866,835854200.7027256
270.77600599999863,835842513.9318492
276.7845289999986,835906973.726731
282.79305199999857,835881427.2670553
288.80157499999854,835821185.7087741
294.8100979999985,835835267.350495
300.8186209999985,835857575.1278228
306.82714399999844,835945264.9702336
312.8356669999984,835900308.7860136
318.8441899999984,835897774.3012604
324.85271299999835,835819532.7255579
330.8612359999983,835893907.9208969
336.8697589999983,835822070.0636811
342.87828199999825,835826274.7361678
348.8868049999982,835802811.3418304
354.8953279999982,835834366.9548941
360.90385099999816,835874918.701248
366.9123739999981,835852168.0173486
372.9208969999981,835801664.0
378.92941999999806,835801788.8328665
384.93794299999803,835838859.7402124
390.946465999998,835903865.9212229
396.95498899999797,835797482.7175832
402.96351199999793,835886524.0090486
408.9720349999979,835854526.0650718
414.98055799999787,835907309.3888986
420.98908099999784,835903295.6885489
426.9976039999978,835896673.24463
433.0061269999978,835835947.4835707
439.01464999999774,835875718.20978
445.0231729999977,835802327.0370986
451.0316959999977,835867060.9541395
457.04021899999765,835777205.2000982
463.0487419999976,835821359.1589636
469.0572649999976,835852630.3458879
475.06578799999755,835903069.0826266
481.0743109999975,835882859.1901948
487.0828339999975,835778631.740114
493.09135699999746,835919518.3130965
499.0998799999974,835909593.893377
505.1084029999974,835903423.5866449
511.11692599999736,835802343.0917362
517.1254489999973,835921107.548481
523.1339719999972,835760123.3252307
529.1424949999972,835768839.9932166
535.1510179999972,835861853.9722583
541.1595409999971,835823283.6427517
547.1680639999971,835867017.5303967
553.1765869999971,835838053.2424544
559.185109999997,835809331.0
565.193632999997,835808644.1430315
571.202155999997,835774583.8097312
577.210678999997,835803308.1292562
583.2192019999969,835854105.2556313
589.2277249999969,835785428.6347948
595.2362479999969,835736525.1868505
601.2447709999968,835821360.3072301
607.2532939999968,835786947.9148737
613.2618169999968,835816986.010597
619.2703399999967,835772355.7739433
625.2788629999967,835879637.1964148
631.2873859999967,835890775.4351805
637.2959089999966,835744968.4209557
643.3044319999966,835828381.7085661
649.3129549999966,835781330.2220087
655.3214779999965,835720358.2631367
661.3300009999965,835811423.0533614
667.3385239999965,835800763.7427516
673.3470469999965,835768408.5080358
679.3555699999964,835817340.008664
685.3640929999964,835785537.4354523
691.3726159999964,835826011.2404587
697.3811389999963,835848713.6224976
703.3896619999963,835840801.6483611
709.3981849999963,835875948.1352869
715.4067079999962,835852786.9632013
721.4152309999962,835868635.7634759
727.4237539999962,835877529.2403501
733.4322769999961,835853429.4818299
739.4407999999961,835867040.9810631
745.4493229999961,835869842.1775073
751.457845999996,835913101.0652443
757.466368999996,835887331.0
763.474891999996,835886327.6012884
769.483414999996,835842565.9857264
775.4919379999959,835811712.3954227
781.5004609999959,835815123.3612745
787.5089839999958,835879119.0190111
793.5175069999958,835826916.7283425
799.5260299999958,835848324.9346477
805.5345529999958,835772649.00719
811.5430759999957,835903203.2628478
817.5515989999957,835831556.8634031
823.5601219999957,835910769.8946252
829.5686449999956,835923734.486245
835.5771679999956,835843407.9043008
841.5856909999956,835845897.8323073
847.5942139999955,835845683.3012382
853.6027369999955,835941004.7841655
859.6112599999955,835907834.5528127
865.6197829999954,835844855.4508362
871.6283059999954,835888202.0253155
877.6368289999954,835875315.6073048
883.6453519999953,835882589.6535572
889.6538749999953,835837338.0560153
895.6623979999953,835901602.5953705
901.6709209999952,835918185.7675425
907.6794439999952,835893655.3693599
913.6879669999952,835811725.6784478
919.6964899999952,835854200.2953501
925.7050129999951,835876131.5031567
931.7135359999951,835906221.0257303
937.722058999995,835948642.8132298
943.730581999995,835804857.938408
949.739104999995,835909998.0
955.747627999995,835911089.8085126
961.7561509999949,835945244.0832342
967.7646739999949,835918249.6507609
973.7731969999949,835838988.0998876
979.7817199999948,835949553.1519703
985.7902429999948,835829623.6608002
991.7987659999948,835906690.8119595
997.8072889999947,835829669.0927083
1003.8158119999947,835924044.3325924
1009.8243349999947,835838959.7287679
1015.8328579999946,835866670.551425
1021.8413809999946,835766828.4961021
1027.8499039999947,835817457.5254474
1033.8584269999947,835837553.195545
1039.8669499999946,835891245.691948
1045.8754729999946,835839518.3135433
1051.8839959999946,835853858.4068233
1057.8925189999945,835778580.507117
1063.9010419999945,835816470.8505638
1069.9095649999945,835812156.7143983
1075.9180879999944,835804250.2447133
1081.9266109999944,835857595.3096393
1087.9351339999944,835879351.589058
1093.9436569999943,835818456.2216257
1099.9521799999943,835773540.4516208
1105.9607029999943,835880672.776742
1111.9692259999943,835809196.7146854
1117.9777489999942,835848206.4552107
1123.9862719999942,835872482.3602346
1129.9947949999942,835881069.6759404
1136.0033179999941,835856780.1176361
1142.011840999994,835902331.0
1148.020363999994,835900481.6467797
1154.028886999994,835853502.7167894
1160.037409999994,835861318.8957573
1166.045932999994,835946934.7536079
1172.054455999994,835917195.7702073
1178.062978999994,835804468.8133992
1184.0715019999939,835873066.7657416
1190.0800249999938,835899394.0511702
1196.0885479999938,835928988.4806842
1202.0970709999938,835866806.7534603
1208.1055939999937,835837420.7635785
1214.1141169999937,835772642.3457258
1220.1226399999937,835862499.0052581
1226.1311629999936,835879882.5148042
1232.1396859999936,835887465.9359752
1238.1482089999936,835828629.5683893
1244.1567319999936,835851376.5348922
1250.1652549999935,835815189.3090246
1256.1737779999935,835815556.4337565
1262.1823009999935,835764104.1930052
1268.1908239999934,835835619.2773522
1274.1993469999934,835846899.944444
1280.2078699999934,835861702.8054594
1286.2163929999933,835858628.170701
1292.2249159999933,835799790.1907097
1298.2334389999933,835784125.4008075
1304.2419619999932,835825417.3758328
1310.2504849999932,835827869.3482658
1316.2590079999932,835845442.2718376
1322.2675309999931,835850625.3179479
1328.276053999993,835836664.0
1334.284576999993,835842253.9086694
1340.293099999993,835913095.7856954
1346.301622999993,835893528.6321476
1352.310145999993,835893196.915486
1358.318668999993,835862829.2906953
1364.327191999993,835905722.1449788
1370.335714999993,835925601.7460473
1376.3442379999929,835961844.7346345
1382.3527609999928,835910926.4420025
1388.3612839999928,835939877.0346885
1394.3698069999928,835858130.3155657
1400.3783299999927,835817553.3688563
1406.3868529999927,835903170.0694946
1412.3953759999927,835956832.983388
1418.4038989999926,835862140.7142798
1424.4124219999926,835911214.1979927
1430.4209449999926,835925490.4966443
1436.4294679999925,835946387.6050532
1442.4379909999925,835910492.5284655
1448.4465139999925,835843243.559497
1454.4550369999924,835908273.245415
1460.4635599999924,835821719.3700054
1466.4720829999924,835856749.3060911
1472.4806059999923,835894967.2565185
1478.4891289999923,835836330.8197212
1484.4976519999923,835778852.763267
1490.5061749999923,835802354.503132
1496.5146979999922,835852192.3386693
1502.5232209999922,835892860.9095194
1508.5317439999922,835857706.0133455
1514.5402669999921,835839664.0
1520.548789999992,835848430.6117239
1526.557312999992,835907818.0907855
1532.565835999992,835846470.6595733
1538.574358999992,835833013.6920165
1544.582881999992,835831618.7750162
1550.591404999992,835917912.0768303
1556.599927999992,835846766.2990404
1562.6084509999919,835876479.7778612
1568.6169739999918,835901367.2295691
1574.6254969999918,835813928.1778055
1580.6340199999918,835835584.2580764
1586.6425429999917,835801664.0
1592.6510659999917,835809653.7192588
1598.6595889999917,835859828.5937096
1604.6681119999917,835850260.7494066
1610.6766349999916,835860656.5330654
1616.6851579999916,835840993.7582669
1622.6936809999916,835865723.4751225
1628.7022039999915,835790018.9341109
1634.7107269999915,835837362.3135617
1640.7192499999915,835768224.3665249
1646.7277729999914,835823176.3219578
1652.7362959999914,835851789.9866648
1658.7448189999914,835833769.3553016
1664.7533419999913,835820431.8066306
1670.7618649999913,835842761.6425596
1676.7703879999913,835832300.3089877
1682.7789109999912,835786452.7782772
1688.7874339999912,835877255.3395557
1694.7959569999912,835810373.1104509
1700.8044799999911,835827331.0
1706.813002999991,835830212.1097864
1712.821525999991,835839702.3108125
1718.830048999991,835800340.9072882
1724.838571999991,835769668.0252922
1730.847094999991,835767706.5585655
1736.855617999991,835857385.5786357
1742.864140999991,835879278.7316966
1748.872663999991,835901453.6801566
1754.8811869999909,835862559.5645219
1760.8897099999908,835834273.2306476
1766.8982329999908,835841152.9425464
1772.9067559999908,835804735.3314037
1778.9152789999907,835806667.4025035
1784.9238019999907,835839265.4321756
1790.9323249999907,835869158.0946529
1796.9408479999906,835827966.5108327
1802.9493709999906,835756360.3664485
1808.9578939999906,835791708.1197103
1814.9664169999905,835839941.7870259
1820.9749399999905,835788391.7489578
1826.9834629999905,835816461.4627295
1832.9919859999904,835838075.0460153
1839.0005089999904,835851066.9495947
1845.0090319999904,835839853.4594076
1851.0175549999904,835861584.0192926
1857.0260779999903,835871340.2440194
1863.0346009999903,835873880.5024538
1869.0431239999903,835891038.7787031
1875.0516469999902,835840976.6414107
1881.0601699999902,835763469.5029893
1887.0686929999902,835701664.0
1893.0772159999901,835714459.3537203
1899.08573899999,835789790.8314028
1905.09426199999,835849249.1315978
1911.10278499999,835811338.467311
1917.11130799999,835841202.5285649
1923.11983099999,835866112.8321598
1929.12835399999,835849927.3720198
1935.13687699999,835870966.267223
1941.1453999999899,835849021.1377271
1947.1539229999898,835871514.6794298
1953.1624459999898,835814628.5807264
1959.1709689999898,835841633.5490644
1965.1794919999898,835841275.8434159
1971.1880149999897,835902490.6218444
1977.1965379999897,835886785.2607064
1983.2050609999897,835906668.3533525
1989.2135839999896,835859925.2845846
1995.2221069999896,835919000.4346071
2001.2306299999896,835871231.3819818
2007.2391529999895,835915723.5994308
2013.2476759999895,835908110.3936256
2019.2561989999895,835864857.1865549
2025.2647219999894,835840791.9691905
2031.2732449999894,835871289.0590944
2037.2817679999894,835847495.5129855
2043.2902909999893,835903698.2396017
2049.2988139999893,835896893.520588
2055.3073369999893,835847308.8362451
2061.3158599999892,835808483.3192767
2067.324382999989,835874625.8684312
2073.332905999989,835880323.1711502
2079.341428999989,835893331.0
2085.349951999989,835893453.1534039
2091.358474999989,835898447.6808003
2097.366997999989,835910726.7721711
2103.375520999989,835876664.0
2109.384043999989,835885994.0020436
2115.392566999989,835931492.2695607
2121.401089999989,835934651.2447227
2127.409612999989,835886815.8923005
2133.418135999989,835905238.6354356
2139.426658999989,835891829.6934168
2145.435181999989,835849530.5583708
2151.4437049999888,835875680.6960758
2157.4522279999887,835823255.3693528
2163.4607509999887,835837787.8166643
2169.4692739999887,835818238.51127
2175.4777969999886,835811451.2653478
2181.4863199999886,835840897.3796493
2187.4948429999886,835861164.1324005
2193.5033659999885,835817534.6792265
2199.5118889999885,835843646.0199834
2205.5204119999885,835835126.2679111
2211.5289349999885,835858137.8418806
2217.5374579999884,835852553.5182576
2223.5459809999884,835864865.1509043
2229.5545039999884,835880793.1559626
2235.5630269999883,835797620.5043342
2241.5715499999883,835822183.8131876
2247.5800729999883,835845103.2125732
2253.5885959999882,835829592.6157469
2259.597118999988,835846212.8654482
2265.605641999988,835891642.9419545
2271.614164999988,835878918.5834984
2277.622687999988,835866664.0
2283.631210999988,835870040.4568903
2289.639733999988,835883391.8933995
2295.648256999988,835862789.7158952
2301.656779999988,835812872.8913506
2307.665302999988,835854966.3702024
2313.673825999988,835868545.4776893
2319.682348999988,835938302.1889372
2325.690871999988,835963288.6143309
2331.699394999988,836012253.256672
2337.707917999988,835919648.721386
2343.7164409999878,835941841.4786122
2349.7249639999877,835964725.6884301
2355.7334869999877,835955959.2873635
2361.7420099999877,835980000.7802007
2367.7505329999876,835890751.8374571
2373.7590559999876,835889664.0
2379.7675789999876,835891889.1867492
2385.7761019999875,835892666.5817145
2391.7846249999875,835872192.4689497
2397.7931479999875,835942490.9331409
2403.8016709999874,835910131.4425253
2409.8101939999874,835994705.6728046
2415.8187169999874,835878666.675364
2421.8272399999873,835894840.6958036
2427.8357629999873,835931845.7260692
2433.8442859999873,835954036.7629311
2439.8528089999872,835956090.9803942
2445.861331999987,835916649.9806852
2451.869854999987,835870176.1323801
2457.878377999987,835936216.4291486
2463.886900999987,835870192.4292942
2469.895423999987,835878331.0
2475.903946999987,835882820.220086
2481.912469999987,835907079.1983033
2487.920992999987,835909664.0
2493.929515999987,835920699.8469508
2499.938038999987,835911244.1921756
2505.946561999987,835897091.0847744
2511.955084999987,835915938.7292966
2517.963607999987,835928535.5614402
2523.972130999987,835929820.4289627
2529.9806539999868,835892399.7068752
2535.9891769999867,835887974.248032
2541.9976999999867,835903021.3520496
2548.0062229999867,835889545.9842038
2554.0147459999866,835940886.9610302
2560.0232689999866,835883550.4805768
2566.0317919999866,835841113.0533818
2572.0403149999865,835812648.0120535
2578.0488379999865,835836085.9740968
2584.0573609999865,835920988.0206723
2590.0658839999865,835846686.8494681
2596.0744069999864,835883369.6504637
2602.0829299999864,835932441.5463247
2608.0914529999864,835854184.6907907
2614.0999759999863,835921862.1678624
2620.1084989999863,835907171.7715927
2626.1170219999863,835920661.2382183
2632.1255449999862,835906355.7211391
2638.134067999986,835909551.0908027
2644.142590999986,835914721.9402356
2650.151113999986,835972774.2565222
2656.159636999986,836024604.2667155
2662.168159999986,835906635.5133768
2668.176682999986,835911901.1766665
2674.185205999986,835928988.3904129
2680.193728999986,835853520.0094784
2686.202251999986,835876215.7399217
2692.210774999986,835899745.172688
2698.219297999986,835828554.1547873
2704.227820999986,835942949.3385819
2710.236343999986,835921438.7979708
2716.244866999986,835914430.1786427
2722.2533899999858,835897023.2835212
2728.2619129999857,835896586.8819208
2734.2704359999857,835943547.0920978
2740.2789589999857,835976369.6031095
2746.2874819999856,835895726.944629
2752.2960049999856,835851042.3421898
2758.3045279999856,835944958.5400655
2764.3130509999855,835900328.9296923
2770.3215739999855,835902757.6612912
2776.3300969999855,835928013.4989096
2782.3386199999854,835921900.4019508
2788.3471429999854,835950756.5131521
2794.3556659999854,835863332.3652896
2800.3641889999853,835924023.8133616
2806.3727119999853,835915755.0980872
2812.3812349999853,835880845.5920162
2818.3897579999852,835853843.1865556
2824.398280999985,835908101.544894
2830.406803999985,835810846.483913
2836.415326999985,835896732.1658977
2842.423849999985,835866771.355417
2848.432372999985,835946549.3957402
2854.440895999985,835855095.3729086
2860.449418999985,835846006.3457745
2866.457941999985,835845998.0
2872.466464999985,835858865.1219419
2878.474987999985,835833536.0528221
2884.483510999985,835899064.2179995
2890.492033999985,835858432.1534452
2896.500556999985,835870611.9096844
2902.509079999985,835879038.0862662
2908.517602999985,835846133.0272858
2914.5261259999847,835931021.1069727
2920.5346489999847,835929154.4978237
2926.5431719999847,835929171.7993016
2932.5516949999846,835874455.5048993
2938.5602179999846,835888052.2485502
2944.5687409999846,835895526.795534
2950.5772639999846,835878066.1930486
2956.5857869999845,835925033.3645859
2962.5943099999845,835862236.4845499
2968.6028329999845,835890766.3629001
2974.6113559999844,835889550.6025883
2980.6198789999844,835958624.9370517
2986.6284019999844,835947400.5807428
2992.6369249999843,835954749.2418051
2998.6454479999843,835885170.9011438
3004.6539709999843,835902874.9307427
3010.6624939999842,835859328.1198504
3016.671016999984,835875199.6927495
3022.679539999984,835863386.7061563
3028.688062999984,835848297.522203
3034.696585999984,835862912.9760299
3040.705108999984,835856345.6016403
3046.713631999984,835913796.765505
3052.722154999984,835953826.485424
3058.730677999984,835956631.0
3064.739200999984,835914977.1401125
3070.747723999984,835959628.8561728
3076.756246999984,835878111.6509318
3082.764769999984,835878031.0397199
3088.773292999984,835833611.5560249
3094.781815999984,835853696.6570796
3100.7903389999838,835869893.0247374
3106.7988619999837,835886171.8430381
3112.8073849999837,835833071.0173677
3118.8159079999837,835883706.5002952
3124.8244309999836,835943597.6912316
3130.8329539999836,835885135.0809133
3136.8414769999836,835949299.315057
3142.8499999999835,835916586.126246
3148.8585229999835,835866240.3208857
3154.8670459999835,835913876.5970505
3160.8755689999834,835951146.449463
3166.8840919999834,835984456.8534611
3172.8926149999834,836026466.8937079
3178.9011379999833,835914017.9047022
3184.9096609999833,835934906.2656876
3190.9181839999833,835984398.9677901
3196.9267069999833,835933243.4069335
3202.935229999983,835899027.5245357
3208.943752999983,835965767.0240333
3214.952275999983,835929875.8913441
3220.960798999983,835889913.8535993
3226.969321999983,835854255.8460834
3232.977844999983,835884744.9857453
3238.986367999983,835886900.7927293
3244.994890999983,835847165.2277468
3251.003413999983,835881146.7850407
3257.011936999983,835884998.0
3263.020459999983,835901582.9015135
3269.028982999983,835863876.4511149
3275.037505999983,835953082.3830186
3281.046028999983,835946975.6271181
3287.054551999983,835946590.9698544
3293.0630749999827,836015259.3079945
3299.0715979999827,835983180.5184438
3305.0801209999827,835992114.1906776
3311.0886439999827,835934715.5320537
3317.0971669999826,835926884.9304451
3323.1056899999826,835999225.2773083
3329.1142129999826,835966411.4998318
3335.1227359999825,835894071.3170028
3341.1312589999825,835927222.244613
3347.1397819999825,835992101.8199967
3353.1483049999824,835981275.2442846
3359.1568279999824,835927869.4395711
3365.1653509999824,835926389.6716768
3371.1738739999823,835966773.5739894
3377.1823969999823,835893528.7270999
3383.1909199999823,835869857.2909256
3389.1994429999822,835956958.0551023
3395.207965999982,835939109.3337443
3401.216488999982,835860984.8404238
3407.225011999982,835952355.5463393
3413.233534999982,835916080.8697371
3419.242057999982,835942532.7359018
3425.250580999982,835946506.7424985
3431.259103999982,835954605.3390118
3437.267626999982,835992484.6850337
3443.276149999982,835989063.8490244
3449.284672999982,835980882.5434221
3455.293195999982,835979931.0
3461.301718999982,835972270.707306
3467.310241999982,835928815.9827856
3473.318764999982,835943495.8999032
3479.3272879999818,835923590.8893863
3485.3358109999817,835918602.2412766
3491.3443339999817,835921683.8613489
3497.3528569999817,835992818.9561566
3503.3613799999816,835945903.3654685
3509.3699029999816,835914535.5093936
3515.3784259999816,835903631.9942065
3521.3869489999815,835985549.9095758
3527.3954719999815,835988512.3689442
3533.4039949999815,835979340.3284419
3539.4125179999814,835935192.5374063
3545.4210409999814,835981889.4729604
3551.4295639999814,835943696.8493272
3557.4380869999814,835915395.3306923
3563.4466099999813,835991823.8638581
3569.4551329999813,835915347.4256817
3575.4636559999813,835986168.6574717
3581.472178999981,835994960.842373
3587.480701999981,835905596.8608459
3593.489224999981,835878615.2675282
3599.497747999981,835879039.3291142
3605.506270999981,835908088.7823423
3611.514793999981,835877386.9810199
3617.523316999981,835841303.6852077
3623.531839999981,835967990.8607088
3629.540362999981,835921883.4945706
3635.548885999981,835965424.8011273
3641.557408999981,835940855.5987995
3647.565931999981,835955290.8670835
3653.574454999981,835985205.771916
3659.582977999981,835923209.0403436
3665.591500999981,835961972.3759134
3671.6000239999807,835977140.7548487
3677.6085469999807,835893968.2857348
3683.6170699999807,835995780.122725
3689.6255929999807,836027597.2541981
3695.6341159999806,835966205.612056
3701.6426389999806,835983932.4355671
3707.6511619999806,835945939.298421
3713.6596849999805,836046613.6496395
3719.6682079999805,836035725.3191721
3725.6767309999805,835991593.9446745
3731.6852539999804,836038375.7439986
3737.6937769999804,835925713.8008698
3743.7022999999804,835983038.7374309
3749.7108229999803,836053330.8825158
3755.7193459999803,836012870.8504109
3761.7278689999803,835983020.6673353
3767.7363919999802,835995263.6815968
3773.74491499998,835932858.2329627
3779.75343799998,835892374.1284204
3785.76196099998,835915764.1754789
3791.77048399998,835942577.6888387
3797.77900699998,835910328.0277094
3803.78752999998,835878123.013823
3809.79605299998,835869079.4637073
3815.80457599998,835900564.0016811
3821.81309899998,835889173.3729331
3827.82162199998,835872836.3490222
3833.83014499998,836001628.074005
3839.83866799998,836008299.279673
3845.84719099998,836028178.5880791
3851.85571399998,835957677.1282601
3857.8642369999798,835954435.5771464
3863.8727599999797,835933192.494556
3869.8812829999797,835921167.1926137
3875.8898059999797,835907323.6414605
3881.8983289999796,835970858.7841946
3887.9068519999796,835979328.7114903
3893.9153749999796,835935872.463969
3899.9238979999795,836007739.8099544
3905.9324209999795,835932908.9550105
3911.9409439999795,835881976.0174077
3917.9494669999794,835942846.2146529
3923.9579899999794,835916915.0096818
3929.9665129999794,835912098.511959
3935.9750359999794,835890829.3177592
3941.9835589999793,835956468.8396536
3947.9920819999793,835993651.778114
3954.0006049999793,836008587.0528498
3960.0091279999792,836011835.3455535
3966.017650999979,835982458.1587448
3972.026173999979,835988158.8076956
3978.034696999979,835913865.0595984
3984.043219999979,835872276.8694875
3990.051742999979,835908263.28562
3996.060265999979,835913779.1934565
4002.068788999979,835958223.2897147
4008.077311999979,835915550.3386996
4014.085834999979,835905722.2370414
4020.094357999979,835957092.8828492
4026.102880999979,835854678.3983499
4032.111403999979,835956814.8902997
4038.119926999979,835987528.2061821
4044.128449999979,835885198.5431374
4050.1369729999788,835959814.3376068
4056.1454959999787,836009333.7124214
4062.1540189999787,835899860.2845778
4068.1625419999787,835893932.113134
4074.1710649999786,835955234.4405216
4080.1795879999786,835819867.3886763
4086.1881109999786,835845962.7293891
4092.1966339999785,835899296.7389843
4098.2051569999785,836021349.380687
4104.213679999978,835905511.0740464
4110.2222029999775,835889034.9589273
4116.230725999978,836005639.1557055
4122.239248999978,836007130.7740058
4128.247771999978,835923089.9952246
4134.256294999977,835939521.6149497
4140.264817999978,835967444.6199586
4146.273340999978,835978838.0458049
4152.281863999978,835896400.7710971
4158.290386999977,835967763.7100426
4164.298909999978,835957455.7180972
4170.307432999978,836028618.6032778
4176.315955999978,836020673.5205659
4182.324478999977,836029131.6931666
4188.333001999978,835997541.2439882
4194.341524999978,835934095.3619947
4200.3500479999775,835951676.1038065
4206.358570999977,835961170.1397754
4212.367093999977,835975049.646182
4218.375616999978,835928416.7526475
4224.384139999977,835866856.5419322
4230.392662999977,835859998.0
4236.401185999977,835965561.6587683
4242.409708999978,835935086.8641846
4248.418231999977,835958667.6205734
4254.426754999977,836023398.9446465
4260.435277999977,835908342.1942455
4266.443800999978,835902075.040115
4272.452323999977,835934700.6774035
4278.460846999977,835930199.5992733
4284.469369999977,835882769.6726865
4290.4778929999775,835901197.2316475
4296.486415999977,835905994.4392805
4302.4949389999765,835918494.8796399
4308.503461999977,835979407.3315357
4314.511984999977,836025912.1692276
4320.520507999977,835999526.7648892
4326.529030999976,835866884.4429103
4332.537553999977,835881446.3356924
4338.546076999977,835899893.0612897
4344.554599999977,835941306.0900964
4350.563122999976,835977983.797423
4356.571645999977,835927424.0333389
4362.580168999977,835996543.443507
4368.588691999977,835899930.531029
4374.597214999976,835947312.7062625
4380.605737999977,835977722.0424876
4386.614260999977,835898003.2180885
4392.6227839999765,835966750.6098499
4398.631306999976,836010507.5673186
4404.639829999976,835884262.1858405
4410.648352999977,835976175.3328764
4416.656875999976,835929040.9247108
4422.665398999976,835921898.0
4428.673921999976,835922794.8390449
4434.682444999977,835960023.3932539
4440.690967999976,835978183.2748199
4446.699490999976,835971068.1092426
4452.708013999976,835863462.8911883
4458.716536999977,836005142.4625924
4464.725059999976,835976818.1525528
4470.733582999976,836015230.0175312
4476.742105999976,835975945.3229754
4482.7506289999765,835968618.1532296
4488.759151999976,835993136.1863303
4494.7676749999755,835972829.7181001
4500.776197999976,835923074.3668809
4506.784720999976,835988186.0157527
4512.793243999976,835926325.7511649
4518.801766999975,836049835.7228286
4524.810289999976,835886579.4850047
4530.818812999976,835923875.7317235
4536.827335999976,835967953.0963086
4542.835858999975,835940838.659424
4548.844381999976,835957860.2734067
4554.852904999976,835894203.9399109
4560.861427999976,836015463.4329079
4566.869950999975,835982885.8468801
4572.8784739999755,835954119.4024535
4578.886996999976,835933020.4837571
4584.8955199999755,835957301.8453747
4590.904042999975,835933094.3353968
4596.912565999975,836020746.9507463
4602.921088999976,835999807.4926311
4608.929611999975,835957448.4213388
4614.938134999975,835953331.0
4620.946657999975,836037073.4829392
4626.955180999976,836005763.3037611
4632.963703999975,836013556.7545519
4638.972226999975,835974530.8886547
4644.980749999975,836001073.4109101
4650.989272999976,836009461.1839672
4656.997795999975,835957180.4733231
4663.006318999975,836022379.3493047
4669.014841999975,836029831.0
4675.0233649999755,835906246.828762
4681.031887999975,836015524.9908115
4687.0404109999745,836089108.0797026
4693.048933999975,835980545.4317135
4699.057456999975,836036174.2133027
4705.065979999975,835977572.1336328
4711.074502999974,835930731.7657996
4717.083025999975,835974492.2009377
4723.091548999975,835927521.613481
4729.100071999975,835880690.5317694
4735.108594999974,835925724.2969983
4741.117117999975,835974793.7511084
4747.125640999975,835979395.7670665
4753.134163999975,836023958.6102861
4759.142686999974,836028331.0
4765.1512099999745,836008478.876861
4771.159732999975,836035278.5754651
4777.1682559999745,835906610.2819245
4783.176778999974,835980109.6527478
4789.185301999974,836019442.3642445
4795.193824999975,835938118.6958926
4801.202347999974,835960505.1856511
4807.210870999974,835963464.0
4813.219393999974,835963464.0
4819.227916999975,836063079.836714
4825.236439999974,835971287.4948313
4831.244962999974,835932902.8650799
4837.253485999974,835957479.4313095
4843.262008999975,836001759.0657402
4849.270531999974,836028570.5169578
4855.279054999974,836026997.2650253
4861.287577999974,835996118.4116089
4867.296100999974,835980427.9802043
4873.304623999974,836002220.0329704
4879.3131469999735,835997325.4022259
4885.321669999974,836048972.127666
4891.330192999974,835999782.254253
4897.338715999974,835949927.8200154
4903.347238999973,835953702.7202439
4909.355761999974,835939427.37987
4915.364284999974,835952941.3871164
4921.372807999974,835957435.357997
4927.381330999973,836054490.5575029
4933.389853999974,835956348.67247
4939.398376999974,835989111.9406154
4945.406899999974,835996488.1662433
4951.415422999973,835864621.5183959
4957.4239459999735,836037036.5183345
4963.432468999974,836053563.935946
4969.440991999973,835907555.7551821
4975.449514999973,835961665.5760014
4981.458037999973,835987239.6309242
4987.466560999974,835913615.2364063
4993.475083999973,836018716.6093926
4999.483606999973,836029031.0
5005.492129999973,835900007.6097296
5011.500652999974,835957194.8494418
5017.509175999973,835939613.5269563
5023.517698999973,835952379.282187
5029.526221999973,835974715.5629162
5035.534744999974,836022429.8677137
5041.543267999973,836014111.9128981
5047.551790999973,835956670.7350827
5053.560313999973,835898016.7800754
5059.568836999973,835940662.2218974
5065.577359999973,835997245.1873403
5071.5858829999725,835988369.1980134
5077.594405999973,835989112.4940972
5083.602928999973,835926319.894119
5089.611451999973,835953435.6920762
5095.619974999972,835932678.1130317
5101.628497999973,835934700.1243836
5107.637020999973,836016832.7112089
5113.645543999973,835920894.2083101
5119.654066999972,835927700.7887744
5125.662589999973,835983574.1001252
5131.671112999973,835996189.3922743
5137.679635999973,835909160.164432
5143.688158999972,835958500.3840752
5149.6966819999725,835942093.0122937
5155.705204999973,835919869.1914451
5161.713727999972,835968076.6647122
5167.722250999972,836010667.5859227
5173.730773999972,835909267.137667
5179.739296999973,835951198.5367223
5185.747819999972,835919511.2815818
5191.756342999972,835928609.0701592
5197.764865999972,836023068.7985104
5203.773388999973,835982487.8291442
5209.781911999972,835995230.0185875
5215.790434999972,836003539.9036837
5221.798957999972,835989080.504523
5227.8074809999725,835980355.253808
5233.816003999972,835976861.2605424
5239.824526999972,836058208.0963504
5245.833049999972,835992480.4247346
5251.841572999972,835949339.0877032
5257.850095999972,835904397.6278464
5263.858618999971,836044104.0567048
5269.867141999972,836079773.5622106
5275.875664999972,836017005.4646835
5281.884187999972,836075634.0481526
5287.892710999971,835968468.8087587
5293.901233999972,836001387.383857
5299.909756999972,836060096.5372819
5305.918279999972,835960351.6096501
5311.926802999971,835961602.1502073
5317.935325999972,836050381.705226
5323.943848999972,836054550.1049163
5329.952371999972,836015161.2221403
5335.960894999971,835982417.9895856
5341.9694179999715,836050193.4287062
5347.977940999972,835964673.7711692
5353.986463999971,835978386.709395
5359.994986999971,836000604.0066155
5366.003509999971,836061135.9303911
5372.012032999972,835973632.2564689
5378.020555999971,836092432.764355
5384.029078999971,836114457.4823443
5390.037601999971,836027310.952434
5396.046124999972,836045795.2788367
5402.054647999971,835968540.994385
5408.063170999971,836064534.8485892
5414.071693999971,836029324.4970382
5420.0802169999715,836010972.6429696
5426.088739999971,835981570.8786894
5432.097262999971,836002772.6663456
5438.105785999971,836005266.032555
5444.114308999971,836053657.8529775
5450.122831999971,836055295.9688246
5456.13135499997,836046483.5113795
5462.139877999971,836004013.5736004
5468.148400999971,836011894.1868618
5474.156923999971,836092003.2089719
5480.16544699997,835969482.001393
5486.173969999971,836072128.8800164
5492.182492999971,836070926.2747499
5498.191015999971,835925349.2409953
5504.19953899997,835960514.6942972
5510.208061999971,835922666.599926
5516.216584999971,835974210.6189258
5522.2251079999705,835963557.812909
5528.23363099997,836050187.5274227
5534.2421539999705,836007182.9286103
5540.250676999971,835948769.0380228
5546.25919999997,836002463.3811673
5552.26772299997,835929828.7788154
5558.27624599997,835998661.6899732
5564.284768999971,835909875.2131537
5570.29329199997,835900674.3925929
5576.30181499997,835905642.1848327
5582.31033799997,835893981.6751114
5588.318860999971,836021366.6375123
5594.32738399997,835987123.3353847
5600.33590699997,835889902.5095263
5606.34442999997,835972079.3908471
5612.3529529999705,835987007.7344764
5618.36147599997,835995743.4241625
5624.3699989999695,835914524.727111
5630.37852199997,836015450.9439911
5636.38704499997,836027677.5852184
5642.39556799997,835967515.4806857
5648.404090999969,835896948.9003704
5654.41261399997,836046385.6792506
5660.42113699997,835984103.053832
5666.42965999997,835972322.3757875
5672.438182999969,835960582.6802481
5678.44670599997,836058953.592648
5684.45522899997,835976468.4647739
5690.46375199997,836042857.0983918
5696.472274999969,835892424.8615359
5702.48079799997,835988328.2783545
5708.48932099997,835921767.0352126
5714.4978439999695,835926275.0524178
5720.506366999969,836053721.1327934
5726.5148899999695,836039278.7326226
5732.52341299997,836070091.6623942
5738.531935999969,835985658.45442
5744.540458999969,835925503.110114
5750.548981999969,835962355.165867
5756.55750499997,836043323.8258358
5762.566027999969,836004665.7057811
5768.574550999969,836002731.0
5774.583073999969,835967230.630917
5780.59159699997,836034209.5443377
5786.600119999969,836060394.538346
5792.608642999969,836094060.7384863
5798.617165999969,835968112.5798707
5804.6256889999695,835954297.9091716
5810.634211999969,835991452.079064
5816.6427349999685,836027623.9769646
5822.651257999969,835894618.963108
5828.659780999969,836015753.551931
5834.668303999969,836034378.2896428
5840.676826999968,835981607.1633232
5846.685349999969,835929140.3530023
5852.693872999969,836025428.3748387
5858.702395999969,835923775.1610031
5864.710918999968,835958010.9457842
5870.719441999969,835930761.6536608
5876.727964999969,836005982.9137814
5882.736487999969,836004317.4379667
5888.745010999968,835989504.648509
5894.753533999969,836089972.1440055
5900.762056999969,836080602.9057012
5906.7705799999685,836037147.1539072
5912.779102999968,836061745.4685781
5918.787625999968,836030173.8332435
5924.796148999969,836093015.8408008
5930.804671999968,835992921.0176847
5936.813194999968,836042883.3280376
5942.821717999968,836092470.5839148
5948.830240999969,835984423.8656054
5954.838763999968,836066219.6348419
5960.847286999968,835990339.1255373
5966.855809999968,836004769.1016719
5972.864332999969,835981175.9322126
5978.872855999968,835937529.1139232
5984.881378999968,836042107.9130297
5990.889901999968,836012085.3353938
5996.8984249999685,836069275.3427988
6002.906947999968,836086411.7591717
6008.9154709999675,836134335.6516976
6014.923993999968,836113691.346838
6020.932516999968,836043546.6129276
6026.941039999968,836030163.9180427
6032.949562999967,836077227.8399364
6038.958085999968,836023019.2615495
6044.966608999968,836051793.4096807
6050.975131999968,835948888.7903091
6056.983654999967,836057611.4532647
6062.992177999968,836070530.4793408
6069.000700999968,836080731.5761895
6075.009223999968,836037194.8532705
6081.017746999967,836034998.0
6087.026269999968,836034998.0
6093.034792999968,836055280.9038367
6099.0433159999675,836045887.0085701
6105.051838999967,836030012.1841044
6111.060361999967,836016623.188771
6117.068884999968,836046475.4391824
6123.077407999967,836086222.9520208
6129.085930999967,836033757.6392345
6135.094453999967,835996703.6292439
6141.102976999968,835965981.3673438
6147.111499999967,836033357.3251204
6153.120022999967,836010752.6583991
6159.128545999967,836048029.8903226
6165.137068999968,836096303.400649
6171.145591999967,836025155.3042816
6177.154114999967,836009122.544021
6183.162637999967,836031629.811323
6189.1711609999675,836065141.5303955
6195.179683999967,835986634.7816205
6201.1882069999665,836013402.2401822
6207.196729999967,836017953.4702175
6213.205252999967,836056300.7143912
6219.213775999967,836029880.5996572
6225.222298999966,836004787.2192725
6231.230821999967,835986686.5895119
6237.239344999967,835950963.5101527
6243.247867999967,835977238.4391268
6249.256390999966,836024229.9945832
6255.264913999967,836003367.1344185
6261.273436999967,835993684.6322966
6267.281959999967,836001374.0565375
6273.290482999966,836065478.152181
6279.2990059999665,836095898.0
6285.307528999967,836085746.0625969
6291.3160519999665,836063173.1223962
6297.324574999966,836036750.2700323
6303.333097999966,835991372.3948071
6309.341620999967,836048903.3711685
6315.350143999966,836065720.0451908
6321.358666999966,836094478.5333707
6327.367189999966,836023690.504994
6333.375712999967,836017332.5992439
6339.384235999966,836038365.3987759
6345.392758999966,836004997.615331
6351.401281999966,835985950.9041046
6357.409804999967,835998507.6429504
6363.418327999966,835980617.7762297
6369.426850999966,835951622.7768981
6375.435373999966,836023719.8217868
6381.4438969999665,836063262.8749653
6387.452419999966,836016188.3967695
6393.4609429999655,836033428.7195128
6399.469465999966,836037247.436914
6405.477988999966,836015153.5542196
6411.486511999966,835982781.2660669
6417.495034999965,835982489.033464
6423.503557999966,836043703.0966492
6429.512080999966,836053358.9009376
6435.520603999966,836000116.5455804
6441.529126999965,835979343.2981416
6447.537649999966,836064422.4728702
6453.546172999966,836054656.7640886
6459.554695999966,835995775.6968173
6465.563218999965,835977452.8093308
6471.5717419999655,835976664.0
6477.580264999966,835988049.2957629
6483.5887879999655,836008272.9220598
6489.597310999965,835985821.9300053
6495.605833999965,835983130.7916983
6501.614356999966,836016781.3617727
6507.622879999965,835976722.3331844
6513.631402999965,836050526.6221092
6519.639925999965,835968506.0333152
6525.648448999966,835974946.0845336
6531.656971999965,835985648.925282
6537.665494999965,836005068.0677989
6543.674017999965,835972926.9803662
6549.682540999966,836016851.3295416
6555.691063999965,836046581.72573
6561.699586999965,836017162.0329969
6567.708109999965,836026345.9871007
6573.716632999965,836032733.9947444
6579.725155999965,836047092.0266187
6585.7336789999645,836048796.0492767
6591.742201999965,836052035.4852158
6597.750724999965,836066747.3584615
6603.759247999965,836083254.0780188
6609.767770999964,836054181.5938268
6615.776293999965,836010064.3541896
6621.784816999965,836011570.4903979
6627.793339999965,835980184.1944356
6633.801862999964,835996276.6605129
6639.810385999965,835959396.5878097
6645.818908999965,835994514.177731
6651.827431999965,835987072.0253195
6657.835954999964,835940627.0849714
6663.8444779999645,835926664.0
6669.853000999965,835981062.104137
6675.861523999964,835992337.3783817
6681.870046999964,835991035.7589778
6687.878569999964,835967213.8443457
6693.887092999965,835958375.4422626
6699.895615999964,835999549.7559927
6705.904138999964,836025240.5707319
6711.912661999964,836040714.7318865
6717.921184999965,836035182.1137456
6723.929707999964,836007479.8441994
6729.938230999964,836029976.8652023
6735.946753999964,836006655.3272251
6741.955276999965,836038829.2538222
6747.963799999964,836007272.234117
6753.972322999964,836058071.4606835
6759.980845999964,836123309.3550328
6765.989368999964,836041818.5829303
6771.997891999964,835971699.0413734
6778.006414999963,836041886.2337152
6784.014937999964,836070554.6407404
6790.023460999964,836064183.8699468
6796.031983999964,836018087.557119
6802.040506999963,835989625.5247563
6808.049029999964,836015758.5654831
6814.057552999964,836010779.1179405
6820.066075999964,836026832.6965146
6826.074598999963,835992474.3294046
6832.083121999964,835969405.1611494
6838.091644999964,835999376.9625942
6844.100167999964,836017932.5893321
6850.108690999963,836043075.9734677
6856.1172139999635,836059525.6251459
6862.125736999964,836062064.0
6868.134259999963,836018767.1382301
6874.142782999963,835992850.1262583
6880.151305999963,836049455.4191884
6886.159828999964,836028316.7710414
6892.168351999963,836051997.1567092
6898.176874999963,836121682.358727
6904.185397999963,836119779.5819556
6910.193920999964,836065523.2630833
6916.202443999963,836011795.1650839
6922.210966999963,836085315.2525513
6928.219489999963,836057987.5234165
6934.2280129999635,836060419.8903952
6940.236535999963,836055149.4140234
6946.245058999963,836000854.917852
6952.253581999963,835984523.4674046
6958.262104999963,835986597.2651232
6964.270627999963,835987399.5127122
6970.279150999962,835982887.248285
6976.287673999963,836063668.9236526
6982.296196999963,836133379.6900259
6988.304719999963,836101383.615658
6994.313242999962,836004474.822259
7000.321765999963,836059653.5672609
7006.330288999963,836019945.0517422
7012.338811999963,835955087.7755558
7018.347334999962,836045221.5733474
7024.355857999963,836035634.6864399
7030.364380999963,835993162.5380747
7036.372903999963,836032616.7136248
7042.381426999962,836047958.3162373
7048.3899499999625,836024212.7104132
7054.398472999963,836024842.9818456
7060.406995999962,836080681.1389176
7066.415518999962,836104188.3596796
7072.424041999962,836031987.8722829
7078.432564999963,836019549.4468837
7084.441087999962,836022871.0742638
7090.449610999962,836059558.00381
7096.458133999962,836033083.8782872
7102.466656999963,835988855.9367987
7108.475179999962,836023897.5605911
7114.483702999962,836017837.6292973
7120.492225999962,836026062.3353058
7126.5007489999625,836076217.7792118
7132.509271999962,836028898.5975922
7138.517794999962,836041491.8884125
7144.526317999962,836019168.0267063
7150.534840999962,836024277.0827129
7156.543363999962,836060310.7279437
7162.551886999961,836035696.369788
7168.560409999962,836104192.6957585
7174.568932999962,836156547.3020825
7180.577455999962,836062653.6967516
7186.585978999961,836068994.0686395
7192.594501999962,836124860.1607242
7198.603024999962,836080570.3614442
7204.611547999962,836041370.9334686
7210.620070999961,836047078.8301584
7216.628593999962,836065335.2627873
7222.637116999962,836117045.7954028
7228.6456399999615,836108793.2121679
7234.654162999961,836100132.1858953
7240.6626859999615,836088278.6628321
7246.671208999962,836080731.0
7252.679731999961,836122275.3591747
7258.688254999961,836115630.2080411
7264.696777999961,836108918.6659523
7270.705300999962,836101009.5531497
7276.713823999961,836124685.013409
7282.722346999961,836114208.9447966
7288.730869999961,836058724.4396464
7294.739392999962,836087823.7468814
7300.747915999961,836090198.948517
7306.756438999961,836073572.051345
7312.764961999961,836029952.6230941
7318.7734849999615,836090898.2920523
7324.782007999961,836067712.778344
7330.7905309999605,836115871.4643565
7336.799053999961,836103080.4016507
7342.807576999961,836071510.7522166
7348.816099999961,836075132.7943591
7354.82462299996,836125948.502929
7360.833145999961,836131044.3530568
7366.841668999961,836089412.6441684
7372.850191999961,836100710.5496705
7378.85871499996,836032831.3130738
7384.867237999961,836113026.5600543
7390.875760999961,836104537.2661424
7396.884283999961,836089443.8208195
7402.89280699996,836108653.8973616
7408.901329999961,836105644.1915994
7414.909852999961,836108875.9884394
7420.9183759999605,836124958.8569309
7426.92689899996,836164490.4020382
7432.93542199996,836129500.5143971
7438.943944999961,836129901.3085563
7444.95246799996,836143331.0
7450.96099099996,836200441.9942838
7456.96951399996,836136143.87786
7462.978036999961,836124994.7818143
7468.98655999996,836145826.7912047
7474.99508299996,836089427.3468497
7481.00360599996,836026879.9361302
7487.012128999961,836116712.6257232
7493.02065199996,836092402.8121257
7499.02917499996,836092927.3073875
7505.03769799996,836106938.4991226
7511.0462209999605,836110012.3750949
7517.05474399996,836068877.3410105
7523.0632669999595,836041278.96643
7529.07178999996,836115133.9757994
7535.08031299996,836088890.977403
7541.08883599996,836049356.015418
7547.097358999959,836140725.0443443
7553.10588199996,836105568.6585002
7559.11440499996,836099966.58067
7565.12292799996,836131378.1497227
7571.131450999959,836042103.7572784
7577.13997399996,836083408.6453158
7583.14849699996,836124305.7185577
7589.15701999996,836114947.6886625
7595.165542999959,836056816.1946471
7601.17406599996,836052822.0289153
7607.18258899996,836108655.2308466
7613.1911119999595,836130365.5296181
7619.199634999959,836079914.7462223
7625.208157999959,836042885.0325929
7631.21668099996,836104277.8206111
7637.225203999959,836138364.0
7643.233726999959,836132822.842883
7649.242249999959,836080126.5236754
7655.25077299996,836080621.0617621
7661.259295999959,836105287.8406991
7667.267818999959,836139334.7761596
7673.276341999959,836154735.6571705
7679.28486499996,836155632.0897645
7685.293387999959,836121879.2621735
7691.301910999959,836061282.5072043
7697.310433999959,836049844.3265444
7703.3189569999595,836077390.5675175
7709.327479999959,836041506.5266773
7715.3360029999585,836103949.3654736
7721.344525999959,836103078.8523159
7727.353048999959,836102779.8678757
7733.361571999959,836094611.6931756
7739.370094999958,836108491.945899
7745.378617999959,836088472.8858705
7751.387140999959,836126107.1915542
7757.395663999959,836121612.5136983
7763.404186999958,836103708.9062297
7769.412709999959,836148261.4623691
7775.421232999959,836059034.0302008
7781.429755999959,836023766.9595503
7787.438278999958,836051587.131942
7793.446801999959,836073557.8840543
7799.455324999959,836046707.7439504
7805.4638479999585,836068988.7778485
7811.472370999958,836137852.4421239
7817.480893999958,836152157.7868751
7823.489416999959,836128625.9695922
7829.497939999958,836039824.6499938
7835.506462999958,836011950.7898524
7841.514985999958,836075825.0771328
7847.523508999959,836077733.004331
7853.532031999958,835998128.5326972
7859.540554999958,836077354.3357714
7865.549077999958,836094345.3110591
7871.557600999959,836020253.439053
7877.566123999958,836065901.4258406
7883.574646999958,836056530.8387498
7889.583169999958,836022488.3738898
7895.5916929999585,836095568.060286
7901.600215999958,836061682.8235191
7907.6087389999575,836116996.2909784
7913.617261999958,836181508.0146279
7919.625784999958,836144458.1863161
7925.634307999958,836055951.6529514
7931.642830999957,836097496.0341121
7937.651353999958,836117537.7428994
7943.659876999958,836083176.0005887
7949.668399999958,836082809.4456382
7955.676922999957,836126540.6812127
7961.685445999958,836152387.0854685
7967.693968999958,836143907.8263578
7973.702491999958,836122145.6769149
7979.711014999957,836086172.9664432
7985.7195379999575,836142294.3425893
7991.728060999958,836123048.8766509
7997.7365839999575,836123052.5032139
8003.745106999957,836096016.6659708
8009.753629999957,836039863.7450113
8015.762152999958,836043305.4317951
8021.770675999957,836090527.2149751
8027.779198999957,836123568.2200968
8033.787721999957,836101876.0606887
8039.796244999958,836086860.7418058
8045.804767999957,836098663.9235066
8051.813290999957,836049910.4244533
8057.821813999957,836080197.260244
8063.830336999958,836135452.0958692
8069.838859999957,836153355.4147363
8075.847382999957,836066537.427103
8081.855905999957,836063514.6647327
8087.864428999957,836048076.9775907
8093.872951999957,836075527.3819312
8099.8814749999565,836103405.6718398
8105.889997999957,836131535.9172311
8111.898520999957,836059631.0308893
8117.907043999957,836055275.6032848
8123.915566999956,836132936.4848512
8129.924089999957,836107914.0544417
8135.932612999957,836080455.221094
8141.941135999957,836095643.354598
8147.949658999956,836033137.3890085
8153.958181999957,836051452.2725658
8159.966704999957,836090830.7426764
8165.975227999957,836090300.6891338
8171.983750999956,836021824.6969117
8177.9922739999565,836047874.8062775
8184.000796999957,836057378.7170426
8190.0093199999565,836045804.179844
8196.017842999956,836121658.6908333
8202.026365999956,836162448.366681
8208.034888999957,836146810.4827863
8214.043411999955,836148851.6600796
8220.051934999956,836154331.0
8226.060457999956,836081510.0031711
8232.068980999957,836005125.1753796
8238.077503999957,836031446.6301743
8244.086026999956,836142191.2111803
8250.094549999956,836101098.4614993
8256.103072999957,836113525.7490119
8262.111595999955,836173408.4050703
8268.120118999956,836088937.6511425
8274.128641999956,836062034.0134904
8280.137164999956,836035141.9194074
8286.145687999957,836034243.9668694
8292.154210999955,836074007.3610831
8298.162733999956,836049614.0078998
8304.171256999956,836012437.9077936
8310.179779999955,836020866.8956916
8316.188302999955,836065810.2690989
8322.196825999956,836079571.7179029
8328.205348999956,836138964.1029396
8334.213871999957,836100518.8488194
8340.222394999955,836033622.4196707
8346.230917999956,836080063.1333027
8352.239440999956,836043166.5861936
8358.247963999955,836109103.2006353
8364.256486999955,836064063.371704
8370.265009999956,836018886.2022684
8376.273532999956,836076339.5816946
8382.282055999956,836055337.4789772
8388.290578999955,836073985.3706518
8394.299101999955,836108915.0518589
8400.307624999956,836080065.3434649
8406.316147999954,836067032.7086107
8412.324670999955,836058166.1805767
8418.333193999955,836051664.0
8424.341716999956,836040942.0559938
8430.350239999956,836112316.8427291
8436.358762999955,836105247.2958701
8442.367285999955,836100891.6514919
8448.375808999956,836102436.8649213
8454.384331999954,836048627.5565255
8460.392854999955,836025345.453561
8466.401377999955,836042869.0225153
8472.409900999955,836068928.1719695
8478.418423999956,836001621.5271602
8484.426946999954,836035581.5499727
8490.435469999955,836082066.416708
8496.443992999955,836079593.8214543
8502.452515999954,836110878.9935327
8508.461038999954,836064685.5706947
8514.469561999955,836094281.14733
8520.478084999955,836041623.4616185
8526.486607999956,836047207.625429
8532.495130999954,836105734.7646204
8538.503653999955,836072617.3402282
8544.512176999955,836039765.4621853
8550.520699999954,836014576.936265
8556.529222999954,836074694.7320622
8562.537745999954,836091038.3704348
8568.546268999955,836061290.0374992
8574.554791999955,836030768.559571
8580.563314999954,836018867.7739742
8586.571837999954,836113895.8252057
8592.580360999955,836124107.2722157
8598.588883999953,836027958.1963686
8604.597406999954,836049819.8998708
8610.605929999954,836092597.6356013
8616.614452999955,836081207.7032874
8622.622975999955,836076404.7878313
8628.631498999954,836096042.5648304
8634.640021999954,836035359.8533895
8640.648544999955,836059180.178895
8646.657067999953,836036519.8732768
8652.665590999954,836019211.1136165
8658.674113999954,836098841.2163798
8664.682636999954,836122179.5254558
8670.691159999955,836084336.527632
8676.699682999953,836052249.1745671
8682.708205999954,836018764.1327561
8688.716728999954,836009531.1469743
8694.725251999953,836023622.4311056
8700.733774999953,836099700.1918193
8706.742297999954,836137440.0078502
8712.750820999954,836131983.2331759
8718.759343999955,836024542.5529869
8724.767866999953,836040804.0815718
8730.776389999954,836041534.8208587
8736.784912999954,836027515.4665103
8742.793435999953,836025416.1619806
8748.801958999953,836092988.3188233
8754.810481999953,836091496.1669356
8760.819004999954,836071495.117678
8766.827527999954,836119746.2500912
8772.836050999953,836095282.9788043
8778.844573999953,836108890.905074
8784.853096999954,836096693.5313109
8790.861619999952,836112347.6270872
8796.870142999953,836064487.6129377
8802.878665999953,836029631.0
8808.887188999954,836012507.8829987
8814.895711999954,836007734.6917839
8820.904234999953,836009998.0
8826.912757999953,836011948.7863948
8832.921280999954,836056945.386909
8838.929803999952,836041169.0648696
8844.938326999953,835953418.2360917
8850.946849999953,835984347.7529535
8856.955372999953,836005058.8089422
8862.963895999954,836051936.8277707
8868.972418999952,836025008.7430903
8874.980941999953,836038188.0859271
8880.989464999953,836027157.0392203
8886.997987999952,835989884.7256309
8893.006510999952,836004905.8992363
8899.015033999953,836069825.8649734
8905.023556999953,836118370.3319501
8911.032079999954,836125848.8583107
8917.040602999952,836068407.9925209
8923.049125999953,836058754.2835451
8929.057648999953,836043174.4316406
8935.066171999952,836107793.6959012
8941.074694999952,836073003.9234322
8947.083217999952,836010807.1941332
8953.091740999953,835978520.5824503
8959.100263999953,836101637.6621883
8965.108786999952,836159681.6158212
8971.117309999952,836032047.8699473
8977.125832999953,836019617.0249137
8983.134355999951,836116656.6333958
8989.142878999952,836068563.2183577
8995.151401999952,836058905.110613
9001.159924999953,836090484.9324486
9007.168447999953,836085087.9523562
9013.176970999952,836047310.0278962
9019.185493999952,836072453.2891349
9025.194016999953,836043265.6644714
9031.202539999951,835987015.4123665
9037.211062999952,836057283.2677474
9043.219585999952,836081430.0084349
9049.228108999952,836025428.3290559
9055.236631999953,836069092.164216
9061.245154999951,836148334.7361549
9067.253677999952,836112708.4852536
9073.262200999952,836056458.6514521
9079.27072399995,836024770.3325907
9085.279246999951,835991391.2801992
9091.287769999952,836032606.5448627
9097.296292999952,836095429.6183797
9103.304815999953,836111264.2010123
9109.313338999951,836074188.773877
9115.321861999952,836082254.9268187
9121.330384999952,836027713.3123736
9127.33890799995,835983000.1406698
9133.347430999951,836033217.4718596
9139.355953999951,836089517.6506745
9145.364476999952,836107959.4203486
9151.372999999952,836062417.4726182
9157.38152299995,836082094.7970086
9163.390045999951,836050515.5624849
9169.398568999952,836011617.0207245
9175.40709199995,836069219.8343896
9181.41561499995,836015340.5903054
9187.424137999951,836045434.8028481
9193.432660999952,836104146.3864571
9199.441183999952,836049087.0606076
9205.44970699995,836079288.1845498
9211.458229999951,836059748.253793
9217.466752999951,835973734.7388077
9223.47527599995,836058706.7895781
9229.48379899995,836020349.3761764
9235.492321999951,836011625.8523995
9241.500844999951,835991057.1820344
9247.509367999952,835975390.2985872
9253.51789099995,835988838.7659591
9259.52641399995,836047137.7733389
9265.534936999951,836068164.0908967
9271.54345999995,836083946.028181
9277.55198299995,836002842.6967244
9283.56050599995,835957027.2477195
9289.569028999951,835992234.9823183
9295.577551999952,836027738.7821704
9301.58607499995,836008963.3176394
9307.59459799995,836060336.113144
9313.603120999951,836096581.7048864
9319.61164399995,836075410.1025234
9325.62016699995,836100147.0022451
9331.62868999995,836017368.4272712
9337.63721299995,835993484.0137671
9343.645735999951,836023038.8505764
9349.65425899995,836002224.4527326
9355.66278199995,835998290.9347174
9361.67130499995,836057686.4663515
9367.67982799995,836055444.1928529
9373.68835099995,836019793.3585802
9379.69687399995,835999548.4302622
9385.70539699995,835995572.6159596
9391.713919999951,836017679.6341503
9397.72244299995,836034305.2562937
9403.73096599995,836026794.4944509
9409.73948899995,835989814.3345922
9415.748011999949,836058705.2299216
9421.75653499995,836088011.2566044
9427.76505799995,836040921.7483298
9433.77358099995,836011345.1520634
9439.78210399995,836061745.431822
9445.79062699995,836055255.4098443
9451.79914999995,836018961.7129354
9457.80767299995,836006975.7253103
9463.816195999949,836045171.6069719
9469.82471899995,836064084.391541
9475.83324199995,836042009.3427888
9481.84176499995,836016481.8873059
9487.85028799995,836026681.9952796
9493.85881099995,836034003.0273086
9499.86733399995,836009169.7075658
9505.87585699995,836053581.4096404
9511.884379999949,836040045.014065
9517.892902999949,835978984.114652
9523.90142599995,835972547.7848215
9529.90994899995,836042475.8637251
9535.91847199995,836059011.5658216
9541.926994999949,836044271.6620045
9547.93551799995,836076276.4338063
9553.94404099995,836028933.312118
9559.952563999948,836064995.5421817
9565.961086999949,836060392.5837907
9571.96960999995,836054577.1363385
9577.97813299995,836053577.7679411
9583.98665599995,836043331.0
9589.995178999949,835965807.1320117
9596.003701999949,836013077.4189925
9602.01222499995,836075231.6174498
9608.020747999948,836099269.1936537
9614.029270999948,836046112.9434434
9620.037793999949,836045603.0375845
9626.04631699995,836089906.4647356
9632.05483999995,836057232.108984
9638.063362999948,836050762.9380805
9644.071885999949,836089386.4634987
9650.08040899995,836022015.9361775
9656.088931999948,836000432.7260815
9662.097454999948,836081388.4433298
9668.105977999949,836104052.1865178
9674.114500999949,836008388.0675336
9680.12302399995,835956131.0
9686.131546999948,835956131.0
9692.140069999949,835968188.5967338
9698.148592999949,836000608.5115385
9704.157115999948,836045283.8947912
9710.165638999948,836068150.2411479
9716.174161999948,836039887.0167532
9722.182684999949,836029749.493473
9728.19120799995,836055337.1462277
9734.199730999948,836037806.9339436
9740.208253999948,835999562.4503622
9746.216776999949,835975930.4404072
9752.225299999947,835978424.7035794
9758.233822999948,836002707.2228506
9764.242345999948,836000318.0120318
9770.250868999949,835988618.2772726
9776.259391999949,836004149.2410346
9782.267914999948,836022524.3712125
9788.276437999948,835982903.1288815
9794.284960999948,835965204.8330909
9800.293483999947,835992027.3740039
9806.302006999947,836023611.3006645
9812.310529999948,836034980.584956
9818.319052999948,835998748.7054086
9824.327575999949,836046065.4962702
9830.336098999947,836057174.7469721
9836.344621999948,836025299.5116727
9842.353144999948,836079435.4503222
9848.361667999947,836107372.0440421
9854.370190999947,836119773.0253123
9860.378713999948,836122576.5053135
9866.387236999948,836071941.2444421
9872.395759999948,836079054.1863012
9878.404282999947,836130831.0
9884.412805999948,836095923.9085226
9890.421328999948,836039371.7601013
9896.429851999947,836004471.3996161
9902.438374999947,836019365.9612621
9908.446897999947,836030817.3183204
9914.455420999948,836004236.1821561
9920.463943999948,836005836.5211825
9926.472466999947,835975947.2121894
9932.480989999947,835995109.9673206
9938.489512999948,836015698.6060388
9944.498035999946,836017341.0879414
9950.506558999947,836037904.3608642
9956.515081999947,836025607.6037492
9962.523604999948,836049902.2359663
9968.532127999948,836027333.8979297
9974.540650999947,835960369.3480855
9980.549173999947,835977291.6868061
9986.557696999947,835999093.0615768
9992.566219999946,835969438.7533947
9998.574742999946,836010237.8373717
10004.583265999947,836022278.0370761
10010.591788999947,836007069.1611674
10016.600311999948,835998377.6454896
10022.608834999946,835989824.738216
10028.617357999947,835972598.4316261
10034.625880999947,835970121.8349564
10040.634403999946,836023972.5214216
10046.642926999946,836058124.0363914
10052.651449999947,836070081.7236087
10058.659972999947,836075330.2547414
10064.668495999947,836089927.4771945
10070.677018999946,836111964.0
10076.685541999947,836061094.1962395
10082.694064999947,835993949.5539837
10088.702587999946,835992732.3841214
10094.711110999946,836037694.9192942
10100.719633999946,836025073.4342748
10106.728156999947,835988017.5122285
10112.736679999947,836003014.8159152
10118.745202999946,836004100.9701289
10124.753725999946,836044001.2935568
10130.762248999947,836021953.6913785
10136.770771999945,836012328.2920223
10142.779294999946,836070831.369899
10148.787817999946,836023639.0020939
10154.796340999947,835951006.5721899
10160.804863999947,835946759.4732097
10166.813386999946,835987423.1584989
10172.821909999946,836010761.1397966
10178.830432999946,836001490.0781394
10184.838955999945,836032595.8967254
10190.847478999945,836045511.8020568
10196.856001999946,836017657.4666526
10202.864524999946,836002296.3979357
10208.873047999947,836000425.3018833
10214.881570999945,836004983.7634889
10220.890093999946,836063625.3091375
10226.898616999946,836081216.2456098
10232.907139999945,836040454.4103544
10238.915662999945,835955781.6600968
10244.924185999946,835980108.7841469
10250.932708999946,836007941.3396145
10256.941231999946,835976409.9760171
10262.949754999945,835946415.567164
10268.958277999945,835944512.8140998
10274.966800999946,835958835.0721751
10280.975323999945,836007157.6038889
10286.983846999945,836029658.1869494
10292.992369999945,836025518.2384094
10299.000892999946,836081502.1489142
10305.009415999946,836065579.3902357
10311.017938999945,836029283.2826406
10317.026461999945,835994893.743028
10323.034984999946,836006183.1139041
10329.043507999944,836030503.8268636
10335.052030999945,836001291.2876279
10341.060553999945,836047586.1859086
10347.069076999946,836059356.5608188
10353.077599999946,836027567.5835441
10359.086122999945,836034776.5091703
10365.094645999945,836044512.4555265
10371.103168999945,835978085.8056496
10377.111691999944,835940459.382447
10383.120214999944,836011013.4154758
10389.128737999945,836024481.385754
10395.137260999945,835984666.5342797
10401.145783999946,836050548.7551806
10407.154306999944,836028937.7392533
10413.162829999945,836014205.9604051
10419.171352999945,836041943.8887867
10425.179875999944,836028410.0404948
10431.188398999944,836030379.3951863
10437.196921999945,836048773.7016677
10443.205444999945,836011417.5567958
10449.213967999945,835962140.2250756
10455.222490999944,835968951.7546479
10461.231013999944,836030851.3430699
10467.239536999945,836052163.1651857
10473.248059999944,836066414.3905883
10479.256582999944,836040353.7104344
10485.265105999944,836012106.4916719
10491.273628999945,836034025.0836685
10497.282151999945,836006698.3414748
10503.290674999944,835974822.510121
10509.299197999944,835959487.2273422
10515.307720999945,835972109.3791856
10521.316243999943,836005852.8382803
10527.324766999944,835964580.3140986
10533.333289999944,835994316.6831751
10539.341812999945,836021856.3631481
10545.350335999945,835987030.6734784
10551.358858999944,835919894.6691037
10557.367381999944,835943279.0032629
10563.375904999944,835957695.8181467
10569.384427999943,835943462.0658947
10575.392950999943,835954629.6798104
10581.401473999944,835999171.1969516
10587.409996999944,835998233.5693936
10593.418519999945,836050744.709395
10599.427042999943,836064537.4078374
10605.435565999944,836001535.3045653
10611.444088999944,835952046.2864194
10617.452611999943,835965121.5850435
10623.461134999943,835980682.8605722
10629.469657999944,836022760.2893465
10635.478180999944,836004360.273663
10641.486703999944,835980244.7818421
10647.495226999943,835956064.5947373
10653.503749999943,835937313.275399
10659.512272999944,835933929.0038321
10665.520795999942,835933969.5587752
10671.529318999943,835936284.1324805
10677.537841999943,835960585.6658251
10683.546364999944,835969085.0583245
10689.554887999944,835961463.9879436
10695.563410999943,835947329.2813094
10701.571933999943,835986324.8223311
10707.580456999944,836046736.9025084
10713.588979999942,836037995.7078631
10719.597502999943,835969871.4483997
10725.606025999943,835960850.6697569
10731.614548999944,835941183.2359163
10737.623071999944,835961974.7848573
10743.631594999943,836022583.4367279
10749.640117999943,835963336.2093822
10755.648640999943,835957373.691335
10761.657163999942,836014782.5600716
10767.665686999942,836011811.1363124
10773.674209999943,836042069.7969612
10779.682732999943,836044540.6564052
10785.691255999944,836017895.1522589
10791.699778999942,836042706.937695
10797.708301999943,836030404.5404328
10803.716824999943,836020107.9885385
10809.725347999942,836026041.9562551
10815.733870999942,836022337.4771386
10821.742393999943,836011153.6075408
10827.750916999943,836004229.9027444
10833.759439999943,835964847.4936938
10839.767962999942,835923286.6123545
10845.776485999942,835941977.6029844
10851.785008999943,836007784.7815012
10857.793531999941,836011563.6624937
10863.802054999942,835968983.7301416
10869.810577999942,835933026.0092192
10875.819100999943,835980851.8420159
10881.827623999943,835948325.837966
10887.836146999942,835916630.0424793
10893.844669999942,835923140.4351084
10899.853192999943,835932064.4577684
10905.861715999941,835940985.5855966
10911.870238999942,835992233.2652923
10917.878761999942,836000598.8543658
10923.887284999942,835960259.4817555
10929.895807999943,835965880.0970595
10935.904330999942,835986627.9578733
10941.912853999942,835993198.9305353
10947.921376999942,835971403.9687014
10953.929899999941,835950042.6158217
10959.938422999941,835978671.8383414
10965.946945999942,836006026.7958927
10971.955468999942,835968629.0390676
10977.963991999943,835932555.6709164
10983.972514999941,835930047.100073
10989.981037999942,835919266.1026388
10995.989560999942,835950111.1038618
11001.99808399994,836016866.4262881
11008.006606999941,835991262.4377277
11014.015129999942,835954958.754252
11020.023652999942,835981387.5418726
11026.032175999942,835915043.9596709
11032.040698999941,835923954.393366
11038.049221999941,835958356.8366929
11044.057744999942,835989872.6268826
11050.06626799994,835987213.8671831
11056.07479099994,835933295.1788682
11062.083313999941,835950714.507745
11068.091836999942,835961700.3305598
11074.100359999942,835942218.0265218
11080.10888299994,835928280.48763
11086.117405999941,835934749.7898511
11092.125928999942,835966165.5336369
11098.13445199994,835988844.5747291
11104.14297499994,836009941.1515794
11110.151497999941,835986401.558151
11116.160020999941,835977185.0620202
11122.168543999942,835933999.4297287
11128.17706699994,835917777.8671634
11134.185589999941,835951353.4322023
11140.194112999941,835959861.215294
11146.20263599994,835919412.7255685
11152.21115899994,835913961.5647095
11158.21968199994,835899134.3747042
11164.228204999941,835958129.5416504
11170.236727999942,835980299.705473
11176.24525099994,835950601.676577
11182.25377399994,835894075.8146703
11188.262296999941,835958318.0045042
11194.27081999994,835960618.7107538
11200.27934299994,835936599.8370128
11206.28786599994,835978664.5890907
11212.296388999941,835990240.1738616
11218.304911999941,835958521.7587181
11224.31343499994,835974903.1316328
11230.32195799994,835947619.9564778
11236.33048099994,835971744.9483126
11242.33900399994,835944319.5762697
11248.34752699994,835913264.0
11254.35604999994,835945731.0843321
11260.36457299994,835963076.6636723
11266.373095999941,835959806.0511333
11272.38161899994,835992520.6624813
11278.39014199994,835942838.3766818
11284.39866499994,835967811.2014629
11290.40718799994,835947395.180059
11296.41571099994,835966584.6508507
11302.42423399994,835990216.6491394
11308.43275699994,835928050.5890572
11314.44127999994,835911167.5148404
11320.44980299994,835986532.5555049
11326.45832599994,836050173.3449531
11332.46684899994,836012373.3260628
11338.475371999939,835946036.3210715
11344.48389499994,835966137.0972017
11350.49241799994,835951657.9846326
11356.50094099994,835940488.4157004
11362.50946399994,835990269.9310666
11368.51798699994,836062386.2726552
11374.52650999994,836065478.522862
11380.53503299994,836029715.1307156
11386.543555999939,835999605.1023073
11392.55207899994,836013434.6891649
11398.56060199994,835921868.6827272
11404.56912499994,835943800.0735382
11410.57764799994,836055859.3212439
11416.586170999939,836054359.1416136
11422.59469399994,836043032.742815
11428.60321699994,836076493.1348985
11434.611739999938,836070215.7657466
11440.620262999939,836006097.3372269
11446.62878599994,835968331.0
11452.63730899994,835980705.889026
11458.64583199994,835987242.6718198
11464.654354999939,835959857.2550226
11470.66287799994,835947545.7855301
11476.67140099994,835944252.701717
11482.679923999938,835967668.5991131
11488.688446999939,835992743.410319
11494.696969999939,835972685.0189103
11500.70549299994,835944988.8258418
11506.71401599994,836019263.2280926
11512.722538999938,836000435.7387097
11518.731061999939,835978204.808536
11524.73958499994,836041148.9897451
11530.748107999938,836052629.9101757
11536.756630999938,836043321.9268711
11542.765153999939,836052002.6867443
11548.77367699994,835981356.2151645
11554.78219999994,835976861.3877704
11560.790722999938,835989213.5362958
11566.799245999939,835946771.4516554
11572.807768999939,835980319.9128846
11578.816291999938,836027759.3412057
11584.824814999938,836106973.352687
11590.833337999939,836082818.400463
11596.841860999939,836016022.4474723
11602.85038399994,835995584.7734283
11608.858906999938,836002057.0179384
11614.867429999938,836022465.9126979
11620.875952999939,836082186.9586211
11626.884475999937,836025649.0299052
11632.892998999938,835981677.8766682
11638.901521999938,835965830.7505453
11644.910044999939,835989907.6442833
11650.91856799994,836016432.4888096
11656.927090999938,835998073.643005
11662.935613999938,836001609.9645498
11668.944136999939,836040445.13788
11674.952659999937,836000044.1218507
11680.961182999938,835958394.45949
11686.969705999938,836002142.4186293
11692.978228999938,835976967.8506451
11698.986751999939,835947922.7372625
11704.995274999937,835971385.9662967
11711.003797999938,835993985.5953503
11717.012320999938,836030024.3160789
11723.020843999937,836080434.5845314
11729.029366999937,836047164.2436163
11735.037889999938,836026877.0436512
11741.046412999938,836058500.81745
11747.054935999939,836098555.9480666
11753.063458999937,836046655.8067081
11759.071981999938,836069182.7264005
11765.080504999938,836079554.8453642
11771.089027999937,836073844.0000479
11777.097550999937,836047068.5305998
11783.106073999938,836025919.6673424
11789.114596999938,836060887.3921942
11795.123119999938,836075881.3440908
11801.131642999937,836013000.4571123
11807.140165999937,835997364.1312463
11813.148688999938,836042759.0481977
11819.157211999936,836016234.5212996
11825.165734999937,836007721.5349431
11831.174257999937,836039146.5697743
11837.182780999938,836016184.3202636
11843.191303999938,836041850.4150492
11849.199826999937,836068691.268504
11855.208349999937,836056091.9154096
11861.216872999938,836051250.2320392
11867.225395999936,835995495.7582289
11873.233918999937,835977870.1835253
11879.242441999937,836010944.0495867
11885.250964999937,836048234.8356413
11891.259487999938,836067415.35163
11897.268010999936,836018141.501244
11903.276533999937,836045368.1032324
11909.285056999937,836074101.8728983
11915.293579999936,836081381.3244562
11921.302102999936,836104174.212174
11927.310625999937,836076616.1325539
11933.319148999937,836049248.277772
11939.327671999938,836051436.7467297
11945.336194999936,836060332.7208277
11951.344717999937,836042040.7881685
11957.353240999937,836022136.9645529
11963.361763999936,835956604.2035117
11969.370286999936,836004434.145945
11975.378809999936,836047696.5204643
11981.387332999937,836042127.8842014
11987.395855999937,836066382.5124198
11993.404378999936,836048747.0341802
11999.412901999936,836057737.0576814
12005.421424999937,836047170.5020196
12011.429947999935,836024633.0435773
12017.438470999936,836012999.9003485
12023.446993999936,836005524.2214179
12029.455516999937,836053482.408998
12035.464039999937,836065422.5062113
12041.472562999936,836031142.065712
12047.481085999936,836000491.9859345
12053.489608999937,836012942.2837507
12059.498131999935,835936434.807298
12065.506654999936,835969312.7571871
12071.515177999936,836005619.1880122
12077.523700999936,836005747.612214
12083.532223999937,836028218.2862407
12089.540746999935,836069865.0187119
12095.549269999936,836006249.4229223
12101.557792999936,836023156.6340044
12107.566315999935,836055647.5229732
12113.574838999935,836113791.1408061
12119.583361999936,836045147.5577754
12125.591884999936,835988942.7328532
12131.600407999937,836023734.3470566
12137.608930999935,836038366.1642214
12143.617453999936,836050599.408294
12149.625976999936,836010215.6230752
12155.634499999935,835973842.1342686
12161.643022999935,835995508.3134365
12167.651545999935,835981500.0543226
12173.660068999936,836000524.5382946
12179.668591999936,835987788.6764058
12185.677114999935,836035187.0425739
12191.685637999935,836084943.077007
12197.694160999936,836071594.3358977
12203.702683999934,836056955.345517
12209.711206999935,836068243.7790278
12215.719729999935,836085393.2910813
12221.728252999936,836064231.8046291
12227.736775999936,836064364.0
12233.745298999935,836030181.3723443
12239.753821999935,835983200.3792351
12245.762344999936,836039162.2747267
12251.770867999934,836048510.3295116
12257.779390999935,836033998.1485443
12263.787913999935,836110726.3491415
12269.796436999935,836105393.1780379
12275.804959999936,836064263.5164692
12281.813482999934,836082841.4233444
12287.822005999935,836031286.2341754
12293.830528999935,836047372.944237
12299.839051999934,836075472.3383567
12305.847574999934,836022627.7497028
12311.856097999935,836043934.4905788
12317.864620999935,836022771.6947201
12323.873143999936,836010546.2168499
12329.881666999934,836037613.1033419
12335.890189999935,836030661.2218981
12341.898712999935,836035215.5655258
12347.907235999934,836043804.9158053
12353.915758999934,836034236.5975446
12359.924281999934,835977365.8026096
12365.932804999935,836029678.1234983
12371.941327999935,836049975.739284
12377.949850999934,836034499.9666172
12383.958373999934,836098709.124623
12389.966896999935,836042404.7975968
12395.975419999933,836038807.1397412
12401.983942999934,836102014.7485497
12407.992465999934,836064099.7191986
12414.000988999935,836100139.9047685
12420.009511999935,836044798.0
12426.018034999934,836050843.4324979
12432.026557999934,836034811.4763536
12438.035080999935,835985923.9024849
12444.043603999933,836010274.3470637
12450.052126999934,836009932.0315424
12456.060649999934,835984298.212478
12462.069172999934,836036124.9246527
12468.077695999935,836016023.2320207
12474.086218999933,836009897.2279028
12480.094741999934,836008694.4434198
12486.103264999934,835991831.3049014
12492.111787999933,836024564.6483994
12498.120310999933,836040961.000609
12504.128833999934,836018775.2266632
12510.137356999934,836058414.9314276
12516.145879999935,836021515.9174281
12522.154402999933,835973017.9382327
12528.162925999934,836009632.6735647
12534.171448999934,836022837.7477134
12540.179971999933,836029278.7057911
12546.188494999933,835953540.3181835
12552.197017999933,835957993.3164904
12558.205540999934,836010104.0743413
12564.214063999934,836029030.8880112
12570.222586999933,836024754.3927225
12576.231109999933,835991407.0184774
12582.239632999934,836013842.1688873
12588.248155999932,836011134.813858
12594.256678999933,836002495.8395349
12600.265201999933,836005327.9276425
12606.273724999934,836045757.1328487
12612.282247999934,836048865.2452093
12618.290770999933,836054831.0
12624.299293999933,836071121.1048238
12630.307816999933,836083221.2384231
12636.316339999932,836011295.3318051
12642.324862999933,836004933.5605577
12648.333385999933,836066205.3087744
12654.341908999933,836013936.6153638
12660.350431999934,836043557.0656414
12666.358954999932,836060552.8224432
12672.367477999933,836097985.6420883
12678.376000999933,836119220.8102514
12684.384523999932,836088714.143025
12690.393046999932,836106696.7247202
12696.401569999933,836099094.4093641
12702.410092999933,836061055.8897874
12708.418615999934,836046098.8480082
12714.427138999932,836042283.0109895
12720.435661999933,836033312.318011
12726.444184999933,835990149.5422693
12732.452707999932,835934706.4284966
12738.461230999932,836001893.3143543
12744.469753999932,836046935.9913543
12750.478276999933,836054549.6690341
12756.486799999933,836041348.4287541
12762.495322999932,836079610.2371459
12768.503845999932,836054443.148402
12774.512368999933,836010861.7210659
12780.520891999931,836066159.9247775
12786.529414999932,836002798.076755
12792.537937999932,836029402.2513785
12798.546460999933,836079888.7944711
12804.554983999933,836080637.2067463
12810.563506999932,836079831.0
12816.572029999932,836071741.4126145
12822.580552999932,836068468.7695564
12828.589075999931,836093759.4009038
12834.597598999932,836088658.2841429
12840.606121999932,836094141.2688315
12846.614644999932,836102301.0197352
12852.623167999933,836085199.9630862
12858.631690999931,836068050.8480306
12864.640213999932,836095718.1713504
12870.648736999932,836064595.0663755
12876.65725999993,835965115.7687943
12882.665782999931,836031019.67799
12888.674305999932,836080274.8349
12894.682828999932,836032950.0096805
12900.691351999933,836035660.5048989
12906.699874999931,836011848.2989988
12912.708397999932,836047710.8704019
12918.716920999932,836004906.7855346
12924.72544399993,836061365.8545489
12930.733966999931,836060441.8351777
12936.742489999931,836059752.23647
12942.751012999932,836038941.8763927
12948.759535999932,836015772.1367409
12954.76805899993,835973683.2515626
12960.776581999931,836009114.001816
12966.785104999932,836063593.9838336
12972.79362799993,836078330.2182032
12978.80215099993,836091624.2203599
12984.810673999931,836058620.675187
12990.819196999932,835994052.9474158
12996.827719999932,836005999.090974
13002.83624299993,836049810.0762768
13008.844765999931,836059236.0810906
13014.853288999931,836065118.0138719
13020.86181199993,836047976.2443576
13026.87033499993,835991861.2435267
13032.878857999931,835985363.0522263
13038.887380999931,835983483.2709473
13044.895903999932,836022976.4067241
13050.90442699993,836067132.5882852
13056.91294999993,836036825.7247584
13062.921472999931,836084083.9681221
13068.92999599993,836111434.1549746
13074.93851899993,836030778.395781
13080.94704199993,836001675.0511734
13086.955564999931,836028760.3507985
13092.964087999932,836057011.2237136
13098.97261099993,836068164.5122503
13104.98113399993,836036357.9413277
13110.989656999931,836055273.097501
13116.99817999993,836100129.402805
13123.00670299993,836050314.3792825
13129.01522599993,836036596.5497614
13135.02374899993,836129591.0879999
13141.032271999931,836110370.3869022
13147.04079499993,836080700.1357441
13153.04931799993,836120729.5163649
13159.05784099993,836136271.2325842
13165.06636399993,836127629.5947415
13171.07488699993,836047887.0294151
13177.08340999993,836081546.7938172
13183.09193299993,836044205.9025817
13189.100455999931,836031109.2782135
13195.10897899993,836067494.7231522
13201.11750199993,836109925.6193557
13207.12602499993,836143331.0
13213.134547999929,836101020.0749171
13219.14307099993,836034529.7114846
13225.15159399993,836129644.7127311
13231.16011699993,836103747.2651665
13237.16863999993,836045467.8098245
13243.17716299993,836049095.3674507
13249.18568599993,836033673.4816039
13255.19420899993,836045437.2539864
13261.202731999929,836014751.652838
13267.21125499993,836041809.7350079
13273.21977799993,836065552.2967703
13279.22830099993,836153831.0
13285.23682399993,836153831.0
13291.24534699993,836111034.1797409
13297.25386999993,836011230.7780571
13303.26239299993,836083821.707814
13309.270915999929,836079943.9691014
13315.279438999929,836021413.620585
13321.28796199993,836012600.9110094
13327.29648499993,836067814.2547504
13333.30500799993,836048514.149687
13339.313530999929,836018168.1476133
13345.32205399993,836167551.6124526
13351.33057699993,836120644.9094142
13357.339099999928,836134897.6848742
13363.347622999929,836110385.152699
13369.35614599993,836085808.5433922
13375.36466899993,835988447.1877687
13381.37319199993,836029232.8833784
13387.381714999929,836064966.225441
13393.390237999929,836036280.9712844
13399.39876099993,836097342.5414351
13405.407283999928,836121818.0508403
13411.415806999928,836056086.1426266
13417.424329999929,836097551.5488228
13423.43285299993,836100033.9556268
13429.44137599993,836009042.1479292
13435.449898999928,836022297.6523496
13441.458421999929,836074186.5582334
13447.46694499993,836019157.1662536
13453.475467999928,836044102.920527
13459.483990999928,836053477.1094172
13465.492513999929,836100169.752706
13471.501036999929,836110122.7186626
13477.50955999993,836104601.8082654
13483.518082999928,836105660.9343619
13489.526605999929,836090174.6934909
13495.535128999929,836096750.3779067
13501.543651999928,836087530.4229274
13507.552174999928,836063615.3070765
13513.560697999928,836036195.3019253
13519.569220999929,835980421.3270292
13525.57774399993,836043922.0386014
13531.586266999928,836003849.9604261
13537.594789999928,836066585.6267077
13543.603312999929,836096564.4219515
13549.611835999927,836092891.9740134
13555.620358999928,836086416.7878991
13561.628881999928,836035895.4089648
13567.637404999929,836080091.2373556
13573.645927999929,836108602.32236
13579.654450999928,836042787.3591381
13585.662973999928,836049751.8732085
13591.671496999928,836022236.7628123
13597.680019999927,836009967.0753714
13603.688542999927,836056824.374621
13609.697065999928,836085439.539264
13615.705588999928,836078611.1588594
13621.714111999929,836049356.2832454
13627.722634999927,836000061.8454665
13633.731157999928,836058975.0887531
13639.739680999928,836047933.675938
13645.748203999927,836037902.0512568
13651.756726999927,836006106.0240123
13657.765249999928,836049736.5452304
13663.773772999928,836028850.434236
13669.782295999928,836062540.9347944
13675.790818999927,836070798.1689979
13681.799341999927,836061406.7715425
13687.807864999928,835964567.5816259
13693.816387999927,836033427.6499033
13699.824910999927,836012883.4902691
13705.833433999927,836012144.888106
13711.841956999928,836081510.6774584
13717.850479999928,836040491.6615144
13723.859002999927,836054793.7796844
13729.867525999927,835988363.9574245
13735.876048999928,836015199.0872763
13741.884571999926,836029125.0890083
13747.893094999927,836110017.8869915
13753.901617999927,836076006.1102469
13759.910140999928,835985829.2422352
13765.918663999928,835999580.7093487
13771.927186999927,836088048.5152209
13777.935709999927,836133168.2412957
13783.944232999927,836069691.4677056
13789.952755999926,836100239.5163503
13795.961278999926,836044710.9906812
13801.969801999927,836089696.0780966
13807.978324999927,836112957.1619853
13813.986847999928,836063010.9302908
13819.995370999926,836085801.379512
13826.003893999927,836072603.6169158
13832.012416999927,836058282.2789035
13838.020939999926,836035746.3902634
13844.029462999926,836110875.541906
13850.037985999927,836092662.5515116
13856.046508999927,836074707.936902
13862.055031999927,836129836.9465494
13868.063554999926,836101664.0
13874.072077999926,836102302.0672542
13880.080600999927,836096830.2084987
13886.089123999926,836057469.6419834
13892.097646999926,836030245.6613636
13898.106169999926,836091905.118893
13904.114692999927,836078992.352553
13910.123215999927,836073905.8360089
13916.131738999926,836039699.5286853
13922.140261999926,835999180.2483269
13928.148784999927,836025790.2489657
13934.157307999925,836004717.1649806
13940.165830999926,836048611.0714738
13946.174353999926,836061390.2382177
13952.182876999927,835998368.0843923
13958.191399999927,836069907.8628715
13964.199922999926,836087126.4564884
13970.208445999926,836055426.8948551
13976.216968999926,836000002.214694
13982.225491999925,836065945.5500355
13988.234014999925,836028752.0927051
13994.242537999926,836057174.1005051
14000.251060999926,836061238.8141427
14006.259583999927,836037969.1571832
14012.268106999925,836056618.9619772
14018.276629999926,836049432.9797678
14024.285152999926,836067064.9855999
14030.293675999925,835979994.0833447
14036.302198999925,836026149.5250915
14042.310721999926,836044773.7344781
14048.319244999926,836025283.15258
14054.327767999926,836032347.063655
14060.336290999925,836012564.0
14066.344813999925,836010636.3825315
14072.353336999926,836015782.6559459
14078.361859999924,836037442.6598544
14084.370382999925,835991476.8997664
14090.378905999925,836040845.9883046
14096.387428999926,836073819.1915551
14102.395951999926,836031308.0051757
14108.404474999925,835997674.4878222
14114.412997999925,836120788.3816575
14120.421520999926,836044856.1818409
14126.430043999924,836000933.7167785
14132.438566999925,836058135.2340819
14138.447089999925,836055736.879818
14144.455612999926,836021816.2230157
14150.464135999926,836101145.4970447
14156.472658999925,836134421.0914114
14162.481181999925,836091943.9304249
14168.489704999925,836077442.0151913
14174.498227999924,836072597.0339043
14180.506750999924,835992141.5009847
14186.515273999925,835987776.0144341
14192.523796999925,836012264.0714607
14198.532319999926,836001786.5575995
14204.540842999924,836002578.6366212
14210.549365999925,836040337.9111983
14216.557888999925,836071326.3404938
14222.566411999924,836004323.1757249
14228.574934999924,836053140.0509945
14234.583457999925,835978675.3872578
14240.591980999925,836050604.9131752
14246.600503999925,836034998.0
14252.609026999924,836011027.9440036
14258.617549999924,835930157.0772527
14264.626072999925,835957238.5561684
14270.634595999923,835992257.4987463
14276.643118999924,835988664.1830255
14282.651641999924,835976199.2464408
14288.660164999925,835937096.4410722
14294.668687999925,835991418.06942
14300.677210999924,836065790.1149465
14306.685733999924,835946478.1949506
14312.694256999925,835935999.6471182
14318.702779999923,836025415.3985548
14324.711302999924,836091015.0030699
14330.719825999924,835987027.7051315
14336.728348999924,835986335.2485808
14342.736871999925,835959946.8107497
14348.745394999924,835904848.4052355
14354.753917999924,835965244.6976424
14360.762440999924,836050485.031044
14366.770963999923,836055687.5987207
14372.779486999923,835959056.6155447
14378.788009999924,835999879.908991
14384.796532999924,835991113.5494969
14390.805055999925,836086665.1306484
14396.813578999923,836017722.3982074
14402.822101999924,836077406.421614
14408.830624999924,836034953.632261
14414.839147999923,836034890.5507519
14420.847670999923,836079284.385117
14426.856193999924,836073049.5098741
14432.864716999924,836039099.1509892
14438.873239999924,835993331.0
14444.881762999923,835997825.2429479
14450.890285999923,836015065.3493028
14456.898808999924,836027163.9587082
14462.907331999922,836056583.235509
14468.915854999923,836073188.8318276
14474.924377999923,836024938.1807618
14480.932900999924,836091209.5551461
14486.941423999924,836043338.4066412
14492.949946999923,836025936.7270546
14498.958469999923,836005052.3541607
14504.966992999924,836028952.415081
14510.975515999922,836015107.812293
14516.984038999923,836085249.8528379
14522.992561999923,836089221.3596078
14529.001084999923,836035443.4581978
14535.009607999924,836037681.532386
14541.018130999923,836052281.2964829
14547.026653999923,836006671.7406363
14553.035176999923,836080147.1180106
14559.043699999922,836130850.8764879
14565.052222999922,836093392.5484588
14571.060745999923,836038271.3157247
14577.069268999923,836075995.4584576
14583.077791999924,836100193.7033017
14589.086314999922,836075782.4079506
14595.094837999923,836022146.0555649
14601.103360999923,836061610.7745515
14607.111883999922,836051028.785812
14613.120406999922,836041647.9365005
14619.128929999923,836060363.137083
14625.137452999923,836049950.5572234
14631.145975999923,835970144.5294775
14637.154498999922,836024214.3221476
14643.163021999922,836034998.0
14649.171544999923,836050548.5465844
14655.180067999921,836086736.428925
14661.188590999922,836031746.876288
14667.197113999922,836038576.8693208
14673.205636999923,836008921.8970712
14679.214159999923,835982781.0852215
14685.222682999922,836009732.6423981
14691.231205999922,836020609.8260223
14697.239728999923,835994933.1647807
14703.248251999921,836022865.6873397
14709.256774999922,836045350.4743618
14715.265297999922,836080625.9689957
14721.273820999922,836109884.3199574
14727.282343999923,836047114.8068277
14733.290866999921,836002740.0536636
14739.299389999922,836011615.7707323
14745.307912999922,836037377.6308726
14751.316435999921,836055432.7908168
14757.324958999921,836011739.1824666
14763.333481999922,835996961.2715112
14769.342004999922,836062997.8431531
14775.350527999923,836060320.3006804
14781.359050999921,836046907.1776184
14787.367573999922,836001815.978815
14793.376096999922,835907788.3978885
14799.38461999992,835950727.7371438
14805.393142999921,836016583.8104081
14811.401665999922,835967723.8587767
14817.410188999922,835930288.4861302
14823.418711999922,835962382.9271269
14829.427234999921,835972734.6670331
14835.435757999921,835988462.6907895
14841.444280999922,836024089.896319
14847.45280399992,836035807.0096538
14853.46132699992,836003401.8090892
14859.469849999921,835946120.1036863
14865.478372999922,835990397.3984276
14871.486895999922,836015658.6101757
14877.49541899992,836038555.7416761
14883.503941999921,836005524.4138428
14889.512464999922,836050942.9845822
14895.52098799992,835979202.9215356
14901.52951099992,835970020.7879338
14907.538033999921,835965245.4147843
14913.546556999921,836023325.2843449
14919.555079999922,836007559.8889564
14925.56360299992,836035686.6099441
14931.57212599992,836065416.3455471
14937.580648999921,836071664.1750944
14943.58917199992,836029508.1013669
14949.59769499992,835951603.7255409
14955.60621799992,835993139.6260672
14961.614740999921,836035848.6825147
14967.623263999922,836027534.5849017
14973.63178699992,836024280.3447367
14979.64030999992,836022802.6083349
14985.648832999921,835999845.4738199
14991.65735599992,836018277.4860197
14997.66587899992,836034154.4263486
15003.67440199992,835996791.240765
15009.682924999921,836003983.2344034
15015.691447999921,835946068.4306793
15021.69997099992,835954582.3659464
15027.70849399992,835960830.5046232
15033.71701699992,835999370.6539754
15039.72553999992,835998828.0529143
15045.73406299992,835946877.8149605
15051.74258599992,836032119.1060783
15057.75110899992,835981129.3409377
15063.759631999921,835973937.4089938
15069.76815499992,835959993.1521801
15075.77667799992,836036306.6570544
15081.78520099992,836003869.8856676
15087.79372399992,836029009.5219588
15093.80224699992,836035362.1721184
15099.81076999992,836021479.7032132
15105.81929299992,835986426.2369952
15111.82781599992,835964444.4284939
15117.83633899992,835998083.993229
15123.84486199992,835977389.7932028
15129.85338499992,835996612.8194464
15135.861907999919,836001738.2848808
15141.87043099992,836012973.9631883
15147.87895399992,835983701.0313946
15153.88747699992,835990100.417819
15159.89599999992,836049627.0071416
15165.90452299992,836038663.4024025
15171.91304599992,836041518.5221661
15177.92156899992,836040665.0922778
15183.930091999919,836015624.1284055
15189.938614999919,836067247.8652099
15195.94713799992,836008826.3488766
15201.95566099992,835965247.5522804
15207.96418399992,835974670.4140968
15213.972706999919,836039711.9517248
15219.98122999992,836051173.9088038
15225.98975299992,836067942.9032416
15231.998275999918,836053672.0462793
15238.006798999919,835996027.5277342
15244.01532199992,836002215.8057333
15250.02384499992,836015322.0665226
15256.03236799992,835997373.3897418
15262.040890999919,835986584.2495036
15268.04941399992,836037825.2227162
15274.05793699992,836053548.1169776
15280.066459999918,836068950.2102622
15286.074982999919,835982665.9459491
15292.083505999919,836072832.8258135
15298.09202899992,836028557.7675785
15304.10055199992,836022794.5394315
15310.109074999918,836008666.5811542
15316.117597999919,836015810.3812909
15322.12612099992,836030887.1345263
15328.134643999918,835952508.355545
15334.143166999918,835960996.837123
15340.151689999919,835991232.4989173
15346.16021299992,836029322.4300243
15352.16873599992,836014284.0690962
15358.177258999918,835964726.8950244
15364.185781999919,835998004.221684
15370.194304999919,836050190.6827594
15376.202827999918,836017806.5325271
15382.211350999918,835990806.6613468
15388.219873999918,836041652.2094404
15394.228396999919,836058203.999294
15400.23691999992,836004516.4501084
15406.245442999918,836093226.103658
15412.253965999918,836078054.177405
15418.262488999919,835991324.2413229
15424.271011999917,836030531.0
15430.279534999918,836021135.3303707
15436.288057999918,836003511.9751688
15442.296580999919,836066462.3811039
15448.305103999919,836032238.8617436
15454.313626999918,836022787.4803112
15460.322149999918,836066375.522491
15466.330672999919,836087467.3583447
15472.339195999917,836028409.0269864
15478.347718999918,836019966.9208148
15484.356241999918,835969622.5497642
15490.364764999918,836002324.4447653
15496.373287999919,836018474.4016947
15502.381810999917,835979692.9550191
15508.390333999918,835962471.1071944
15514.398856999918,836013183.3875804
15520.407379999917,836058661.8318392
15526.415902999917,836089537.8359973
15532.424425999918,836011008.8184478
15538.432948999918,835951416.8729292
15544.441471999919,836022987.574449
15550.449994999917,836061262.9092022
15556.458517999918,836084130.3571197
15562.467040999918,836063368.5045953
15568.475563999917,836024979.9637909
15574.484086999917,836010838.7268693
15580.492609999917,835978898.3436913
15586.501132999918,835988065.3261663
15592.509655999918,836045593.2884047
15598.518178999917,835987827.4175768
15604.526701999917,836033386.3654177
15610.535224999918,835991132.3050885
15616.543747999916,836029031.0
15622.552270999917,836020128.5339657
15628.560793999917,836000346.1539928
15634.569316999918,836035955.5771617
15640.577839999918,835981077.5531304
15646.586362999917,836006486.326209
15652.594885999917,836022810.1923658
15658.603408999918,835990488.7011824
15664.611931999916,836090781.413046
15670.620454999917,836031608.304312
15676.628977999917,836019685.7997744
15682.637500999917,835962392.5627916
15688.646023999918,835992546.0638777
15694.654546999916,835943728.5223008
15700.663069999917,835944769.7808088
15706.671592999917,835992631.4969414
15712.680115999916,835967305.4997579
15718.688638999916,836045657.9590966
15724.697161999917,836041756.4546301
15730.705684999917,836025455.8468082
15736.714207999918,836006137.8764617
15742.722730999916,835946437.7861952
15748.731253999917,835961547.2020547
15754.739776999917,836020172.3732096
15760.748299999916,835941426.0863315
15766.756822999916,835913130.4344052
15772.765345999916,836023051.8845953
15778.773868999917,836017961.5899445
15784.782391999917,836050996.3872155
15790.790914999916,835984804.5040833
15796.799437999916,836059603.8945287
15802.807960999917,836030929.0307543
15808.816483999915,836064107.4216396
15814.825006999916,836033075.1435316
15820.833529999916,836050140.6682581
15826.842052999917,836023829.3461703
15832.850575999917,835997542.9762175
15838.859098999916,835963605.8567677
15844.867621999916,835956144.7799296
15850.876144999917,836020542.2672535
15856.884667999915,835994090.3278617
15862.893190999916,835979405.5741768
15868.901713999916,835942649.3070987
15874.910236999916,835916684.1956112
15880.918759999917,835989212.0926528
15886.927282999915,835959528.1607934
15892.935805999916,835962944.884132
15898.944328999916,835979605.3508375
15904.952851999915,835962494.3982673
15910.961374999915,836039393.6350751
15916.969897999916,836098827.052907
15922.978420999916,836049756.4653085
15928.986943999917,835978699.7041645
15934.995466999915,836024416.5806644
15941.003989999916,836058132.6476172
15947.012512999916,835992660.0990182
15953.021035999915,835949861.3325342
15959.029558999915,835959998.0
15965.038081999915,835965709.2416995
15971.046604999916,835998204.755576
15977.055127999916,836019576.0803899
15983.063650999915,835952730.2254192
15989.072173999915,835989935.6010331
15995.080696999916,836028540.647188
16001.089219999914,835993429.8799894
16007.097742999915,835984273.5010895
16013.106265999915,836002277.794839
16019.114788999916,835986248.5160165
16025.123311999916,835993208.9122926
16031.131834999915,836013719.6591944
16037.140357999915,836018892.2710721
16043.148880999915,836049056.3599411
16049.157403999914,836020712.7545612
16055.165926999915,835976912.1194853
16061.174449999915,835949058.179842
16067.182972999915,835985757.77025
16073.191495999916,836058099.8993081
16079.200018999914,835995969.156496
16085.208541999915,835963387.65436
16091.217064999915,835982192.1318088
16097.225587999914,836009476.3140149
16103.234110999914,836008569.6838841
16109.242633999915,835926630.2835289
16115.251156999915,835957811.3234555
16121.259679999916,836000377.350654
16127.268202999914,835990376.5900087
16133.276725999915,836023728.5480849
16139.285248999915,835982412.7975991
16145.293771999914,835946685.9515792
16151.302294999914,836039585.4148358
16157.310817999914,836002677.0791107
16163.319340999915,835970236.2283698
16169.327863999915,836035626.3304151
16175.336386999914,836045066.5871539
16181.344909999914,835973053.5370971
16187.353432999915,835978560.3385338
16193.361955999913,835938927.2042482
16199.370478999914,835908014.5653594
16205.379001999914,836016079.2492243
16211.387524999915,836017786.6449525
16217.396047999915,835969837.8645372
16223.404570999914,836021948.3115728
16229.413093999914,836052146.1761129
16235.421616999914,836044715.2891073
16241.430139999913,836067363.8433018
16247.438662999914,836036475.3991268
16253.447185999914,835986599.2094588
16259.455708999914,835978785.5255792
16265.464231999915,835973107.7566353
16271.472754999913,835937734.9510059
16277.481277999914,836068253.5796068
16283.489800999914,836011071.8171568
16289.498323999913,835975476.1968614
16295.506846999913,836000508.1908609
16301.515369999914,836003023.6089189
16307.523892999914,835935684.1331393
16313.532415999915,835970026.7891777
16319.540938999913,836002245.7255245
16325.549461999914,835995208.259349
16331.557984999914,835972894.6265798
16337.566507999913,836051229.8490769
16343.575030999913,836041134.3527198
16349.583553999913,836010388.327113
16355.592076999914,835969701.9858614
16361.600599999914,835947021.1063552
16367.609122999913,835987774.167459
16373.617645999913,836015495.4472339
16379.626168999914,835999937.2281511
16385.634691999912,836020925.5810933
16391.643214999913,835996882.7653819
16397.651737999913,835934998.0
16403.660260999914,835948931.3198707
16409.668783999914,836010175.1381321
16415.677306999914,835994855.682465
16421.68582999991,835958019.2484465
16427.69435299991,835989306.2677479
16433.702875999912,836000737.4598054
16439.711398999912,835998637.3125979
16445.719921999913,835946408.3508666
16451.728444999913,835959423.0087322
16457.736967999914,835988740.1932938
16463.745490999914,835950221.4389158
16469.754013999915,835962661.6044502
16475.76253699991,836054643.840434
16481.77105999991,836030946.5676957
16487.779582999912,835917040.5926521
16493.788105999913,835900208.6529258
16499.796628999913,835896508.4399527
16505.805151999914,835922101.235419
16511.813674999914,835969846.1258035
16517.82219799991,835963098.9233042
16523.83072099991,835970578.678741
16529.83924399991,835953681.7481612
16535.847766999912,835919477.828323
16541.856289999912,835974081.5706518
16547.864812999913,836011859.3097892
16553.873335999913,835968453.6509485
16559.881858999914,835998141.3141929
16565.890381999914,836014960.9440986
16571.89890499991,835990720.8357425
16577.90742799991,836006065.6103756
16583.91595099991,835947290.3933394
16589.924473999912,835956853.6732714
16595.932996999913,836009998.0
16601.941519999913,836011877.211028
16607.950042999913,836025540.7228973
16613.95856599991,836035407.0623564
16619.96708899991,835995485.3553476
16625.97561199991,836065677.6506017
16631.98413499991,835941456.7828023
16637.992657999912,835918331.0
16644.001180999912,835921168.8081707
16650.009703999913,835936428.0737596
16656.018226999913,835954201.760373
16662.026749999914,836002772.8652563
16668.03527299991,835990988.4245037
16674.04379599991,836000161.9530399
16680.05231899991,835950498.5332466
16686.06084199991,835952829.0177284
16692.069364999912,835878392.0573722
16698.077887999912,835933097.7917227
16704.086410999913,835967614.7737241
16710.09493399991,835997207.7917734
16716.10345699991,836055319.8998351
16722.11197999991,836041168.7689017
16728.12050299991,835973178.067372
16734.12902599991,836002084.8859038
16740.13754899991,836030037.3678136
16746.146071999912,836036226.1625593
16752.154594999913,836036265.0645808
16758.163117999913,836051337.8321652
16764.17164099991,835984881.7389866
16770.18016399991,835973066.8240242
16776.18868699991,835990402.6362436
16782.19720999991,835970079.5853786
16788.20573299991,835999633.5772855
16794.214255999912,836004917.5361593
16800.222778999912,836008141.0432196
16806.23130199991,835970325.9414799
16812.23982499991,835929549.5418812
16818.24834799991,835948010.3075422
16824.25687099991,835967768.4692404
16830.26539399991,835963974.2838142
16836.27391699991,836008102.8693284
16842.28243999991,836012050.7112329
16848.290962999912,835962951.4425237
16854.299485999913,835933136.3535163
16860.30800899991,835972552.9346981
16866.31653199991,836003343.7071241
16872.32505499991,835962252.1291755
16878.33357799991,836012364.0
16884.34210099991,836012364.0
16890.35062399991,836006655.9613191
16896.359146999912,835896810.8694845
16902.36766999991,835968326.3926412
16908.37619299991,835892006.2958499
16914.38471599991,835956909.8414395
16920.39323899991,836019952.561874
16926.40176199991,835972624.7123086
16932.41028499991,836009430.8725927
16938.41880799991,835965343.2773278
16944.42733099991,835992044.1845466
16950.435853999912,835929387.9248635
16956.44437699991,835930175.2488446
16962.45289999991,835991407.8048613
16968.46142299991,835905566.4989653
16974.46994599991,835931300.3640944
16980.47846899991,835961479.542891
16986.48699199991,835945589.9255408
16992.49551499991,835974054.6222057
16998.504037999908,835925968.8134469
17004.51256099991,836033025.08004
17010.52108399991,835960119.3956718
17016.52960699991,835959843.0324707
17022.53812999991,835906165.4249443
17028.54665299991,835927566.645356
17034.55517599991,835949414.8272743
17040.56369899991,836019328.3859217
17046.57222199991,836010298.2723448
17052.58074499991,835987810.28808
17058.58926799991,835969446.1358993
17064.59779099991,835939393.0028962
17070.60631399991,835961186.2554249
17076.61483699991,835982148.8988411
17082.62335999991,835984767.6022538
17088.63188299991,835920868.1973201
17094.640405999908,835945048.5396405
17100.648928999908,835936454.9725444
17106.65745199991,835903483.7012353
17112.66597499991,835955979.5813173
17118.67449799991,835998811.2684053
17124.68302099991,836012894.5291578
17130.69154399991,836007042.1201018
17136.70006699991,836041722.7564096
17142.70858999991,835938243.182263
17148.717112999908,836015792.3297637
17154.72563599991,835910748.5026233
17160.73415899991,835930661.0831946
17166.74268199991,835986602.5512502
17172.75120499991,836020306.5476484
17178.75972799991,835997152.0507283
17184.76825099991,835997021.975247
17190.776773999907,836012138.954987
17196.785296999908,835948501.6682374
17202.793819999908,835973869.5514009
17208.80234299991,836004732.1719825
17214.81086599991,836026112.8721573
17220.81938899991,835946861.610484
17226.82791199991,836019684.2226444
17232.83643499991,835988108.6744553
17238.84495799991,835964874.8579491
17244.853480999907,836013178.1165091
17250.862003999908,835924704.918904
17256.870526999908,836036304.0574123
17262.87904999991,835998735.7786965
17268.88757299991,835906884.2884973
17274.89609599991,835920388.171899
17280.90461899991,835917081.1267445
17286.913141999907,835972872.039419
17292.921664999907,836008629.1996984
17298.930187999908,835938402.9530661
17304.938710999908,835992421.8488618
17310.94723399991,835912117.1899337
17316.95575699991,835952675.568384
17322.96427999991,836034945.8817323
17328.97280299991,835986453.2149358
17334.98132599991,835951706.8098232
17340.989848999907,835919335.8903466
17346.998371999907,836038169.5044593
17353.006894999908,836034024.0537301
17359.015417999908,835967030.0836214
17365.02394099991,836023027.0012133
17371.03246399991,835961100.7211406
17377.04098699991,835978773.6385128
17383.049509999906,835961177.8727727
17389.058032999907,835936525.8921673
17395.066555999907,835896971.0505189
17401.075078999907,835961458.5050111
17407.083601999908,835959079.9666554
17413.09212499991,835920242.1884996
17419.10064799991,835918302.4258233
17425.10917099991,836007364.1448799
17431.11769399991,836013477.1472518
17437.126216999906,835891111.0096084
17443.134739999907,835964390.227712
17449.143262999907,835987328.527817
17455.151785999908,835976826.2466059
17461.160308999908,835930531.0
17467.16883199991,835932456.2486751
17473.17735499991,835970024.5821245
17479.185877999906,836000085.9083397
17485.194400999906,835972020.1551666
17491.202923999906,835984917.7729625
17497.211446999907,836040723.0828375
17503.219969999907,835948090.5937426
17509.228492999908,835985446.3410326
17515.237015999908,835934852.6762885
17521.24553899991,835929835.8567294
17527.25406199991,835889176.0730659
17533.262584999906,835954194.8447009
17539.271107999906,835946096.455269
17545.279630999907,835922710.1814246
17551.288153999907,835964029.0810627
17557.296676999908,835978365.4244347
17563.305199999908,835935147.2607485
17569.31372299991,835936718.9533184
17575.322245999905,835914479.0601469
17581.330768999906,835940340.7008262
17587.339291999906,835976532.3588004
17593.347814999906,836046139.4290625
17599.356337999907,836019736.8851365
17605.364860999907,835967626.5604042
17611.373383999908,835959783.4829648
17617.381906999908,836051414.552685
17623.39042999991,835990396.1279217
17629.398952999905,835878072.1020921
17635.407475999906,835994644.210419
17641.415998999906,835977452.6655874
17647.424521999907,835935437.3768406
17653.433044999907,836005231.0
17659.441567999907,836007578.7523247
17665.450090999908,836040357.2196206
17671.458613999905,835946604.7994576
17677.467136999905,835957922.5139557
17683.475659999905,836002536.1684681
17689.484182999906,835964215.5338854
17695.492705999906,836006498.003754
17701.501228999907,836029846.0249249
17707.509751999907,835895108.9836822
17713.518274999908,835928493.2797724
17719.526797999908,835960736.9183903
17725.535320999905,835941740.0206273
17731.543843999905,835868765.7804838
17737.552366999906,835878976.8508189
17743.560889999906,835924325.8418517
17749.569412999906,835990672.2762084
17755.577935999907,835895273.2582788
17761.586458999907,835888433.4338303
17767.594981999904,835880020.5177706
17773.603504999905,835945930.4204468
17779.612027999905,835952972.9748266
17785.620550999905,835921969.6821858
17791.629073999906,835920589.5751209
17797.637596999906,835908793.6139368
17803.646119999907,835989224.875166
17809.654642999907,835996263.5116307
17815.663165999908,835970340.902237
17821.671688999904,836004735.3271081
17827.680211999905,835985256.3589615
17833.688734999905,835919252.4659066
17839.697257999906,835893078.7705888
17845.705780999906,835888302.691667
17851.714303999906,835882675.5976359
17857.722826999907,835890855.5307903
17863.731349999904,835914848.5719595
17869.739872999904,835972819.3146182
17875.748395999904,836019020.3320616
17881.756918999905,835930168.3869483
17887.765441999905,835980262.9744843
17893.773964999906,835972338.4212219
17899.782487999906,835988469.3517331
17905.791010999907,836012249.947992
17911.799533999907,835962976.0450011
17917.808056999904,836033123.5919354
17923.816579999904,835987556.0332785
17929.825102999905,835986504.1270119
17935.833625999905,836019946.580178
17941.842148999905,835962630.9883119
17947.850671999906,835972160.294328
17953.859194999906,835986868.6101112
17959.867717999903,835947862.2481924
17965.876240999904,835996883.1092416
17971.884763999904,836019476.7835939
17977.893286999904,835972170.9558376
17983.901809999905,835988843.1264136
17989.910332999905,835998520.47879
17995.918855999906,836005051.8105807
18001.927378999906,836028232.6100832
18007.935901999906,835995086.56015
18013.944424999903,836038102.3627639
18019.952947999904,836021910.2652992
18025.961470999904,836027179.1939083
18031.969993999905,835964328.3933941
18037.978516999905,835968144.7306916
18043.987039999905,835963764.0
18049.995562999906,835964585.0145519
18056.004085999903,835991248.6840177
18062.012608999903,835919850.9683602
18068.021131999903,835970385.6737177
18074.029654999904,835946971.7204056
18080.038177999904,835962935.4893897
18086.046700999905,835969448.7508997
18092.055223999905,835895153.1692063
18098.063746999906,835952751.2471536
18104.072269999906,835984158.9343674
18110.080792999903,835957483.1224828
18116.089315999903,835893228.1141303
18122.097838999904,836019334.2144514
18128.106361999904,835968207.8908099
18134.114884999904,835931854.8938047
18140.123407999905,835996142.1500627
18146.131930999905,836009265.4565948
18152.140453999902,835979393.8419139
18158.148976999903,835986291.1845903
18164.157499999903,835930534.2735243
18170.166022999903,835986657.5930444
18176.174545999904,835973552.85138
18182.183068999904,836001353.7963089
18188.191591999905,835949523.2638729
18194.200114999905,835965183.9239241
18200.208637999905,836002313.166366
18206.217160999902,835972368.8470347
18212.225683999903,835971341.4750503
18218.234206999903,835964250.8026778
18224.242729999904,835988253.4420564
18230.251252999904,836060210.6797712
18236.259775999904,835965958.8097569
18242.268298999905,836032816.1049157
18248.2768219999,836060238.1232965
18254.285344999902,835957655.4043115
18260.293867999902,835885842.5679824
18266.302390999903,835911572.6230807
18272.310913999903,835881835.7991452
18278.319436999904,835962838.1184281
18284.327959999904,835987307.0931852
18290.336482999905,835984152.1087085
18296.345005999905,835945360.8555211
18302.3535289999,835949396.738165
18308.362051999902,836012902.4034592
18314.370574999903,836004639.1883237
18320.379097999903,835994257.3860497
18326.387620999903,836019802.5852091
18332.396143999904,836021104.7035947
18338.404666999904,835981410.302008
18344.4131899999,836004076.9951257
18350.4217129999,835986429.4842467
18356.430235999902,835956285.859465
18362.438758999902,836013066.0429152
18368.447281999903,836004787.0968549
18374.455804999903,836021437.7684516
18380.464327999904,836019657.1253353
18386.472850999904,835958597.762371
18392.481373999904,835927001.9403065
18398.4898969999,835938534.5805453
18404.4984199999,836020184.1734685
18410.506942999902,835984747.0471958
18416.515465999903,835979187.7639675
18422.523988999903,835988534.1194693
18428.532511999903,835996497.2678673
18434.541034999904,836024217.7802821
18440.5495579999,836029222.2163578
18446.5580809999,836018382.378486
18452.5666039999,835960802.1996233
18458.575126999902,836047508.3510398
18464.583649999902,836063079.5442988
18470.592172999903,836050718.1231195
18476.600695999903,835986042.4403405
18482.609218999904,835957202.704338
18488.617741999904,836002498.7797599
18494.6262649999,835958384.6539552
18500.6347879999,835924007.9075491
18506.6433109999,835982152.9891425
18512.651833999902,836012164.8896208
18518.660356999902,835963326.5377365
18524.668879999903,835976878.457916
18530.677402999903,836080875.0949502
18536.6859259999,836064540.5825007
18542.6944489999,836060813.4991405
18548.7029719999,835977286.6404401
18554.7114949999,835955085.6525413
18560.7200179999,835946462.690155
18566.728540999902,835948035.3260018
18572.737063999903,836009008.5958768
18578.745586999903,835980912.1985276
18584.754109999903,835876334.112417
18590.7626329999,835872834.7353586
18596.7711559999,835983938.7317328
18602.7796789999,835896451.7656492
18608.7882019999,835981340.8814911
18614.796724999902,836067421.1373088
18620.805247999902,835988961.589053
18626.813770999903,836022298.0
18632.8222939999,836020553.5900928
18638.8308169999,835975458.0849054
18644.8393399999,835888893.7444481
18650.8478629999,835983069.4507042
18656.8563859999,835937711.1242186
18662.8649089999,835961135.8849677
18668.873431999902,835926168.0777462
18674.881954999903,835913954.3620726
18680.890477999903,835946124.4969203
18686.8990009999,836020328.2329632
18692.9075239999,835987206.3085086
18698.9160469999,836009259.9288539
18704.9245699999,835898216.1097107
18710.9330929999,836012247.4324877
18716.941615999902,835949204.2309062
18722.950138999902,835997171.0801489
18728.9586619999,836002044.6186744
18734.9671849999,835962825.7887704
18740.9757079999,835933947.4384782
18746.9842309999,835866112.6911055
18752.9927539999,835933591.6135119
18759.0012769999,835895477.2877527
18765.0097999999,835890449.8159575
18771.018322999902,835911746.9663938
18777.026845999902,835952563.5803522
18783.0353689999,835915333.953131
18789.0438919999,835952023.390001
18795.0524149999,835908205.4052598
18801.0609379999,835995289.0629948
18807.0694609999,835940966.5441525
18813.0779839999,836014422.2429574
18819.0865069999,835961823.4101698
18825.0950299999,835935139.3231164
18831.1035529999,835961590.8534763
18837.1120759999,835946773.7956741
18843.1205989999,835946829.4774865
18849.1291219999,835979156.3355272
18855.1376449999,835996653.8547602
18861.1461679999,836004665.4991143
18867.1546909999,836005415.7574341
18873.163213999902,835995584.8894327
18879.1717369999,836003912.7243526
18885.1802599999,835973339.5742425
18891.1887829999,836003268.5339032
18897.1973059999,836020277.2468411
18903.2058289999,836002706.2468803
18909.2143519999,835961224.905054
18915.2228749999,835993293.2412117
18921.231397999898,835911218.2042993
18927.2399209999,835944924.5070825
18933.2484439999,835988742.2138278
18939.2569669999,836012252.907588
18945.2654899999,835970570.0423666
18951.2740129999,835931451.9557086
18957.2825359999,835986046.7453202
18963.2910589999,836007309.2102727
18969.2995819999,835945579.8535246
18975.3081049999,835959558.1794368
18981.3166279999,835872311.2298933
18987.3251509999,835962160.2222954
18993.3336739999,835938325.4645578
18999.3421969999,835934427.3659556
19005.3507199999,835923494.4038479
19011.3592429999,835995011.9610523
19017.367765999898,835952301.9299781
19023.376288999898,835956646.2733452
19029.3848119999,836022086.5094266
19035.3933349999,836027110.2972894
19041.4018579999,835968928.2408988
19047.4103809999,835988507.9756718
19053.4189039999,835976963.4552709
19059.4274269999,835986721.9779158
19065.4359499999,835937594.4399004
19071.444472999898,835931075.0848668
19077.452995999898,835988652.178528
19083.4615189999,836013343.4701679
19089.4700419999,836035181.8659166
19095.4785649999,835885164.8416331
19101.4870879999,835894652.9356856
19107.4956109999,835963764.3300099
19113.504133999897,835980445.0606452
19119.512656999897,835964818.3815333
19125.521179999898,836027952.2907907
19131.5297029999,835889389.5785404
19137.5382259999,835946209.1627076
19143.5467489999,835946690.7064223
19149.5552719999,835947684.5598263
19155.5637949999,835997088.5466852
19161.5723179999,836023555.3614805
19167.580840999897,836058847.3565434
19173.589363999898,836004753.8526617
19179.597886999898,835977743.7531438
19185.6064099999,836012942.5949417
19191.6149329999,835977191.4702736
19197.6234559999,835871737.1690501
19203.6319789999,836004227.350661
19209.640501999897,835947633.6325802
19215.649024999897,835951862.6783307
19221.657547999897,835970050.4707596
19227.666070999898,835984606.0826325
19233.6745939999,835936257.4113171
19239.6831169999,835894196.7373561
19245.6916399999,835978706.4273037
19251.7001629999,835953547.9805686
19257.7086859999,835935724.3544776
19263.717208999897,836014083.9198405
19269.725731999897,836078590.8508161
19275.734254999898,835956321.3191829
19281.742777999898,836021936.9699897
19287.7513009999,836012602.7603093
19293.7598239999,835946840.7000858
19299.7683469999,835921752.0920554
19305.776869999896,836005076.9400859
19311.785392999896,836038907.3527669
19317.793915999897,835988993.0502754
19323.802438999897,835943531.6849695
19329.810961999898,835987915.6036607
19335.819484999898,835928161.4495543
19341.8280079999,835935405.8556218
19347.8365309999,836004842.3525168
19353.8450539999,836034429.0137686
19359.853576999896,835944013.9521081
19365.862099999897,836034712.1361299
19371.870622999897,835970808.8570894
19377.879145999897,835972538.8121423
19383.887668999898,835910441.4156104
19389.8961919999,836046707.74279
19395.9047149999,835912124.450322
19401.913237999896,835969789.9742955
19407.921760999896,835964638.5341984
19413.930283999896,836006768.4597933
19419.938806999897,836021383.9208394
19425.947329999897,835911911.5754054
19431.955852999898,836060772.1084372
19437.964375999898,835906086.6685386
19443.9728989999,835951211.5845557
19449.9814219999,835996013.2827272
19455.989944999896,836003730.6314238
19461.998467999896,835944097.2928672
19468.006990999897,836028466.2812127
19474.015513999897,836002677.5125581
19480.024036999897,835997372.0798541
19486.032559999898,835880731.8358712
19492.0410829999,835871299.9826314
19498.049605999895,835960653.2748017
19504.058128999895,835877798.1611252
19510.066651999896,835894274.2395589
19516.075174999896,835938504.8425665
19522.083697999897,835869181.0834289
19528.092220999897,835897103.0952555
19534.100743999898,835930640.6799439
19540.109266999898,836019880.4430585
19546.1177899999,835947694.1306034
19552.126312999895,835928852.4048154
19558.134835999896,835893878.9732211
19564.143358999896,835970266.3056116
19570.151881999896,836021127.7353925
19576.160404999897,835998798.2449844
19582.168927999897,836012999.2671068
19588.177450999898,835968735.3943229
19594.185973999894,836003554.4979135
19600.194496999895,836005917.8362073
19606.203019999895,835952681.8626515
19612.211542999896,835970500.5857003
19618.220065999896,835962606.9453132
19624.228588999897,835922030.5319325
19630.237111999897,835954673.6410869
19636.245634999897,835995641.1912968
19642.254157999898,835970157.4352297
19648.262680999895,835960018.1057786
19654.271203999895,835938883.5561298
19660.279726999896,836001602.1081123
19666.288249999896,835972615.6972692
19672.296772999896,835984910.2868646
19678.305295999897,835911983.2307948
19684.313818999897,835920568.8768429
19690.322341999894,836028537.7229171
19696.330864999894,835920763.88658
19702.339387999895,835992993.7221642
19708.347910999895,835928719.9105804
19714.356433999896,835889844.2178128
19720.364956999896,835914109.067168
19726.373479999897,835919996.2123972
19732.382002999897,835898024.2768222
19738.390525999897,835989588.1755071
19744.399048999894,835919960.6208458
19750.407571999895,835963303.089418
19756.416094999895,835987608.4101617
19762.424617999895,835944798.9877903
19768.433140999896,835905310.9858903
19774.441663999896,835910167.1428387
19780.450186999897,835918958.3529888
19786.458709999893,835873558.2360076
19792.467232999894,835981378.146892
19798.475755999894,835947145.8430724
19804.484278999895,835954850.8772484
19810.492801999895,835962569.3447771
19816.501324999896,835964519.0834877
19822.509847999896,835921162.836009
19828.518370999896,835835645.5701867
19834.526893999897,835947355.8690424
19840.535416999894,835935142.5809945
19846.543939999894,836020815.8803526
19852.552462999894,836029221.8617263
19858.560985999895,835913542.4691602
19864.569508999895,835939007.0031129
19870.578031999896,835979995.9172956
19876.586554999896,835904700.2130936
19882.595077999893,835872916.872861
19888.603600999893,835937604.8513938
19894.612123999894,835959945.338646
19900.620646999894,836027936.6573597
19906.629169999895,835945880.204423
19912.637692999895,835945000.101304
19918.646215999896,835978538.4682454
19924.654738999896,835968384.4117041
19930.663261999896,836014106.5848294
19936.671784999893,835923326.879054
19942.680307999894,835905407.1506171
19948.688830999894,835920210.7063472
19954.697353999894,835921093.0823677
19960.705876999895,835953276.9429055
19966.714399999895,835910214.0078495
19972.722922999896,835953957.5553709
19978.731445999892,836037743.4889084
19984.739968999893,836032057.522272
19990.748491999893,836079872.5758667
19996.757014999894,835916423.6724182
20002.765537999894,835938486.4533663
20008.774060999895,835888252.7235597
20014.782583999895,835919150.2614584
20020.791106999895,835938205.3612373
20026.799629999896,835957593.6738378
20032.808152999893,835955570.4493426
20038.816675999893,836020398.6259174
20044.825198999893,835928551.4159389
20050.833721999894,835984176.9007456
20056.842244999894,835881860.4386941
20062.850767999895,835970192.9083519
20068.859290999895,835906488.2795107
20074.867813999892,835954773.1300285
20080.876336999892,835978277.9780209
20086.884859999893,836001311.3681843
20092.893382999893,835903173.1748406
20098.901905999894,835898353.2199117
20104.910428999894,835995409.3126495
20110.918951999894,835954269.0633374
20116.927474999895,835930178.6220884
20122.935997999895,835969676.6636089
20128.944520999892,836003367.991835
20134.953043999893,836021726.1035331
20140.961566999893,836038242.7889595
20146.970089999893,836046009.2116452
20152.978612999894,835981539.5834453
20158.987135999894,835929317.2797295
20164.995658999895,835986867.9129242
20171.00418199989,835995115.0865067
20177.012704999892,835962947.6219118
20183.021227999892,835930693.964047
20189.029750999893,835931287.2047284
20195.038273999893,835946516.4630039
20201.046796999894,835922348.4201739
20207.055319999894,835961889.6348666
20213.063842999894,835880872.2747247
20219.072365999895,835904373.5709845
20225.08088899989,835967408.6770804
20231.089411999892,836028563.8104087
20237.097934999892,835993764.7059065
20243.106457999893,835988625.3155956
20249.114980999893,835994813.9771025
20255.123503999894,835911242.8821881
20261.132026999894,835942795.8783997
20267.14054999989,835922058.1955093
20273.14907299989,835983949.3481374
20279.15759599989,835886466.1085808
20285.166118999892,835987214.6936482
20291.174641999893,835931866.7777301
20297.183164999893,835955419.2306647
20303.191687999893,836010238.8130811
20309.200210999894,835944309.2290448
20315.208733999894,835922989.0565736
20321.21725699989,835959476.000224
20327.22577999989,835978974.2568209
20333.234302999892,835943780.1478862
20339.242825999892,835954584.6988217
20345.251348999893,835963061.033682
20351.259871999893,835918817.3688993
20357.268394999894,836045398.3764204
20363.27691799989,835921810.8401841
20369.28544099989,835886758.7149961
20375.29396399989,835986691.0687429
20381.30248699989,835976765.7313684
20387.311009999892,835976664.0
20393.319532999893,835848501.4020473
20399.328055999893,835892888.6006678
20405.336578999893,835978541.8582417
20411.345101999894,835980716.0923741
20417.35362499989,836004267.1097313
20423.36214799989,835906853.7316922
20429.37067099989,835978518.298992
20435.379193999892,835929294.8412144
20441.387716999892,835954071.8477814
20447.396239999893,835978682.4394729
20453.404762999893,836009603.7526236
20459.41328599989,836022159.9693921
20465.42180899989,835997383.9630682
20471.43033199989,836037338.007985
20477.43885499989,835963970.454084
20483.44737799989,835963164.0
20489.455900999892,835963164.0
20495.464423999892,835935457.0313333
20501.472946999893,836013062.2128868
20507.481469999893,835956849.3221802
20513.48999299989,835915308.5178851
20519.49851599989,835982818.5385416
20525.50703899989,835892412.7776345
20531.51556199989,835948700.7085617
20537.52408499989,835913628.5657142
20543.532607999892,835981518.3353608
20549.541130999893,835926622.129735
20555.54965399989,835969698.5486734
20561.55817699989,835987439.5094578
20567.56669999989,835930391.0250672
20573.57522299989,835962840.1709118
20579.58374599989,835898995.2851573
20585.59226899989,835971963.7880076
20591.600791999892,836016869.6683133
20597.609314999892,835923350.9173019
20603.617837999893,835953279.9399254
20609.62636099989,835991675.4268222
20615.63488399989,835962065.6244082
20621.64340699989,835961868.3383478
20627.65192999989,835995321.8979725
20633.66045299989,835946003.7468021
20639.66897599989,835932186.3165244
20645.677498999892,835985556.8103294
20651.68602199989,836016270.6125983
20657.69454499989,835907830.2755103
20663.70306799989,835850422.5021076
20669.71159099989,835908568.5744867
20675.72011399989,835940776.4202948
20681.72863699989,835944698.0
20687.73715999989,835933350.3420078
20693.745682999892,835934281.6078941
20699.754205999892,835977345.1868236
20705.76272899989,835912435.1896644
20711.77125199989,835900704.5128515
20717.77977499989,835877272.0138258
20723.78829799989,835939481.7358259
20729.79682099989,835945300.2918521
20735.80534399989,835951943.5196286
20741.81386699989,835987885.2989368
20747.82238999989,835918852.3749694
20753.83091299989,836045508.7754148
20759.83943599989,835977368.2804273
20765.84795899989,835877349.366298
20771.85648199989,836019985.7281394
20777.86500499989,836034661.9007403
20783.87352799989,836037246.9552636
20789.88205099989,835976525.1462488
20795.89057399989,835994442.4530816
20801.89909699989,835903189.5969832
20807.90761999989,835994809.3421487
20813.91614299989,836000686.7918738
20819.92466599989,835905851.4587753
20825.93318899989,835933087.9010788
20831.94171199989,835923200.7165866
20837.95023499989,835911577.9008853
20843.958757999888,835950474.0958399
20849.96728099989,835986895.6264199
20855.97580399989,836029340.0176463
20861.98432699989,835954993.9187561
20867.99284999989,836032085.2234782
20874.00137299989,836102162.9754037
20880.00989599989,836113564.0
20886.01841899989,835996853.3146801
20892.02694199989,836039058.9039594
20898.035464999888,835967587.1053908
20904.04398799989,835926507.9528332
20910.05251099989,835946746.0606312
20916.06103399989,835925164.7556286
20922.06955699989,835918331.0
20928.07807999989,835980885.496206
20934.08660299989,836003302.2669128
20940.095125999887,835925446.2374094
20946.103648999888,835944443.174534
20952.11217199989,836000712.5276469
20958.12069499989,835999524.9735948
20964.12921799989,835900739.0271544
20970.13774099989,835965506.4770558
20976.14626399989,836021424.0571778
20982.15478699989,835921881.1531861
20988.16330999989,835899925.5104657
20994.171832999888,836010576.0998672
21000.180355999888,836050777.5744218
21006.18887899989,836002106.5817591
21012.19740199989,835955758.8485317
21018.20592499989,835917805.7253233
21024.21444799989,835945792.8508488
21030.22297099989,835921561.5958602
21036.231493999887,835918111.2866693
21042.240016999887,835951418.1448009
21048.248539999888,835946878.9503828
21054.257062999888,836036797.5710241
21060.26558599989,836050622.7429123
21066.27410899989,836014329.1988592
21072.28263199989,835956805.759492
21078.29115499989,835943331.0
21084.29967799989,835891301.7777917
21090.308200999887,835905346.6376437
21096.316723999887,835952077.5339336
21102.325246999888,835898145.8787452
21108.33376999989,835971096.101315
21114.34229299989,835962092.6243749
21120.35081599989,835946121.6952438
21126.35933899989,835991301.7317238
21132.367861999886,835953311.575804
21138.376384999887,835955018.379037
21144.384907999887,835962284.0768149
21150.393430999888,835969376.9728721
21156.401953999888,835984302.7621907
21162.41047699989,835972973.8459924
21168.41899999989,835929989.7966881
21174.42752299989,836031624.8229531
21180.43604599989,836044929.6325693
21186.444568999887,836023084.6541234
21192.453091999887,835948368.8099202
21198.461614999887,835909258.5471026
21204.470137999888,835937949.4331769
21210.47866099989,835893996.6520377
21216.48718399989,835986640.3057729
21222.49570699989,835944929.3465699
21228.504229999886,835940640.2355043
21234.512752999886,836009538.3979584
21240.521275999887,835974665.9547434
21246.529798999887,836011270.7871399
21252.538321999888,835980513.0679224
21258.546844999888,836001082.842279
21264.55536799989,836029546.1440943
21270.56389099989,836013625.2391453
21276.57241399989,836039083.7035081
21282.580936999886,836051664.0
21288.589459999886,836072201.5394756
21294.597982999887,836043787.8510404
21300.606505999887,836060106.7962638
21306.615028999888,835978847.602458
21312.623551999888,836005667.5290346
21318.63207499989,835956804.0252545
21324.640597999885,835959729.8005639
21330.649120999886,836005125.6114513
21336.657643999886,835996896.4337238
21342.666166999887,835944109.6332486
21348.674689999887,836006610.0661054
21354.683212999887,835965489.225981
21360.691735999888,835991341.7252071
21366.70025899989,835976703.8781726
21372.70878199989,835922441.8598428
21378.717304999886,835897130.3834394
21384.725827999886,835899254.6542276
21390.734350999886,835921786.0962626
21396.742873999887,835935732.1702223
21402.751396999887,835965602.3667319
21408.759919999888,835996484.3860749
21414.768442999888,835986780.3098412
21420.776965999885,835997153.8490058
21426.785488999885,835946336.5151476
21432.794011999886,835940215.4431187
21438.802534999886,835915708.9126798
21444.811057999887,835878375.0075779
21450.819580999887,835923825.9147149
21456.828103999887,836010314.9174588
21462.836626999888,835960381.2971956
21468.84514999989,835953376.2308524
21474.853672999885,835902646.8617965
21480.862195999885,835876664.0
21486.870718999886,835892659.134281
21492.879241999886,835914675.7726537
21498.887764999887,835908471.4445071
21504.896287999887,835943034.8425949
21510.904810999888,835961865.4721391
21516.913333999884,835966624.6242158
21522.921856999885,835977322.1957496
21528.930379999885,836013790.7416719
21534.938902999886,835981653.4929367
21540.947425999886,835937277.6127249
21546.955948999886,835939031.9702858
21552.964471999887,835923395.2576126
21558.972994999887,835965013.5213375
21564.981517999888,835980110.0482664
21570.990040999885,835979187.8921973
21576.998563999885,835990696.3770103
21583.007086999885,836063609.9362478
21589.015609999886,836024863.8835866
21595.024132999886,835908884.3651624
21601.032655999887,835962994.5653088
21607.041178999887,835981326.9025925
21613.049701999884,836000974.9636123
21619.058224999884,835930587.0315281
21625.066747999885,835907376.539217
21631.075270999885,835901782.6142582
21637.083793999886,835948738.4620953
21643.092316999886,835931806.9454851
21649.100839999886,835936596.7563902
21655.109362999887,835875728.4443057
21661.117885999887,835903275.3882927
21667.126408999884,835935048.6965685
21673.134931999884,835946951.8201308
21679.143454999885,835960379.6832651
21685.151977999885,835961462.3156304
21691.160500999886,836002474.1799026
21697.169023999886,836010435.5379623
21703.177546999887,835981749.9951714
21709.186069999883,836005228.9231339
21715.194592999884,836008217.1336743
21721.203115999884,835959936.3704075
21727.211638999885,835945647.1339387
21733.220161999885,835940544.5348384
21739.228684999885,835971820.2311547
21745.237207999886,835989131.1237822
21751.245730999886,836033316.7443985
21757.254253999887,836077695.2118405
21763.262776999883,836061580.3291919
21769.271299999884,836059504.0118564
21775.279822999884,836018751.3124343
21781.288345999885,835974311.9685823
21787.296868999885,835990485.4136518
21793.305391999886,836016365.1633016
21799.313914999886,836055564.3334142
21805.322437999883,836066907.0186931
21811.330960999883,836004969.2161659
21817.339483999884,835931339.8073651
21823.348006999884,835946141.7123662
21829.356529999885,835961630.2721916
21835.365052999885,836013350.5477291
21841.373575999885,835974586.0296721
21847.382098999886,835997510.5851092
21853.390621999886,835985087.5119652
21859.399144999883,835930437.8129449
21865.407667999883,835971248.8882971
21871.416190999884,835997598.0
21877.424713999884,835985223.4823644
21883.433236999885,835977836.928372
21889.441759999885,836007560.0800524
21895.450282999886,835998595.9454409
21901.458805999882,836035172.6631342
21907.467328999883,835961976.4087423
21913.475851999883,835942334.5499926
21919.484374999884,835959598.7538904
21925.492897999884,836004447.3086278
21931.501420999884,836074031.7092574
21937.509943999885,836097599.1756754
21943.518466999885,836011152.9682773
21949.526989999886,835976873.0545872
21955.535512999882,835979561.4294537
21961.544035999883,836025728.3554054
21967.552558999883,836012304.0661999
21973.561081999884,835967748.887165
21979.569604999884,836007469.7347044
21985.578127999885,836004935.9468331
21991.586650999885,836000454.0820787
21997.59517399988,835947263.6120411
22003.603696999882,835950835.1799167
22009.612219999883,835922476.5932983
22015.620742999883,835989891.8104267
22021.629265999884,835948728.6106781
22027.637788999884,836011100.4219939
22033.646311999884,836002171.4588083
22039.654834999885,835988944.1900113
22045.663357999885,835918088.400246
22051.671880999882,835933885.0129191
22057.680403999882,836018220.8332564
22063.688926999883,836045598.0
22069.697449999883,836044016.7525553
22075.705972999884,835993359.4329835
22081.714495999884,835978105.5588055
22087.723018999885,835960526.3855438
22093.73154199988,835982995.9398239
22099.74006499988,835982740.6792321
22105.748587999882,835990691.8006673
22111.757110999883,836009191.2953843
22117.765633999883,835920218.8745042
22123.774156999883,835936797.6761959
22129.782679999884,835959337.6713153
22135.791202999884,835953663.2249516
22141.799725999885,835953939.3415263
22147.80824899988,836023172.163482
22153.816771999882,836059323.8461291
22159.825294999882,835979145.7943449
22165.833817999883,835966635.779374
22171.842340999883,836037286.1828415
22177.850863999884,835993314.9371395
22183.859386999884,836039409.6115693
22189.86790999988,836107195.6820014
22195.87643299988,836091569.7432901
22201.88495599988,835992414.7027733
22207.893478999882,836005241.8793544
22213.902001999882,836056976.3902221
22219.910524999883,836024119.498949
22225.919047999883,835967376.0192665
22231.927570999884,835934033.2283599
22237.936093999884,835951821.7613733
22243.94461699988,835987057.4480673
22249.95313999988,836024208.231261
22255.96166299988,836049521.4655386
22261.970185999882,836046786.0189644
22267.978708999883,836063576.3214808
22273.987231999883,836018413.1630459
22279.995754999884,835984321.5371044
22286.00427799988,836028041.1120436
22292.01280099988,835996456.4680725
22298.02132399988,835984660.2981988
22304.02984699988,835988486.018041
22310.038369999882,835961914.2985168
22316.046892999882,835983236.06726
22322.055415999883,835948474.3083961
22328.063938999883,835978097.2818388
22334.072461999884,836021058.1555893
22340.08098499988,835963725.9140964
22346.08950799988,836036154.6124281
22352.09803099988,836028843.4297518
22358.10655399988,835989568.1660203
22364.115076999882,835953338.1706477
22370.123599999883,835957322.0472338
22376.132122999883,836012283.889498
22382.14064599988,835957268.995143
22388.14916899988,835974579.0178843
22394.15769199988,835969413.6238997
22400.16621499988,836000960.8287514
22406.17473799988,835976175.9488103
22412.183260999882,836013442.8177894
22418.191783999882,835996798.0136813
22424.200306999883,836019744.8397899
22430.208829999883,836017694.2212857
22436.21735299988,836073016.1196082
22442.22587599988,836093331.0
22448.23439899988,835981533.7631034
22454.24292199988,836019616.8554509
22460.25144499988,836006694.1702882
22466.259967999882,835912449.224564
22472.268490999882,835934878.282847
22478.27701399988,835909976.2774968
22484.28553699988,835966425.3062226
22490.29405999988,836020318.8036395
22496.30258299988,835954278.5943782
22502.31110599988,835980455.3537538
22508.31962899988,835981933.5184239
22514.32815199988,835951726.8271297
22520.336674999882,835970338.0990163
22526.345197999883,835991445.6090008
22532.35372099988,835928621.6868155
22538.36224399988,835955638.3769623
22544.37076699988,835973070.4922454
22550.37928999988,835991145.298274
22556.38781299988,835965000.3107442
22562.39633599988,836030029.9824872
22568.404858999882,836009032.3497065
22574.41338199988,835946103.8409944
22580.42190499988,835966718.563008
22586.43042799988,835939845.6104996
22592.43895099988,835903775.988635
22598.44747399988,836024411.1211255
22604.45599699988,836020672.140269
22610.46451999988,836028068.2694746
22616.47304299988,836061580.6860809
22622.481565999882,835995915.6745338
22628.49008899988,836027651.5076492
22634.49861199988,836046298.0
22640.50713499988,836016429.350807
22646.51565799988,836055015.5548753
22652.52418099988,836051856.9336697
22658.53270399988,835968333.7673111
22664.54122699988,836008059.0762733
22670.54974999988,836122706.6739664
22676.55827299988,836142806.0068427
22682.56679599988,836093843.2396079
22688.57531899988,836074055.3937529
22694.58384199988,836020193.793883
22700.59236499988,836062759.4771125
22706.60088799988,836092302.6267581
22712.60941099988,836038339.8381554
22718.61793399988,836044499.5677685
22724.62645699988,836123823.9564008
22730.63497999988,836029710.6092445
22736.64350299988,836020919.8214177
22742.65202599988,836016885.1783853
22748.66054899988,836044412.7703917
22754.66907199988,835974676.8244058
22760.67759499988,836056657.0926608
22766.686117999878,836053240.10726
22772.694640999878,836007149.8760877
22778.70316399988,836008821.1002709
22784.71168699988,836044440.524884
22790.72020999988,836043423.2141893
22796.72873299988,835999446.7792801
22802.73725599988,835987753.1168915
22808.74577899988,835962562.1605682
22814.75430199988,835973760.1760864
22820.762824999878,836016069.6867398
22826.77134799988,836029166.1188506
22832.77987099988,836093627.3162731
22838.78839399988,836056132.39753
22844.79691699988,836089726.7443414
22850.80543999988,836064010.1336584
22856.81396299988,836035520.9138389
22862.822485999877,836105910.9429415
22868.831008999878,836107961.6756392
22874.839531999878,836071930.9172101
22880.84805499988,836062425.2322022
22886.85657799988,836077275.0725871
22892.86510099988,836120818.6570332
22898.87362399988,836082794.1058421
22904.88214699988,836051169.8101947
22910.89066999988,836059289.383948
22916.899192999877,836077005.0510547
22922.907715999878,836093121.1231612
22928.91623899988,836102905.9781156
22934.92476199988,836031667.7595556
22940.93328499988,836050061.3475263
22946.94180799988,836066787.7217506
22952.95033099988,835984664.3143597
22958.958853999877,835983549.0421467
22964.967376999877,836072813.5505483
22970.975899999878,836055566.8762579
22976.984422999878,836032067.4834846
22982.99294599988,835969379.8192025
22989.00146899988,835958077.9067951
22995.00999199988,836008300.8624568
23001.01851499988,836035177.3080983
23007.02703799988,836129032.8900492
23013.035560999877,836122331.7322352
23019.044083999877,836112664.0
23025.052606999878,836113204.9422755
23031.061129999878,836068406.8081268
23037.06965299988,836026687.2653589
23043.07817599988,836085183.8533175
23049.08669899988,836046192.952751
23055.095221999876,835997169.7810818
23061.103744999877,836092521.1083157
23067.112267999877,836082947.6761614
23073.120790999877,836049565.383355
23079.129313999878,835994249.0594234
23085.13783699988,836006140.4613427
23091.14635999988,836116140.1729791
23097.15488299988,836139840.616929
23103.16340599988,836017446.837688
23109.171928999876,836047087.3874081
23115.180451999877,836003235.3974109
23121.188974999877,836005315.3667238
23127.197497999878,835976920.0033425
23133.206020999878,835978434.8825327
23139.21454399988,836059081.7839574
23145.22306699988,835990624.64526
23151.231589999876,836071761.0541795
23157.240112999876,836020688.5288298
23163.248635999877,836065240.543512
23169.257158999877,836059598.2876362
23175.265681999877,835998497.5307423
23181.274204999878,836008377.3946952
23187.28272799988,836005849.9383456
23193.29125099988,836098189.9724603
23199.29977399988,836061291.3582361
23205.308296999876,836047498.0
23211.316819999876,836073581.080509
23217.325342999877,836100687.5791597
23223.333865999877,836132142.3784221
23229.342388999878,836015575.0001165
23235.350911999878,835966330.8491584
23241.35943499988,836049538.7237556
23247.367957999875,835990405.3927684
23253.376480999876,836038652.8048658
23259.385003999876,836027126.9415127
23265.393526999876,836094484.490765
23271.402049999877,836071242.2672431
23277.410572999877,836075045.6443248
23283.419095999878,835997819.7174147
23289.427618999878,836072126.8339906
23295.43614199988,836021385.1847169
23301.444664999875,836092342.2232165
23307.453187999876,836042453.6633172
23313.461710999876,836042722.798376
23319.470233999877,836031942.9970256
23325.478756999877,836152346.8294358
23331.487279999878,836079135.8104967
23337.495802999878,836004953.5956548
23343.504325999875,836095463.3969722
23349.512848999875,836038839.2603947
23355.521371999876,836068678.5460172
23361.529894999876,836059545.2081583
23367.538417999876,836087358.4842409
23373.546940999877,836022277.1915289
23379.555463999877,836071798.3922505
23385.563986999878,836114960.1770439
23391.572509999878,836048366.9524999
23397.581032999875,836089185.8753158
23403.589555999875,836104831.0
23409.598078999876,836039288.2283424
23415.606601999876,836073374.3742326
23421.615124999877,835986717.621164
23427.623647999877,836054745.0172484
23433.632170999877,836098748.7835842
23439.640693999874,836062641.252757
23445.649216999875,836035379.8208221
23451.657739999875,835951907.8583578
23457.666262999875,835965115.4761643
23463.674785999876,836070170.3211297
23469.683308999876,836063827.3474866
23475.691831999877,836102177.2559915
23481.700354999877,836017760.1593325
23487.708877999878,835960036.2825824
23493.717400999874,836007799.6600099
23499.725923999875,836049321.6345385
23505.734446999875,836068233.3583943
23511.742969999876,836023044.1453724
23517.751492999876,836019532.5449977
23523.760015999876,836028872.356458
23529.768538999877,836035431.0209388
23535.777061999874,835983994.4434258
23541.785584999874,836032024.2217206
23547.794107999875,836080941.9555042
23553.802630999875,836065367.4409271
23559.811153999875,836061275.9793469
23565.819676999876,836035949.8262802
23571.828199999876,836056677.2024235
23577.836722999877,836060465.2693702
23583.845245999877,836028538.5601455
23589.853768999874,836070032.5177529
23595.862291999874,836099405.5119396
23601.870814999875,836051375.0006026
23607.879337999875,836104550.7888336
23613.887860999876,836099081.7418349
23619.896383999876,836049254.5228429
23625.904906999876,836091955.7202783
23631.913429999873,836038337.7100439
23637.921952999874,836001223.5683762
23643.930475999874,836043087.1177373
23649.938998999874,836000223.2585989
23655.947521999875,836068205.9724411
23661.956044999875,836087985.2999787
23667.964567999876,836088403.9833871
23673.973090999876,836101678.8587414
23679.981613999877,835995266.8889174
23685.990136999873,836057687.8671227
23691.998659999874,836106123.2171367
23698.007182999874,836032341.1217974
23704.015705999875,836091447.5546322
23710.024228999875,836106946.9485722
23716.032751999875,836023711.7507019
23722.041274999876,836032029.4080511
23728.049797999873,836064523.4119484
23734.058320999873,836050598.2067249
23740.066843999874,836043837.206484
23746.075366999874,836080435.9981955
23752.083889999874,835992698.3552613
23758.092412999875,835934689.6301625
23764.100935999875,835950737.1271907
23770.109458999876,836007344.0350765
23776.117981999876,836034327.24367
23782.126504999873,835960959.3023108
23788.135027999873,835943331.0
23794.143550999874,836052198.9718541
23800.152073999874,836093279.7405721
23806.160596999875,836060039.4791197
23812.169119999875,836013869.9174461
23818.177642999875,835988718.9505724
23824.186165999872,836036011.9616829
23830.194688999873,836054286.4771136
23836.203211999873,835972688.5813317
23842.211734999873,836035208.7552017
23848.220257999874,835963233.539476
23854.228780999874,835990923.0992867
23860.237303999875,835995827.8421905
23866.245826999875,835994172.3324989
23872.254349999876,835966359.0379374
23878.262872999872,836036807.0159396
23884.271395999873,836047659.9068689
23890.279918999873,836019987.190227
23896.288441999874,836017509.7088399
23902.296964999874,835950711.2178031
23908.305487999874,836074583.7856256
23914.314010999875,836016649.0676594
23920.32253399987,836002545.3714619
23926.331056999872,836056530.2587321
23932.339579999873,836017572.0972126
23938.348102999873,835970726.9473295
23944.356625999873,836010949.9930207
23950.365148999874,836055879.5798693
23956.373671999874,836064282.4378645
23962.382194999875,836013006.7981203
23968.390717999875,835991654.5317553
23974.399240999872,836014714.5241189
23980.407763999872,836021197.6647644
23986.416286999873,836067873.829296
23992.424809999873,836112209.5317719
23998.433332999874,835992543.81821
24004.441855999874,835981152.394185
24010.450378999874,836000038.394899
24016.45890199987,836065605.1711886
24022.46742499987,836090766.2176284
24028.475947999872,836055845.6629858
24034.484470999872,836121329.6180176
24040.492993999873,836030965.4037067
24046.501516999873,836042997.8130757
24052.510039999874,836092797.1760159
24058.518562999874,836123774.749663
24064.527085999875,836068906.6100242
24070.53560899987,836079455.1280539
24076.54413199987,836073022.0674597
24082.552654999872,836070298.0
24088.561177999873,836070298.0
24094.569700999873,836055002.244511
24100.578223999873,836026086.3790436
24106.586746999874,836023598.9795142
24112.59526999987,836061969.2601846
24118.60379299987,836049860.264173
24124.61231599987,836030173.979714
24130.620838999872,835950800.6393782
24136.629361999872,835951595.9740145
24142.637884999873,836010455.9487356
24148.646407999873,836087064.560316
24154.654930999874,836074803.2439679
24160.663453999874,836039372.0671647
24166.67197699987,836032389.3618021
24172.68049999987,836015322.0758176
24178.68902299987,836041047.4233716
24184.697545999872,836010873.4960575
24190.706068999873,836063249.7748822
24196.714591999873,836075852.2054393
24202.723114999873,836006870.1337047
24208.73163799987,836053017.6494557
24214.74016099987,836078461.8442091
24220.74868399987,836001734.8717327
24226.75720699987,835976858.2057226
24232.765729999872,835933597.4357553
24238.774252999872,835973252.8996036
24244.782775999873,836029136.211778
24250.791298999873,836117726.9990404
24256.799821999874,836110767.1743337
24262.80834499987,836042018.5141168
24268.81686799987,836036498.1424278
24274.82539099987,836039320.2343926
24280.83391399987,836034998.0
24286.842436999872,836032423.9504019
24292.850959999872,836053970.7022458
24298.859482999873,836107186.9338691
24304.86800599987,836108852.2809564
24310.87652899987,836115601.6473595
24316.88505199987,836015941.6330392
24322.89357499987,836072009.5376582
24328.90209799987,836094637.7191001
24334.91062099987,836034988.7227433
24340.919143999872,836061661.3341613
24346.927666999873,836088473.388366
24352.936189999873,836082648.6648521
24358.94471299987,836067220.0482703
24364.95323599987,836066618.1520565
24370.96175899987,836020550.119512
24376.97028199987,836027997.4700906
24382.97880499987,836077865.0209643
24388.987327999872,836033788.0612572
24394.995850999872,836042535.5924184
24401.00437399987,836070989.9164402
24407.01289699987,836043692.3407569
24413.02141999987,836111036.6502422
24419.02994299987,836076284.5345242
24425.03846599987,835986202.3988498
24431.04698899987,836009370.5612136
24437.05551199987,836074817.037306
24443.064034999872,836115606.9744245
24449.072557999873,836158986.0003502
24455.08108099987,836040723.1635157
24461.08960399987,836014886.5895892
24467.09812699987,836030808.0790367
24473.10664999987,836009079.6585314
24479.11517299987,836008759.5228636
24485.12369599987,836021474.8535599
24491.132218999872,836007572.5381185
24497.14074199987,835998282.0789112
24503.14926499987,836073387.9046811
24509.15778799987,836072382.0543687
24515.16631099987,836043145.5064706
24521.17483399987,836031344.5320973
24527.18335699987,836061325.1156868
24533.19187999987,836039633.4681891
24539.20040299987,836047704.4689467
24545.208925999872,836091409.0171103
24551.21744899987,836073605.0410587
24557.22597199987,836058831.304292
24563.23449499987,836066915.0576509
24569.24301799987,836114776.8826481
24575.25154099987,836121076.375708
24581.26006399987,836040797.7834455
24587.26858699987,836084214.8007637
24593.277109999868,836141394.300648
24599.28563299987,836127779.1401602
24605.29415599987,836073226.4549644
24611.30267899987,836107412.0153754
24617.31120199987,836074879.494482
24623.31972499987,836098340.8040396
24629.32824799987,836088884.2054393
24635.33677099987,836040397.2291088
24641.34529399987,836051164.1273293
24647.35381699987,836071563.2563343
24653.36233999987,836055123.6422983
24659.37086299987,836075979.2493137
24665.37938599987,836073876.5754453
24671.38790899987,836121357.5180662
24677.39643199987,836172083.199885
24683.40495499987,836132415.1991736
24689.413477999868,836098953.8474065
24695.422000999868,836062559.2416195
24701.43052399987,836095084.3376334
24707.43904699987,836072429.3504881
24713.44756999987,836067328.758201
24719.45609299987,836109018.1608726
24725.46461599987,836080028.5237961
24731.47313899987,836105263.9789263
24737.48166199987,836079616.010953
24743.490184999868,836057891.2061448
24749.49870799987,836056436.5955597
24755.50723099987,836065642.5160184
24761.51575399987,836073909.591501
24767.52427699987,836068783.1648811
24773.53279999987,836053125.93659
24779.54132299987,836012626.8899509
24785.549845999867,836022420.042827
24791.558368999868,836050395.9514555
24797.566891999868,836081269.4894913
24803.57541499987,836094844.1093519
24809.58393799987,836049561.2787448
24815.59246099987,836084094.9725618
24821.60098399987,836059374.8783587
24827.60950699987,836051936.8502035
24833.61802999987,836106478.6463742
24839.626552999867,836112755.4631563
24845.635075999868,836084283.3654907
24851.643598999868,836067275.6704811
24857.65212199987,836062488.845823
24863.66064499987,836058891.6774849
24869.66916799987,836081140.1256899
24875.67769099987,836096898.0
24881.686213999867,836124749.9212551
24887.694736999867,836091770.1026324
24893.703259999867,836016883.0886157
24899.711782999868,836004139.0319341
24905.72030599987,836008897.2531284
24911.72882899987,836040884.4020746
24917.73735199987,836052322.6156168
24923.74587499987,835995174.9611399
24929.75439799987,835969044.4847995
24935.762920999867,836051189.3167155
24941.771443999867,836027944.8577255
24947.779966999868,836014377.5896873
24953.788489999868,836042091.3808444
24959.79701299987,836004544.6900016
24965.80553599987,836004743.1746662
24971.81405899987,835969497.1241571
24977.822581999866,836016774.3921872
24983.831104999867,836070534.2440155
24989.839627999867,836077731.8571525
24995.848150999867,836032475.734099
25001.856673999868,835977119.9427669
25007.86519699987,836055312.0736355
25013.87371999987,836102274.8777558
25019.88224299987,836091826.6279061
25025.89076599987,836087075.1644722
25031.899288999866,836080211.804977
25037.907811999867,836110495.1813209
25043.916334999867,836068594.9121472
25049.924857999868,836003374.9860616
25055.933380999868,836029708.5583752
25061.94190399987,836086386.5569929
25067.95042699987,836122040.3855404
25073.958949999866,836128731.0
25079.967472999866,836081544.3903371
25085.975995999866,836021389.8271092
25091.984518999867,836025915.2805651
25097.993041999867,836040303.2293258
25104.001564999868,836014839.9946923
25110.010087999868,836025295.5131292
25116.01861099987,836024280.8092351
25122.02713399987,836022145.4515644
25128.035656999866,836033869.5566912
25134.044179999866,836003825.4522275
25140.052702999867,836060322.1605395
25146.061225999867,836167694.2279843
25152.069748999867,836141780.0612059
25158.078271999868,836165414.3140975
25164.08679499987,836133824.460889
25170.095317999865,836062125.1273838
25176.103840999865,836116596.153047
25182.112363999866,836113094.0951488
25188.120886999866,836047130.1773965
25194.129409999867,836038131.2461727
25200.137932999867,836096774.4624292
25206.146455999868,836071467.1990031
25212.154978999868,836020739.502796
25218.16350199987,836053148.672141
25224.172024999865,836040584.0381348
25230.180547999866,836056082.8705963
25236.189070999866,836129688.4882132
25242.197593999867,836084435.9383347
25248.206116999867,836066260.7409054
25254.214639999867,836101561.3989884
25260.223162999868,836041480.1322986
25266.231685999865,835976211.746696
25272.240208999865,835992557.7396452
25278.248731999865,836012571.2909911
25284.257254999866,835993149.8065253
25290.265777999866,835963203.1371384
25296.274300999867,835990945.5271553
25302.282823999867,836032644.9417803
25308.291346999868,836011097.6448926
25314.299869999868,836010220.1959462
25320.308392999865,836062616.1870486
25326.316915999865,836040679.2802184
25332.325438999866,836016884.8255683
25338.333961999866,836013675.0508502
25344.342484999866,835996047.785018
25350.351007999867,836023568.6097442
25356.359530999867,836043220.8865573
25362.368053999864,836048154.9453719
25368.376576999864,836078788.4122248
25374.385099999865,836054238.6007018
25380.393622999865,836005996.2535732
25386.402145999866,836015829.6133378
25392.410668999866,836053167.8686951
25398.419191999867,836040734.9979526
25404.427714999867,835991570.5266327
25410.436237999867,836031016.6471747
25416.444760999864,836103549.1605889
25422.453283999865,836107798.0112975
25428.461806999865,836054607.4789191
25434.470329999865,836056238.7429084
25440.478852999866,836145052.3010691
25446.487375999866,836122613.9278604
25452.495898999867,836085610.8120524
25458.504421999864,836073022.1574066
25464.512944999864,836081645.2654438
25470.521467999864,836086997.4462429
25476.529990999865,836020198.0
25482.538513999865,836024836.8159827
25488.547036999866,836085736.0846722
25494.555559999866,836138083.1309566
25500.564082999867,836074218.6400702
25506.572605999867,836076124.3762807
25512.581128999864,836106524.4066489
25518.589651999864,836035463.6909606
25524.598174999865,836052642.4831764
25530.606697999865,836123188.2731586
25536.615220999865,836121416.9256438
25542.623743999866,836048083.0092841
25548.632266999866,836021889.878671
25554.640789999863,836024647.2924706
25560.649312999863,836023473.8281453
25566.657835999864,836105136.366184
25572.666358999864,836061774.939883
25578.674881999865,836003220.6301291
25584.683404999865,836084950.216539
25590.691927999866,836120389.1522512
25596.700450999866,836069937.7667252
25602.708973999866,836041542.6921588
25608.717496999863,836084299.9185488
25614.726019999864,836089745.2482371
25620.734542999864,836073268.9421332
25626.743065999864,836104936.1637818
25632.751588999865,836125571.6913083
25638.760111999865,836092723.8433895
25644.768634999866,836117736.8909804
25650.777157999863,836105313.6769025
25656.785680999863,836025602.6161988
25662.794203999863,836040451.6639584
25668.802726999864,836021803.9236635
25674.811249999864,836004485.4063838
25680.819772999865,836062257.7505909
25686.828295999865,836051100.4162245
25692.836818999865,836042271.7749175
25698.845341999866,836033645.4465421
25704.853864999863,836023784.6712871
25710.862387999863,836100632.2317065
25716.870910999864,836085775.4604964
25722.879433999864,836120135.0628408
25728.887956999864,836129163.944087
25734.896479999865,836089441.7262877
25740.905002999865,836023391.5720191
25746.913525999862,836010772.4007527
25752.922048999862,836033055.8837857
25758.930571999863,836084226.1567357
25764.939094999863,836080922.5635571
25770.947617999864,836062027.5734426
25776.956140999864,836027042.4486264
25782.964663999865,836005617.196435
25788.973186999865,836107737.0248293
25794.981709999865,836117340.1238046
25800.990232999862,836066746.3802346
25806.998755999863,836065784.0313121
25813.007278999863,836113650.3790642
25819.015801999863,836074920.0456653
25825.024324999864,836107132.2278703
25831.032847999864,836070258.5984178
25837.041370999865,836077164.6056851
25843.04989399986,836083870.502052
25849.058416999862,836069494.186828
25855.066939999862,836054547.8567276
25861.075462999863,836088329.4976898
25867.083985999863,836114510.8360746
25873.092508999864,836096534.3708159
25879.101031999864,836149308.2810075
25885.109554999864,836108777.0199159
25891.118077999865,836107464.7069194
25897.12660099986,836125359.8662549
25903.135123999862,836174616.4011031
25909.143646999863,836124421.5630322
25915.152169999863,836079831.3513093
25921.160692999863,836087868.1806623
25927.169215999864,836082937.0724463
25933.177738999864,836061713.8365304
25939.18626199986,836126982.0598971
25945.19478499986,836137576.7515794
25951.203307999862,836118423.9335172
25957.211830999862,836160191.9733524
25963.220353999863,836090574.8189517
25969.228876999863,836105430.2089196
25975.237399999864,836173695.2137421
25981.245922999864,836175564.7702965
25987.254445999864,836110517.3472605
25993.26296899986,836082978.5149889
25999.27149199986,836121871.2525445
26005.280014999862,836142298.8962705
26011.288537999862,836138522.5300845
26017.297060999863,836144750.0783764
26023.305583999863,836143985.7980114
26029.314106999864,836175109.8870462
26035.32262999986,836144649.8868482
26041.33115299986,836162615.3294839
26047.33967599986,836143042.0504422
26053.34819899986,836167705.4799209
26059.356721999862,836117002.8128378
26065.365244999863,836126041.2306111
26071.373767999863,836130861.1860809
26077.382290999863,836076620.5390728
26083.390813999864,836085084.6666977
26089.39933699986,836123644.2290057
26095.40785999986,836130595.0316391
26101.41638299986,836128086.3586029
26107.424905999862,836117753.7170696
26113.433428999862,836038460.3722262
26119.441951999863,836113742.4217516
26125.450474999863,836048858.6092156
26131.45899799986,835998027.8907788
26137.46752099986,836001548.6072582
26143.47604399986,835991021.5435109
26149.48456699986,836020232.2328233
26155.49308999986,836030585.0572248
26161.501612999862,836064425.2247782
26167.510135999863,836082834.7774428
26173.518658999863,836069311.7207401
26179.527181999863,836085707.4739763
26185.53570499986,836094945.5257571
26191.54422799986,836013978.3817699
26197.55275099986,836001388.5430814
26203.56127399986,836031955.7699692
26209.569796999862,836052333.175087
26215.578319999862,836030685.5197135
26221.586842999863,836032519.3842125
26227.59536599986,836095497.7100141
26233.60388899986,836020434.522364
26239.61241199986,836048987.129132
26245.62093499986,836026371.75832
26251.62945799986,836065459.3178269
26257.63798099986,836031101.017459
26263.646503999862,836070856.9134337
26269.655026999862,836102622.6763318
26275.663549999863,836074913.3842071
26281.67207299986,836064264.0
26287.68059599986,836024856.8712693
26293.68911899986,835948257.0021085
26299.69764199986,836022650.2738931
26305.70616499986,836062797.8148464
26311.71468799986,836036099.0871009
26317.723210999862,836060831.8682857
26323.73173399986,836105472.7244196
26329.74025699986,836078747.6796867
26335.74877999986,836084430.193515
26341.75730299986,836129513.6126294
26347.76582599986,836083920.4139826
26353.77434899986,835994679.2518454
26359.78287199986,835975697.7821684
26365.791394999862,836037097.1055084
26371.799917999862,836055540.6064197
26377.80844099986,836071740.9270012
26383.81696399986,835991169.0675997
26389.82548699986,835991773.5309932
26395.83400999986,836048054.6317914
26401.84253299986,835984321.8161224
26407.85105599986,835969676.8661137
26413.85957899986,835997586.4097837
26419.86810199986,836026904.6000348
26425.87662499986,836105329.9372988
26431.88514799986,836093471.7851899
26437.89367099986,836013465.6825243
26443.90219399986,836053807.7101775
26449.91071699986,836017348.2404033
26455.91923999986,836033752.5870266
26461.92776299986,836080678.7380908
26467.936285999862,836124888.3314824
26473.94480899986,836064431.6006966
26479.95333199986,836138764.0
26485.96185499986,836140679.1084417
26491.97037799986,836151846.8133272
26497.97890099986,836142553.7869585
26503.98742399986,836077672.2769455
26509.99594699986,836102600.1282218
26516.004469999858,836082132.1850451
26522.01299299986,836045454.8110075
26528.02151599986,836071009.7178077
26534.03003899986,836086109.9743457
26540.03856199986,836066183.0085982
26546.04708499986,836096506.0195783
26552.05560799986,836114329.3603241
26558.06413099986,836033510.4712397
26564.07265399986,836073298.0
26570.081176999858,836066009.0296724
26576.08969999986,836043331.0
26582.09822299986,836066239.5206888
26588.10674599986,836118977.5863044
26594.11526899986,836081544.569851
26600.12379199986,836174189.9577181
26606.13231499986,836162599.9087976
26612.140837999857,836088571.8078839
26618.149360999858,836046324.2351648
26624.15788399986,836140510.6233602
26630.16640699986,836146807.0385344
26636.17492999986,836149738.2175517
26642.18345299986,836120398.36609
26648.19197599986,836055111.9054158
26654.20049899986,836055757.4980848
26660.20902199986,836061885.7609149
26666.217544999858,836080440.5500234
26672.226067999858,836144378.0423898
26678.23459099986,836057564.7118115
26684.24311399986,836090320.7929672
26690.25163699986,836103284.1708481
26696.26015999986,836116899.4337835
26702.26868299986,836161336.0544783
26708.277205999857,836122662.8795123
26714.285728999857,836125931.6373066
26720.294251999858,836112503.5989513
26726.30277499986,836120695.907514
26732.31129799986,836121732.0995228
26738.31982099986,836118575.2599118
26744.32834399986,836179523.266553
26750.33686699986,836117307.9177047
26756.34538999986,836118482.4124779
26762.353912999857,836176900.8571684
26768.362435999858,836168962.1709236
26774.370958999858,836088005.4318757
26780.37948199986,836150905.1089292
26786.38800499986,836161116.699753
26792.39652799986,836115356.4107313
26798.40505099986,836141206.7616723
26804.413573999856,836111489.2036676
26810.422096999857,836135694.7835761
26816.430619999857,836136186.721455
26822.439142999858,836165154.2159642
26828.447665999858,836166365.3572776
26834.45618899986,836146282.007651
26840.46471199986,836146818.9629704
26846.47323499986,836148745.0911299
26852.48175799986,836142770.2984365
26858.490280999857,836149311.7422014
26864.498803999857,836108223.3613262
26870.507326999857,836110904.8209549
26876.515849999858,836145098.0
26882.52437299986,836136689.4789436
26888.53289599986,836119116.7543408
26894.54141899986,836167655.5649446
26900.549941999856,836164221.4860553
26906.558464999856,836199650.2077234
26912.566987999857,836184918.7780188
26918.575510999857,836096128.5840325
26924.584033999858,836049046.8611821
26930.592556999858,836091000.6125834
26936.60107999986,836139379.9775621
26942.60960299986,836051036.3466885
26948.61812599986,836143999.1832991
26954.626648999856,836143935.4120636
26960.635171999857,836164977.7864476
26966.643694999857,836143307.6915531
26972.652217999857,836132268.5232685
26978.660740999858,836199854.4317805
26984.66926399986,836135827.5290451
26990.67778699986,836215179.454987
26996.686309999855,836161923.4513255
27002.694832999856,836182801.5658423
27008.703355999856,836163898.410779
27014.711878999857,836165701.338615
27020.720401999857,836112434.1934347
27026.728924999858,836138594.115861
27032.737447999858,836193962.2617025
27038.74597099986,836155230.723412
27044.75449399986,836172310.8713595
27050.763016999856,836114207.9734907
27056.771539999856,836099827.7196314
27062.780062999856,836151208.9953885
27068.788585999857,836148996.0903563
27074.797108999857,836053431.0
27080.805631999858,836074752.1443956
27086.814154999858,836162179.5093999
27092.822677999855,836163184.5472807
27098.831200999855,836188481.1136721
27104.839723999856,836176811.1412421
27110.848246999856,836109852.5453885
27116.856769999857,836170195.9836105
27122.865292999857,836124115.4580796
27128.873815999857,836121002.9139644
27134.882338999858,836151893.4134773
27140.89086199986,836142336.7348598
27146.899384999855,836151416.3938059
27152.907907999856,836129138.1264633
27158.916430999856,836200795.6383435
27164.924953999856,836228080.0945718
27170.933476999857,836252897.9381355
27176.941999999857,836205868.472209
27182.950522999858,836188822.6399436
27188.959045999854,836099725.5996596
27194.967568999855,836051593.7956157
27200.976091999855,836133579.1301715
27206.984614999856,836144624.4154072
27212.993137999856,836100220.3224646
27219.001660999857,836123074.2414823
27225.010183999857,836116535.2014316
27231.018706999857,836085334.7348678
27237.027229999858,836222382.1739831
27243.035752999855,836157422.8696436
27249.044275999855,836211230.1539639
27255.052798999855,836168027.7396466
27261.061321999856,836163386.8738842
27267.069844999856,836183502.9132526
27273.078367999857,836095665.8369682
27279.086890999857,836139157.1502509
27285.095413999854,836215312.7632377
27291.103936999854,836175785.0446765
27297.112459999855,836098413.3112705
27303.120982999855,836046481.2112004
27309.129505999856,836091027.2815973
27315.138028999856,836086677.5689635
27321.146551999856,836150012.4262521
27327.155074999857,836108488.5967654
27333.163597999857,836161119.9668101
27339.172120999854,836190220.3995167
27345.180643999855,836193822.7682444
27351.189166999855,836129949.7788709
27357.197689999855,836159544.7778752
27363.206212999856,836099564.4884255
27369.214735999856,836194409.343425
27375.223258999857,836207817.8796747
27381.231781999853,836144023.5710496
27387.240304999854,836117003.2171247
27393.248827999854,836160947.11858
27399.257350999855,836108880.7362728
27405.265873999855,836095088.5104032
27411.274396999856,836095101.4406846
27417.282919999856,836107637.3845066
27423.291442999856,836143708.9211284
27429.299965999857,836093331.0
27435.308488999854,836092421.2859972
27441.317011999854,836107938.2880869
27447.325534999854,836190190.1324897
27453.334057999855,836154062.2906216
27459.342580999855,836240557.7159085
27465.351103999856,836206618.5455301
27471.359626999856,836176517.6012863
27477.368149999853,836186543.7883048
27483.376672999853,836208505.601425
27489.385195999854,836142626.4552674
27495.393718999854,836157649.0611829
27501.402241999855,836086028.5642636
27507.410764999855,836125958.8923378
27513.419287999855,836136377.6245645
27519.427810999856,836095261.3480157
27525.436333999856,836180200.8464879
27531.444856999853,836178802.8161101
27537.453379999853,836174230.6668895
27543.461902999854,836130232.9316723
27549.470425999854,836034166.2488145
27555.478948999855,836079487.8004214
27561.487471999855,836077383.1232635
27567.495994999856,836059506.3740416
27573.504517999852,836056977.8390908
27579.513040999853,836137536.8950585
27585.521563999853,836091212.2777327
27591.530086999854,836062146.1354802
27597.538609999854,836033195.5972214
27603.547132999855,836115506.8502684
27609.555655999855,836126007.3698732
27615.564178999855,836097468.943109
27621.572701999856,836108679.219131
27627.581224999853,836087200.9938464
27633.589747999853,836073583.5118984
27639.598270999853,836034335.3369834
27645.606793999854,836068323.0584874
27651.615316999854,836093875.9298412
27657.623839999855,836075998.8582605
27663.632362999855,836064391.1379304
27669.640885999852,836063164.0
27675.649408999852,836069845.138441
27681.657931999853,836124191.3047794
27687.666454999853,836155731.0
27693.674977999854,836119456.0822815
27699.683500999854,836054531.3630081
27705.692023999854,836036432.0844156
27711.700546999855,836069035.3446543
27717.709069999855,836092129.243309
27723.717592999852,836060223.513669
27729.726115999852,836100307.2148087
27735.734638999853,836104359.1484283
27741.743161999853,836031896.6222516
27747.751684999854,836035707.3079519
27753.760207999854,836029507.9159846
27759.768730999855,836064480.086448
27765.77725399985,836089689.534487
27771.78577699985,836104649.6741377
27777.794299999852,836063824.4248374
27783.802822999853,836020185.583425
27789.811345999853,836041722.4520699
27795.819868999853,836044349.7093016
27801.828391999854,836076283.9899309
27807.836914999854,836119240.640448
27813.845437999855,836112742.7956572
27819.85396099985,836080303.5725244
27825.862483999852,836079187.4544787
27831.871006999852,836108156.2942408
27837.879529999853,836104880.173021
27843.888052999853,836075312.1114961
27849.896575999854,836086680.7846867
27855.905098999854,836079355.3831981
27861.91362199985,836077955.0111287
27867.92214499985,836082728.7919078
27873.93066799985,836043373.1011082
27879.939190999852,836055390.3830316
27885.947713999853,836062092.7329284
27891.956236999853,836071061.6765492
27897.964759999853,836079696.6995155
27903.973282999854,836083988.4651694
27909.981805999854,836096713.9048315
27915.99032899985,836148868.919492
27921.99885199985,836101765.1085788
27928.007374999852,836033237.2564952
27934.015897999852,836081732.6546557
27940.024420999853,836080611.2666578
27946.032943999853,836046658.5255463
27952.041466999854,836059835.3379713
27958.04998999985,836044474.3607081
27964.05851299985,836002910.9052819
27970.06703599985,836080805.6045414
27976.07555899985,836072416.1666794
27982.084081999852,836073462.4207835
27988.092604999852,836065658.0359331
27994.101127999853,836052664.2296475
28000.109650999853,836056629.9800651
28006.118173999854,836096107.7362533
28012.12669699985,836071320.0430536
28018.13521999985,836099806.2345401
28024.14374299985,836103158.5667429
28030.15226599985,836123985.8448794
28036.160788999852,836085572.9672265
28042.169311999853,836035655.4690613
28048.177834999853,836039437.3736734
28054.18635799985,836070315.0967153
28060.19488099985,836084177.6706742
28066.20340399985,836052677.286841
28072.21192699985,836060665.657931
28078.22044999985,836070868.1300067
28084.228972999852,836009998.0
28090.237495999852,836020345.2923478
28096.246018999853,836026905.218883
28102.254541999853,836001293.1900011
28108.26306499985,836016170.3979447
28114.27158799985,836072227.2166294
28120.28011099985,836081316.2216383
28126.28863399985,836024997.4262565
28132.29715699985,836017334.8666627
28138.305679999852,836033433.771636
28144.314202999853,836024712.8992242
28150.32272599985,836050453.2997023
28156.33124899985,836045658.7726111
28162.33977199985,836125766.0997839
28168.34829499985,836093614.7275277
28174.35681799985,836059227.774152
28180.36534099985,835994782.4724332
28186.373863999852,835945647.5701039
28192.382386999852,836011805.2056377
28198.390909999853,836058161.7152401
28204.39943299985,836085337.5186753
28210.40795599985,836092935.9899957
28216.41647899985,836107305.552756
28222.42500199985,836038670.2799009
28228.43352499985,836048166.6893035
28234.44204799985,836021712.9069439
28240.450570999852,835990266.9892206
28246.45909399985,836002200.3339831
28252.46761699985,836062199.696759
28258.47613999985,836061395.2327633
28264.48466299985,836017136.5673484
28270.49318599985,836064927.3023894
28276.50170899985,836074056.3213209
28282.51023199985,836078031.0
28288.51875499985,836084471.1942466
28294.527277999852,836085449.5841277
28300.53580099985,836041170.147001
28306.54432399985,836023144.7796553
28312.55284699985,836064141.5210782
28318.56136999985,836057470.6481395
28324.56989299985,836083921.0100766
28330.57841599985,836113989.4031334
28336.58693899985,836061112.687583
28342.59546199985,836065854.5556872
28348.60398499985,836157197.4143726
28354.61250799985,836130328.0832639
28360.62103099985,836095359.1583472
28366.62955399985,836115796.5453067
28372.63807699985,836142690.8459604
28378.64659999985,836111225.1002802
28384.65512299985,836120605.2337189
28390.66364599985,836130153.2315489
28396.67216899985,836084135.2401433
28402.68069199985,836099902.9335997
28408.68921499985,836074622.7588758
28414.69773799985,836082949.229642
28420.70626099985,836094866.1121297
28426.71478399985,836049977.8537542
28432.72330699985,836060028.5726559
28438.731829999848,836099140.9873542
28444.74035299985,836102267.976181
28450.74887599985,836082259.4143791
28456.75739899985,836090933.0935131
28462.76592199985,836055280.2996706
28468.77444499985,836019639.4299589
28474.78296799985,836076250.0011439
28480.79149099985,836064207.5891447
28486.80001399985,836009998.0
28492.808536999848,836027280.6412765
28498.81705999985,836070968.3717672
28504.82558299985,836080510.6145883
28510.83410599985,836120335.1094853
28516.84262899985,836120276.459541
28522.85115199985,836128350.692865
28528.85967499985,836130102.6409346
28534.868197999847,836056403.887972
28540.876720999848,836018212.3255973
28546.885243999848,836075634.023353
28552.89376699985,835999144.6791397
28558.90228999985,836019334.3415139
28564.91081299985,836049834.6841812
28570.91933599985,836084052.087662
28576.92785899985,836086815.8047086
28582.93638199985,836046145.0696017
28588.944904999847,836018292.1716416
28594.953427999848,836076993.0769145
28600.96195099985,836062660.1482035
28606.97047399985,836048761.2694713
28612.97899699985,836088042.466127
28618.98751999985,836104565.0579532
28624.99604299985,836073555.2044787
28631.004565999847,836038067.6602396
28637.013088999847,836003625.1329558
28643.021611999848,836030933.4444252
28649.030134999848,836061700.5692734
28655.03865799985,836066653.1016005
28661.04718099985,836042152.1390694
28667.05570399985,836065032.2158579
28673.06422699985,836067765.5425903
28679.07274999985,836023274.3748105
28685.081272999847,836004231.0
28691.089795999847,836008051.5411439
28697.098318999848,836016502.8604841
28703.10684199985,836006331.0
28709.11536499985,836025981.1763531
28715.12388799985,836085975.1175015
28721.13241099985,836070366.0041173
28727.140933999846,836047413.3310134
28733.149456999847,836048826.8387864
28739.157979999847,835969578.7979686
28745.166502999848,836025196.2711868
28751.175025999848,836034518.2867079
28757.18354899985,836048790.1109205
28763.19207199985,836047518.711564
28769.20059499985,836019630.7278697
28775.20911799985,836008689.5555954
28781.217640999846,835988592.2384489
28787.226163999847,835936867.0731673
28793.234686999847,835951310.960188
28799.243209999848,835973550.7621155
28805.251732999848,835973600.0076884
28811.26025599985,836026096.8058035
28817.26877899985,836005705.6007004
28823.277301999846,836079791.2250214
28829.285824999846,836084872.1164112
28835.294347999847,836005147.1584446
28841.302870999847,836049048.9341413
28847.311393999847,835993034.7850442
28853.319916999848,835955390.6380861
28859.32843999985,835975394.2201605
28865.33696299985,836045756.1240907
28871.34548599985,835999205.19111
28877.354008999846,835960968.07616
28883.362531999846,836025220.3425952
28889.371054999847,836051369.3402253
28895.379577999847,836046080.672501
28901.388100999848,835994152.4088761
28907.396623999848,836028338.5707802
28913.40514699985,835950577.0012563
28919.413669999845,835999932.337973
28925.422192999846,836069321.7290722
28931.430715999846,836020102.8345195
28937.439238999847,836010527.6498151
28943.447761999847,836030229.1697991
28949.456284999847,836011128.9340583
28955.464807999848,836067245.8685017
28961.47333099985,836012527.2576892
28967.48185399985,836010664.1225712
28973.490376999845,835977929.2755941
28979.498899999846,835943114.718681
28985.507422999846,836020538.4139059
28991.515945999847,836021596.338924
28997.524468999847,835967956.7738328
29003.532991999848,835943841.3882457
29009.541514999848,836053981.4380537
29015.550037999845,836014924.6756197
29021.558560999845,836039099.8847083
29027.567083999846,835942613.9242852
29033.575606999846,836011242.8046039
29039.584129999846,835978202.721915
29045.592652999847,836024620.4134502
29051.601175999847,835955565.9038783
29057.609698999848,836072278.0204626
29063.618221999848,835983514.8421603
29069.626744999845,835977827.7419324
29075.635267999845,836065232.2515848
29081.643790999846,836039089.9755405
29087.652313999846,836044465.2399522
29093.660836999847,836032781.651806
29099.669359999847,836040058.2103653
29105.677882999847,836004034.5630571
29111.686405999844,836001934.2425663
29117.694928999845,836019295.6704323
29123.703451999845,835965115.9614745
29129.711974999846,836019639.9874157
29135.720497999846,835934194.9229076
29141.729020999846,836070479.6110399
29147.737543999847,835976607.3183752
29153.746066999847,836030780.7698314
29159.754589999848,836048824.6453652
29165.763112999844,836094958.074427
29171.771635999845,836023318.9481242
29177.780158999845,835993105.6912395
29183.788681999846,836070993.2799969
29189.797204999846,836003540.3925854
29195.805727999847,835998115.9072381
29201.814250999847,836006829.863723
29207.822773999844,836034008.5849296
29213.831296999844,836014552.4435855
29219.839819999845,836040701.9513137
29225.848342999845,836098809.0179398
29231.856865999845,836058853.3238232
29237.865388999846,836039372.0580583
29243.873911999846,836088460.6030998
29249.882434999847,836039295.6447904
29255.890957999847,836018454.0518997
29261.899480999844,836067841.187622
29267.908003999844,836098275.8832237
29273.916526999845,836060006.207405
29279.925049999845,836048212.725199
29285.933572999846,836064739.1592743
29291.942095999846,836038264.0
29297.950618999846,836032013.464289
29303.959141999843,835983077.6823945
29309.967664999844,835982033.7763494
29315.976187999844,836087642.963577
29321.984710999845,836084624.7376652
29327.993233999845,836046270.2765565
29334.001756999845,835970398.1144807
29340.010279999846,835971936.6250155
29346.018802999846,836044360.287654
29352.027325999847,836030398.6945038
29358.035848999843,836051520.3596648
29364.044371999844,836101188.2600195
29370.052894999844,836074455.7744744
29376.061417999845,836049581.9399242
29382.069940999845,836009302.7290286
29388.078463999846,835991918.335119
29394.086986999846,836030317.2234838
29400.095509999843,836053223.6590765
29406.104032999843,836110784.0851318
29412.112555999844,836019211.7593775
29418.121078999844,836061953.930793
29424.129601999844,835966424.0108157
29430.138124999845,836026695.8332211
29436.146647999845,836000217.1639547
29442.155170999846,836057464.8953265
29448.163693999846,835928294.2676995
29454.172216999843,835950912.4930543
29460.180739999843,836004336.0172814
29466.189262999844,836006201.7179214
29472.197785999844,836010581.3573091
29478.206308999845,835970042.8770778
29484.214831999845,835941398.9121497
29490.223354999845,835921773.82298
29496.231877999842,835970898.0
29502.240400999843,835978656.006154
29508.248923999843,836093987.2528527
29514.257446999844,836036426.6205939
29520.265969999844,835999263.4835967
29526.274492999844,836053962.6869061
29532.283015999845,836030716.0900959
29538.291538999845,836056538.4062641
29544.300061999846,836060455.8618163
29550.308584999842,836066706.4382892
29556.317107999843,836035351.4871187
29562.325630999843,835987758.4871683
29568.334153999844,836039029.0012405
29574.342676999844,836041246.0712675
29580.351199999845,836098388.7813112
29586.359722999845,836136858.483981
29592.36824599984,836111004.6617601
29598.376768999842,836079650.7832954
29604.385291999843,836137391.128746
29610.393814999843,836080275.4238766
29616.402337999843,836082407.5642215
29622.410860999844,836065572.4355936
29628.419383999844,836115793.1264651
29634.427906999845,836163525.6801162
29640.436429999845,836141732.0709451
29646.444952999842,836111602.0684255
29652.453475999842,836142136.726875
29658.461998999843,836117345.8597572
29664.470521999843,836097333.2960532
29670.479044999844,836105100.6075635
29676.487567999844,836110974.3233413
29682.496090999844,836062416.2766752
29688.50461399984,836085146.8285259
29694.51313699984,836088664.0
29700.521659999842,836087371.4241774
29706.530182999843,836058100.8094602
29712.538705999843,836132434.4505578
29718.547228999843,836068897.710189
29724.555751999844,836022587.9344865
29730.564274999844,836123744.9677669
29736.572797999845,836011618.5399568
29742.58132099984,836013614.0514013
29748.589843999842,836030076.1474488
29754.598366999842,836026776.2004112
29760.606889999843,836034863.4573483
29766.615412999843,836163429.5184284
29772.623935999844,836160817.1589329
29778.632458999844,836116212.0873873
29784.64098199984,836168166.4367102
29790.64950499984,836160940.8648357
29796.65802799984,836086488.1937582
29802.666550999842,836025340.0687629
29808.675073999842,836124901.3894972
29814.683596999843,836079278.7113309
29820.692119999843,836152279.273072
29826.700642999844,836061423.7029916
29832.709165999844,836102455.3854767
29838.71768899984,835990385.8513268
29844.72621199984,836096788.7234454
29850.73473499984,836111818.2885917
29856.743257999842,836025575.6145957
29862.751780999843,836136268.9344769
29868.760303999843,836111879.7195344
29874.768826999843,836121444.8996092
29880.77734999984,836117735.415739
29886.78587299984,836055611.2740872
29892.79439599984,836118798.0
29898.80291899984,836118145.8809993
29904.811441999842,836079310.2670622
29910.819964999842,836024653.556098
29916.828487999843,836137875.5975487
29922.837010999843,836138045.3478433
29928.845533999844,836076198.0030395
29934.85405699984,836036764.0
29940.86257999984,836037282.0771781
29946.87110299984,836095176.9685081
29952.87962599984,835997826.1708021
29958.888148999842,836103724.5754917
29964.896671999843,836062941.2012652
29970.905194999843,836029274.0852629
29976.91371799984,836061964.3994586
29982.92224099984,836080010.7086792
29988.93076399984,836040383.2056365
29994.93928699984,836111856.5351926
30000.94780999984,836044947.9744827
30006.956332999842,836138072.9525946
30012.964855999842,836072741.3209051
30018.973378999843,836154330.8000307
30024.981901999843,836153736.160575
30030.99042499984,836139555.3784046
30036.99894799984,836064643.7995715
30043.00747099984,836018819.2289556
30049.01599399984,836026549.1734276
30055.02451699984,836064594.8834356
30061.033039999842,836019052.535322
30067.041562999842,836054631.883656
30073.05008599984,836035352.7781197
30079.05860899984,836005574.321131
30085.06713199984,836045383.6589048
30091.07565499984,836134851.0631871
30097.08417799984,836091622.404355
30103.09270099984,836089764.0
30109.10122399984,836127284.9582093
30115.109746999842,836128447.301534
30121.118269999843,836040657.7989879
30127.12679299984,836061653.3830917
30133.13531599984,836125955.1268388
30139.14383899984,836145582.8515278
30145.15236199984,836079904.3373345
30151.16088499984,836025845.4021747
30157.16940799984,836101669.5526915
30163.177930999842,836046454.2336419
30169.18645399984,835924785.2599354
30175.19497699984,836031229.5259317
30181.20349999984,836070595.8878824
30187.21202299984,836024839.8363675
30193.22054599984,836060185.0871954
30199.22906899984,836063123.3142283
30205.23759199984,836071652.8598417
30211.24611499984,836087780.4849099
30217.254637999842,836056271.8870925
30223.26316099984,836061500.3783835
30229.27168399984,836079125.8826147
30235.28020699984,836037840.5299504
30241.28872999984,836093963.4760683
30247.29725299984,836088244.9762957
30253.30577599984,836054045.9909465
30259.31429899984,836100344.6801494
30265.32282199984,836000574.4320444
30271.33134499984,836035039.1802418
30277.33986799984,836077117.1304243
30283.34839099984,835992887.726056
30289.35691399984,836041829.9778584
30295.36543699984,836076458.689301
30301.37395999984,836064155.5354393
30307.38248299984,836076145.4968395
30313.39100599984,836071059.572815
30319.39952899984,836034959.9724944
30325.40805199984,836007732.4127156
30331.41657499984,836131924.1487161
30337.42509799984,836017577.3861328
30343.43362099984,836035001.5316067
30349.44214399984,836059704.7566861
30355.45066699984,836055336.3771037
30361.459189999838,836032059.7682477
30367.467712999838,836083637.38118
30373.47623599984,836103068.6311225
30379.48475899984,836081197.1363337
30385.49328199984,836065402.9523916
30391.50180499984,836054650.210517
30397.51032799984,836174550.7484779
30403.51885099984,836055288.4463317
30409.52737399984,836075045.4928205
30415.535896999838,835979764.8058461
30421.54441999984,835983267.3784119
30427.55294299984,835987835.1435162
30433.56146599984,836083602.2367238
30439.56998899984,836035611.7147663
30445.57851199984,835981929.1494168
30451.58703499984,836143168.8626677
30457.595557999837,836132401.8812661
30463.604080999838,836159991.1420902
30469.612603999838,836145339.1284119
30475.62112699984,836110245.9237573
30481.62964999984,836120544.8377088
30487.63817299984,836061026.4637405
30493.64669599984,836045778.5812211
30499.65521899984,836043726.2171268
30505.66374199984,836045449.7077323
30511.672264999837,836127127.5819533
30517.680787999838,836020467.5458481
30523.68931099984,836099634.8094338
30529.69783399984,836062079.3459837
30535.70635699984,836150240.2367393
30541.71487999984,836054406.2659411
30547.72340299984,836126086.4534041
30553.731925999837,836109280.1182494
30559.740448999837,836149450.5912111
30565.748971999838,836186314.5165795
30571.757494999838,836136579.9404238
30577.76601799984,836121975.7797959
30583.77454099984,836149249.4954723
30589.78306399984,836084179.632576
30595.79158699984,836071347.2375684
30601.80010999984,836079135.6227267
30607.808632999837,836113101.6265621
30613.817155999837,836049385.3203968
30619.825678999838,836074548.0695088
30625.834201999838,836129656.1790541
30631.84272499984,836144648.0114545
30637.85124799984,836086568.7929491
30643.85977099984,836036343.4967228
30649.868293999836,836052827.3685957
30655.876816999837,836054396.6047509
30661.885339999837,836140295.7454344
30667.893862999837,836116229.9522496
30673.902385999838,836148100.8258374
30679.91090899984,836187810.6229354
30685.91943199984,836182290.934284
30691.92795499984,836137269.8101275
30697.93647799984,836119997.546866
30703.945000999836,836118331.0
30709.953523999837,836104093.4681184
30715.962046999837,836175851.439408
30721.970569999838,836180524.8696108
30727.979092999838,836165552.2344425
30733.98761599984,836191670.10904
30739.99613899984,836059418.2918205
30746.004661999836,836123144.1085707
30752.013184999836,836108927.3683486
30758.021707999837,836139314.6140606
30764.030230999837,836146800.9674202
30770.038753999837,836146403.7796233
30776.047276999838,836058965.2601334
30782.05579999984,836046426.5085845
30788.06432299984,836125436.1586549
30794.07284599984,836090247.5549471
30800.081368999836,836030486.2339197
30806.089891999836,836109530.1808587
30812.098414999837,836101229.4724782
30818.106937999837,836101841.8097093
30824.115460999838,836083831.4750283
30830.123983999838,836064895.650647
30836.13250699984,836028314.461918
30842.141029999835,836001257.1327585
30848.149552999836,836073101.9577519
30854.158075999836,836050822.833888
30860.166598999836,836067034.3345681
30866.175121999837,836100004.7459153
30872.183644999837,836036753.8199742
30878.192167999838,836146626.1710672
30884.200690999838,836088802.6616956
30890.20921399984,836133670.4267137
30896.217736999835,836186718.5170083
30902.226259999836,836194898.0
30908.234782999836,836118715.506661
30914.243305999837,836046381.2955656
30920.251828999837,836060016.7741132
30926.260351999837,836029307.7678995
30932.268874999838,836062921.6068841
30938.277397999835,836070881.7143041
30944.285920999835,836103519.3121936
30950.294443999835,836068340.7531322
30956.302966999836,836089800.3919843
30962.311489999836,836083038.279881
30968.320012999837,836038442.3878938
30974.328535999837,836049953.9966885
30980.337058999838,836024531.9805244
30986.345581999838,836116200.5438412
30992.354104999835,836172856.1690532
30998.362627999835,836165055.997279
31004.371150999836,836204255.2577235
31010.379673999836,836132130.2834234
31016.388196999837,836092550.7163455
31022.396719999837,836137016.7541405
31028.405242999837,836118941.7245255
31034.413765999834,836127518.9883928
31040.422288999835,836107045.1223258
31046.430811999835,836115234.6160208
31052.439334999835,836106875.1449609
31058.447857999836,836117938.7676103
31064.456380999836,836100542.6388443
31070.464903999837,836100547.7419522
31076.473426999837,836054497.7455096
31082.481949999838,836073183.6373407
31088.490472999834,836161607.1077863
31094.498995999835,836141934.2221979
31100.507518999835,836062520.5205164
31106.516041999836,836043331.0
31112.524564999836,836090485.4040984
31118.533087999836,836136555.4300394
31124.541610999837,836080529.8705587
31130.550133999834,836070141.4662247
31136.558656999834,836090945.4758031
31142.567179999834,836055496.4421167
31148.575702999835,836102806.1519108
31154.584225999835,836057103.282
31160.592748999836,836088830.436099
31166.601271999836,836115040.9493011
31172.609794999837,836107072.6119082
31178.618317999837,836128956.5699422
31184.626840999834,836106976.2409999
31190.635363999834,836057648.2968695
31196.643886999835,836090649.3040252
31202.652409999835,836074245.8237259
31208.660932999835,836074957.3668133
31214.669455999836,836117329.295795
31220.677978999836,836179329.5186006
31226.686501999833,836131039.2366967
31232.695024999834,836028301.6094428
31238.703547999834,836070685.5512979
31244.712070999834,836121132.9459444
31250.720593999835,836097838.1487657
31256.729116999835,836107251.2753526
31262.737639999836,836106504.247104
31268.746162999836,836027005.9065409
31274.754685999837,836079524.2089379
31280.763208999833,836104931.0
31286.771731999834,836104931.0
31292.780254999834,836099554.8499478
31298.788777999835,836073999.3857721
31304.797300999835,836047762.2139865
31310.805823999835,836030513.596825
31316.814346999836,836063152.7460064
31322.822869999833,836012047.6720587
31328.831392999833,836050664.3547927
31334.839915999833,836050084.9321514
31340.848438999834,836088676.0467625
31346.856961999834,836060395.0323584
31352.865484999835,836098753.7855964
31358.874007999835,836100633.9265925
31364.882530999836,836069935.1242859
31370.891053999836,836112122.962581
31376.899576999833,836044741.9769955
31382.908099999833,836056520.3287975
31388.916622999834,836123751.1058781
31394.925145999834,836103392.620013
31400.933668999834,836112006.8991885
31406.942191999835,836119884.3048078
31412.950714999835,836056106.3955382
