   0 0.00 0.0000 0.00 0.00
   1 0.01 0.0106 0.01 0.01
   2 0.02 0.0131 0.02 0.02
   3 0.03 0.0157 0.03 0.03
   4 0.04 0.0183 0.04 0.04
   5 0.05 0.0203 0.05 0.05
   6 0.06 0.0212 0.06 0.06
   7 0.07 0.0221 0.07 0.07
   8 0.08 0.0230 0.08 0.08
   9 0.09 0.0239 0.09 0.09
  10 0.10 0.0249 0.10 0.10
  11 0.11 0.0258 0.11 0.11
  12 0.12 0.0267 0.12 0.12
  13 0.13 0.0276 0.13 0.13
  14 0.14 0.0285 0.14 0.14
  15 0.15 0.0294 0.15 0.15
  16 0.16 0.0302 0.16 0.16
  17 0.17 0.0307 0.17 0.17
  18 0.18 0.0312 0.18 0.18
  19 0.19 0.0316 0.19 0.19
  20 0.20 0.0321 0.20 0.20
  21 0.21 0.0326 0.21 0.21
  22 0.22 0.0331 0.22 0.22
  23 0.23 0.0336 0.23 0.23
  24 0.24 0.0341 0.24 0.24
  25 0.25 0.0346 0.25 0.25
  26 0.26 0.0351 0.26 0.26
  27 0.27 0.0356 0.27 0.27
  28 0.28 0.0361 0.28 0.28
  29 0.29 0.0365 0.29 0.29
  30 0.30 0.0370 0.30 0.30
  31 0.31 0.0375 0.31 0.31
  32 0.32 0.0380 0.32 0.32
  33 0.33 0.0385 0.33 0.33
  34 0.34 0.0390 0.34 0.34
  35 0.35 0.0395 0.35 0.35
  36 0.36 0.0400 0.36 0.36
  37 0.37 0.0403 0.37 0.37
  38 0.38 0.0405 0.38 0.38
  39 0.39 0.0408 0.39 0.39
  40 0.40 0.0411 0.40 0.40
  41 0.41 0.0413 0.41 0.41
  42 0.42 0.0416 0.42 0.42
  43 0.43 0.0419 0.43 0.43
  44 0.44 0.0421 0.44 0.44
  45 0.45 0.0424 0.45 0.45
  46 0.46 0.0427 0.46 0.46
  47 0.47 0.0429 0.47 0.47
  48 0.48 0.0432 0.48 0.48
  49 0.49 0.0435 0.49 0.49
  50 0.50 0.0437 0.50 0.50
  51 0.51 0.0440 0.51 0.51
  52 0.52 0.0443 0.52 0.52
  53 0.53 0.0445 0.53 0.53
  54 0.54 0.0448 0.54 0.54
  55 0.55 0.0451 0.55 0.55
  56 0.56 0.0454 0.56 0.56
  57 0.57 0.0456 0.57 0.57
  58 0.58 0.0459 0.58 0.58
  59 0.59 0.0462 0.59 0.59
  60 0.60 0.0464 0.60 0.60
  61 0.61 0.0467 0.61 0.61
  62 0.62 0.0470 0.62 0.62
  63 0.63 0.0472 0.63 0.63
  64 0.64 0.0475 0.64 0.64
  65 0.65 0.0478 0.65 0.65
  66 0.66 0.0481 0.66 0.66
  67 0.67 0.0483 0.67 0.67
  68 0.68 0.0486 0.68 0.68
  69 0.69 0.0488 0.69 0.69
  70 0.70 0.0491 0.70 0.70
  71 0.71 0.0494 0.71 0.71
  72 0.72 0.0497 0.72 0.72
  73 0.73 0.0499 0.73 0.73
  74 0.74 0.0502 0.74 0.74
  75 0.75 0.0505 0.75 0.75
  76 0.76 0.0507 0.76 0.76
  77 0.77 0.0510 0.77 0.77
  78 0.78 0.0513 0.78 0.78
  79 0.79 0.0515 0.79 0.79
  80 0.80 0.0518 0.80 0.80
  81 0.81 0.0521 0.81 0.81
  82 0.82 0.0524 0.82 0.82
  83 0.83 0.0526 0.83 0.83
  84 0.84 0.0529 0.84 0.84
  85 0.85 0.0532 0.85 0.85
  86 0.86 0.0534 0.86 0.86
  87 0.87 0.0537 0.87 0.87
  88 0.88 0.0540 0.88 0.88
  89 0.89 0.0542 0.89 0.89
  90 0.90 0.0545 0.90 0.90
  91 0.91 0.0548 0.91 0.91
  92 0.92 0.0550 0.92 0.92
  93 0.93 0.0553 0.93 0.93
  94 0.94 0.0556 0.94 0.94
  95 0.95 0.0558 0.95 0.95
  96 0.96 0.0561 0.96 0.96
  97 0.97 0.0564 0.97 0.97
  98 0.98 0.0566 0.98 0.98
  99 0.99 0.0569 0.99 0.99
 100 1.00 0.0572 1.00 1.00
 101 1.01 0.0575 1.01 1.01
 102 1.02 0.0577 1.02 1.02
 103 1.03 0.0580 1.03 1.03
 104 1.04 0.0583 1.04 1.04
 105 1.05 0.0585 1.05 1.05
 106 1.06 0.0588 1.06 1.06
 107 1.07 0.0591 1.07 1.07
 108 1.08 0.0593 1.08 1.08
 109 1.09 0.0596 1.09 1.09
 110 1.10 0.0599 1.10 1.10
 111 1.11 0.0601 1.11 1.11
 112 1.12 0.0603 1.12 1.12
 113 1.13 0.0604 1.13 1.13
 114 1.14 0.0606 1.14 1.14
 115 1.15 0.0608 1.15 1.15
 116 1.16 0.0609 1.16 1.16
 117 1.17 0.0611 1.17 1.17
 118 1.18 0.0613 1.18 1.18
 119 1.19 0.0615 1.19 1.19
 120 1.20 0.0616 1.20 1.20
 121 1.21 0.0618 1.21 1.21
 122 1.22 0.0620 1.22 1.22
 123 1.23 0.0622 1.23 1.23
 124 1.24 0.0623 1.24 1.24
 125 1.25 0.0625 1.25 1.25
 126 1.26 0.0627 1.26 1.26
 127 1.27 0.0629 1.27 1.27
 128 1.28 0.0630 1.28 1.28
 129 1.29 0.0632 1.29 1.29
 130 1.30 0.0634 1.30 1.30
 131 1.31 0.0635 1.31 1.31
 132 1.32 0.0637 1.32 1.32
 133 1.33 0.0639 1.33 1.33
 134 1.34 0.0641 1.34 1.34
 135 1.35 0.0642 1.35 1.35
 136 1.36 0.0644 1.36 1.36
 137 1.37 0.0646 1.37 1.37
 138 1.38 0.0648 1.38 1.38
 139 1.39 0.0649 1.39 1.39
 140 1.40 0.0651 1.40 1.40
 141 1.41 0.0653 1.41 1.41
 142 1.42 0.0654 1.42 1.42
 143 1.43 0.0656 1.43 1.43
 144 1.44 0.0658 1.44 1.44
 145 1.45 0.0660 1.45 1.45
 146 1.46 0.0661 1.46 1.46
 147 1.47 0.0663 1.47 1.47
 148 1.48 0.0665 1.48 1.48
 149 1.49 0.0667 1.49 1.49
 150 1.50 0.0668 1.50 1.50
 151 1.51 0.0670 1.51 1.51
 152 1.52 0.0672 1.52 1.52
 153 1.53 0.0673 1.53 1.53
 154 1.54 0.0675 1.54 1.54
 155 1.55 0.0677 1.55 1.55
 156 1.56 0.0678 1.56 1.56
 157 1.57 0.0680 1.57 1.57
 158 1.58 0.0682 1.58 1.58
 159 1.59 0.0684 1.59 1.59
 160 1.60 0.0685 1.60 1.60
 161 1.61 0.0687 1.61 1.61
 162 1.62 0.0689 1.62 1.62
 163 1.63 0.0691 1.63 1.63
 164 1.64 0.0692 1.64 1.64
 165 1.65 0.0694 1.65 1.65
 166 1.66 0.0696 1.66 1.66
 167 1.67 0.0698 1.67 1.67
 168 1.68 0.0699 1.68 1.68
 169 1.69 0.0701 1.69 1.69
 170 1.70 0.0703 1.70 1.70
 171 1.71 0.0704 1.71 1.71
 172 1.72 0.0706 1.72 1.72
 173 1.73 0.0708 1.73 1.73
 174 1.74 0.0710 1.74 1.74
 175 1.75 0.0711 1.75 1.75
 176 1.76 0.0713 1.76 1.76
 177 1.77 0.0715 1.77 1.77
 178 1.78 0.0717 1.78 1.78
 179 1.79 0.0718 1.79 1.79
 180 1.80 0.0720 1.80 1.80
 181 1.81 0.0722 1.81 1.81
 182 1.82 0.0723 1.82 1.82
 183 1.83 0.0725 1.83 1.83
 184 1.84 0.0727 1.84 1.84
 185 1.85 0.0729 1.85 1.85
 186 1.86 0.0730 1.86 1.86
 187 1.87 0.0732 1.87 1.87
 188 1.88 0.0734 1.88 1.88
 189 1.89 0.0736 1.89 1.89
 190 1.90 0.0737 1.90 1.90
 191 1.91 0.0739 1.91 1.91
 192 1.92 0.0741 1.92 1.92
 193 1.93 0.0742 1.93 1.93
 194 1.94 0.0744 1.94 1.94
 195 1.95 0.0746 1.95 1.95
 196 1.96 0.0747 1.96 1.96
 197 1.97 0.0749 1.97 1.97
 198 1.98 0.0751 1.98 1.98
 199 1.99 0.0753 1.99 1.99
 200 2.00 0.0754 2.00 2.00
 201 2.01 0.0756 2.01 2.01
 202 2.02 0.0758 2.02 2.02
 203 2.03 0.0760 2.03 2.03
 204 2.04 0.0761 2.04 2.04
 205 2.05 0.0763 2.05 2.05
 206 2.06 0.0765 2.06 2.06
 207 2.07 0.0766 2.07 2.07
 208 2.08 0.0768 2.08 2.08
 209 2.09 0.0770 2.09 2.09
 210 2.10 0.0772 2.10 2.10
 211 2.11 0.0773 2.11 2.11
 212 2.12 0.0775 2.12 2.12
 213 2.13 0.0777 2.13 2.13
 214 2.14 0.0779 2.14 2.14
 215 2.15 0.0780 2.15 2.15
 216 2.16 0.0782 2.16 2.16
 217 2.17 0.0784 2.17 2.17
 218 2.18 0.0785 2.18 2.18
 219 2.19 0.0787 2.19 2.19
 220 2.20 0.0789 2.20 2.20
 221 2.21 0.0791 2.21 2.21
 222 2.22 0.0792 2.22 2.22
 223 2.23 0.0794 2.23 2.23
 224 2.24 0.0796 2.24 2.24
 225 2.25 0.0798 2.25 2.25
 226 2.26 0.0799 2.26 2.26
 227 2.27 0.0801 2.27 2.27
 228 2.28 0.0802 2.28 2.28
 229 2.29 0.0804 2.29 2.29
 230 2.30 0.0805 2.30 2.30
 231 2.31 0.0807 2.31 2.31
 232 2.32 0.0808 2.32 2.32
 233 2.33 0.0810 2.33 2.33
 234 2.34 0.0811 2.34 2.34
 235 2.35 0.0813 2.35 2.35
 236 2.36 0.0814 2.36 2.36
 237 2.37 0.0815 2.37 2.37
 238 2.38 0.0817 2.38 2.38
 239 2.39 0.0818 2.39 2.39
 240 2.40 0.0820 2.40 2.40
 241 2.41 0.0821 2.41 2.41
 242 2.42 0.0823 2.42 2.42
 243 2.43 0.0824 2.43 2.43
 244 2.44 0.0826 2.44 2.44
 245 2.45 0.0827 2.45 2.45
 246 2.46 0.0829 2.46 2.46
 247 2.47 0.0830 2.47 2.47
 248 2.48 0.0832 2.48 2.48
 249 2.49 0.0833 2.49 2.49
 250 2.50 0.0834 2.50 2.50
 251 2.51 0.0836 2.51 2.51
 252 2.52 0.0837 2.52 2.52
 253 2.53 0.0839 2.53 2.53
 254 2.54 0.0840 2.54 2.54
 255 2.55 0.0842 2.55 2.55
 256 2.56 0.0843 2.56 2.56
 257 2.57 0.0845 2.57 2.57
 258 2.58 0.0846 2.58 2.58
 259 2.59 0.0848 2.59 2.59
 260 2.60 0.0849 2.60 2.60
 261 2.61 0.0851 2.61 2.61
 262 2.62 0.0852 2.62 2.62
 263 2.63 0.0853 2.63 2.63
 264 2.64 0.0855 2.64 2.64
 265 2.65 0.0857 2.65 2.65
 266 2.66 0.0858 2.66 2.66
 267 2.67 0.0859 2.67 2.67
 268 2.68 0.0861 2.68 2.68
 269 2.69 0.0862 2.69 2.69
 270 2.70 0.0864 2.70 2.70
 271 2.71 0.0865 2.71 2.71
 272 2.72 0.0867 2.72 2.72
 273 2.73 0.0868 2.73 2.73
 274 2.74 0.0870 2.74 2.74
 275 2.75 0.0871 2.75 2.75
 276 2.76 0.0872 2.76 2.76
 277 2.77 0.0874 2.77 2.77
 278 2.78 0.0876 2.78 2.78
 279 2.79 0.0877 2.79 2.79
 280 2.80 0.0878 2.80 2.80
 281 2.81 0.0880 2.81 2.81
 282 2.82 0.0881 2.82 2.82
 283 2.83 0.0883 2.83 2.83
 284 2.84 0.0884 2.84 2.84
 285 2.85 0.0886 2.85 2.85
 286 2.86 0.0887 2.86 2.86
 287 2.87 0.0889 2.87 2.87
 288 2.88 0.0890 2.88 2.88
 289 2.89 0.0892 2.89 2.89
 290 2.90 0.0893 2.90 2.90
 291 2.91 0.0895 2.91 2.91
 292 2.92 0.0896 2.92 2.92
 293 2.93 0.0897 2.93 2.93
 294 2.94 0.0899 2.94 2.94
 295 2.95 0.0900 2.95 2.95
 296 2.96 0.0902 2.96 2.96
 297 2.97 0.0903 2.97 2.97
 298 2.98 0.0905 2.98 2.98
 299 2.99 0.0906 2.99 2.99
 300 3.00 0.0908 3.00 3.00
 301 3.01 0.0909 3.01 3.01
 302 3.02 0.0911 3.02 3.02
 303 3.03 0.0912 3.03 3.03
 304 3.04 0.0914 3.04 3.04
 305 3.05 0.0915 3.05 3.05
 306 3.06 0.0916 3.06 3.06
 307 3.07 0.0918 3.07 3.07
 308 3.08 0.0919 3.08 3.08
 309 3.09 0.0921 3.09 3.09
 310 3.10 0.0922 3.10 3.10
 311 3.11 0.0924 3.11 3.11
 312 3.12 0.0925 3.12 3.12
 313 3.13 0.0927 3.13 3.13
 314 3.14 0.0928 3.14 3.14
 315 3.15 0.0930 3.15 3.15
 316 3.16 0.0931 3.16 3.16
 317 3.17 0.0932 3.17 3.17
 318 3.18 0.0934 3.18 3.18
 319 3.19 0.0935 3.19 3.19
 320 3.20 0.0937 3.20 3.20
 321 3.21 0.0938 3.21 3.21
 322 3.22 0.0940 3.22 3.22
 323 3.23 0.0941 3.23 3.23
 324 3.24 0.0943 3.24 3.24
 325 3.25 0.0944 3.25 3.25
 326 3.26 0.0946 3.26 3.26
 327 3.27 0.0947 3.27 3.27
 328 3.28 0.0949 3.28 3.28
 329 3.29 0.0950 3.29 3.29
 330 3.30 0.0951 3.30 3.30
 331 3.31 0.0953 3.31 3.31
 332 3.32 0.0954 3.32 3.32
 333 3.33 0.0956 3.33 3.33
 334 3.34 0.0957 3.34 3.34
 335 3.35 0.0959 3.35 3.35
 336 3.36 0.0960 3.36 3.36
 337 3.37 0.0962 3.37 3.37
 338 3.38 0.0963 3.38 3.38
 339 3.39 0.0965 3.39 3.39
 340 3.40 0.0966 3.40 3.40
 341 3.41 0.0968 3.41 3.41
 342 3.42 0.0969 3.42 3.42
 343 3.43 0.0971 3.43 3.43
 344 3.44 0.0972 3.44 3.44
 345 3.45 0.0974 3.45 3.45
 346 3.46 0.0975 3.46 3.46
 347 3.47 0.0976 3.47 3.47
 348 3.48 0.0978 3.48 3.48
 349 3.49 0.0979 3.49 3.49
 350 3.50 0.0981 3.50 3.50
 351 3.51 0.0982 3.51 3.51
 352 3.52 0.0984 3.52 3.52
 353 3.53 0.0985 3.53 3.53
 354 3.54 0.0987 3.54 3.54
 355 3.55 0.0988 3.55 3.55
 356 3.56 0.0990 3.56 3.56
 357 3.57 0.0991 3.57 3.57
 358 3.58 0.0993 3.58 3.58
 359 3.59 0.0994 3.59 3.59
 360 3.60 0.0995 3.60 3.60
 361 3.61 0.0997 3.61 3.61
 362 3.62 0.0998 3.62 3.62
 363 3.63 0.1000 3.63 3.63
 364 3.64 0.1001 3.64 3.64
 365 3.65 0.1002 3.65 3.65
 366 3.66 0.1004 3.66 3.66
 367 3.67 0.1005 3.67 3.67
 368 3.68 0.1006 3.68 3.68
 369 3.69 0.1008 3.69 3.69
 370 3.70 0.1009 3.70 3.70
 371 3.71 0.1010 3.71 3.71
 372 3.72 0.1012 3.72 3.72
 373 3.73 0.1013 3.73 3.73
 374 3.74 0.1014 3.74 3.74
 375 3.75 0.1015 3.75 3.75
 376 3.76 0.1017 3.76 3.76
 377 3.77 0.1018 3.77 3.77
 378 3.78 0.1019 3.78 3.78
 379 3.79 0.1021 3.79 3.79
 380 3.80 0.1022 3.80 3.80
 381 3.81 0.1023 3.81 3.81
 382 3.82 0.1025 3.82 3.82
 383 3.83 0.1026 3.83 3.83
 384 3.84 0.1027 3.84 3.84
 385 3.85 0.1028 3.85 3.85
 386 3.86 0.1030 3.86 3.86
 387 3.87 0.1031 3.87 3.87
 388 3.88 0.1032 3.88 3.88
 389 3.89 0.1034 3.89 3.89
 390 3.90 0.1035 3.90 3.90
 391 3.91 0.1036 3.91 3.91
 392 3.92 0.1037 3.92 3.92
 393 3.93 0.1039 3.93 3.93
 394 3.94 0.1040 3.94 3.94
 395 3.95 0.1041 3.95 3.95
 396 3.96 0.1043 3.96 3.96
 397 3.97 0.1044 3.97 3.97
 398 3.98 0.1045 3.98 3.98
 399 3.99 0.1047 3.99 3.99
 400 4.00 0.1048 4.00 4.00
 401 4.01 0.1049 4.01 4.01
 402 4.02 0.1050 4.02 4.02
 403 4.03 0.1052 4.03 4.03
 404 4.04 0.1053 4.04 4.04
 405 4.05 0.1054 4.05 4.05
 406 4.06 0.1056 4.06 4.06
 407 4.07 0.1057 4.07 4.07
 408 4.08 0.1058 4.08 4.08
 409 4.09 0.1060 4.09 4.09
 410 4.10 0.1061 4.10 4.10
 411 4.11 0.1062 4.11 4.11
 412 4.12 0.1063 4.12 4.12
 413 4.13 0.1065 4.13 4.13
 414 4.14 0.1066 4.14 4.14
 415 4.15 0.1067 4.15 4.15
 416 4.16 0.1069 4.16 4.16
 417 4.17 0.1070 4.17 4.17
 418 4.18 0.1071 4.18 4.18
 419 4.19 0.1073 4.19 4.19
 420 4.20 0.1074 4.20 4.20
 421 4.21 0.1075 4.21 4.21
 422 4.22 0.1076 4.22 4.22
 423 4.23 0.1078 4.23 4.23
 424 4.24 0.1079 4.24 4.24
 425 4.25 0.1080 4.25 4.25
 426 4.26 0.1082 4.26 4.26
 427 4.27 0.1083 4.27 4.27
 428 4.28 0.1084 4.28 4.28
 429 4.29 0.1085 4.29 4.29
 430 4.30 0.1087 4.30 4.30
 431 4.31 0.1088 4.31 4.31
 432 4.32 0.1089 4.32 4.32
 433 4.33 0.1091 4.33 4.33
 434 4.34 0.1092 4.34 4.34
 435 4.35 0.1093 4.35 4.35
 436 4.36 0.1095 4.36 4.36
 437 4.37 0.1096 4.37 4.37
 438 4.38 0.1097 4.38 4.38
 439 4.39 0.1098 4.39 4.39
 440 4.40 0.1100 4.40 4.40
 441 4.41 0.1101 4.41 4.41
 442 4.42 0.1102 4.42 4.42
 443 4.43 0.1104 4.43 4.43
 444 4.44 0.1105 4.44 4.44
 445 4.45 0.1106 4.45 4.45
 446 4.46 0.1108 4.46 4.46
 447 4.47 0.1109 4.47 4.47
 448 4.48 0.1110 4.48 4.48
 449 4.49 0.1111 4.49 4.49
 450 4.50 0.1113 4.50 4.50
 451 4.51 0.1114 4.51 4.51
 452 4.52 0.1115 4.52 4.52
 453 4.53 0.1117 4.53 4.53
 454 4.54 0.1118 4.54 4.54
 455 4.55 0.1119 4.55 4.55
 456 4.56 0.1121 4.56 4.56
 457 4.57 0.1122 4.57 4.57
 458 4.58 0.1123 4.58 4.58
 459 4.59 0.1124 4.59 4.59
 460 4.60 0.1126 4.60 4.60
 461 4.61 0.1127 4.61 4.61
 462 4.62 0.1128 4.62 4.62
 463 4.63 0.1130 4.63 4.63
 464 4.64 0.1131 4.64 4.64
 465 4.65 0.1132 4.65 4.65
 466 4.66 0.1134 4.66 4.66
 467 4.67 0.1135 4.67 4.67
 468 4.68 0.1136 4.68 4.68
 469 4.69 0.1137 4.69 4.69
 470 4.70 0.1139 4.70 4.70
 471 4.71 0.1140 4.71 4.71
 472 4.72 0.1141 4.72 4.72
 473 4.73 0.1143 4.73 4.73
 474 4.74 0.1144 4.74 4.74
 475 4.75 0.1145 4.75 4.75
 476 4.76 0.1146 4.76 4.76
 477 4.77 0.1148 4.77 4.77
 478 4.78 0.1149 4.78 4.78
 479 4.79 0.1150 4.79 4.79
 480 4.80 0.1152 4.80 4.80
 481 4.81 0.1153 4.81 4.81
 482 4.82 0.1154 4.82 4.82
 483 4.83 0.1156 4.83 4.83
 484 4.84 0.1157 4.84 4.84
 485 4.85 0.1158 4.85 4.85
 486 4.86 0.1159 4.86 4.86
 487 4.87 0.1161 4.87 4.87
 488 4.88 0.1162 4.88 4.88
 489 4.89 0.1163 4.89 4.89
 490 4.90 0.1165 4.90 4.90
 491 4.91 0.1166 4.91 4.91
 492 4.92 0.1167 4.92 4.92
 493 4.93 0.1169 4.93 4.93
 494 4.94 0.1170 4.94 4.94
 495 4.95 0.1171 4.95 4.95
 496 4.96 0.1172 4.96 4.96
 497 4.97 0.1174 4.97 4.97
 498 4.98 0.1175 4.98 4.98
 499 4.99 0.1176 4.99 4.99
 500 5.00 0.1178 5.00 5.00
 501 5.01 0.1179 5.01 5.01
 502 5.02 0.1180 5.02 5.02
 503 5.03 0.1182 5.03 5.03
 504 5.04 0.1183 5.04 5.04
 505 5.05 0.1184 5.05 5.05
 506 5.06 0.1185 5.06 5.06
 507 5.07 0.1187 5.07 5.07
 508 5.08 0.1188 5.08 5.08
 509 5.09 0.1189 5.09 5.09
 510 5.10 0.1191 5.10 5.10
 511 5.11 0.1192 5.11 5.11
 512 5.12 0.1193 5.12 5.12
 513 5.13 0.1194 5.13 5.13
 514 5.14 0.1196 5.14 5.14
 515 5.15 0.1197 5.15 5.15
 516 5.16 0.1198 5.16 5.16
 517 5.17 0.1200 5.17 5.17
 518 5.18 0.1201 5.18 5.18
 519 5.19 0.1203 5.19 5.19
 520 5.20 0.1204 5.20 5.20
 521 5.21 0.1206 5.21 5.21
 522 5.22 0.1207 5.22 5.22
 523 5.23 0.1209 5.23 5.23
 524 5.24 0.1210 5.24 5.24
 525 5.25 0.1212 5.25 5.25
 526 5.26 0.1213 5.26 5.26
 527 5.27 0.1215 5.27 5.27
 528 5.28 0.1216 5.28 5.28
 529 5.29 0.1218 5.29 5.29
 530 5.30 0.1219 5.30 5.30
 531 5.31 0.1221 5.31 5.31
 532 5.32 0.1222 5.32 5.32
 533 5.33 0.1224 5.33 5.33
 534 5.34 0.1225 5.34 5.34
 535 5.35 0.1227 5.35 5.35
 536 5.36 0.1228 5.36 5.36
 537 5.37 0.1230 5.37 5.37
 538 5.38 0.1231 5.38 5.38
 539 5.39 0.1233 5.39 5.39
 540 5.40 0.1234 5.40 5.40
 541 5.41 0.1236 5.41 5.41
 542 5.42 0.1237 5.42 5.42
 543 5.43 0.1239 5.43 5.43
 544 5.44 0.1240 5.44 5.44
 545 5.45 0.1242 5.45 5.45
 546 5.46 0.1243 5.46 5.46
 547 5.47 0.1245 5.47 5.47
 548 5.48 0.1246 5.48 5.48
 549 5.49 0.1248 5.49 5.49
 550 5.50 0.1249 5.50 5.50
 551 5.51 0.1251 5.51 5.51
 552 5.52 0.1252 5.52 5.52
 553 5.53 0.1254 5.53 5.53
 554 5.54 0.1255 5.54 5.54
 555 5.55 0.1257 5.55 5.55
 556 5.56 0.1258 5.56 5.56
 557 5.57 0.1260 5.57 5.57
 558 5.58 0.1261 5.58 5.58
 559 5.59 0.1263 5.59 5.59
 560 5.60 0.1264 5.60 5.60
 561 5.61 0.1266 5.61 5.61
 562 5.62 0.1267 5.62 5.62
 563 5.63 0.1268 5.63 5.63
 564 5.64 0.1270 5.64 5.64
 565 5.65 0.1271 5.65 5.65
 566 5.66 0.1273 5.66 5.66
 567 5.67 0.1274 5.67 5.67
 568 5.68 0.1276 5.68 5.68
 569 5.69 0.1277 5.69 5.69
 570 5.70 0.1279 5.70 5.70
 571 5.71 0.1280 5.71 5.71
 572 5.72 0.1282 5.72 5.72
 573 5.73 0.1283 5.73 5.73
 574 5.74 0.1285 5.74 5.74
 575 5.75 0.1286 5.75 5.75
 576 5.76 0.1288 5.76 5.76
 577 5.77 0.1289 5.77 5.77
 578 5.78 0.1291 5.78 5.78
 579 5.79 0.1292 5.79 5.79
 580 5.80 0.1294 5.80 5.80
 581 5.81 0.1295 5.81 5.81
 582 5.82 0.1297 5.82 5.82
 583 5.83 0.1298 5.83 5.83
 584 5.84 0.1300 5.84 5.84
 585 5.85 0.1301 5.85 5.85
 586 5.86 0.1303 5.86 5.86
 587 5.87 0.1304 5.87 5.87
 588 5.88 0.1306 5.88 5.88
 589 5.89 0.1307 5.89 5.89
 590 5.90 0.1309 5.90 5.90
 591 5.91 0.1310 5.91 5.91
 592 5.92 0.1312 5.92 5.92
 593 5.93 0.1313 5.93 5.93
 594 5.94 0.1315 5.94 5.94
 595 5.95 0.1316 5.95 5.95
 596 5.96 0.1318 5.96 5.96
 597 5.97 0.1319 5.97 5.97
 598 5.98 0.1321 5.98 5.98
 599 5.99 0.1322 5.99 5.99
 600 6.00 0.1324 6.00 6.00
 601 6.01 0.1325 6.01 6.01
 602 6.02 0.1327 6.02 6.02
 603 6.03 0.1328 6.03 6.03
 604 6.04 0.1330 6.04 6.04
 605 6.05 0.1331 6.05 6.05
 606 6.06 0.1333 6.06 6.06
 607 6.07 0.1334 6.07 6.07
 608 6.08 0.1336 6.08 6.08
 609 6.09 0.1337 6.09 6.09
 610 6.10 0.1339 6.10 6.10
 611 6.11 0.1340 6.11 6.11
 612 6.12 0.1342 6.12 6.12
 613 6.13 0.1343 6.13 6.13
 614 6.14 0.1345 6.14 6.14
 615 6.15 0.1346 6.15 6.15
 616 6.16 0.1348 6.16 6.16
 617 6.17 0.1349 6.17 6.17
 618 6.18 0.1351 6.18 6.18
 619 6.19 0.1352 6.19 6.19
 620 6.20 0.1354 6.20 6.20
 621 6.21 0.1355 6.21 6.21
 622 6.22 0.1357 6.22 6.22
 623 6.23 0.1358 6.23 6.23
 624 6.24 0.1360 6.24 6.24
 625 6.25 0.1361 6.25 6.25
 626 6.26 0.1363 6.26 6.26
 627 6.27 0.1364 6.27 6.27
 628 6.28 0.1366 6.28 6.28
 629 6.29 0.1367 6.29 6.29
 630 6.30 0.1369 6.30 6.30
 631 6.31 0.1370 6.31 6.31
 632 6.32 0.1372 6.32 6.32
 633 6.33 0.1373 6.33 6.33
 634 6.34 0.1375 6.34 6.34
 635 6.35 0.1376 6.35 6.35
 636 6.36 0.1378 6.36 6.36
 637 6.37 0.1379 6.37 6.37
 638 6.38 0.1381 6.38 6.38
 639 6.39 0.1382 6.39 6.39
 640 6.40 0.1384 6.40 6.40
 641 6.41 0.1385 6.41 6.41
 642 6.42 0.1387 6.42 6.42
 643 6.43 0.1388 6.43 6.43
 644 6.44 0.1390 6.44 6.44
 645 6.45 0.1391 6.45 6.45
 646 6.46 0.1393 6.46 6.46
 647 6.47 0.1394 6.47 6.47
 648 6.48 0.1396 6.48 6.48
 649 6.49 0.1397 6.49 6.49
 650 6.50 0.1399 6.50 6.50
 651 6.51 0.1400 6.51 6.51
 652 6.52 0.1402 6.52 6.52
 653 6.53 0.1404 6.53 6.53
 654 6.54 0.1405 6.54 6.54
 655 6.55 0.1407 6.55 6.55
 656 6.56 0.1409 6.56 6.56
 657 6.57 0.1410 6.57 6.57
 658 6.58 0.1412 6.58 6.58
 659 6.59 0.1414 6.59 6.59
 660 6.60 0.1415 6.60 6.60
 661 6.61 0.1417 6.61 6.61
 662 6.62 0.1418 6.62 6.62
 663 6.63 0.1420 6.63 6.63
 664 6.64 0.1422 6.64 6.64
 665 6.65 0.1423 6.65 6.65
 666 6.66 0.1425 6.66 6.66
 667 6.67 0.1427 6.67 6.67
 668 6.68 0.1428 6.68 6.68
 669 6.69 0.1430 6.69 6.69
 670 6.70 0.1432 6.70 6.70
 671 6.71 0.1433 6.71 6.71
 672 6.72 0.1435 6.72 6.72
 673 6.73 0.1437 6.73 6.73
 674 6.74 0.1438 6.74 6.74
 675 6.75 0.1440 6.75 6.75
 676 6.76 0.1442 6.76 6.76
 677 6.77 0.1443 6.77 6.77
 678 6.78 0.1445 6.78 6.78
 679 6.79 0.1447 6.79 6.79
 680 6.80 0.1448 6.80 6.80
 681 6.81 0.1450 6.81 6.81
 682 6.82 0.1452 6.82 6.82
 683 6.83 0.1453 6.83 6.83
 684 6.84 0.1455 6.84 6.84
 685 6.85 0.1457 6.85 6.85
 686 6.86 0.1458 6.86 6.86
 687 6.87 0.1460 6.87 6.87
 688 6.88 0.1462 6.88 6.88
 689 6.89 0.1463 6.89 6.89
 690 6.90 0.1465 6.90 6.90
 691 6.91 0.1467 6.91 6.91
 692 6.92 0.1468 6.92 6.92
 693 6.93 0.1470 6.93 6.93
 694 6.94 0.1472 6.94 6.94
 695 6.95 0.1473 6.95 6.95
 696 6.96 0.1475 6.96 6.96
 697 6.97 0.1477 6.97 6.97
 698 6.98 0.1478 6.98 6.98
 699 6.99 0.1480 6.99 6.99
 700 7.00 0.1482 7.00 7.00
 701 7.01 0.1483 7.01 7.01
 702 7.02 0.1485 7.02 7.02
 703 7.03 0.1486 7.03 7.03
 704 7.04 0.1488 7.04 7.04
 705 7.05 0.1490 7.05 7.05
 706 7.06 0.1491 7.06 7.06
 707 7.07 0.1493 7.07 7.07
 708 7.08 0.1495 7.08 7.08
 709 7.09 0.1496 7.09 7.09
 710 7.10 0.1498 7.10 7.10
 711 7.11 0.1500 7.11 7.11
 712 7.12 0.1501 7.12 7.12
 713 7.13 0.1503 7.13 7.13
 714 7.14 0.1505 7.14 7.14
 715 7.15 0.1506 7.15 7.15
 716 7.16 0.1508 7.16 7.16
 717 7.17 0.1510 7.17 7.17
 718 7.18 0.1511 7.18 7.18
 719 7.19 0.1513 7.19 7.19
 720 7.20 0.1515 7.20 7.20
 721 7.21 0.1516 7.21 7.21
 722 7.22 0.1518 7.22 7.22
 723 7.23 0.1520 7.23 7.23
 724 7.24 0.1521 7.24 7.24
 725 7.25 0.1523 7.25 7.25
 726 7.26 0.1525 7.26 7.26
 727 7.27 0.1526 7.27 7.27
 728 7.28 0.1528 7.28 7.28
 729 7.29 0.1530 7.29 7.29
 730 7.30 0.1531 7.30 7.30
 731 7.31 0.1533 7.31 7.31
 732 7.32 0.1535 7.32 7.32
 733 7.33 0.1536 7.33 7.33
 734 7.34 0.1538 7.34 7.34
 735 7.35 0.1540 7.35 7.35
 736 7.36 0.1541 7.36 7.36
 737 7.37 0.1543 7.37 7.37
 738 7.38 0.1545 7.38 7.38
 739 7.39 0.1546 7.39 7.39
 740 7.40 0.1548 7.40 7.40
 741 7.41 0.1550 7.41 7.41
 742 7.42 0.1551 7.42 7.42
 743 7.43 0.1553 7.43 7.43
 744 7.44 0.1555 7.44 7.44
 745 7.45 0.1556 7.45 7.45
 746 7.46 0.1558 7.46 7.46
 747 7.47 0.1559 7.47 7.47
 748 7.48 0.1561 7.48 7.48
 749 7.49 0.1563 7.49 7.49
 750 7.50 0.1564 7.50 7.50
 751 7.51 0.1566 7.51 7.51
 752 7.52 0.1568 7.52 7.52
 753 7.53 0.1569 7.53 7.53
 754 7.54 0.1571 7.54 7.54
 755 7.55 0.1573 7.55 7.55
 756 7.56 0.1574 7.56 7.56
 757 7.57 0.1576 7.57 7.57
 758 7.58 0.1578 7.58 7.58
 759 7.59 0.1579 7.59 7.59
 760 7.60 0.1581 7.60 7.60
 761 7.61 0.1583 7.61 7.61
 762 7.62 0.1584 7.62 7.62
 763 7.63 0.1586 7.63 7.63
 764 7.64 0.1588 7.64 7.64
 765 7.65 0.1589 7.65 7.65
 766 7.66 0.1591 7.66 7.66
 767 7.67 0.1593 7.67 7.67
 768 7.68 0.1594 7.68 7.68
 769 7.69 0.1596 7.69 7.69
 770 7.70 0.1598 7.70 7.70
 771 7.71 0.1599 7.71 7.71
 772 7.72 0.1601 7.72 7.72
 773 7.73 0.1604 7.73 7.73
 774 7.74 0.1606 7.74 7.74
 775 7.75 0.1608 7.75 7.75
 776 7.76 0.1611 7.76 7.76
 777 7.77 0.1613 7.77 7.77
 778 7.78 0.1616 7.78 7.78
 779 7.79 0.1618 7.79 7.79
 780 7.80 0.1620 7.80 7.80
 781 7.81 0.1623 7.81 7.81
 782 7.82 0.1625 7.82 7.82
 783 7.83 0.1627 7.83 7.83
 784 7.84 0.1630 7.84 7.84
 785 7.85 0.1632 7.85 7.85
 786 7.86 0.1635 7.86 7.86
 787 7.87 0.1637 7.87 7.87
 788 7.88 0.1639 7.88 7.88
 789 7.89 0.1642 7.89 7.89
 790 7.90 0.1644 7.90 7.90
 791 7.91 0.1646 7.91 7.91
 792 7.92 0.1649 7.92 7.92
 793 7.93 0.1651 7.93 7.93
 794 7.94 0.1654 7.94 7.94
 795 7.95 0.1656 7.95 7.95
 796 7.96 0.1658 7.96 7.96
 797 7.97 0.1661 7.97 7.97
 798 7.98 0.1663 7.98 7.98
 799 7.99 0.1665 7.99 7.99
 800 8.00 0.1668 8.00 8.00
 801 8.01 0.1670 8.01 8.01
 802 8.02 0.1672 8.02 8.02
 803 8.03 0.1675 8.03 8.03
 804 8.04 0.1677 8.04 8.04
 805 8.05 0.1680 8.05 8.05
 806 8.06 0.1682 8.06 8.06
 807 8.07 0.1684 8.07 8.07
 808 8.08 0.1687 8.08 8.08
 809 8.09 0.1689 8.09 8.09
 810 8.10 0.1691 8.10 8.10
 811 8.11 0.1694 8.11 8.11
 812 8.12 0.1696 8.12 8.12
 813 8.13 0.1699 8.13 8.13
 814 8.14 0.1701 8.14 8.14
 815 8.15 0.1703 8.15 8.15
 816 8.16 0.1706 8.16 8.16
 817 8.17 0.1708 8.17 8.17
 818 8.18 0.1710 8.18 8.18
 819 8.19 0.1713 8.19 8.19
 820 8.20 0.1715 8.20 8.20
 821 8.21 0.1718 8.21 8.21
 822 8.22 0.1720 8.22 8.22
 823 8.23 0.1722 8.23 8.23
 824 8.24 0.1725 8.24 8.24
 825 8.25 0.1727 8.25 8.25
 826 8.26 0.1729 8.26 8.26
 827 8.27 0.1732 8.27 8.27
 828 8.28 0.1734 8.28 8.28
 829 8.29 0.1737 8.29 8.29
 830 8.30 0.1739 8.30 8.30
 831 8.31 0.1741 8.31 8.31
 832 8.32 0.1744 8.32 8.32
 833 8.33 0.1746 8.33 8.33
 834 8.34 0.1748 8.34 8.34
 835 8.35 0.1751 8.35 8.35
 836 8.36 0.1753 8.36 8.36
 837 8.37 0.1755 8.37 8.37
 838 8.38 0.1758 8.38 8.38
 839 8.39 0.1760 8.39 8.39
 840 8.40 0.1763 8.40 8.40
 841 8.41 0.1765 8.41 8.41
 842 8.42 0.1767 8.42 8.42
 843 8.43 0.1770 8.43 8.43
 844 8.44 0.1772 8.44 8.44
 845 8.45 0.1774 8.45 8.45
 846 8.46 0.1777 8.46 8.46
 847 8.47 0.1779 8.47 8.47
 848 8.48 0.1782 8.48 8.48
 849 8.49 0.1784 8.49 8.49
 850 8.50 0.1786 8.50 8.50
 851 8.51 0.1789 8.51 8.51
 852 8.52 0.1791 8.52 8.52
 853 8.53 0.1793 8.53 8.53
 854 8.54 0.1796 8.54 8.54
 855 8.55 0.1798 8.55 8.55
 856 8.56 0.1801 8.56 8.56
 857 8.57 0.1804 8.57 8.57
 858 8.58 0.1808 8.58 8.58
 859 8.59 0.1811 8.59 8.59
 860 8.60 0.1815 8.60 8.60
 861 8.61 0.1818 8.61 8.61
 862 8.62 0.1822 8.62 8.62
 863 8.63 0.1825 8.63 8.63
 864 8.64 0.1829 8.64 8.64
 865 8.65 0.1832 8.65 8.65
 866 8.66 0.1835 8.66 8.66
 867 8.67 0.1839 8.67 8.67
 868 8.68 0.1842 8.68 8.68
 869 8.69 0.1846 8.69 8.69
 870 8.70 0.1849 8.70 8.70
 871 8.71 0.1853 8.71 8.71
 872 8.72 0.1856 8.72 8.72
 873 8.73 0.1860 8.73 8.73
 874 8.74 0.1863 8.74 8.74
 875 8.75 0.1867 8.75 8.75
 876 8.76 0.1870 8.76 8.76
 877 8.77 0.1874 8.77 8.77
 878 8.78 0.1877 8.78 8.78
 879 8.79 0.1881 8.79 8.79
 880 8.80 0.1884 8.80 8.80
 881 8.81 0.1887 8.81 8.81
 882 8.82 0.1891 8.82 8.82
 883 8.83 0.1894 8.83 8.83
 884 8.84 0.1898 8.84 8.84
 885 8.85 0.1901 8.85 8.85
 886 8.86 0.1905 8.86 8.86
 887 8.87 0.1908 8.87 8.87
 888 8.88 0.1912 8.88 8.88
 889 8.89 0.1915 8.89 8.89
 890 8.90 0.1919 8.90 8.90
 891 8.91 0.1922 8.91 8.91
 892 8.92 0.1926 8.92 8.92
 893 8.93 0.1929 8.93 8.93
 894 8.94 0.1933 8.94 8.94
 895 8.95 0.1936 8.95 8.95
 896 8.96 0.1939 8.96 8.96
 897 8.97 0.1943 8.97 8.97
 898 8.98 0.1946 8.98 8.98
 899 8.99 0.1950 8.99 8.99
 900 9.00 0.1953 9.00 9.00
 901 9.01 0.1957 9.01 9.01
 902 9.02 0.1960 9.02 9.02
 903 9.03 0.1964 9.03 9.03
 904 9.04 0.1967 9.04 9.04
 905 9.05 0.1971 9.05 9.05
 906 9.06 0.1974 9.06 9.06
 907 9.07 0.1978 9.07 9.07
 908 9.08 0.1981 9.08 9.08
 909 9.09 0.1985 9.09 9.09
 910 9.10 0.1988 9.10 9.10
 911 9.11 0.1991 9.11 9.11
 912 9.12 0.1995 9.12 9.12
 913 9.13 0.1998 9.13 9.13
 914 9.14 0.2004 9.14 9.14
 915 9.15 0.2011 9.15 9.15
 916 9.16 0.2019 9.16 9.16
 917 9.17 0.2026 9.17 9.17
 918 9.18 0.2034 9.18 9.18
 919 9.19 0.2041 9.19 9.19
 920 9.20 0.2048 9.20 9.20
 921 9.21 0.2056 9.21 9.21
 922 9.22 0.2063 9.22 9.22
 923 9.23 0.2070 9.23 9.23
 924 9.24 0.2078 9.24 9.24
 925 9.25 0.2085 9.25 9.25
 926 9.26 0.2093 9.26 9.26
 927 9.27 0.2100 9.27 9.27
 928 9.28 0.2107 9.28 9.28
 929 9.29 0.2115 9.29 9.29
 930 9.30 0.2122 9.30 9.30
 931 9.31 0.2130 9.31 9.31
 932 9.32 0.2137 9.32 9.32
 933 9.33 0.2144 9.33 9.33
 934 9.34 0.2152 9.34 9.34
 935 9.35 0.2159 9.35 9.35
 936 9.36 0.2167 9.36 9.36
 937 9.37 0.2174 9.37 9.37
 938 9.38 0.2181 9.38 9.38
 939 9.39 0.2189 9.39 9.39
 940 9.40 0.2196 9.40 9.40
 941 9.41 0.2203 9.41 9.41
 942 9.42 0.2211 9.42 9.42
 943 9.43 0.2218 9.43 9.43
 944 9.44 0.2226 9.44 9.44
 945 9.45 0.2233 9.45 9.45
 946 9.46 0.2240 9.46 9.46
 947 9.47 0.2248 9.47 9.47
 948 9.48 0.2255 9.48 9.48
 949 9.49 0.2263 9.49 9.49
 950 9.50 0.2270 9.50 9.50
 951 9.51 0.2277 9.51 9.51
 952 9.52 0.2285 9.52 9.52
 953 9.53 0.2292 9.53 9.53
 954 9.54 0.2300 9.54 9.54
 955 9.55 0.2307 9.55 9.55
 956 9.56 0.2314 9.56 9.56
 957 9.57 0.2322 9.57 9.57
 958 9.58 0.2329 9.58 9.58
 959 9.59 0.2336 9.59 9.59
 960 9.60 0.2344 9.60 9.60
 961 9.61 0.2351 9.61 9.61
 962 9.62 0.2359 9.62 9.62
 963 9.63 0.2366 9.63 9.63
 964 9.64 0.2373 9.64 9.64
 965 9.65 0.2381 9.65 9.65
 966 9.66 0.2388 9.66 9.66
 967 9.67 0.2396 9.67 9.67
 968 9.68 0.2403 9.68 9.68
 969 9.69 0.2410 9.69 9.69
 970 9.70 0.2418 9.70 9.70
 971 9.71 0.2425 9.71 9.71
 972 9.72 0.2433 9.72 9.72
 973 9.73 0.2440 9.73 9.73
 974 9.74 0.2447 9.74 9.74
 975 9.75 0.2455 9.75 9.75
 976 9.76 0.2462 9.76 9.76
 977 9.77 0.2469 9.77 9.77
 978 9.78 0.2477 9.78 9.78
 979 9.79 0.2484 9.79 9.79
 980 9.80 0.2492 9.80 9.80
 981 9.81 0.2499 9.81 9.81
 982 9.82 0.2514 9.82 9.82
 983 9.83 0.2530 9.83 9.83
 984 9.84 0.2546 9.84 9.84
 985 9.85 0.2561 9.85 9.85
 986 9.86 0.2577 9.86 9.86
 987 9.87 0.2593 9.87 9.87
 988 9.88 0.2609 9.88 9.88
 989 9.89 0.2625 9.89 9.89
 990 9.90 0.2641 9.90 9.90
 991 9.91 0.2657 9.91 9.91
 992 9.92 0.2673 9.92 9.92
 993 9.93 0.2689 9.93 9.93
 994 9.94 0.2705 9.94 9.94
 995 9.95 0.2720 9.95 9.95
 996 9.96 0.2736 9.96 9.96
 997 9.97 0.2752 9.97 9.97
 998 9.98 0.2768 9.98 9.98
 999 9.99 0.2784 9.99 9.99
1000 10.00 0.2800 10.00 10.00
1001 10000.00 0.2800 600.00 6.00
1002 9900.00 0.2625 593.94 5.88
1003 9800.00 0.2484 587.88 5.76
1004 9700.00 0.2410 581.82 5.63
1005 9600.00 0.2336 575.76 5.51
1006 9500.00 0.2263 569.70 5.39
1007 9400.00 0.2189 563.64 5.27
1008 9300.00 0.2115 557.58 5.14
1009 9200.00 0.2041 551.52 5.02
1010 9100.00 0.1985 545.45 4.90
1011 9000.00 0.1946 539.39 4.78
1012 8900.00 0.1912 533.33 4.65
1013 8800.00 0.1877 527.27 4.53
1014 8700.00 0.1842 521.21 4.41
1015 8600.00 0.1808 515.15 4.29
1016 8500.00 0.1782 509.09 4.16
1017 8400.00 0.1758 503.03 4.04
1018 8300.00 0.1734 496.97 3.92
1019 8200.00 0.1710 490.91 3.80
1020 8100.00 0.1687 484.85 3.67
1021 8000.00 0.1661 478.79 3.55
1022 7900.00 0.1637 472.73 3.43
1023 7800.00 0.1613 466.67 3.31
1024 7700.00 0.1593 460.61 3.18
1025 7600.00 0.1576 454.55 3.06
1026 7500.00 0.1559 448.48 2.94
1027 7400.00 0.1543 442.42 2.82
1028 7300.00 0.1526 436.36 2.69
1029 7200.00 0.1510 430.30 2.57
1030 7100.00 0.1493 424.24 2.45
1031 7000.00 0.1475 418.18 2.33
1032 6900.00 0.1458 412.12 2.20
1033 6800.00 0.1442 406.06 2.08
1034 6700.00 0.1425 400.00 1.96
1035 6600.00 0.1409 393.94 1.84
1036 6500.00 0.1393 387.88 1.71
1037 6400.00 0.1378 381.82 1.59
1038 6300.00 0.1363 375.76 1.47
1039 6200.00 0.1348 369.70 1.35
1040 6100.00 0.1333 363.64 1.22
1041 6000.00 0.1316 357.58 1.10
1042 5900.00 0.1301 351.52 0.98
1043 5800.00 0.1286 345.45 0.86
1044 5700.00 0.1271 339.39 0.73
1045 5600.00 0.1257 333.33 0.61
1046 5500.00 0.1242 327.27 0.49
1047 5400.00 0.1227 321.21 0.37
1048 5300.00 0.1212 315.15 0.24
1049 5200.00 0.1197 309.09 0.12
1050 5100.00 0.1184 303.03 0.00
1051 5000.00 0.1170 296.97 0.00
1052 4900.00 0.1157 290.91 0.00
1053 4800.00 0.1144 284.85 0.00
1054 4700.00 0.1131 278.79 0.00
1055 4600.00 0.1118 272.73 0.00
1056 4500.00 0.1105 266.67 0.00
1057 4400.00 0.1092 260.61 0.00
1058 4300.00 0.1079 254.55 0.00
1059 4200.00 0.1066 248.48 0.00
1060 4100.00 0.1053 242.42 0.00
1061 4000.00 0.1039 236.36 0.00
1062 3900.00 0.1026 230.30 0.00
1063 3800.00 0.1013 224.24 0.00
1064 3700.00 0.1000 218.18 0.00
1065 3600.00 0.0985 212.12 0.00
1066 3500.00 0.0971 206.06 0.00
1067 3400.00 0.0956 200.00 0.00
1068 3300.00 0.0941 193.94 0.00
1069 3200.00 0.0927 187.88 0.00
1070 3100.00 0.0912 181.82 0.00
1071 3000.00 0.0896 175.76 0.00
1072 2900.00 0.0881 169.70 0.00
1073 2800.00 0.0867 163.64 0.00
1074 2700.00 0.0852 157.58 0.00
1075 2600.00 0.0837 151.52 0.00
1076 2500.00 0.0823 145.45 0.00
1077 2400.00 0.0808 139.39 0.00
1078 2300.00 0.0792 133.33 0.00
1079 2200.00 0.0775 127.27 0.00
1080 2100.00 0.0758 121.21 0.00
1081 2000.00 0.0739 115.15 0.00
1082 1900.00 0.0722 109.09 0.00
1083 1800.00 0.0704 103.03 0.00
1084 1700.00 0.0687 96.97 0.00
1085 1600.00 0.0670 90.91 0.00
1086 1500.00 0.0653 84.85 0.00
1087 1400.00 0.0635 78.79 0.00
1088 1300.00 0.0618 72.73 0.00
1089 1200.00 0.0601 66.67 0.00
1090 1100.00 0.0575 60.61 0.00
1091 1000.00 0.0545 54.55 0.00
1092 900.00 0.0518 48.48 0.00
1093 800.00 0.0491 42.42 0.00
1094 700.00 0.0464 36.36 0.00
1095 600.00 0.0437 30.30 0.00
1096 500.00 0.0411 24.24 0.00
1097 400.00 0.0370 18.18 0.00
1098 300.00 0.0321 12.12 0.00
1099 200.00 0.0249 6.06 0.00
1100 100.00 0.0000 0.00 0.00
1101 0.00 0.0000 0.00 0.00
1102 0.00 0.0000 0.00 0.00
1103 0.00 0.0000 0.00 0.00
1104 0.00 0.0000 0.00 0.00
1105 0.00 0.0000 0.00 0.00
1106 0.00 0.0000 0.00 0.00
1107 0.00 0.0000 0.00 0.00
1108 0.00 0.0000 0.00 0.00
1109 0.00 0.0000 0.00 0.00
1110 0.00 0.0000 0.00 0.00
1111 0.00 0.0000 0.00 0.00
1112 0.00 0.0000 0.00 0.00
1113 0.00 0.0000 0.00 0.00
1114 0.00 0.0000 0.00 0.00
1115 0.00 0.0000 0.00 0.00
1116 0.00 0.0000 0.00 0.00
1117 0.00 0.0000 0.00 0.00
1118 0.00 0.0000 0.00 0.00
1119 0.00 0.0000 0.00 0.00
1120 0.00 0.0000 0.00 0.00
1121 0.00 0.0000 0.00 0.00
1122 0.00 0.0000 0.00 0.00
1123 0.00 0.0000 0.00 0.00
1124 0.00 0.0000 0.00 0.00
1125 0.00 0.0000 0.00 0.00
1126 0.00 0.0000 0.00 0.00
1127 0.00 0.0000 0.00 0.00
1128 0.00 0.0000 0.00 0.00
1129 0.00 0.0000 0.00 0.00
1130 0.00 0.0000 0.00 0.00
1131 0.00 0.0000 0.00 0.00
1132 0.00 0.0000 0.00 0.00
1133 0.00 0.0000 0.00 0.00
1134 0.00 0.0000 0.00 0.00
1135 0.00 0.0000 0.00 0.00
1136 0.00 0.0000 0.00 0.00
1137 0.00 0.0000 0.00 0.00
1138 0.00 0.0000 0.00 0.00
1139 0.00 0.0000 0.00 0.00
1140 0.00 0.0000 0.00 0.00
1141 0.00 0.0000 0.00 0.00
1142 0.00 0.0000 0.00 0.00
1143 0.00 0.0000 0.00 0.00
1144 0.00 0.0000 0.00 0.00
1145 0.00 0.0000 0.00 0.00
1146 0.00 0.0000 0.00 0.00
1147 0.00 0.0000 0.00 0.00
1148 0.00 0.0000 0.00 0.00
1149 0.00 0.0000 0.00 0.00
1150 0.00 0.0000 0.00 0.00
1151 0.00 0.0000 0.00 0.00
1152 0.00 0.0000 0.00 0.00
1153 0.00 0.0000 0.00 0.00
1154 0.00 0.0000 0.00 0.00
1155 0.00 0.0000 0.00 0.00
1156 0.00 0.0000 0.00 0.00
1157 0.00 0.0000 0.00 0.00
1158 0.00 0.0000 0.00 0.00
1159 0.00 0.0000 0.00 0.00
1160 0.00 0.0000 0.00 0.00
1161 0.00 0.0000 0.00 0.00
1162 0.00 0.0000 0.00 0.00
1163 0.00 0.0000 0.00 0.00
1164 0.00 0.0000 0.00 0.00
1165 0.00 0.0000 0.00 0.00
1166 0.00 0.0000 0.00 0.00
1167 0.00 0.0000 0.00 0.00
1168 0.00 0.0000 0.00 0.00
1169 0.00 0.0000 0.00 0.00
1170 0.00 0.0000 0.00 0.00
1171 0.00 0.0000 0.00 0.00
1172 0.00 0.0000 0.00 0.00
1173 0.00 0.0000 0.00 0.00
1174 0.00 0.0000 0.00 0.00
1175 0.00 0.0000 0.00 0.00
1176 0.00 0.0000 0.00 0.00
1177 0.00 0.0000 0.00 0.00
1178 0.00 0.0000 0.00 0.00
1179 0.00 0.0000 0.00 0.00
1180 0.00 0.0000 0.00 0.00
1181 0.00 0.0000 0.00 0.00
1182 0.00 0.0000 0.00 0.00
1183 0.00 0.0000 0.00 0.00
1184 0.00 0.0000 0.00 0.00
1185 0.00 0.0000 0.00 0.00
1186 0.00 0.0000 0.00 0.00
1187 0.00 0.0000 0.00 0.00
1188 0.00 0.0000 0.00 0.00
1189 0.00 0.0000 0.00 0.00
1190 0.00 0.0000 0.00 0.00
1191 0.00 0.0000 0.00 0.00
1192 0.00 0.0000 0.00 0.00
1193 0.00 0.0000 0.00 0.00
1194 0.00 0.0000 0.00 0.00
1195 0.00 0.0000 0.00 0.00
1196 0.00 0.0000 0.00 0.00
1197 0.00 0.0000 0.00 0.00
1198 0.00 0.0000 0.00 0.00
1199 0.00 0.0000 0.00 0.00
1200 0.00 0.0000 0.00 0.00
1201 0.00 0.0000 0.00 0.00
1202 0.00 0.0000 0.00 0.00
1203 0.00 0.0000 0.00 0.00
1204 0.00 0.0000 0.00 0.00
1205 0.00 0.0000 0.00 0.00
1206 0.00 0.0000 0.00 0.00
1207 0.00 0.0000 0.00 0.00
1208 0.00 0.0000 0.00 0.00
1209 0.00 0.0000 0.00 0.00
1210 0.00 0.0000 0.00 0.00
1211 0.00 0.0000 0.00 0.00
1212 0.00 0.0000 0.00 0.00
1213 0.00 0.0000 0.00 0.00
1214 0.00 0.0000 0.00 0.00
1215 0.00 0.0000 0.00 0.00
1216 0.00 0.0000 0.00 0.00
1217 0.00 0.0000 0.00 0.00
1218 0.00 0.0000 0.00 0.00
1219 0.00 0.0000 0.00 0.00
1220 0.00 0.0000 0.00 0.00
1221 0.00 0.0000 0.00 0.00
1222 0.00 0.0000 0.00 0.00
1223 0.00 0.0000 0.00 0.00
1224 0.00 0.0000 0.00 0.00
1225 0.00 0.0000 0.00 0.00
1226 0.00 0.0000 0.00 0.00
1227 0.00 0.0000 0.00 0.00
1228 0.00 0.0000 0.00 0.00
1229 0.00 0.0000 0.00 0.00
1230 0.00 0.0000 0.00 0.00
1231 0.00 0.0000 0.00 0.00
1232 0.00 0.0000 0.00 0.00
1233 0.00 0.0000 0.00 0.00
1234 0.00 0.0000 0.00 0.00
1235 0.00 0.0000 0.00 0.00
1236 0.00 0.0000 0.00 0.00
1237 0.00 0.0000 0.00 0.00
1238 0.00 0.0000 0.00 0.00
1239 0.00 0.0000 0.00 0.00
1240 0.00 0.0000 0.00 0.00
1241 0.00 0.0000 0.00 0.00
1242 0.00 0.0000 0.00 0.00
1243 0.00 0.0000 0.00 0.00
1244 0.00 0.0000 0.00 0.00
1245 0.00 0.0000 0.00 0.00
1246 0.00 0.0000 0.00 0.00
1247 0.00 0.0000 0.00 0.00
1248 0.00 0.0000 0.00 0.00
1249 0.00 0.0000 0.00 0.00
1250 0.00 0.0000 0.00 0.00
1251 0.00 0.0000 0.00 0.00
1252 0.00 0.0000 0.00 0.00
1253 0.00 0.0000 0.00 0.00
1254 0.00 0.0000 0.00 0.00
1255 0.00 0.0000 0.00 0.00
1256 0.00 0.0000 0.00 0.00
1257 0.00 0.0000 0.00 0.00
1258 0.00 0.0000 0.00 0.00
1259 0.00 0.0000 0.00 0.00
1260 0.00 0.0000 0.00 0.00
1261 0.00 0.0000 0.00 0.00
1262 0.00 0.0000 0.00 0.00
1263 0.00 0.0000 0.00 0.00
1264 0.00 0.0000 0.00 0.00
1265 0.00 0.0000 0.00 0.00
1266 0.00 0.0000 0.00 0.00
1267 0.00 0.0000 0.00 0.00
1268 0.00 0.0000 0.00 0.00
1269 0.00 0.0000 0.00 0.00
1270 0.00 0.0000 0.00 0.00
1271 0.00 0.0000 0.00 0.00
1272 0.00 0.0000 0.00 0.00
1273 0.00 0.0000 0.00 0.00
1274 0.00 0.0000 0.00 0.00
1275 0.00 0.0000 0.00 0.00
1276 0.00 0.0000 0.00 0.00
1277 0.00 0.0000 0.00 0.00
1278 0.00 0.0000 0.00 0.00
1279 0.00 0.0000 0.00 0.00
1280 0.00 0.0000 0.00 0.00
1281 0.00 0.0000 0.00 0.00
1282 0.00 0.0000 0.00 0.00
1283 0.00 0.0000 0.00 0.00
1284 0.00 0.0000 0.00 0.00
1285 0.00 0.0000 0.00 0.00
1286 0.00 0.0000 0.00 0.00
1287 0.00 0.0000 0.00 0.00
1288 0.00 0.0000 0.00 0.00
1289 0.00 0.0000 0.00 0.00
1290 0.00 0.0000 0.00 0.00
1291 0.00 0.0000 0.00 0.00
1292 0.00 0.0000 0.00 0.00
1293 0.00 0.0000 0.00 0.00
1294 0.00 0.0000 0.00 0.00
1295 0.00 0.0000 0.00 0.00
1296 0.00 0.0000 0.00 0.00
1297 0.00 0.0000 0.00 0.00
1298 0.00 0.0000 0.00 0.00
1299 0.00 0.0000 0.00 0.00
1300 0.00 0.0000 0.00 0.00
1301 0.00 0.0000 0.00 0.00
1302 0.00 0.0000 0.00 0.00
1303 0.00 0.0000 0.00 0.00
1304 0.00 0.0000 0.00 0.00
1305 0.00 0.0000 0.00 0.00
1306 0.00 0.0000 0.00 0.00
1307 0.00 0.0000 0.00 0.00
1308 0.00 0.0000 0.00 0.00
1309 0.00 0.0000 0.00 0.00
1310 0.00 0.0000 0.00 0.00
1311 0.00 0.0000 0.00 0.00
1312 0.00 0.0000 0.00 0.00
1313 0.00 0.0000 0.00 0.00
1314 0.00 0.0000 0.00 0.00
1315 0.00 0.0000 0.00 0.00
1316 0.00 0.0000 0.00 0.00
1317 0.00 0.0000 0.00 0.00
1318 0.00 0.0000 0.00 0.00
1319 0.00 0.0000 0.00 0.00
1320 0.00 0.0000 0.00 0.00
1321 0.00 0.0000 0.00 0.00
1322 0.00 0.0000 0.00 0.00
1323 0.00 0.0000 0.00 0.00
1324 0.00 0.0000 0.00 0.00
1325 0.00 0.0000 0.00 0.00
1326 0.00 0.0000 0.00 0.00
1327 0.00 0.0000 0.00 0.00
1328 0.00 0.0000 0.00 0.00
1329 0.00 0.0000 0.00 0.00
1330 0.00 0.0000 0.00 0.00
1331 0.00 0.0000 0.00 0.00
1332 0.00 0.0000 0.00 0.00
1333 0.00 0.0000 0.00 0.00
1334 0.00 0.0000 0.00 0.00
1335 0.00 0.0000 0.00 0.00
1336 0.00 0.0000 0.00 0.00
1337 0.00 0.0000 0.00 0.00
1338 0.00 0.0000 0.00 0.00
1339 0.00 0.0000 0.00 0.00
1340 0.00 0.0000 0.00 0.00
1341 0.00 0.0000 0.00 0.00
1342 0.00 0.0000 0.00 0.00
1343 0.00 0.0000 0.00 0.00
1344 0.00 0.0000 0.00 0.00
1345 0.00 0.0000 0.00 0.00
1346 0.00 0.0000 0.00 0.00
1347 0.00 0.0000 0.00 0.00
1348 0.00 0.0000 0.00 0.00
1349 0.00 0.0000 0.00 0.00
1350 0.00 0.0000 0.00 0.00
1351 0.00 0.0000 0.00 0.00
1352 0.00 0.0000 0.00 0.00
1353 0.00 0.0000 0.00 0.00
1354 0.00 0.0000 0.00 0.00
1355 0.00 0.0000 0.00 0.00
1356 0.00 0.0000 0.00 0.00
1357 0.00 0.0000 0.00 0.00
1358 0.00 0.0000 0.00 0.00
1359 0.00 0.0000 0.00 0.00
1360 0.00 0.0000 0.00 0.00
1361 0.00 0.0000 0.00 0.00
1362 0.00 0.0000 0.00 0.00
1363 0.00 0.0000 0.00 0.00
1364 0.00 0.0000 0.00 0.00
1365 0.00 0.0000 0.00 0.00
1366 0.00 0.0000 0.00 0.00
1367 0.00 0.0000 0.00 0.00
1368 0.00 0.0000 0.00 0.00
1369 0.00 0.0000 0.00 0.00
1370 0.00 0.0000 0.00 0.00
1371 0.00 0.0000 0.00 0.00
1372 0.00 0.0000 0.00 0.00
1373 0.00 0.0000 0.00 0.00
1374 0.00 0.0000 0.00 0.00
1375 0.00 0.0000 0.00 0.00
1376 0.00 0.0000 0.00 0.00
1377 0.00 0.0000 0.00 0.00
1378 0.00 0.0000 0.00 0.00
1379 0.00 0.0000 0.00 0.00
1380 0.00 0.0000 0.00 0.00
1381 0.00 0.0000 0.00 0.00
1382 0.00 0.0000 0.00 0.00
1383 0.00 0.0000 0.00 0.00
1384 0.00 0.0000 0.00 0.00
1385 0.00 0.0000 0.00 0.00
1386 0.00 0.0000 0.00 0.00
1387 0.00 0.0000 0.00 0.00
1388 0.00 0.0000 0.00 0.00
1389 0.00 0.0000 0.00 0.00
1390 0.00 0.0000 0.00 0.00
1391 0.00 0.0000 0.00 0.00
1392 0.00 0.0000 0.00 0.00
1393 0.00 0.0000 0.00 0.00
1394 0.00 0.0000 0.00 0.00
1395 0.00 0.0000 0.00 0.00
1396 0.00 0.0000 0.00 0.00
1397 0.00 0.0000 0.00 0.00
1398 0.00 0.0000 0.00 0.00
1399 0.00 0.0000 0.00 0.00
1400 0.00 0.0000 0.00 0.00
1401 0.00 0.0000 0.00 0.00
1402 0.00 0.0000 0.00 0.00
1403 0.00 0.0000 0.00 0.00
1404 0.00 0.0000 0.00 0.00
1405 0.00 0.0000 0.00 0.00
1406 0.00 0.0000 0.00 0.00
1407 0.00 0.0000 0.00 0.00
1408 0.00 0.0000 0.00 0.00
1409 0.00 0.0000 0.00 0.00
1410 0.00 0.0000 0.00 0.00
1411 0.00 0.0000 0.00 0.00
1412 0.00 0.0000 0.00 0.00
1413 0.00 0.0000 0.00 0.00
1414 0.00 0.0000 0.00 0.00
1415 0.00 0.0000 0.00 0.00
1416 0.00 0.0000 0.00 0.00
1417 0.00 0.0000 0.00 0.00
1418 0.00 0.0000 0.00 0.00
1419 0.00 0.0000 0.00 0.00
1420 0.00 0.0000 0.00 0.00
1421 0.00 0.0000 0.00 0.00
1422 0.00 0.0000 0.00 0.00
1423 0.00 0.0000 0.00 0.00
1424 0.00 0.0000 0.00 0.00
1425 0.00 0.0000 0.00 0.00
1426 0.00 0.0000 0.00 0.00
1427 0.00 0.0000 0.00 0.00
1428 0.00 0.0000 0.00 0.00
1429 0.00 0.0000 0.00 0.00
1430 0.00 0.0000 0.00 0.00
1431 0.00 0.0000 0.00 0.00
1432 0.00 0.0000 0.00 0.00
1433 0.00 0.0000 0.00 0.00
1434 0.00 0.0000 0.00 0.00
1435 0.00 0.0000 0.00 0.00
1436 0.00 0.0000 0.00 0.00
1437 0.00 0.0000 0.00 0.00
1438 0.00 0.0000 0.00 0.00
1439 0.00 0.0000 0.00 0.00
1440 0.00 0.0000 0.00 0.00
1441 0.00 0.0000 0.00 0.00
1442 0.00 0.0000 0.00 0.00
1443 0.00 0.0000 0.00 0.00
1444 0.00 0.0000 0.00 0.00
1445 0.00 0.0000 0.00 0.00
1446 0.00 0.0000 0.00 0.00
1447 0.00 0.0000 0.00 0.00
1448 0.00 0.0000 0.00 0.00
1449 0.00 0.0000 0.00 0.00
1450 0.00 0.0000 0.00 0.00
1451 0.00 0.0000 0.00 0.00
1452 0.00 0.0000 0.00 0.00
1453 0.00 0.0000 0.00 0.00
1454 0.00 0.0000 0.00 0.00
1455 0.00 0.0000 0.00 0.00
1456 0.00 0.0000 0.00 0.00
1457 0.00 0.0000 0.00 0.00
1458 0.00 0.0000 0.00 0.00
1459 0.00 0.0000 0.00 0.00
1460 0.00 0.0000 0.00 0.00
1461 0.00 0.0000 0.00 0.00
1462 0.00 0.0000 0.00 0.00
1463 0.00 0.0000 0.00 0.00
1464 0.00 0.0000 0.00 0.00
1465 0.00 0.0000 0.00 0.00
1466 0.00 0.0000 0.00 0.00
1467 0.00 0.0000 0.00 0.00
1468 0.00 0.0000 0.00 0.00
1469 0.00 0.0000 0.00 0.00
1470 0.00 0.0000 0.00 0.00
1471 0.00 0.0000 0.00 0.00
1472 0.00 0.0000 0.00 0.00
1473 0.00 0.0000 0.00 0.00
1474 0.00 0.0000 0.00 0.00
1475 0.00 0.0000 0.00 0.00
1476 0.00 0.0000 0.00 0.00
1477 0.00 0.0000 0.00 0.00
1478 0.00 0.0000 0.00 0.00
1479 0.00 0.0000 0.00 0.00
1480 0.00 0.0000 0.00 0.00
1481 0.00 0.0000 0.00 0.00
1482 0.00 0.0000 0.00 0.00
1483 0.00 0.0000 0.00 0.00
1484 0.00 0.0000 0.00 0.00
1485 0.00 0.0000 0.00 0.00
1486 0.00 0.0000 0.00 0.00
1487 0.00 0.0000 0.00 0.00
1488 0.00 0.0000 0.00 0.00
1489 0.00 0.0000 0.00 0.00
1490 0.00 0.0000 0.00 0.00
1491 0.00 0.0000 0.00 0.00
1492 0.00 0.0000 0.00 0.00
1493 0.00 0.0000 0.00 0.00
1494 0.00 0.0000 0.00 0.00
1495 0.00 0.0000 0.00 0.00
1496 0.00 0.0000 0.00 0.00
1497 0.00 0.0000 0.00 0.00
1498 0.00 0.0000 0.00 0.00
1499 0.00 0.0000 0.00 0.00
1500 0.00 0.0000 0.00 0.00
1501 0.00 0.0000 0.00 0.00
1502 0.00 0.0000 0.00 0.00
1503 0.00 0.0000 0.00 0.00
1504 0.00 0.0000 0.00 0.00
1505 0.00 0.0000 0.00 0.00
1506 0.00 0.0000 0.00 0.00
1507 0.00 0.0000 0.00 0.00
1508 0.00 0.0000 0.00 0.00
1509 0.00 0.0000 0.00 0.00
1510 0.00 0.0000 0.00 0.00
1511 0.00 0.0000 0.00 0.00
1512 0.00 0.0000 0.00 0.00
1513 0.00 0.0000 0.00 0.00
1514 0.00 0.0000 0.00 0.00
1515 0.00 0.0000 0.00 0.00
1516 0.00 0.0000 0.00 0.00
1517 0.00 0.0000 0.00 0.00
1518 0.00 0.0000 0.00 0.00
1519 0.00 0.0000 0.00 0.00
1520 0.00 0.0000 0.00 0.00
1521 0.00 0.0000 0.00 0.00
1522 0.00 0.0000 0.00 0.00
1523 0.00 0.0000 0.00 0.00
1524 0.00 0.0000 0.00 0.00
1525 0.00 0.0000 0.00 0.00
1526 0.00 0.0000 0.00 0.00
1527 0.00 0.0000 0.00 0.00
1528 0.00 0.0000 0.00 0.00
1529 0.00 0.0000 0.00 0.00
1530 0.00 0.0000 0.00 0.00
1531 0.00 0.0000 0.00 0.00
1532 0.00 0.0000 0.00 0.00
1533 0.00 0.0000 0.00 0.00
1534 0.00 0.0000 0.00 0.00
1535 0.00 0.0000 0.00 0.00
1536 0.00 0.0000 0.00 0.00
1537 0.00 0.0000 0.00 0.00
1538 0.00 0.0000 0.00 0.00
1539 0.00 0.0000 0.00 0.00
1540 0.00 0.0000 0.00 0.00
1541 0.00 0.0000 0.00 0.00
1542 0.00 0.0000 0.00 0.00
1543 0.00 0.0000 0.00 0.00
1544 0.00 0.0000 0.00 0.00
1545 0.00 0.0000 0.00 0.00
1546 0.00 0.0000 0.00 0.00
1547 0.00 0.0000 0.00 0.00
1548 0.00 0.0000 0.00 0.00
1549 0.00 0.0000 0.00 0.00
1550 0.00 0.0000 0.00 0.00
1551 0.00 0.0000 0.00 0.00
1552 0.00 0.0000 0.00 0.00
1553 0.00 0.0000 0.00 0.00
1554 0.00 0.0000 0.00 0.00
1555 0.00 0.0000 0.00 0.00
1556 0.00 0.0000 0.00 0.00
1557 0.00 0.0000 0.00 0.00
1558 0.00 0.0000 0.00 0.00
1559 0.00 0.0000 0.00 0.00
1560 0.00 0.0000 0.00 0.00
1561 0.00 0.0000 0.00 0.00
1562 0.00 0.0000 0.00 0.00
1563 0.00 0.0000 0.00 0.00
1564 0.00 0.0000 0.00 0.00
1565 0.00 0.0000 0.00 0.00
1566 0.00 0.0000 0.00 0.00
1567 0.00 0.0000 0.00 0.00
1568 0.00 0.0000 0.00 0.00
1569 0.00 0.0000 0.00 0.00
1570 0.00 0.0000 0.00 0.00
1571 0.00 0.0000 0.00 0.00
1572 0.00 0.0000 0.00 0.00
1573 0.00 0.0000 0.00 0.00
1574 0.00 0.0000 0.00 0.00
1575 0.00 0.0000 0.00 0.00
1576 0.00 0.0000 0.00 0.00
1577 0.00 0.0000 0.00 0.00
1578 0.00 0.0000 0.00 0.00
1579 0.00 0.0000 0.00 0.00
1580 0.00 0.0000 0.00 0.00
1581 0.00 0.0000 0.00 0.00
1582 0.00 0.0000 0.00 0.00
1583 0.00 0.0000 0.00 0.00
1584 0.00 0.0000 0.00 0.00
1585 0.00 0.0000 0.00 0.00
1586 0.00 0.0000 0.00 0.00
1587 0.00 0.0000 0.00 0.00
1588 0.00 0.0000 0.00 0.00
1589 0.00 0.0000 0.00 0.00
1590 0.00 0.0000 0.00 0.00
1591 0.00 0.0000 0.00 0.00
1592 0.00 0.0000 0.00 0.00
1593 0.00 0.0000 0.00 0.00
1594 0.00 0.0000 0.00 0.00
1595 0.00 0.0000 0.00 0.00
1596 0.00 0.0000 0.00 0.00
1597 0.00 0.0000 0.00 0.00
1598 0.00 0.0000 0.00 0.00
1599 0.00 0.0000 0.00 0.00
1600 0.00 0.0000 0.00 0.00
1601 0.00 0.0000 0.00 0.00
1602 0.00 0.0000 0.00 0.00
1603 0.00 0.0000 0.00 0.00
1604 0.00 0.0000 0.00 0.00
1605 0.00 0.0000 0.00 0.00
1606 0.00 0.0000 0.00 0.00
1607 0.00 0.0000 0.00 0.00
1608 0.00 0.0000 0.00 0.00
1609 0.00 0.0000 0.00 0.00
1610 0.00 0.0000 0.00 0.00
1611 0.00 0.0000 0.00 0.00
1612 0.00 0.0000 0.00 0.00
1613 0.00 0.0000 0.00 0.00
1614 0.00 0.0000 0.00 0.00
1615 0.00 0.0000 0.00 0.00
1616 0.00 0.0000 0.00 0.00
1617 0.00 0.0000 0.00 0.00
1618 0.00 0.0000 0.00 0.00
1619 0.00 0.0000 0.00 0.00
1620 0.00 0.0000 0.00 0.00
1621 0.00 0.0000 0.00 0.00
1622 0.00 0.0000 0.00 0.00
1623 0.00 0.0000 0.00 0.00
1624 0.00 0.0000 0.00 0.00
1625 0.00 0.0000 0.00 0.00
1626 0.00 0.0000 0.00 0.00
1627 0.00 0.0000 0.00 0.00
1628 0.00 0.0000 0.00 0.00
1629 0.00 0.0000 0.00 0.00
1630 0.00 0.0000 0.00 0.00
1631 0.00 0.0000 0.00 0.00
1632 0.00 0.0000 0.00 0.00
1633 0.00 0.0000 0.00 0.00
1634 0.00 0.0000 0.00 0.00
1635 0.00 0.0000 0.00 0.00
1636 0.00 0.0000 0.00 0.00
1637 0.00 0.0000 0.00 0.00
1638 0.00 0.0000 0.00 0.00
1639 0.00 0.0000 0.00 0.00
1640 0.00 0.0000 0.00 0.00
1641 0.00 0.0000 0.00 0.00
1642 0.00 0.0000 0.00 0.00
1643 0.00 0.0000 0.00 0.00
1644 0.00 0.0000 0.00 0.00
1645 0.00 0.0000 0.00 0.00
1646 0.00 0.0000 0.00 0.00
1647 0.00 0.0000 0.00 0.00
1648 0.00 0.0000 0.00 0.00
1649 0.00 0.0000 0.00 0.00
1650 0.00 0.0000 0.00 0.00
1651 0.00 0.0000 0.00 0.00
1652 0.00 0.0000 0.00 0.00
1653 0.00 0.0000 0.00 0.00
1654 0.00 0.0000 0.00 0.00
1655 0.00 0.0000 0.00 0.00
1656 0.00 0.0000 0.00 0.00
1657 0.00 0.0000 0.00 0.00
1658 0.00 0.0000 0.00 0.00
1659 0.00 0.0000 0.00 0.00
1660 0.00 0.0000 0.00 0.00
1661 0.00 0.0000 0.00 0.00
1662 0.00 0.0000 0.00 0.00
1663 0.00 0.0000 0.00 0.00
1664 0.00 0.0000 0.00 0.00
1665 0.00 0.0000 0.00 0.00
1666 0.00 0.0000 0.00 0.00
1667 0.00 0.0000 0.00 0.00
1668 0.00 0.0000 0.00 0.00
1669 0.00 0.0000 0.00 0.00
1670 0.00 0.0000 0.00 0.00
1671 0.00 0.0000 0.00 0.00
1672 0.00 0.0000 0.00 0.00
1673 0.00 0.0000 0.00 0.00
1674 0.00 0.0000 0.00 0.00
1675 0.00 0.0000 0.00 0.00
1676 0.00 0.0000 0.00 0.00
1677 0.00 0.0000 0.00 0.00
1678 0.00 0.0000 0.00 0.00
1679 0.00 0.0000 0.00 0.00
1680 0.00 0.0000 0.00 0.00
1681 0.00 0.0000 0.00 0.00
1682 0.00 0.0000 0.00 0.00
1683 0.00 0.0000 0.00 0.00
1684 0.00 0.0000 0.00 0.00
1685 0.00 0.0000 0.00 0.00
1686 0.00 0.0000 0.00 0.00
1687 0.00 0.0000 0.00 0.00
1688 0.00 0.0000 0.00 0.00
1689 0.00 0.0000 0.00 0.00
1690 0.00 0.0000 0.00 0.00
1691 0.00 0.0000 0.00 0.00
1692 0.00 0.0000 0.00 0.00
1693 0.00 0.0000 0.00 0.00
1694 0.00 0.0000 0.00 0.00
1695 0.00 0.0000 0.00 0.00
1696 0.00 0.0000 0.00 0.00
1697 0.00 0.0000 0.00 0.00
1698 0.00 0.0000 0.00 0.00
1699 0.00 0.0000 0.00 0.00
1700 0.00 0.0000 0.00 0.00
1701 0.00 0.0000 0.00 0.00
1702 0.00 0.0000 0.00 0.00
1703 0.00 0.0000 0.00 0.00
1704 0.00 0.0000 0.00 0.00
1705 0.00 0.0000 0.00 0.00
1706 0.00 0.0000 0.00 0.00
1707 0.00 0.0000 0.00 0.00
1708 0.00 0.0000 0.00 0.00
1709 0.00 0.0000 0.00 0.00
1710 0.00 0.0000 0.00 0.00
1711 0.00 0.0000 0.00 0.00
1712 0.00 0.0000 0.00 0.00
1713 0.00 0.0000 0.00 0.00
1714 0.00 0.0000 0.00 0.00
1715 0.00 0.0000 0.00 0.00
1716 0.00 0.0000 0.00 0.00
1717 0.00 0.0000 0.00 0.00
1718 0.00 0.0000 0.00 0.00
1719 0.00 0.0000 0.00 0.00
1720 0.00 0.0000 0.00 0.00
1721 0.00 0.0000 0.00 0.00
1722 0.00 0.0000 0.00 0.00
1723 0.00 0.0000 0.00 0.00
1724 0.00 0.0000 0.00 0.00
1725 0.00 0.0000 0.00 0.00
1726 0.00 0.0000 0.00 0.00
1727 0.00 0.0000 0.00 0.00
1728 0.00 0.0000 0.00 0.00
1729 0.00 0.0000 0.00 0.00
1730 0.00 0.0000 0.00 0.00
1731 0.00 0.0000 0.00 0.00
1732 0.00 0.0000 0.00 0.00
1733 0.00 0.0000 0.00 0.00
1734 0.00 0.0000 0.00 0.00
1735 0.00 0.0000 0.00 0.00
1736 0.00 0.0000 0.00 0.00
1737 0.00 0.0000 0.00 0.00
1738 0.00 0.0000 0.00 0.00
1739 0.00 0.0000 0.00 0.00
1740 0.00 0.0000 0.00 0.00
1741 0.00 0.0000 0.00 0.00
1742 0.00 0.0000 0.00 0.00
1743 0.00 0.0000 0.00 0.00
1744 0.00 0.0000 0.00 0.00
1745 0.00 0.0000 0.00 0.00
1746 0.00 0.0000 0.00 0.00
1747 0.00 0.0000 0.00 0.00
1748 0.00 0.0000 0.00 0.00
1749 0.00 0.0000 0.00 0.00
1750 0.00 0.0000 0.00 0.00
1751 0.00 0.0000 0.00 0.00
1752 0.00 0.0000 0.00 0.00
1753 0.00 0.0000 0.00 0.00
1754 0.00 0.0000 0.00 0.00
1755 0.00 0.0000 0.00 0.00
1756 0.00 0.0000 0.00 0.00
1757 0.00 0.0000 0.00 0.00
1758 0.00 0.0000 0.00 0.00
1759 0.00 0.0000 0.00 0.00
1760 0.00 0.0000 0.00 0.00
1761 0.00 0.0000 0.00 0.00
1762 0.00 0.0000 0.00 0.00
1763 0.00 0.0000 0.00 0.00
1764 0.00 0.0000 0.00 0.00
1765 0.00 0.0000 0.00 0.00
1766 0.00 0.0000 0.00 0.00
1767 0.00 0.0000 0.00 0.00
1768 0.00 0.0000 0.00 0.00
1769 0.00 0.0000 0.00 0.00
1770 0.00 0.0000 0.00 0.00
1771 0.00 0.0000 0.00 0.00
1772 0.00 0.0000 0.00 0.00
1773 0.00 0.0000 0.00 0.00
1774 0.00 0.0000 0.00 0.00
1775 0.00 0.0000 0.00 0.00
1776 0.00 0.0000 0.00 0.00
1777 0.00 0.0000 0.00 0.00
1778 0.00 0.0000 0.00 0.00
1779 0.00 0.0000 0.00 0.00
1780 0.00 0.0000 0.00 0.00
1781 0.00 0.0000 0.00 0.00
1782 0.00 0.0000 0.00 0.00
1783 0.00 0.0000 0.00 0.00
1784 0.00 0.0000 0.00 0.00
1785 0.00 0.0000 0.00 0.00
1786 0.00 0.0000 0.00 0.00
1787 0.00 0.0000 0.00 0.00
1788 0.00 0.0000 0.00 0.00
1789 0.00 0.0000 0.00 0.00
1790 0.00 0.0000 0.00 0.00
1791 0.00 0.0000 0.00 0.00
1792 0.00 0.0000 0.00 0.00
1793 0.00 0.0000 0.00 0.00
1794 0.00 0.0000 0.00 0.00
1795 0.00 0.0000 0.00 0.00
1796 0.00 0.0000 0.00 0.00
1797 0.00 0.0000 0.00 0.00
1798 0.00 0.0000 0.00 0.00
1799 0.00 0.0000 0.00 0.00
1800 0.00 0.0000 0.00 0.00
1801 0.00 0.0000 0.00 0.00
1802 0.00 0.0000 0.00 0.00
1803 0.00 0.0000 0.00 0.00
1804 0.00 0.0000 0.00 0.00
1805 0.00 0.0000 0.00 0.00
1806 0.00 0.0000 0.00 0.00
1807 0.00 0.0000 0.00 0.00
1808 0.00 0.0000 0.00 0.00
1809 0.00 0.0000 0.00 0.00
1810 0.00 0.0000 0.00 0.00
1811 0.00 0.0000 0.00 0.00
1812 0.00 0.0000 0.00 0.00
1813 0.00 0.0000 0.00 0.00
1814 0.00 0.0000 0.00 0.00
1815 0.00 0.0000 0.00 0.00
1816 0.00 0.0000 0.00 0.00
1817 0.00 0.0000 0.00 0.00
1818 0.00 0.0000 0.00 0.00
1819 0.00 0.0000 0.00 0.00
1820 0.00 0.0000 0.00 0.00
1821 0.00 0.0000 0.00 0.00
1822 0.00 0.0000 0.00 0.00
1823 0.00 0.0000 0.00 0.00
1824 0.00 0.0000 0.00 0.00
1825 0.00 0.0000 0.00 0.00
1826 0.00 0.0000 0.00 0.00
1827 0.00 0.0000 0.00 0.00
1828 0.00 0.0000 0.00 0.00
1829 0.00 0.0000 0.00 0.00
1830 0.00 0.0000 0.00 0.00
1831 0.00 0.0000 0.00 0.00
1832 0.00 0.0000 0.00 0.00
1833 0.00 0.0000 0.00 0.00
1834 0.00 0.0000 0.00 0.00
1835 0.00 0.0000 0.00 0.00
1836 0.00 0.0000 0.00 0.00
1837 0.00 0.0000 0.00 0.00
1838 0.00 0.0000 0.00 0.00
1839 0.00 0.0000 0.00 0.00
1840 0.00 0.0000 0.00 0.00
1841 0.00 0.0000 0.00 0.00
1842 0.00 0.0000 0.00 0.00
1843 0.00 0.0000 0.00 0.00
1844 0.00 0.0000 0.00 0.00
1845 0.00 0.0000 0.00 0.00
1846 0.00 0.0000 0.00 0.00
1847 0.00 0.0000 0.00 0.00
1848 0.00 0.0000 0.00 0.00
1849 0.00 0.0000 0.00 0.00
1850 0.00 0.0000 0.00 0.00
1851 0.00 0.0000 0.00 0.00
1852 0.00 0.0000 0.00 0.00
1853 0.00 0.0000 0.00 0.00
1854 0.00 0.0000 0.00 0.00
1855 0.00 0.0000 0.00 0.00
1856 0.00 0.0000 0.00 0.00
1857 0.00 0.0000 0.00 0.00
1858 0.00 0.0000 0.00 0.00
1859 0.00 0.0000 0.00 0.00
1860 0.00 0.0000 0.00 0.00
1861 0.00 0.0000 0.00 0.00
1862 0.00 0.0000 0.00 0.00
1863 0.00 0.0000 0.00 0.00
1864 0.00 0.0000 0.00 0.00
1865 0.00 0.0000 0.00 0.00
1866 0.00 0.0000 0.00 0.00
1867 0.00 0.0000 0.00 0.00
1868 0.00 0.0000 0.00 0.00
1869 0.00 0.0000 0.00 0.00
1870 0.00 0.0000 0.00 0.00
1871 0.00 0.0000 0.00 0.00
1872 0.00 0.0000 0.00 0.00
1873 0.00 0.0000 0.00 0.00
1874 0.00 0.0000 0.00 0.00
1875 0.00 0.0000 0.00 0.00
1876 0.00 0.0000 0.00 0.00
1877 0.00 0.0000 0.00 0.00
1878 0.00 0.0000 0.00 0.00
1879 0.00 0.0000 0.00 0.00
1880 0.00 0.0000 0.00 0.00
1881 0.00 0.0000 0.00 0.00
1882 0.00 0.0000 0.00 0.00
1883 0.00 0.0000 0.00 0.00
1884 0.00 0.0000 0.00 0.00
1885 0.00 0.0000 0.00 0.00
1886 0.00 0.0000 0.00 0.00
1887 0.00 0.0000 0.00 0.00
1888 0.00 0.0000 0.00 0.00
1889 0.00 0.0000 0.00 0.00
1890 0.00 0.0000 0.00 0.00
1891 0.00 0.0000 0.00 0.00
1892 0.00 0.0000 0.00 0.00
1893 0.00 0.0000 0.00 0.00
1894 0.00 0.0000 0.00 0.00
1895 0.00 0.0000 0.00 0.00
1896 0.00 0.0000 0.00 0.00
1897 0.00 0.0000 0.00 0.00
1898 0.00 0.0000 0.00 0.00
1899 0.00 0.0000 0.00 0.00
1900 0.00 0.0000 0.00 0.00
1901 0.00 0.0000 0.00 0.00
1902 0.00 0.0000 0.00 0.00
1903 0.00 0.0000 0.00 0.00
1904 0.00 0.0000 0.00 0.00
1905 0.00 0.0000 0.00 0.00
1906 0.00 0.0000 0.00 0.00
1907 0.00 0.0000 0.00 0.00
1908 0.00 0.0000 0.00 0.00
1909 0.00 0.0000 0.00 0.00
1910 0.00 0.0000 0.00 0.00
1911 0.00 0.0000 0.00 0.00
1912 0.00 0.0000 0.00 0.00
1913 0.00 0.0000 0.00 0.00
1914 0.00 0.0000 0.00 0.00
1915 0.00 0.0000 0.00 0.00
1916 0.00 0.0000 0.00 0.00
1917 0.00 0.0000 0.00 0.00
1918 0.00 0.0000 0.00 0.00
1919 0.00 0.0000 0.00 0.00
1920 0.00 0.0000 0.00 0.00
1921 0.00 0.0000 0.00 0.00
1922 0.00 0.0000 0.00 0.00
1923 0.00 0.0000 0.00 0.00
1924 0.00 0.0000 0.00 0.00
1925 0.00 0.0000 0.00 0.00
1926 0.00 0.0000 0.00 0.00
1927 0.00 0.0000 0.00 0.00
1928 0.00 0.0000 0.00 0.00
1929 0.00 0.0000 0.00 0.00
1930 0.00 0.0000 0.00 0.00
1931 0.00 0.0000 0.00 0.00
1932 0.00 0.0000 0.00 0.00
1933 0.00 0.0000 0.00 0.00
1934 0.00 0.0000 0.00 0.00
1935 0.00 0.0000 0.00 0.00
1936 0.00 0.0000 0.00 0.00
1937 0.00 0.0000 0.00 0.00
1938 0.00 0.0000 0.00 0.00
1939 0.00 0.0000 0.00 0.00
1940 0.00 0.0000 0.00 0.00
1941 0.00 0.0000 0.00 0.00
1942 0.00 0.0000 0.00 0.00
1943 0.00 0.0000 0.00 0.00
1944 0.00 0.0000 0.00 0.00
1945 0.00 0.0000 0.00 0.00
1946 0.00 0.0000 0.00 0.00
1947 0.00 0.0000 0.00 0.00
1948 0.00 0.0000 0.00 0.00
1949 0.00 0.0000 0.00 0.00
1950 0.00 0.0000 0.00 0.00
1951 0.00 0.0000 0.00 0.00
1952 0.00 0.0000 0.00 0.00
1953 0.00 0.0000 0.00 0.00
1954 0.00 0.0000 0.00 0.00
1955 0.00 0.0000 0.00 0.00
1956 0.00 0.0000 0.00 0.00
1957 0.00 0.0000 0.00 0.00
1958 0.00 0.0000 0.00 0.00
1959 0.00 0.0000 0.00 0.00
1960 0.00 0.0000 0.00 0.00
1961 0.00 0.0000 0.00 0.00
1962 0.00 0.0000 0.00 0.00
1963 0.00 0.0000 0.00 0.00
1964 0.00 0.0000 0.00 0.00
1965 0.00 0.0000 0.00 0.00
1966 0.00 0.0000 0.00 0.00
1967 0.00 0.0000 0.00 0.00
1968 0.00 0.0000 0.00 0.00
1969 0.00 0.0000 0.00 0.00
1970 0.00 0.0000 0.00 0.00
1971 0.00 0.0000 0.00 0.00
1972 0.00 0.0000 0.00 0.00
1973 0.00 0.0000 0.00 0.00
1974 0.00 0.0000 0.00 0.00
1975 0.00 0.0000 0.00 0.00
1976 0.00 0.0000 0.00 0.00
1977 0.00 0.0000 0.00 0.00
1978 0.00 0.0000 0.00 0.00
1979 0.00 0.0000 0.00 0.00
1980 0.00 0.0000 0.00 0.00
1981 0.00 0.0000 0.00 0.00
1982 0.00 0.0000 0.00 0.00
1983 0.00 0.0000 0.00 0.00
1984 0.00 0.0000 0.00 0.00
1985 0.00 0.0000 0.00 0.00
1986 0.00 0.0000 0.00 0.00
1987 0.00 0.0000 0.00 0.00
1988 0.00 0.0000 0.00 0.00
1989 0.00 0.0000 0.00 0.00
1990 0.00 0.0000 0.00 0.00
1991 0.00 0.0000 0.00 0.00
1992 0.00 0.0000 0.00 0.00
1993 0.00 0.0000 0.00 0.00
1994 0.00 0.0000 0.00 0.00
1995 0.00 0.0000 0.00 0.00
1996 0.00 0.0000 0.00 0.00
1997 0.00 0.0000 0.00 0.00
1998 0.00 0.0000 0.00 0.00
1999 0.00 0.0000 0.00 0.00
2000 0.00 0.0000 0.00 0.00
2001 0.00 0.0000 0.00 0.00
2002 0.00 0.0000 0.00 0.00
2003 0.00 0.0000 0.00 0.00
2004 0.00 0.0000 0.00 0.00
2005 0.00 0.0000 0.00 0.00
2006 0.00 0.0000 0.00 0.00
2007 0.00 0.0000 0.00 0.00
2008 0.00 0.0000 0.00 0.00
2009 0.00 0.0000 0.00 0.00
2010 0.00 0.0000 0.00 0.00
2011 0.00 0.0000 0.00 0.00
2012 0.00 0.0000 0.00 0.00
2013 0.00 0.0000 0.00 0.00
2014 0.00 0.0000 0.00 0.00
2015 0.00 0.0000 0.00 0.00
2016 0.00 0.0000 0.00 0.00
2017 0.00 0.0000 0.00 0.00
2018 0.00 0.0000 0.00 0.00
2019 0.00 0.0000 0.00 0.00
2020 0.00 0.0000 0.00 0.00
2021 0.00 0.0000 0.00 0.00
2022 0.00 0.0000 0.00 0.00
2023 0.00 0.0000 0.00 0.00
2024 0.00 0.0000 0.00 0.00
2025 0.00 0.0000 0.00 0.00
2026 0.00 0.0000 0.00 0.00
2027 0.00 0.0000 0.00 0.00
2028 0.00 0.0000 0.00 0.00
2029 0.00 0.0000 0.00 0.00
2030 0.00 0.0000 0.00 0.00
2031 0.00 0.0000 0.00 0.00
2032 0.00 0.0000 0.00 0.00
2033 0.00 0.0000 0.00 0.00
2034 0.00 0.0000 0.00 0.00
2035 0.00 0.0000 0.00 0.00
2036 0.00 0.0000 0.00 0.00
2037 0.00 0.0000 0.00 0.00
2038 0.00 0.0000 0.00 0.00
2039 0.00 0.0000 0.00 0.00
2040 0.00 0.0000 0.00 0.00
2041 0.00 0.0000 0.00 0.00
2042 0.00 0.0000 0.00 0.00
2043 0.00 0.0000 0.00 0.00
2044 0.00 0.0000 0.00 0.00
2045 0.00 0.0000 0.00 0.00
2046 0.00 0.0000 0.00 0.00
2047 0.00 0.0000 0.00 0.00
2048 0.00 0.0000 0.00 0.00
2049 0.00 0.0000 0.00 0.00
2050 0.00 0.0000 0.00 0.00
2051 0.00 0.0000 0.00 0.00
2052 0.00 0.0000 0.00 0.00
2053 0.00 0.0000 0.00 0.00
2054 0.00 0.0000 0.00 0.00
2055 0.00 0.0000 0.00 0.00
2056 0.00 0.0000 0.00 0.00
2057 0.00 0.0000 0.00 0.00
2058 0.00 0.0000 0.00 0.00
2059 0.00 0.0000 0.00 0.00
2060 0.00 0.0000 0.00 0.00
2061 0.00 0.0000 0.00 0.00
2062 0.00 0.0000 0.00 0.00
2063 0.00 0.0000 0.00 0.00
2064 0.00 0.0000 0.00 0.00
2065 0.00 0.0000 0.00 0.00
2066 0.00 0.0000 0.00 0.00
2067 0.00 0.0000 0.00 0.00
2068 0.00 0.0000 0.00 0.00
2069 0.00 0.0000 0.00 0.00
2070 0.00 0.0000 0.00 0.00
2071 0.00 0.0000 0.00 0.00
2072 0.00 0.0000 0.00 0.00
2073 0.00 0.0000 0.00 0.00
2074 0.00 0.0000 0.00 0.00
2075 0.00 0.0000 0.00 0.00
2076 0.00 0.0000 0.00 0.00
2077 0.00 0.0000 0.00 0.00
2078 0.00 0.0000 0.00 0.00
2079 0.00 0.0000 0.00 0.00
2080 0.00 0.0000 0.00 0.00
2081 0.00 0.0000 0.00 0.00
2082 0.00 0.0000 0.00 0.00
2083 0.00 0.0000 0.00 0.00
2084 0.00 0.0000 0.00 0.00
2085 0.00 0.0000 0.00 0.00
2086 0.00 0.0000 0.00 0.00
2087 0.00 0.0000 0.00 0.00
2088 0.00 0.0000 0.00 0.00
2089 0.00 0.0000 0.00 0.00
2090 0.00 0.0000 0.00 0.00
2091 0.00 0.0000 0.00 0.00
2092 0.00 0.0000 0.00 0.00
2093 0.00 0.0000 0.00 0.00
2094 0.00 0.0000 0.00 0.00
2095 0.00 0.0000 0.00 0.00
2096 0.00 0.0000 0.00 0.00
2097 0.00 0.0000 0.00 0.00
2098 0.00 0.0000 0.00 0.00
2099 0.00 0.0000 0.00 0.00
2100 0.00 0.0000 0.00 0.00
2101 0.00 0.0000 0.00 0.00
2102 0.00 0.0000 0.00 0.00
2103 0.00 0.0000 0.00 0.00
2104 0.00 0.0000 0.00 0.00
2105 0.00 0.0000 0.00 0.00
2106 0.00 0.0000 0.00 0.00
2107 0.00 0.0000 0.00 0.00
2108 0.00 0.0000 0.00 0.00
2109 0.00 0.0000 0.00 0.00
2110 0.00 0.0000 0.00 0.00
2111 0.00 0.0000 0.00 0.00
2112 0.00 0.0000 0.00 0.00
2113 0.00 0.0000 0.00 0.00
2114 0.00 0.0000 0.00 0.00
2115 0.00 0.0000 0.00 0.00
2116 0.00 0.0000 0.00 0.00
2117 0.00 0.0000 0.00 0.00
2118 0.00 0.0000 0.00 0.00
2119 0.00 0.0000 0.00 0.00
2120 0.00 0.0000 0.00 0.00
2121 0.00 0.0000 0.00 0.00
2122 0.00 0.0000 0.00 0.00
2123 0.00 0.0000 0.00 0.00
2124 0.00 0.0000 0.00 0.00
2125 0.00 0.0000 0.00 0.00
2126 0.00 0.0000 0.00 0.00
2127 0.00 0.0000 0.00 0.00
2128 0.00 0.0000 0.00 0.00
2129 0.00 0.0000 0.00 0.00
2130 0.00 0.0000 0.00 0.00
2131 0.00 0.0000 0.00 0.00
2132 0.00 0.0000 0.00 0.00
2133 0.00 0.0000 0.00 0.00
2134 0.00 0.0000 0.00 0.00
2135 0.00 0.0000 0.00 0.00
2136 0.00 0.0000 0.00 0.00
2137 0.00 0.0000 0.00 0.00
2138 0.00 0.0000 0.00 0.00
2139 0.00 0.0000 0.00 0.00
2140 0.00 0.0000 0.00 0.00
2141 0.00 0.0000 0.00 0.00
2142 0.00 0.0000 0.00 0.00
2143 0.00 0.0000 0.00 0.00
2144 0.00 0.0000 0.00 0.00
2145 0.00 0.0000 0.00 0.00
2146 0.00 0.0000 0.00 0.00
2147 0.00 0.0000 0.00 0.00
2148 0.00 0.0000 0.00 0.00
2149 0.00 0.0000 0.00 0.00
2150 0.00 0.0000 0.00 0.00
2151 0.00 0.0000 0.00 0.00
2152 0.00 0.0000 0.00 0.00
2153 0.00 0.0000 0.00 0.00
2154 0.00 0.0000 0.00 0.00
2155 0.00 0.0000 0.00 0.00
2156 0.00 0.0000 0.00 0.00
2157 0.00 0.0000 0.00 0.00
2158 0.00 0.0000 0.00 0.00
2159 0.00 0.0000 0.00 0.00
2160 0.00 0.0000 0.00 0.00
2161 0.00 0.0000 0.00 0.00
2162 0.00 0.0000 0.00 0.00
2163 0.00 0.0000 0.00 0.00
2164 0.00 0.0000 0.00 0.00
2165 0.00 0.0000 0.00 0.00
2166 0.00 0.0000 0.00 0.00
2167 0.00 0.0000 0.00 0.00
2168 0.00 0.0000 0.00 0.00
2169 0.00 0.0000 0.00 0.00
2170 0.00 0.0000 0.00 0.00
2171 0.00 0.0000 0.00 0.00
2172 0.00 0.0000 0.00 0.00
2173 0.00 0.0000 0.00 0.00
2174 0.00 0.0000 0.00 0.00
2175 0.00 0.0000 0.00 0.00
2176 0.00 0.0000 0.00 0.00
2177 0.00 0.0000 0.00 0.00
2178 0.00 0.0000 0.00 0.00
2179 0.00 0.0000 0.00 0.00
2180 0.00 0.0000 0.00 0.00
2181 0.00 0.0000 0.00 0.00
2182 0.00 0.0000 0.00 0.00
2183 0.00 0.0000 0.00 0.00
2184 0.00 0.0000 0.00 0.00
2185 0.00 0.0000 0.00 0.00
2186 0.00 0.0000 0.00 0.00
2187 0.00 0.0000 0.00 0.00
2188 0.00 0.0000 0.00 0.00
2189 0.00 0.0000 0.00 0.00
2190 0.00 0.0000 0.00 0.00
2191 0.00 0.0000 0.00 0.00
2192 0.00 0.0000 0.00 0.00
2193 0.00 0.0000 0.00 0.00
2194 0.00 0.0000 0.00 0.00
2195 0.00 0.0000 0.00 0.00
2196 0.00 0.0000 0.00 0.00
2197 0.00 0.0000 0.00 0.00
2198 0.00 0.0000 0.00 0.00
2199 0.00 0.0000 0.00 0.00
2200 0.00 0.0000 0.00 0.00
2201 0.00 0.0000 0.00 0.00
2202 0.00 0.0000 0.00 0.00
2203 0.00 0.0000 0.00 0.00
2204 0.00 0.0000 0.00 0.00
2205 0.00 0.0000 0.00 0.00
2206 0.00 0.0000 0.00 0.00
2207 0.00 0.0000 0.00 0.00
2208 0.00 0.0000 0.00 0.00
2209 0.00 0.0000 0.00 0.00
2210 0.00 0.0000 0.00 0.00
2211 0.00 0.0000 0.00 0.00
2212 0.00 0.0000 0.00 0.00
2213 0.00 0.0000 0.00 0.00
2214 0.00 0.0000 0.00 0.00
2215 0.00 0.0000 0.00 0.00
2216 0.00 0.0000 0.00 0.00
2217 0.00 0.0000 0.00 0.00
2218 0.00 0.0000 0.00 0.00
2219 0.00 0.0000 0.00 0.00
2220 0.00 0.0000 0.00 0.00
2221 0.00 0.0000 0.00 0.00
2222 0.00 0.0000 0.00 0.00
2223 0.00 0.0000 0.00 0.00
2224 0.00 0.0000 0.00 0.00
2225 0.00 0.0000 0.00 0.00
2226 0.00 0.0000 0.00 0.00
2227 0.00 0.0000 0.00 0.00
2228 0.00 0.0000 0.00 0.00
2229 0.00 0.0000 0.00 0.00
2230 0.00 0.0000 0.00 0.00
2231 0.00 0.0000 0.00 0.00
2232 0.00 0.0000 0.00 0.00
2233 0.00 0.0000 0.00 0.00
2234 0.00 0.0000 0.00 0.00
2235 0.00 0.0000 0.00 0.00
2236 0.00 0.0000 0.00 0.00
2237 0.00 0.0000 0.00 0.00
2238 0.00 0.0000 0.00 0.00
2239 0.00 0.0000 0.00 0.00
2240 0.00 0.0000 0.00 0.00
2241 0.00 0.0000 0.00 0.00
2242 0.00 0.0000 0.00 0.00
2243 0.00 0.0000 0.00 0.00
2244 0.00 0.0000 0.00 0.00
2245 0.00 0.0000 0.00 0.00
2246 0.00 0.0000 0.00 0.00
2247 0.00 0.0000 0.00 0.00
2248 0.00 0.0000 0.00 0.00
2249 0.00 0.0000 0.00 0.00
2250 0.00 0.0000 0.00 0.00
2251 0.00 0.0000 0.00 0.00
2252 0.00 0.0000 0.00 0.00
2253 0.00 0.0000 0.00 0.00
2254 0.00 0.0000 0.00 0.00
2255 0.00 0.0000 0.00 0.00
2256 0.00 0.0000 0.00 0.00
2257 0.00 0.0000 0.00 0.00
2258 0.00 0.0000 0.00 0.00
2259 0.00 0.0000 0.00 0.00
2260 0.00 0.0000 0.00 0.00
2261 0.00 0.0000 0.00 0.00
2262 0.00 0.0000 0.00 0.00
2263 0.00 0.0000 0.00 0.00
2264 0.00 0.0000 0.00 0.00
2265 0.00 0.0000 0.00 0.00
2266 0.00 0.0000 0.00 0.00
2267 0.00 0.0000 0.00 0.00
2268 0.00 0.0000 0.00 0.00
2269 0.00 0.0000 0.00 0.00
2270 0.00 0.0000 0.00 0.00
2271 0.00 0.0000 0.00 0.00
2272 0.00 0.0000 0.00 0.00
2273 0.00 0.0000 0.00 0.00
2274 0.00 0.0000 0.00 0.00
2275 0.00 0.0000 0.00 0.00
2276 0.00 0.0000 0.00 0.00
2277 0.00 0.0000 0.00 0.00
2278 0.00 0.0000 0.00 0.00
2279 0.00 0.0000 0.00 0.00
2280 0.00 0.0000 0.00 0.00
2281 0.00 0.0000 0.00 0.00
2282 0.00 0.0000 0.00 0.00
2283 0.00 0.0000 0.00 0.00
2284 0.00 0.0000 0.00 0.00
2285 0.00 0.0000 0.00 0.00
2286 0.00 0.0000 0.00 0.00
2287 0.00 0.0000 0.00 0.00
2288 0.00 0.0000 0.00 0.00
2289 0.00 0.0000 0.00 0.00
2290 0.00 0.0000 0.00 0.00
2291 0.00 0.0000 0.00 0.00
2292 0.00 0.0000 0.00 0.00
2293 0.00 0.0000 0.00 0.00
2294 0.00 0.0000 0.00 0.00
2295 0.00 0.0000 0.00 0.00
2296 0.00 0.0000 0.00 0.00
2297 0.00 0.0000 0.00 0.00
2298 0.00 0.0000 0.00 0.00
2299 0.00 0.0000 0.00 0.00
2300 0.00 0.0000 0.00 0.00
2301 0.00 0.0000 0.00 0.00
2302 0.00 0.0000 0.00 0.00
2303 0.00 0.0000 0.00 0.00
2304 0.00 0.0000 0.00 0.00
2305 0.00 0.0000 0.00 0.00
2306 0.00 0.0000 0.00 0.00
2307 0.00 0.0000 0.00 0.00
2308 0.00 0.0000 0.00 0.00
2309 0.00 0.0000 0.00 0.00
2310 0.00 0.0000 0.00 0.00
2311 0.00 0.0000 0.00 0.00
2312 0.00 0.0000 0.00 0.00
2313 0.00 0.0000 0.00 0.00
2314 0.00 0.0000 0.00 0.00
2315 0.00 0.0000 0.00 0.00
2316 0.00 0.0000 0.00 0.00
2317 0.00 0.0000 0.00 0.00
2318 0.00 0.0000 0.00 0.00
2319 0.00 0.0000 0.00 0.00
2320 0.00 0.0000 0.00 0.00
2321 0.00 0.0000 0.00 0.00
2322 0.00 0.0000 0.00 0.00
2323 0.00 0.0000 0.00 0.00
2324 0.00 0.0000 0.00 0.00
2325 0.00 0.0000 0.00 0.00
2326 0.00 0.0000 0.00 0.00
2327 0.00 0.0000 0.00 0.00
2328 0.00 0.0000 0.00 0.00
2329 0.00 0.0000 0.00 0.00
2330 0.00 0.0000 0.00 0.00
2331 0.00 0.0000 0.00 0.00
2332 0.00 0.0000 0.00 0.00
2333 0.00 0.0000 0.00 0.00
2334 0.00 0.0000 0.00 0.00
2335 0.00 0.0000 0.00 0.00
2336 0.00 0.0000 0.00 0.00
2337 0.00 0.0000 0.00 0.00
2338 0.00 0.0000 0.00 0.00
2339 0.00 0.0000 0.00 0.00
2340 0.00 0.0000 0.00 0.00
2341 0.00 0.0000 0.00 0.00
2342 0.00 0.0000 0.00 0.00
2343 0.00 0.0000 0.00 0.00
2344 0.00 0.0000 0.00 0.00
2345 0.00 0.0000 0.00 0.00
2346 0.00 0.0000 0.00 0.00
2347 0.00 0.0000 0.00 0.00
2348 0.00 0.0000 0.00 0.00
2349 0.00 0.0000 0.00 0.00
2350 0.00 0.0000 0.00 0.00
2351 0.00 0.0000 0.00 0.00
2352 0.00 0.0000 0.00 0.00
2353 0.00 0.0000 0.00 0.00
2354 0.00 0.0000 0.00 0.00
2355 0.00 0.0000 0.00 0.00
2356 0.00 0.0000 0.00 0.00
2357 0.00 0.0000 0.00 0.00
2358 0.00 0.0000 0.00 0.00
2359 0.00 0.0000 0.00 0.00
2360 0.00 0.0000 0.00 0.00
2361 0.00 0.0000 0.00 0.00
2362 0.00 0.0000 0.00 0.00
2363 0.00 0.0000 0.00 0.00
2364 0.00 0.0000 0.00 0.00
2365 0.00 0.0000 0.00 0.00
2366 0.00 0.0000 0.00 0.00
2367 0.00 0.0000 0.00 0.00
2368 0.00 0.0000 0.00 0.00
2369 0.00 0.0000 0.00 0.00
2370 0.00 0.0000 0.00 0.00
2371 0.00 0.0000 0.00 0.00
2372 0.00 0.0000 0.00 0.00
2373 0.00 0.0000 0.00 0.00
2374 0.00 0.0000 0.00 0.00
2375 0.00 0.0000 0.00 0.00
2376 0.00 0.0000 0.00 0.00
2377 0.00 0.0000 0.00 0.00
2378 0.00 0.0000 0.00 0.00
2379 0.00 0.0000 0.00 0.00
2380 0.00 0.0000 0.00 0.00
2381 0.00 0.0000 0.00 0.00
2382 0.00 0.0000 0.00 0.00
2383 0.00 0.0000 0.00 0.00
2384 0.00 0.0000 0.00 0.00
2385 0.00 0.0000 0.00 0.00
2386 0.00 0.0000 0.00 0.00
2387 0.00 0.0000 0.00 0.00
2388 0.00 0.0000 0.00 0.00
2389 0.00 0.0000 0.00 0.00
2390 0.00 0.0000 0.00 0.00
2391 0.00 0.0000 0.00 0.00
2392 0.00 0.0000 0.00 0.00
2393 0.00 0.0000 0.00 0.00
2394 0.00 0.0000 0.00 0.00
2395 0.00 0.0000 0.00 0.00
2396 0.00 0.0000 0.00 0.00
2397 0.00 0.0000 0.00 0.00
2398 0.00 0.0000 0.00 0.00
2399 0.00 0.0000 0.00 0.00
2400 0.00 0.0000 0.00 0.00
2401 0.00 0.0000 0.00 0.00
2402 0.00 0.0000 0.00 0.00
2403 0.00 0.0000 0.00 0.00
2404 0.00 0.0000 0.00 0.00
2405 0.00 0.0000 0.00 0.00
2406 0.00 0.0000 0.00 0.00
2407 0.00 0.0000 0.00 0.00
2408 0.00 0.0000 0.00 0.00
2409 0.00 0.0000 0.00 0.00
2410 0.00 0.0000 0.00 0.00
2411 0.00 0.0000 0.00 0.00
2412 0.00 0.0000 0.00 0.00
2413 0.00 0.0000 0.00 0.00
2414 0.00 0.0000 0.00 0.00
2415 0.00 0.0000 0.00 0.00
2416 0.00 0.0000 0.00 0.00
2417 0.00 0.0000 0.00 0.00
2418 0.00 0.0000 0.00 0.00
2419 0.00 0.0000 0.00 0.00
2420 0.00 0.0000 0.00 0.00
2421 0.00 0.0000 0.00 0.00
2422 0.00 0.0000 0.00 0.00
2423 0.00 0.0000 0.00 0.00
2424 0.00 0.0000 0.00 0.00
2425 0.00 0.0000 0.00 0.00
2426 0.00 0.0000 0.00 0.00
2427 0.00 0.0000 0.00 0.00
2428 0.00 0.0000 0.00 0.00
2429 0.00 0.0000 0.00 0.00
2430 0.00 0.0000 0.00 0.00
2431 0.00 0.0000 0.00 0.00
2432 0.00 0.0000 0.00 0.00
2433 0.00 0.0000 0.00 0.00
2434 0.00 0.0000 0.00 0.00
2435 0.00 0.0000 0.00 0.00
2436 0.00 0.0000 0.00 0.00
2437 0.00 0.0000 0.00 0.00
2438 0.00 0.0000 0.00 0.00
2439 0.00 0.0000 0.00 0.00
2440 0.00 0.0000 0.00 0.00
2441 0.00 0.0000 0.00 0.00
2442 0.00 0.0000 0.00 0.00
2443 0.00 0.0000 0.00 0.00
2444 0.00 0.0000 0.00 0.00
2445 0.00 0.0000 0.00 0.00
2446 0.00 0.0000 0.00 0.00
2447 0.00 0.0000 0.00 0.00
2448 0.00 0.0000 0.00 0.00
2449 0.00 0.0000 0.00 0.00
2450 0.00 0.0000 0.00 0.00
2451 0.00 0.0000 0.00 0.00
2452 0.00 0.0000 0.00 0.00
2453 0.00 0.0000 0.00 0.00
2454 0.00 0.0000 0.00 0.00
2455 0.00 0.0000 0.00 0.00
2456 0.00 0.0000 0.00 0.00
2457 0.00 0.0000 0.00 0.00
2458 0.00 0.0000 0.00 0.00
2459 0.00 0.0000 0.00 0.00
2460 0.00 0.0000 0.00 0.00
2461 0.00 0.0000 0.00 0.00
2462 0.00 0.0000 0.00 0.00
2463 0.00 0.0000 0.00 0.00
2464 0.00 0.0000 0.00 0.00
2465 0.00 0.0000 0.00 0.00
2466 0.00 0.0000 0.00 0.00
2467 0.00 0.0000 0.00 0.00
2468 0.00 0.0000 0.00 0.00
2469 0.00 0.0000 0.00 0.00
2470 0.00 0.0000 0.00 0.00
2471 0.00 0.0000 0.00 0.00
2472 0.00 0.0000 0.00 0.00
2473 0.00 0.0000 0.00 0.00
2474 0.00 0.0000 0.00 0.00
2475 0.00 0.0000 0.00 0.00
2476 0.00 0.0000 0.00 0.00
2477 0.00 0.0000 0.00 0.00
2478 0.00 0.0000 0.00 0.00
2479 0.00 0.0000 0.00 0.00
2480 0.00 0.0000 0.00 0.00
2481 0.00 0.0000 0.00 0.00
2482 0.00 0.0000 0.00 0.00
2483 0.00 0.0000 0.00 0.00
2484 0.00 0.0000 0.00 0.00
2485 0.00 0.0000 0.00 0.00
2486 0.00 0.0000 0.00 0.00
2487 0.00 0.0000 0.00 0.00
2488 0.00 0.0000 0.00 0.00
2489 0.00 0.0000 0.00 0.00
2490 0.00 0.0000 0.00 0.00
2491 0.00 0.0000 0.00 0.00
2492 0.00 0.0000 0.00 0.00
2493 0.00 0.0000 0.00 0.00
2494 0.00 0.0000 0.00 0.00
2495 0.00 0.0000 0.00 0.00
2496 0.00 0.0000 0.00 0.00
2497 0.00 0.0000 0.00 0.00
2498 0.00 0.0000 0.00 0.00
2499 0.00 0.0000 0.00 0.00
2500 0.00 0.0000 0.00 0.00
2501 0.00 0.0000 0.00 0.00
2502 0.00 0.0000 0.00 0.00
2503 0.00 0.0000 0.00 0.00
2504 0.00 0.0000 0.00 0.00
2505 0.00 0.0000 0.00 0.00
2506 0.00 0.0000 0.00 0.00
2507 0.00 0.0000 0.00 0.00
2508 0.00 0.0000 0.00 0.00
2509 0.00 0.0000 0.00 0.00
2510 0.00 0.0000 0.00 0.00
2511 0.00 0.0000 0.00 0.00
2512 0.00 0.0000 0.00 0.00
2513 0.00 0.0000 0.00 0.00
2514 0.00 0.0000 0.00 0.00
2515 0.00 0.0000 0.00 0.00
2516 0.00 0.0000 0.00 0.00
2517 0.00 0.0000 0.00 0.00
2518 0.00 0.0000 0.00 0.00
2519 0.00 0.0000 0.00 0.00
2520 0.00 0.0000 0.00 0.00
2521 0.00 0.0000 0.00 0.00
2522 0.00 0.0000 0.00 0.00
2523 0.00 0.0000 0.00 0.00
2524 0.00 0.0000 0.00 0.00
2525 0.00 0.0000 0.00 0.00
2526 0.00 0.0000 0.00 0.00
2527 0.00 0.0000 0.00 0.00
2528 0.00 0.0000 0.00 0.00
2529 0.00 0.0000 0.00 0.00
2530 0.00 0.0000 0.00 0.00
2531 0.00 0.0000 0.00 0.00
2532 0.00 0.0000 0.00 0.00
2533 0.00 0.0000 0.00 0.00
2534 0.00 0.0000 0.00 0.00
2535 0.00 0.0000 0.00 0.00
2536 0.00 0.0000 0.00 0.00
2537 0.00 0.0000 0.00 0.00
2538 0.00 0.0000 0.00 0.00
2539 0.00 0.0000 0.00 0.00
2540 0.00 0.0000 0.00 0.00
2541 0.00 0.0000 0.00 0.00
2542 0.00 0.0000 0.00 0.00
2543 0.00 0.0000 0.00 0.00
2544 0.00 0.0000 0.00 0.00
2545 0.00 0.0000 0.00 0.00
2546 0.00 0.0000 0.00 0.00
2547 0.00 0.0000 0.00 0.00
2548 0.00 0.0000 0.00 0.00
2549 0.00 0.0000 0.00 0.00
2550 0.00 0.0000 0.00 0.00
2551 0.00 0.0000 0.00 0.00
2552 0.00 0.0000 0.00 0.00
2553 0.00 0.0000 0.00 0.00
2554 0.00 0.0000 0.00 0.00
2555 0.00 0.0000 0.00 0.00
2556 0.00 0.0000 0.00 0.00
2557 0.00 0.0000 0.00 0.00
2558 0.00 0.0000 0.00 0.00
2559 0.00 0.0000 0.00 0.00
2560 0.00 0.0000 0.00 0.00
2561 0.00 0.0000 0.00 0.00
2562 0.00 0.0000 0.00 0.00
2563 0.00 0.0000 0.00 0.00
2564 0.00 0.0000 0.00 0.00
2565 0.00 0.0000 0.00 0.00
2566 0.00 0.0000 0.00 0.00
2567 0.00 0.0000 0.00 0.00
2568 0.00 0.0000 0.00 0.00
2569 0.00 0.0000 0.00 0.00
2570 0.00 0.0000 0.00 0.00
2571 0.00 0.0000 0.00 0.00
2572 0.00 0.0000 0.00 0.00
2573 0.00 0.0000 0.00 0.00
2574 0.00 0.0000 0.00 0.00
2575 0.00 0.0000 0.00 0.00
2576 0.00 0.0000 0.00 0.00
2577 0.00 0.0000 0.00 0.00
2578 0.00 0.0000 0.00 0.00
2579 0.00 0.0000 0.00 0.00
2580 0.00 0.0000 0.00 0.00
2581 0.00 0.0000 0.00 0.00
2582 0.00 0.0000 0.00 0.00
2583 0.00 0.0000 0.00 0.00
2584 0.00 0.0000 0.00 0.00
2585 0.00 0.0000 0.00 0.00
2586 0.00 0.0000 0.00 0.00
2587 0.00 0.0000 0.00 0.00
2588 0.00 0.0000 0.00 0.00
2589 0.00 0.0000 0.00 0.00
2590 0.00 0.0000 0.00 0.00
2591 0.00 0.0000 0.00 0.00
2592 0.00 0.0000 0.00 0.00
2593 0.00 0.0000 0.00 0.00
2594 0.00 0.0000 0.00 0.00
2595 0.00 0.0000 0.00 0.00
2596 0.00 0.0000 0.00 0.00
2597 0.00 0.0000 0.00 0.00
2598 0.00 0.0000 0.00 0.00
2599 0.00 0.0000 0.00 0.00
2600 0.00 0.0000 0.00 0.00
2601 0.00 0.0000 0.00 0.00
2602 0.00 0.0000 0.00 0.00
2603 0.00 0.0000 0.00 0.00
2604 0.00 0.0000 0.00 0.00
2605 0.00 0.0000 0.00 0.00
2606 0.00 0.0000 0.00 0.00
2607 0.00 0.0000 0.00 0.00
2608 0.00 0.0000 0.00 0.00
2609 0.00 0.0000 0.00 0.00
2610 0.00 0.0000 0.00 0.00
2611 0.00 0.0000 0.00 0.00
2612 0.00 0.0000 0.00 0.00
2613 0.00 0.0000 0.00 0.00
2614 0.00 0.0000 0.00 0.00
2615 0.00 0.0000 0.00 0.00
2616 0.00 0.0000 0.00 0.00
2617 0.00 0.0000 0.00 0.00
2618 0.00 0.0000 0.00 0.00
2619 0.00 0.0000 0.00 0.00
2620 0.00 0.0000 0.00 0.00
2621 0.00 0.0000 0.00 0.00
2622 0.00 0.0000 0.00 0.00
2623 0.00 0.0000 0.00 0.00
2624 0.00 0.0000 0.00 0.00
2625 0.00 0.0000 0.00 0.00
2626 0.00 0.0000 0.00 0.00
2627 0.00 0.0000 0.00 0.00
2628 0.00 0.0000 0.00 0.00
2629 0.00 0.0000 0.00 0.00
2630 0.00 0.0000 0.00 0.00
2631 0.00 0.0000 0.00 0.00
2632 0.00 0.0000 0.00 0.00
2633 0.00 0.0000 0.00 0.00
2634 0.00 0.0000 0.00 0.00
2635 0.00 0.0000 0.00 0.00
2636 0.00 0.0000 0.00 0.00
2637 0.00 0.0000 0.00 0.00
2638 0.00 0.0000 0.00 0.00
2639 0.00 0.0000 0.00 0.00
2640 0.00 0.0000 0.00 0.00
2641 0.00 0.0000 0.00 0.00
2642 0.00 0.0000 0.00 0.00
2643 0.00 0.0000 0.00 0.00
2644 0.00 0.0000 0.00 0.00
2645 0.00 0.0000 0.00 0.00
2646 0.00 0.0000 0.00 0.00
2647 0.00 0.0000 0.00 0.00
2648 0.00 0.0000 0.00 0.00
2649 0.00 0.0000 0.00 0.00
2650 0.00 0.0000 0.00 0.00
2651 0.00 0.0000 0.00 0.00
2652 0.00 0.0000 0.00 0.00
2653 0.00 0.0000 0.00 0.00
2654 0.00 0.0000 0.00 0.00
2655 0.00 0.0000 0.00 0.00
2656 0.00 0.0000 0.00 0.00
2657 0.00 0.0000 0.00 0.00
2658 0.00 0.0000 0.00 0.00
2659 0.00 0.0000 0.00 0.00
2660 0.00 0.0000 0.00 0.00
2661 0.00 0.0000 0.00 0.00
2662 0.00 0.0000 0.00 0.00
2663 0.00 0.0000 0.00 0.00
2664 0.00 0.0000 0.00 0.00
2665 0.00 0.0000 0.00 0.00
2666 0.00 0.0000 0.00 0.00
2667 0.00 0.0000 0.00 0.00
2668 0.00 0.0000 0.00 0.00
2669 0.00 0.0000 0.00 0.00
2670 0.00 0.0000 0.00 0.00
2671 0.00 0.0000 0.00 0.00
2672 0.00 0.0000 0.00 0.00
2673 0.00 0.0000 0.00 0.00
2674 0.00 0.0000 0.00 0.00
2675 0.00 0.0000 0.00 0.00
2676 0.00 0.0000 0.00 0.00
2677 0.00 0.0000 0.00 0.00
2678 0.00 0.0000 0.00 0.00
2679 0.00 0.0000 0.00 0.00
2680 0.00 0.0000 0.00 0.00
2681 0.00 0.0000 0.00 0.00
2682 0.00 0.0000 0.00 0.00
2683 0.00 0.0000 0.00 0.00
2684 0.00 0.0000 0.00 0.00
2685 0.00 0.0000 0.00 0.00
2686 0.00 0.0000 0.00 0.00
2687 0.00 0.0000 0.00 0.00
2688 0.00 0.0000 0.00 0.00
2689 0.00 0.0000 0.00 0.00
2690 0.00 0.0000 0.00 0.00
2691 0.00 0.0000 0.00 0.00
2692 0.00 0.0000 0.00 0.00
2693 0.00 0.0000 0.00 0.00
2694 0.00 0.0000 0.00 0.00
2695 0.00 0.0000 0.00 0.00
2696 0.00 0.0000 0.00 0.00
2697 0.00 0.0000 0.00 0.00
2698 0.00 0.0000 0.00 0.00
2699 0.00 0.0000 0.00 0.00
2700 0.00 0.0000 0.00 0.00
2701 0.00 0.0000 0.00 0.00
2702 0.00 0.0000 0.00 0.00
2703 0.00 0.0000 0.00 0.00
2704 0.00 0.0000 0.00 0.00
2705 0.00 0.0000 0.00 0.00
2706 0.00 0.0000 0.00 0.00
2707 0.00 0.0000 0.00 0.00
2708 0.00 0.0000 0.00 0.00
2709 0.00 0.0000 0.00 0.00
2710 0.00 0.0000 0.00 0.00
2711 0.00 0.0000 0.00 0.00
2712 0.00 0.0000 0.00 0.00
2713 0.00 0.0000 0.00 0.00
2714 0.00 0.0000 0.00 0.00
2715 0.00 0.0000 0.00 0.00
2716 0.00 0.0000 0.00 0.00
2717 0.00 0.0000 0.00 0.00
2718 0.00 0.0000 0.00 0.00
2719 0.00 0.0000 0.00 0.00
2720 0.00 0.0000 0.00 0.00
2721 0.00 0.0000 0.00 0.00
2722 0.00 0.0000 0.00 0.00
2723 0.00 0.0000 0.00 0.00
2724 0.00 0.0000 0.00 0.00
2725 0.00 0.0000 0.00 0.00
2726 0.00 0.0000 0.00 0.00
2727 0.00 0.0000 0.00 0.00
2728 0.00 0.0000 0.00 0.00
2729 0.00 0.0000 0.00 0.00
2730 0.00 0.0000 0.00 0.00
2731 0.00 0.0000 0.00 0.00
2732 0.00 0.0000 0.00 0.00
2733 0.00 0.0000 0.00 0.00
2734 0.00 0.0000 0.00 0.00
2735 0.00 0.0000 0.00 0.00
2736 0.00 0.0000 0.00 0.00
2737 0.00 0.0000 0.00 0.00
2738 0.00 0.0000 0.00 0.00
2739 0.00 0.0000 0.00 0.00
2740 0.00 0.0000 0.00 0.00
2741 0.00 0.0000 0.00 0.00
2742 0.00 0.0000 0.00 0.00
2743 0.00 0.0000 0.00 0.00
2744 0.00 0.0000 0.00 0.00
2745 0.00 0.0000 0.00 0.00
2746 0.00 0.0000 0.00 0.00
2747 0.00 0.0000 0.00 0.00
2748 0.00 0.0000 0.00 0.00
2749 0.00 0.0000 0.00 0.00
2750 0.00 0.0000 0.00 0.00
2751 0.00 0.0000 0.00 0.00
2752 0.00 0.0000 0.00 0.00
2753 0.00 0.0000 0.00 0.00
2754 0.00 0.0000 0.00 0.00
2755 0.00 0.0000 0.00 0.00
2756 0.00 0.0000 0.00 0.00
2757 0.00 0.0000 0.00 0.00
2758 0.00 0.0000 0.00 0.00
2759 0.00 0.0000 0.00 0.00
2760 0.00 0.0000 0.00 0.00
2761 0.00 0.0000 0.00 0.00
2762 0.00 0.0000 0.00 0.00
2763 0.00 0.0000 0.00 0.00
2764 0.00 0.0000 0.00 0.00
2765 0.00 0.0000 0.00 0.00
2766 0.00 0.0000 0.00 0.00
2767 0.00 0.0000 0.00 0.00
2768 0.00 0.0000 0.00 0.00
2769 0.00 0.0000 0.00 0.00
2770 0.00 0.0000 0.00 0.00
2771 0.00 0.0000 0.00 0.00
2772 0.00 0.0000 0.00 0.00
2773 0.00 0.0000 0.00 0.00
2774 0.00 0.0000 0.00 0.00
2775 0.00 0.0000 0.00 0.00
2776 0.00 0.0000 0.00 0.00
2777 0.00 0.0000 0.00 0.00
2778 0.00 0.0000 0.00 0.00
2779 0.00 0.0000 0.00 0.00
2780 0.00 0.0000 0.00 0.00
2781 0.00 0.0000 0.00 0.00
2782 0.00 0.0000 0.00 0.00
2783 0.00 0.0000 0.00 0.00
2784 0.00 0.0000 0.00 0.00
2785 0.00 0.0000 0.00 0.00
2786 0.00 0.0000 0.00 0.00
2787 0.00 0.0000 0.00 0.00
2788 0.00 0.0000 0.00 0.00
2789 0.00 0.0000 0.00 0.00
2790 0.00 0.0000 0.00 0.00
2791 0.00 0.0000 0.00 0.00
2792 0.00 0.0000 0.00 0.00
2793 0.00 0.0000 0.00 0.00
2794 0.00 0.0000 0.00 0.00
2795 0.00 0.0000 0.00 0.00
2796 0.00 0.0000 0.00 0.00
2797 0.00 0.0000 0.00 0.00
2798 0.00 0.0000 0.00 0.00
2799 0.00 0.0000 0.00 0.00
2800 0.00 0.0000 0.00 0.00
2801 0.00 0.0000 0.00 0.00
2802 0.00 0.0000 0.00 0.00
2803 0.00 0.0000 0.00 0.00
2804 0.00 0.0000 0.00 0.00
2805 0.00 0.0000 0.00 0.00
2806 0.00 0.0000 0.00 0.00
2807 0.00 0.0000 0.00 0.00
2808 0.00 0.0000 0.00 0.00
2809 0.00 0.0000 0.00 0.00
2810 0.00 0.0000 0.00 0.00
2811 0.00 0.0000 0.00 0.00
2812 0.00 0.0000 0.00 0.00
2813 0.00 0.0000 0.00 0.00
2814 0.00 0.0000 0.00 0.00
2815 0.00 0.0000 0.00 0.00
2816 0.00 0.0000 0.00 0.00
2817 0.00 0.0000 0.00 0.00
2818 0.00 0.0000 0.00 0.00
2819 0.00 0.0000 0.00 0.00
2820 0.00 0.0000 0.00 0.00
2821 0.00 0.0000 0.00 0.00
2822 0.00 0.0000 0.00 0.00
2823 0.00 0.0000 0.00 0.00
2824 0.00 0.0000 0.00 0.00
2825 0.00 0.0000 0.00 0.00
2826 0.00 0.0000 0.00 0.00
2827 0.00 0.0000 0.00 0.00
2828 0.00 0.0000 0.00 0.00
2829 0.00 0.0000 0.00 0.00
2830 0.00 0.0000 0.00 0.00
2831 0.00 0.0000 0.00 0.00
2832 0.00 0.0000 0.00 0.00
2833 0.00 0.0000 0.00 0.00
2834 0.00 0.0000 0.00 0.00
2835 0.00 0.0000 0.00 0.00
2836 0.00 0.0000 0.00 0.00
2837 0.00 0.0000 0.00 0.00
2838 0.00 0.0000 0.00 0.00
2839 0.00 0.0000 0.00 0.00
2840 0.00 0.0000 0.00 0.00
2841 0.00 0.0000 0.00 0.00
2842 0.00 0.0000 0.00 0.00
2843 0.00 0.0000 0.00 0.00
2844 0.00 0.0000 0.00 0.00
2845 0.00 0.0000 0.00 0.00
2846 0.00 0.0000 0.00 0.00
2847 0.00 0.0000 0.00 0.00
2848 0.00 0.0000 0.00 0.00
2849 0.00 0.0000 0.00 0.00
2850 0.00 0.0000 0.00 0.00
2851 0.00 0.0000 0.00 0.00
2852 0.00 0.0000 0.00 0.00
2853 0.00 0.0000 0.00 0.00
2854 0.00 0.0000 0.00 0.00
2855 0.00 0.0000 0.00 0.00
2856 0.00 0.0000 0.00 0.00
2857 0.00 0.0000 0.00 0.00
2858 0.00 0.0000 0.00 0.00
2859 0.00 0.0000 0.00 0.00
2860 0.00 0.0000 0.00 0.00
2861 0.00 0.0000 0.00 0.00
2862 0.00 0.0000 0.00 0.00
2863 0.00 0.0000 0.00 0.00
2864 0.00 0.0000 0.00 0.00
2865 0.00 0.0000 0.00 0.00
2866 0.00 0.0000 0.00 0.00
2867 0.00 0.0000 0.00 0.00
2868 0.00 0.0000 0.00 0.00
2869 0.00 0.0000 0.00 0.00
2870 0.00 0.0000 0.00 0.00
2871 0.00 0.0000 0.00 0.00
2872 0.00 0.0000 0.00 0.00
2873 0.00 0.0000 0.00 0.00
2874 0.00 0.0000 0.00 0.00
2875 0.00 0.0000 0.00 0.00
2876 0.00 0.0000 0.00 0.00
2877 0.00 0.0000 0.00 0.00
2878 0.00 0.0000 0.00 0.00
2879 0.00 0.0000 0.00 0.00
2880 0.00 0.0000 0.00 0.00
2881 0.00 0.0000 0.00 0.00
2882 0.00 0.0000 0.00 0.00
2883 0.00 0.0000 0.00 0.00
2884 0.00 0.0000 0.00 0.00
2885 0.00 0.0000 0.00 0.00
2886 0.00 0.0000 0.00 0.00
2887 0.00 0.0000 0.00 0.00
2888 0.00 0.0000 0.00 0.00
2889 0.00 0.0000 0.00 0.00
2890 0.00 0.0000 0.00 0.00
2891 0.00 0.0000 0.00 0.00
2892 0.00 0.0000 0.00 0.00
2893 0.00 0.0000 0.00 0.00
2894 0.00 0.0000 0.00 0.00
2895 0.00 0.0000 0.00 0.00
2896 0.00 0.0000 0.00 0.00
2897 0.00 0.0000 0.00 0.00
2898 0.00 0.0000 0.00 0.00
2899 0.00 0.0000 0.00 0.00
2900 0.00 0.0000 0.00 0.00
2901 0.00 0.0000 0.00 0.00
2902 0.00 0.0000 0.00 0.00
2903 0.00 0.0000 0.00 0.00
2904 0.00 0.0000 0.00 0.00
2905 0.00 0.0000 0.00 0.00
2906 0.00 0.0000 0.00 0.00
2907 0.00 0.0000 0.00 0.00
2908 0.00 0.0000 0.00 0.00
2909 0.00 0.0000 0.00 0.00
2910 0.00 0.0000 0.00 0.00
2911 0.00 0.0000 0.00 0.00
2912 0.00 0.0000 0.00 0.00
2913 0.00 0.0000 0.00 0.00
2914 0.00 0.0000 0.00 0.00
2915 0.00 0.0000 0.00 0.00
2916 0.00 0.0000 0.00 0.00
2917 0.00 0.0000 0.00 0.00
2918 0.00 0.0000 0.00 0.00
2919 0.00 0.0000 0.00 0.00
2920 0.00 0.0000 0.00 0.00
2921 0.00 0.0000 0.00 0.00
2922 0.00 0.0000 0.00 0.00
2923 0.00 0.0000 0.00 0.00
2924 0.00 0.0000 0.00 0.00
2925 0.00 0.0000 0.00 0.00
2926 0.00 0.0000 0.00 0.00
2927 0.00 0.0000 0.00 0.00
2928 0.00 0.0000 0.00 0.00
2929 0.00 0.0000 0.00 0.00
2930 0.00 0.0000 0.00 0.00
2931 0.00 0.0000 0.00 0.00
2932 0.00 0.0000 0.00 0.00
2933 0.00 0.0000 0.00 0.00
2934 0.00 0.0000 0.00 0.00
2935 0.00 0.0000 0.00 0.00
2936 0.00 0.0000 0.00 0.00
2937 0.00 0.0000 0.00 0.00
2938 0.00 0.0000 0.00 0.00
2939 0.00 0.0000 0.00 0.00
2940 0.00 0.0000 0.00 0.00
2941 0.00 0.0000 0.00 0.00
2942 0.00 0.0000 0.00 0.00
2943 0.00 0.0000 0.00 0.00
2944 0.00 0.0000 0.00 0.00
2945 0.00 0.0000 0.00 0.00
2946 0.00 0.0000 0.00 0.00
2947 0.00 0.0000 0.00 0.00
2948 0.00 0.0000 0.00 0.00
2949 0.00 0.0000 0.00 0.00
2950 0.00 0.0000 0.00 0.00
2951 0.00 0.0000 0.00 0.00
2952 0.00 0.0000 0.00 0.00
2953 0.00 0.0000 0.00 0.00
2954 0.00 0.0000 0.00 0.00
2955 0.00 0.0000 0.00 0.00
2956 0.00 0.0000 0.00 0.00
2957 0.00 0.0000 0.00 0.00
2958 0.00 0.0000 0.00 0.00
2959 0.00 0.0000 0.00 0.00
2960 0.00 0.0000 0.00 0.00
2961 0.00 0.0000 0.00 0.00
2962 0.00 0.0000 0.00 0.00
2963 0.00 0.0000 0.00 0.00
2964 0.00 0.0000 0.00 0.00
2965 0.00 0.0000 0.00 0.00
2966 0.00 0.0000 0.00 0.00
2967 0.00 0.0000 0.00 0.00
2968 0.00 0.0000 0.00 0.00
2969 0.00 0.0000 0.00 0.00
2970 0.00 0.0000 0.00 0.00
2971 0.00 0.0000 0.00 0.00
2972 0.00 0.0000 0.00 0.00
2973 0.00 0.0000 0.00 0.00
2974 0.00 0.0000 0.00 0.00
2975 0.00 0.0000 0.00 0.00
2976 0.00 0.0000 0.00 0.00
2977 0.00 0.0000 0.00 0.00
2978 0.00 0.0000 0.00 0.00
2979 0.00 0.0000 0.00 0.00
2980 0.00 0.0000 0.00 0.00
2981 0.00 0.0000 0.00 0.00
2982 0.00 0.0000 0.00 0.00
2983 0.00 0.0000 0.00 0.00
2984 0.00 0.0000 0.00 0.00
2985 0.00 0.0000 0.00 0.00
2986 0.00 0.0000 0.00 0.00
2987 0.00 0.0000 0.00 0.00
2988 0.00 0.0000 0.00 0.00
2989 0.00 0.0000 0.00 0.00
2990 0.00 0.0000 0.00 0.00
2991 0.00 0.0000 0.00 0.00
2992 0.00 0.0000 0.00 0.00
2993 0.00 0.0000 0.00 0.00
2994 0.00 0.0000 0.00 0.00
2995 0.00 0.0000 0.00 0.00
2996 0.00 0.0000 0.00 0.00
2997 0.00 0.0000 0.00 0.00
2998 0.00 0.0000 0.00 0.00
2999 0.00 0.0000 0.00 0.00
3000 0.00 0.0000 0.00 0.00
3001 0.00 0.0000 0.00 0.00
3002 0.00 0.0000 0.00 0.00
3003 0.00 0.0000 0.00 0.00
3004 0.00 0.0000 0.00 0.00
3005 0.00 0.0000 0.00 0.00
3006 0.00 0.0000 0.00 0.00
3007 0.00 0.0000 0.00 0.00
3008 0.00 0.0000 0.00 0.00
3009 0.00 0.0000 0.00 0.00
3010 0.00 0.0000 0.00 0.00
3011 0.00 0.0000 0.00 0.00
3012 0.00 0.0000 0.00 0.00
3013 0.00 0.0000 0.00 0.00
3014 0.00 0.0000 0.00 0.00
3015 0.00 0.0000 0.00 0.00
3016 0.00 0.0000 0.00 0.00
3017 0.00 0.0000 0.00 0.00
3018 0.00 0.0000 0.00 0.00
3019 0.00 0.0000 0.00 0.00
3020 0.00 0.0000 0.00 0.00
3021 0.00 0.0000 0.00 0.00
3022 0.00 0.0000 0.00 0.00
3023 0.00 0.0000 0.00 0.00
3024 0.00 0.0000 0.00 0.00
3025 0.00 0.0000 0.00 0.00
3026 0.00 0.0000 0.00 0.00
3027 0.00 0.0000 0.00 0.00
3028 0.00 0.0000 0.00 0.00
3029 0.00 0.0000 0.00 0.00
3030 0.00 0.0000 0.00 0.00
3031 0.00 0.0000 0.00 0.00
3032 0.00 0.0000 0.00 0.00
3033 0.00 0.0000 0.00 0.00
3034 0.00 0.0000 0.00 0.00
3035 0.00 0.0000 0.00 0.00
3036 0.00 0.0000 0.00 0.00
3037 0.00 0.0000 0.00 0.00
3038 0.00 0.0000 0.00 0.00
3039 0.00 0.0000 0.00 0.00
3040 0.00 0.0000 0.00 0.00
3041 0.00 0.0000 0.00 0.00
3042 0.00 0.0000 0.00 0.00
3043 0.00 0.0000 0.00 0.00
3044 0.00 0.0000 0.00 0.00
3045 0.00 0.0000 0.00 0.00
3046 0.00 0.0000 0.00 0.00
3047 0.00 0.0000 0.00 0.00
3048 0.00 0.0000 0.00 0.00
3049 0.00 0.0000 0.00 0.00
3050 0.00 0.0000 0.00 0.00
3051 0.00 0.0000 0.00 0.00
3052 0.00 0.0000 0.00 0.00
3053 0.00 0.0000 0.00 0.00
3054 0.00 0.0000 0.00 0.00
3055 0.00 0.0000 0.00 0.00
3056 0.00 0.0000 0.00 0.00
3057 0.00 0.0000 0.00 0.00
3058 0.00 0.0000 0.00 0.00
3059 0.00 0.0000 0.00 0.00
3060 0.00 0.0000 0.00 0.00
3061 0.00 0.0000 0.00 0.00
3062 0.00 0.0000 0.00 0.00
3063 0.00 0.0000 0.00 0.00
3064 0.00 0.0000 0.00 0.00
3065 0.00 0.0000 0.00 0.00
3066 0.00 0.0000 0.00 0.00
3067 0.00 0.0000 0.00 0.00
3068 0.00 0.0000 0.00 0.00
3069 0.00 0.0000 0.00 0.00
3070 0.00 0.0000 0.00 0.00
3071 0.00 0.0000 0.00 0.00
3072 0.00 0.0000 0.00 0.00
3073 0.00 0.0000 0.00 0.00
3074 0.00 0.0000 0.00 0.00
3075 0.00 0.0000 0.00 0.00
3076 0.00 0.0000 0.00 0.00
3077 0.00 0.0000 0.00 0.00
3078 0.00 0.0000 0.00 0.00
3079 0.00 0.0000 0.00 0.00
3080 0.00 0.0000 0.00 0.00
3081 0.00 0.0000 0.00 0.00
3082 0.00 0.0000 0.00 0.00
3083 0.00 0.0000 0.00 0.00
3084 0.00 0.0000 0.00 0.00
3085 0.00 0.0000 0.00 0.00
3086 0.00 0.0000 0.00 0.00
3087 0.00 0.0000 0.00 0.00
3088 0.00 0.0000 0.00 0.00
3089 0.00 0.0000 0.00 0.00
3090 0.00 0.0000 0.00 0.00
3091 0.00 0.0000 0.00 0.00
3092 0.00 0.0000 0.00 0.00
3093 0.00 0.0000 0.00 0.00
3094 0.00 0.0000 0.00 0.00
3095 0.00 0.0000 0.00 0.00
3096 0.00 0.0000 0.00 0.00
3097 0.00 0.0000 0.00 0.00
3098 0.00 0.0000 0.00 0.00
3099 0.00 0.0000 0.00 0.00
3100 0.00 0.0000 0.00 0.00
3101 0.00 0.0000 0.00 0.00
3102 0.00 0.0000 0.00 0.00
3103 0.00 0.0000 0.00 0.00
3104 0.00 0.0000 0.00 0.00
3105 0.00 0.0000 0.00 0.00
3106 0.00 0.0000 0.00 0.00
3107 0.00 0.0000 0.00 0.00
3108 0.00 0.0000 0.00 0.00
3109 0.00 0.0000 0.00 0.00
3110 0.00 0.0000 0.00 0.00
3111 0.00 0.0000 0.00 0.00
3112 0.00 0.0000 0.00 0.00
3113 0.00 0.0000 0.00 0.00
3114 0.00 0.0000 0.00 0.00
3115 0.00 0.0000 0.00 0.00
3116 0.00 0.0000 0.00 0.00
3117 0.00 0.0000 0.00 0.00
3118 0.00 0.0000 0.00 0.00
3119 0.00 0.0000 0.00 0.00
3120 0.00 0.0000 0.00 0.00
3121 0.00 0.0000 0.00 0.00
3122 0.00 0.0000 0.00 0.00
3123 0.00 0.0000 0.00 0.00
3124 0.00 0.0000 0.00 0.00
3125 0.00 0.0000 0.00 0.00
3126 0.00 0.0000 0.00 0.00
3127 0.00 0.0000 0.00 0.00
3128 0.00 0.0000 0.00 0.00
3129 0.00 0.0000 0.00 0.00
3130 0.00 0.0000 0.00 0.00
3131 0.00 0.0000 0.00 0.00
3132 0.00 0.0000 0.00 0.00
3133 0.00 0.0000 0.00 0.00
3134 0.00 0.0000 0.00 0.00
3135 0.00 0.0000 0.00 0.00
3136 0.00 0.0000 0.00 0.00
3137 0.00 0.0000 0.00 0.00
3138 0.00 0.0000 0.00 0.00
3139 0.00 0.0000 0.00 0.00
3140 0.00 0.0000 0.00 0.00
3141 0.00 0.0000 0.00 0.00
3142 0.00 0.0000 0.00 0.00
3143 0.00 0.0000 0.00 0.00
3144 0.00 0.0000 0.00 0.00
3145 0.00 0.0000 0.00 0.00
3146 0.00 0.0000 0.00 0.00
3147 0.00 0.0000 0.00 0.00
3148 0.00 0.0000 0.00 0.00
3149 0.00 0.0000 0.00 0.00
3150 0.00 0.0000 0.00 0.00
3151 0.00 0.0000 0.00 0.00
3152 0.00 0.0000 0.00 0.00
3153 0.00 0.0000 0.00 0.00
3154 0.00 0.0000 0.00 0.00
3155 0.00 0.0000 0.00 0.00
3156 0.00 0.0000 0.00 0.00
3157 0.00 0.0000 0.00 0.00
3158 0.00 0.0000 0.00 0.00
3159 0.00 0.0000 0.00 0.00
3160 0.00 0.0000 0.00 0.00
3161 0.00 0.0000 0.00 0.00
3162 0.00 0.0000 0.00 0.00
3163 0.00 0.0000 0.00 0.00
3164 0.00 0.0000 0.00 0.00
3165 0.00 0.0000 0.00 0.00
3166 0.00 0.0000 0.00 0.00
3167 0.00 0.0000 0.00 0.00
3168 0.00 0.0000 0.00 0.00
3169 0.00 0.0000 0.00 0.00
3170 0.00 0.0000 0.00 0.00
3171 0.00 0.0000 0.00 0.00
3172 0.00 0.0000 0.00 0.00
3173 0.00 0.0000 0.00 0.00
3174 0.00 0.0000 0.00 0.00
3175 0.00 0.0000 0.00 0.00
3176 0.00 0.0000 0.00 0.00
3177 0.00 0.0000 0.00 0.00
3178 0.00 0.0000 0.00 0.00
3179 0.00 0.0000 0.00 0.00
3180 0.00 0.0000 0.00 0.00
3181 0.00 0.0000 0.00 0.00
3182 0.00 0.0000 0.00 0.00
3183 0.00 0.0000 0.00 0.00
3184 0.00 0.0000 0.00 0.00
3185 0.00 0.0000 0.00 0.00
3186 0.00 0.0000 0.00 0.00
3187 0.00 0.0000 0.00 0.00
3188 0.00 0.0000 0.00 0.00
3189 0.00 0.0000 0.00 0.00
3190 0.00 0.0000 0.00 0.00
3191 0.00 0.0000 0.00 0.00
3192 0.00 0.0000 0.00 0.00
3193 0.00 0.0000 0.00 0.00
3194 0.00 0.0000 0.00 0.00
3195 0.00 0.0000 0.00 0.00
3196 0.00 0.0000 0.00 0.00
3197 0.00 0.0000 0.00 0.00
3198 0.00 0.0000 0.00 0.00
3199 0.00 0.0000 0.00 0.00
3200 0.00 0.0000 0.00 0.00
3201 0.00 0.0000 0.00 0.00
3202 0.00 0.0000 0.00 0.00
3203 0.00 0.0000 0.00 0.00
3204 0.00 0.0000 0.00 0.00
3205 0.00 0.0000 0.00 0.00
3206 0.00 0.0000 0.00 0.00
3207 0.00 0.0000 0.00 0.00
3208 0.00 0.0000 0.00 0.00
3209 0.00 0.0000 0.00 0.00
3210 0.00 0.0000 0.00 0.00
3211 0.00 0.0000 0.00 0.00
3212 0.00 0.0000 0.00 0.00
3213 0.00 0.0000 0.00 0.00
3214 0.00 0.0000 0.00 0.00
3215 0.00 0.0000 0.00 0.00
3216 0.00 0.0000 0.00 0.00
3217 0.00 0.0000 0.00 0.00
3218 0.00 0.0000 0.00 0.00
3219 0.00 0.0000 0.00 0.00
3220 0.00 0.0000 0.00 0.00
3221 0.00 0.0000 0.00 0.00
3222 0.00 0.0000 0.00 0.00
3223 0.00 0.0000 0.00 0.00
3224 0.00 0.0000 0.00 0.00
3225 0.00 0.0000 0.00 0.00
3226 0.00 0.0000 0.00 0.00
3227 0.00 0.0000 0.00 0.00
3228 0.00 0.0000 0.00 0.00
3229 0.00 0.0000 0.00 0.00
3230 0.00 0.0000 0.00 0.00
3231 0.00 0.0000 0.00 0.00
3232 0.00 0.0000 0.00 0.00
3233 0.00 0.0000 0.00 0.00
3234 0.00 0.0000 0.00 0.00
3235 0.00 0.0000 0.00 0.00
3236 0.00 0.0000 0.00 0.00
3237 0.00 0.0000 0.00 0.00
3238 0.00 0.0000 0.00 0.00
3239 0.00 0.0000 0.00 0.00
3240 0.00 0.0000 0.00 0.00
3241 0.00 0.0000 0.00 0.00
3242 0.00 0.0000 0.00 0.00
3243 0.00 0.0000 0.00 0.00
3244 0.00 0.0000 0.00 0.00
3245 0.00 0.0000 0.00 0.00
3246 0.00 0.0000 0.00 0.00
3247 0.00 0.0000 0.00 0.00
3248 0.00 0.0000 0.00 0.00
3249 0.00 0.0000 0.00 0.00
3250 0.00 0.0000 0.00 0.00
3251 0.00 0.0000 0.00 0.00
3252 0.00 0.0000 0.00 0.00
3253 0.00 0.0000 0.00 0.00
3254 0.00 0.0000 0.00 0.00
3255 0.00 0.0000 0.00 0.00
3256 0.00 0.0000 0.00 0.00
3257 0.00 0.0000 0.00 0.00
3258 0.00 0.0000 0.00 0.00
3259 0.00 0.0000 0.00 0.00
3260 0.00 0.0000 0.00 0.00
3261 0.00 0.0000 0.00 0.00
3262 0.00 0.0000 0.00 0.00
3263 0.00 0.0000 0.00 0.00
3264 0.00 0.0000 0.00 0.00
3265 0.00 0.0000 0.00 0.00
3266 0.00 0.0000 0.00 0.00
3267 0.00 0.0000 0.00 0.00
3268 0.00 0.0000 0.00 0.00
3269 0.00 0.0000 0.00 0.00
3270 0.00 0.0000 0.00 0.00
3271 0.00 0.0000 0.00 0.00
3272 0.00 0.0000 0.00 0.00
3273 0.00 0.0000 0.00 0.00
3274 0.00 0.0000 0.00 0.00
3275 0.00 0.0000 0.00 0.00
3276 0.00 0.0000 0.00 0.00
3277 0.00 0.0000 0.00 0.00
3278 0.00 0.0000 0.00 0.00
3279 0.00 0.0000 0.00 0.00
3280 0.00 0.0000 0.00 0.00
3281 0.00 0.0000 0.00 0.00
3282 0.00 0.0000 0.00 0.00
3283 0.00 0.0000 0.00 0.00
3284 0.00 0.0000 0.00 0.00
3285 0.00 0.0000 0.00 0.00
3286 0.00 0.0000 0.00 0.00
3287 0.00 0.0000 0.00 0.00
3288 0.00 0.0000 0.00 0.00
3289 0.00 0.0000 0.00 0.00
3290 0.00 0.0000 0.00 0.00
3291 0.00 0.0000 0.00 0.00
3292 0.00 0.0000 0.00 0.00
3293 0.00 0.0000 0.00 0.00
3294 0.00 0.0000 0.00 0.00
3295 0.00 0.0000 0.00 0.00
3296 0.00 0.0000 0.00 0.00
3297 0.00 0.0000 0.00 0.00
3298 0.00 0.0000 0.00 0.00
3299 0.00 0.0000 0.00 0.00
3300 0.00 0.0000 0.00 0.00
3301 0.00 0.0000 0.00 0.00
3302 0.00 0.0000 0.00 0.00
3303 0.00 0.0000 0.00 0.00
3304 0.00 0.0000 0.00 0.00
3305 0.00 0.0000 0.00 0.00
3306 0.00 0.0000 0.00 0.00
3307 0.00 0.0000 0.00 0.00
3308 0.00 0.0000 0.00 0.00
3309 0.00 0.0000 0.00 0.00
3310 0.00 0.0000 0.00 0.00
3311 0.00 0.0000 0.00 0.00
3312 0.00 0.0000 0.00 0.00
3313 0.00 0.0000 0.00 0.00
3314 0.00 0.0000 0.00 0.00
3315 0.00 0.0000 0.00 0.00
3316 0.00 0.0000 0.00 0.00
3317 0.00 0.0000 0.00 0.00
3318 0.00 0.0000 0.00 0.00
3319 0.00 0.0000 0.00 0.00
3320 0.00 0.0000 0.00 0.00
3321 0.00 0.0000 0.00 0.00
3322 0.00 0.0000 0.00 0.00
3323 0.00 0.0000 0.00 0.00
3324 0.00 0.0000 0.00 0.00
3325 0.00 0.0000 0.00 0.00
3326 0.00 0.0000 0.00 0.00
3327 0.00 0.0000 0.00 0.00
3328 0.00 0.0000 0.00 0.00
3329 0.00 0.0000 0.00 0.00
3330 0.00 0.0000 0.00 0.00
3331 0.00 0.0000 0.00 0.00
3332 0.00 0.0000 0.00 0.00
3333 0.00 0.0000 0.00 0.00
3334 0.00 0.0000 0.00 0.00
3335 0.00 0.0000 0.00 0.00
3336 0.00 0.0000 0.00 0.00
3337 0.00 0.0000 0.00 0.00
3338 0.00 0.0000 0.00 0.00
3339 0.00 0.0000 0.00 0.00
3340 0.00 0.0000 0.00 0.00
3341 0.00 0.0000 0.00 0.00
3342 0.00 0.0000 0.00 0.00
3343 0.00 0.0000 0.00 0.00
3344 0.00 0.0000 0.00 0.00
3345 0.00 0.0000 0.00 0.00
3346 0.00 0.0000 0.00 0.00
3347 0.00 0.0000 0.00 0.00
3348 0.00 0.0000 0.00 0.00
3349 0.00 0.0000 0.00 0.00
3350 0.00 0.0000 0.00 0.00
3351 0.00 0.0000 0.00 0.00
3352 0.00 0.0000 0.00 0.00
3353 0.00 0.0000 0.00 0.00
3354 0.00 0.0000 0.00 0.00
3355 0.00 0.0000 0.00 0.00
3356 0.00 0.0000 0.00 0.00
3357 0.00 0.0000 0.00 0.00
3358 0.00 0.0000 0.00 0.00
3359 0.00 0.0000 0.00 0.00
3360 0.00 0.0000 0.00 0.00
3361 0.00 0.0000 0.00 0.00
3362 0.00 0.0000 0.00 0.00
3363 0.00 0.0000 0.00 0.00
3364 0.00 0.0000 0.00 0.00
3365 0.00 0.0000 0.00 0.00
3366 0.00 0.0000 0.00 0.00
3367 0.00 0.0000 0.00 0.00
3368 0.00 0.0000 0.00 0.00
3369 0.00 0.0000 0.00 0.00
3370 0.00 0.0000 0.00 0.00
3371 0.00 0.0000 0.00 0.00
3372 0.00 0.0000 0.00 0.00
3373 0.00 0.0000 0.00 0.00
3374 0.00 0.0000 0.00 0.00
3375 0.00 0.0000 0.00 0.00
3376 0.00 0.0000 0.00 0.00
3377 0.00 0.0000 0.00 0.00
3378 0.00 0.0000 0.00 0.00
3379 0.00 0.0000 0.00 0.00
3380 0.00 0.0000 0.00 0.00
3381 0.00 0.0000 0.00 0.00
3382 0.00 0.0000 0.00 0.00
3383 0.00 0.0000 0.00 0.00
3384 0.00 0.0000 0.00 0.00
3385 0.00 0.0000 0.00 0.00
3386 0.00 0.0000 0.00 0.00
3387 0.00 0.0000 0.00 0.00
3388 0.00 0.0000 0.00 0.00
3389 0.00 0.0000 0.00 0.00
3390 0.00 0.0000 0.00 0.00
3391 0.00 0.0000 0.00 0.00
3392 0.00 0.0000 0.00 0.00
3393 0.00 0.0000 0.00 0.00
3394 0.00 0.0000 0.00 0.00
3395 0.00 0.0000 0.00 0.00
3396 0.00 0.0000 0.00 0.00
3397 0.00 0.0000 0.00 0.00
3398 0.00 0.0000 0.00 0.00
3399 0.00 0.0000 0.00 0.00
3400 0.00 0.0000 0.00 0.00
3401 0.00 0.0000 0.00 0.00
3402 0.00 0.0000 0.00 0.00
3403 0.00 0.0000 0.00 0.00
3404 0.00 0.0000 0.00 0.00
3405 0.00 0.0000 0.00 0.00
3406 0.00 0.0000 0.00 0.00
3407 0.00 0.0000 0.00 0.00
3408 0.00 0.0000 0.00 0.00
3409 0.00 0.0000 0.00 0.00
3410 0.00 0.0000 0.00 0.00
3411 0.00 0.0000 0.00 0.00
3412 0.00 0.0000 0.00 0.00
3413 0.00 0.0000 0.00 0.00
3414 0.00 0.0000 0.00 0.00
3415 0.00 0.0000 0.00 0.00
3416 0.00 0.0000 0.00 0.00
3417 0.00 0.0000 0.00 0.00
3418 0.00 0.0000 0.00 0.00
3419 0.00 0.0000 0.00 0.00
3420 0.00 0.0000 0.00 0.00
3421 0.00 0.0000 0.00 0.00
3422 0.00 0.0000 0.00 0.00
3423 0.00 0.0000 0.00 0.00
3424 0.00 0.0000 0.00 0.00
3425 0.00 0.0000 0.00 0.00
3426 0.00 0.0000 0.00 0.00
3427 0.00 0.0000 0.00 0.00
3428 0.00 0.0000 0.00 0.00
3429 0.00 0.0000 0.00 0.00
3430 0.00 0.0000 0.00 0.00
3431 0.00 0.0000 0.00 0.00
3432 0.00 0.0000 0.00 0.00
3433 0.00 0.0000 0.00 0.00
3434 0.00 0.0000 0.00 0.00
3435 0.00 0.0000 0.00 0.00
3436 0.00 0.0000 0.00 0.00
3437 0.00 0.0000 0.00 0.00
3438 0.00 0.0000 0.00 0.00
3439 0.00 0.0000 0.00 0.00
3440 0.00 0.0000 0.00 0.00
3441 0.00 0.0000 0.00 0.00
3442 0.00 0.0000 0.00 0.00
3443 0.00 0.0000 0.00 0.00
3444 0.00 0.0000 0.00 0.00
3445 0.00 0.0000 0.00 0.00
3446 0.00 0.0000 0.00 0.00
3447 0.00 0.0000 0.00 0.00
3448 0.00 0.0000 0.00 0.00
3449 0.00 0.0000 0.00 0.00
3450 0.00 0.0000 0.00 0.00
3451 0.00 0.0000 0.00 0.00
3452 0.00 0.0000 0.00 0.00
3453 0.00 0.0000 0.00 0.00
3454 0.00 0.0000 0.00 0.00
3455 0.00 0.0000 0.00 0.00
3456 0.00 0.0000 0.00 0.00
3457 0.00 0.0000 0.00 0.00
3458 0.00 0.0000 0.00 0.00
3459 0.00 0.0000 0.00 0.00
3460 0.00 0.0000 0.00 0.00
3461 0.00 0.0000 0.00 0.00
3462 0.00 0.0000 0.00 0.00
3463 0.00 0.0000 0.00 0.00
3464 0.00 0.0000 0.00 0.00
3465 0.00 0.0000 0.00 0.00
3466 0.00 0.0000 0.00 0.00
3467 0.00 0.0000 0.00 0.00
3468 0.00 0.0000 0.00 0.00
3469 0.00 0.0000 0.00 0.00
3470 0.00 0.0000 0.00 0.00
3471 0.00 0.0000 0.00 0.00
3472 0.00 0.0000 0.00 0.00
3473 0.00 0.0000 0.00 0.00
3474 0.00 0.0000 0.00 0.00
3475 0.00 0.0000 0.00 0.00
3476 0.00 0.0000 0.00 0.00
3477 0.00 0.0000 0.00 0.00
3478 0.00 0.0000 0.00 0.00
3479 0.00 0.0000 0.00 0.00
3480 0.00 0.0000 0.00 0.00
3481 0.00 0.0000 0.00 0.00
3482 0.00 0.0000 0.00 0.00
3483 0.00 0.0000 0.00 0.00
3484 0.00 0.0000 0.00 0.00
3485 0.00 0.0000 0.00 0.00
3486 0.00 0.0000 0.00 0.00
3487 0.00 0.0000 0.00 0.00
3488 0.00 0.0000 0.00 0.00
3489 0.00 0.0000 0.00 0.00
3490 0.00 0.0000 0.00 0.00
3491 0.00 0.0000 0.00 0.00
3492 0.00 0.0000 0.00 0.00
3493 0.00 0.0000 0.00 0.00
3494 0.00 0.0000 0.00 0.00
3495 0.00 0.0000 0.00 0.00
3496 0.00 0.0000 0.00 0.00
3497 0.00 0.0000 0.00 0.00
3498 0.00 0.0000 0.00 0.00
3499 0.00 0.0000 0.00 0.00
3500 0.00 0.0000 0.00 0.00
3501 0.00 0.0000 0.00 0.00
3502 0.00 0.0000 0.00 0.00
3503 0.00 0.0000 0.00 0.00
3504 0.00 0.0000 0.00 0.00
3505 0.00 0.0000 0.00 0.00
3506 0.00 0.0000 0.00 0.00
3507 0.00 0.0000 0.00 0.00
3508 0.00 0.0000 0.00 0.00
3509 0.00 0.0000 0.00 0.00
3510 0.00 0.0000 0.00 0.00
3511 0.00 0.0000 0.00 0.00
3512 0.00 0.0000 0.00 0.00
3513 0.00 0.0000 0.00 0.00
3514 0.00 0.0000 0.00 0.00
3515 0.00 0.0000 0.00 0.00
3516 0.00 0.0000 0.00 0.00
3517 0.00 0.0000 0.00 0.00
3518 0.00 0.0000 0.00 0.00
3519 0.00 0.0000 0.00 0.00
3520 0.00 0.0000 0.00 0.00
3521 0.00 0.0000 0.00 0.00
3522 0.00 0.0000 0.00 0.00
3523 0.00 0.0000 0.00 0.00
3524 0.00 0.0000 0.00 0.00
3525 0.00 0.0000 0.00 0.00
3526 0.00 0.0000 0.00 0.00
3527 0.00 0.0000 0.00 0.00
3528 0.00 0.0000 0.00 0.00
3529 0.00 0.0000 0.00 0.00
3530 0.00 0.0000 0.00 0.00
3531 0.00 0.0000 0.00 0.00
3532 0.00 0.0000 0.00 0.00
3533 0.00 0.0000 0.00 0.00
3534 0.00 0.0000 0.00 0.00
3535 0.00 0.0000 0.00 0.00
3536 0.00 0.0000 0.00 0.00
3537 0.00 0.0000 0.00 0.00
3538 0.00 0.0000 0.00 0.00
3539 0.00 0.0000 0.00 0.00
3540 0.00 0.0000 0.00 0.00
3541 0.00 0.0000 0.00 0.00
3542 0.00 0.0000 0.00 0.00
3543 0.00 0.0000 0.00 0.00
3544 0.00 0.0000 0.00 0.00
3545 0.00 0.0000 0.00 0.00
3546 0.00 0.0000 0.00 0.00
3547 0.00 0.0000 0.00 0.00
3548 0.00 0.0000 0.00 0.00
3549 0.00 0.0000 0.00 0.00
3550 0.00 0.0000 0.00 0.00
3551 0.00 0.0000 0.00 0.00
3552 0.00 0.0000 0.00 0.00
3553 0.00 0.0000 0.00 0.00
3554 0.00 0.0000 0.00 0.00
3555 0.00 0.0000 0.00 0.00
3556 0.00 0.0000 0.00 0.00
3557 0.00 0.0000 0.00 0.00
3558 0.00 0.0000 0.00 0.00
3559 0.00 0.0000 0.00 0.00
3560 0.00 0.0000 0.00 0.00
3561 0.00 0.0000 0.00 0.00
3562 0.00 0.0000 0.00 0.00
3563 0.00 0.0000 0.00 0.00
3564 0.00 0.0000 0.00 0.00
3565 0.00 0.0000 0.00 0.00
3566 0.00 0.0000 0.00 0.00
3567 0.00 0.0000 0.00 0.00
3568 0.00 0.0000 0.00 0.00
3569 0.00 0.0000 0.00 0.00
3570 0.00 0.0000 0.00 0.00
3571 0.00 0.0000 0.00 0.00
3572 0.00 0.0000 0.00 0.00
3573 0.00 0.0000 0.00 0.00
3574 0.00 0.0000 0.00 0.00
3575 0.00 0.0000 0.00 0.00
3576 0.00 0.0000 0.00 0.00
3577 0.00 0.0000 0.00 0.00
3578 0.00 0.0000 0.00 0.00
3579 0.00 0.0000 0.00 0.00
3580 0.00 0.0000 0.00 0.00
3581 0.00 0.0000 0.00 0.00
3582 0.00 0.0000 0.00 0.00
3583 0.00 0.0000 0.00 0.00
3584 0.00 0.0000 0.00 0.00
3585 0.00 0.0000 0.00 0.00
3586 0.00 0.0000 0.00 0.00
3587 0.00 0.0000 0.00 0.00
3588 0.00 0.0000 0.00 0.00
3589 0.00 0.0000 0.00 0.00
3590 0.00 0.0000 0.00 0.00
3591 0.00 0.0000 0.00 0.00
3592 0.00 0.0000 0.00 0.00
3593 0.00 0.0000 0.00 0.00
3594 0.00 0.0000 0.00 0.00
3595 0.00 0.0000 0.00 0.00
3596 0.00 0.0000 0.00 0.00
3597 0.00 0.0000 0.00 0.00
3598 0.00 0.0000 0.00 0.00
3599 0.00 0.0000 0.00 0.00
3600 0.00 0.0000 0.00 0.00
3601 0.00 0.0000 0.00 0.00
3602 0.00 0.0000 0.00 0.00
3603 0.00 0.0000 0.00 0.00
3604 0.00 0.0000 0.00 0.00
3605 0.00 0.0000 0.00 0.00
3606 0.00 0.0000 0.00 0.00
3607 0.00 0.0000 0.00 0.00
3608 0.00 0.0000 0.00 0.00
3609 0.00 0.0000 0.00 0.00
3610 0.00 0.0000 0.00 0.00
3611 0.00 0.0000 0.00 0.00
3612 0.00 0.0000 0.00 0.00
3613 0.00 0.0000 0.00 0.00
3614 0.00 0.0000 0.00 0.00
3615 0.00 0.0000 0.00 0.00
3616 0.00 0.0000 0.00 0.00
3617 0.00 0.0000 0.00 0.00
3618 0.00 0.0000 0.00 0.00
3619 0.00 0.0000 0.00 0.00
3620 0.00 0.0000 0.00 0.00
3621 0.00 0.0000 0.00 0.00
3622 0.00 0.0000 0.00 0.00
3623 0.00 0.0000 0.00 0.00
3624 0.00 0.0000 0.00 0.00
3625 0.00 0.0000 0.00 0.00
3626 0.00 0.0000 0.00 0.00
3627 0.00 0.0000 0.00 0.00
3628 0.00 0.0000 0.00 0.00
3629 0.00 0.0000 0.00 0.00
3630 0.00 0.0000 0.00 0.00
3631 0.00 0.0000 0.00 0.00
3632 0.00 0.0000 0.00 0.00
3633 0.00 0.0000 0.00 0.00
3634 0.00 0.0000 0.00 0.00
3635 0.00 0.0000 0.00 0.00
3636 0.00 0.0000 0.00 0.00
3637 0.00 0.0000 0.00 0.00
3638 0.00 0.0000 0.00 0.00
3639 0.00 0.0000 0.00 0.00
3640 0.00 0.0000 0.00 0.00
3641 0.00 0.0000 0.00 0.00
3642 0.00 0.0000 0.00 0.00
3643 0.00 0.0000 0.00 0.00
3644 0.00 0.0000 0.00 0.00
3645 0.00 0.0000 0.00 0.00
3646 0.00 0.0000 0.00 0.00
3647 0.00 0.0000 0.00 0.00
3648 0.00 0.0000 0.00 0.00
3649 0.00 0.0000 0.00 0.00
3650 0.00 0.0000 0.00 0.00
3651 0.00 0.0000 0.00 0.00
3652 0.00 0.0000 0.00 0.00
3653 0.00 0.0000 0.00 0.00
3654 0.00 0.0000 0.00 0.00
3655 0.00 0.0000 0.00 0.00
3656 0.00 0.0000 0.00 0.00
3657 0.00 0.0000 0.00 0.00
3658 0.00 0.0000 0.00 0.00
3659 0.00 0.0000 0.00 0.00
3660 0.00 0.0000 0.00 0.00
3661 0.00 0.0000 0.00 0.00
3662 0.00 0.0000 0.00 0.00
3663 0.00 0.0000 0.00 0.00
3664 0.00 0.0000 0.00 0.00
3665 0.00 0.0000 0.00 0.00
3666 0.00 0.0000 0.00 0.00
3667 0.00 0.0000 0.00 0.00
3668 0.00 0.0000 0.00 0.00
3669 0.00 0.0000 0.00 0.00
3670 0.00 0.0000 0.00 0.00
3671 0.00 0.0000 0.00 0.00
3672 0.00 0.0000 0.00 0.00
3673 0.00 0.0000 0.00 0.00
3674 0.00 0.0000 0.00 0.00
3675 0.00 0.0000 0.00 0.00
3676 0.00 0.0000 0.00 0.00
3677 0.00 0.0000 0.00 0.00
3678 0.00 0.0000 0.00 0.00
3679 0.00 0.0000 0.00 0.00
3680 0.00 0.0000 0.00 0.00
3681 0.00 0.0000 0.00 0.00
3682 0.00 0.0000 0.00 0.00
3683 0.00 0.0000 0.00 0.00
3684 0.00 0.0000 0.00 0.00
3685 0.00 0.0000 0.00 0.00
3686 0.00 0.0000 0.00 0.00
3687 0.00 0.0000 0.00 0.00
3688 0.00 0.0000 0.00 0.00
3689 0.00 0.0000 0.00 0.00
3690 0.00 0.0000 0.00 0.00
3691 0.00 0.0000 0.00 0.00
3692 0.00 0.0000 0.00 0.00
3693 0.00 0.0000 0.00 0.00
3694 0.00 0.0000 0.00 0.00
3695 0.00 0.0000 0.00 0.00
3696 0.00 0.0000 0.00 0.00
3697 0.00 0.0000 0.00 0.00
3698 0.00 0.0000 0.00 0.00
3699 0.00 0.0000 0.00 0.00
3700 0.00 0.0000 0.00 0.00
3701 0.00 0.0000 0.00 0.00
3702 0.00 0.0000 0.00 0.00
3703 0.00 0.0000 0.00 0.00
3704 0.00 0.0000 0.00 0.00
3705 0.00 0.0000 0.00 0.00
3706 0.00 0.0000 0.00 0.00
3707 0.00 0.0000 0.00 0.00
3708 0.00 0.0000 0.00 0.00
3709 0.00 0.0000 0.00 0.00
3710 0.00 0.0000 0.00 0.00
3711 0.00 0.0000 0.00 0.00
3712 0.00 0.0000 0.00 0.00
3713 0.00 0.0000 0.00 0.00
3714 0.00 0.0000 0.00 0.00
3715 0.00 0.0000 0.00 0.00
3716 0.00 0.0000 0.00 0.00
3717 0.00 0.0000 0.00 0.00
3718 0.00 0.0000 0.00 0.00
3719 0.00 0.0000 0.00 0.00
3720 0.00 0.0000 0.00 0.00
3721 0.00 0.0000 0.00 0.00
3722 0.00 0.0000 0.00 0.00
3723 0.00 0.0000 0.00 0.00
3724 0.00 0.0000 0.00 0.00
3725 0.00 0.0000 0.00 0.00
3726 0.00 0.0000 0.00 0.00
3727 0.00 0.0000 0.00 0.00
3728 0.00 0.0000 0.00 0.00
3729 0.00 0.0000 0.00 0.00
3730 0.00 0.0000 0.00 0.00
3731 0.00 0.0000 0.00 0.00
3732 0.00 0.0000 0.00 0.00
3733 0.00 0.0000 0.00 0.00
3734 0.00 0.0000 0.00 0.00
3735 0.00 0.0000 0.00 0.00
3736 0.00 0.0000 0.00 0.00
3737 0.00 0.0000 0.00 0.00
3738 0.00 0.0000 0.00 0.00
3739 0.00 0.0000 0.00 0.00
3740 0.00 0.0000 0.00 0.00
3741 0.00 0.0000 0.00 0.00
3742 0.00 0.0000 0.00 0.00
3743 0.00 0.0000 0.00 0.00
3744 0.00 0.0000 0.00 0.00
3745 0.00 0.0000 0.00 0.00
3746 0.00 0.0000 0.00 0.00
3747 0.00 0.0000 0.00 0.00
3748 0.00 0.0000 0.00 0.00
3749 0.00 0.0000 0.00 0.00
3750 0.00 0.0000 0.00 0.00
3751 0.00 0.0000 0.00 0.00
3752 0.00 0.0000 0.00 0.00
3753 0.00 0.0000 0.00 0.00
3754 0.00 0.0000 0.00 0.00
3755 0.00 0.0000 0.00 0.00
3756 0.00 0.0000 0.00 0.00
3757 0.00 0.0000 0.00 0.00
3758 0.00 0.0000 0.00 0.00
3759 0.00 0.0000 0.00 0.00
3760 0.00 0.0000 0.00 0.00
3761 0.00 0.0000 0.00 0.00
3762 0.00 0.0000 0.00 0.00
3763 0.00 0.0000 0.00 0.00
3764 0.00 0.0000 0.00 0.00
3765 0.00 0.0000 0.00 0.00
3766 0.00 0.0000 0.00 0.00
3767 0.00 0.0000 0.00 0.00
3768 0.00 0.0000 0.00 0.00
3769 0.00 0.0000 0.00 0.00
3770 0.00 0.0000 0.00 0.00
3771 0.00 0.0000 0.00 0.00
3772 0.00 0.0000 0.00 0.00
3773 0.00 0.0000 0.00 0.00
3774 0.00 0.0000 0.00 0.00
3775 0.00 0.0000 0.00 0.00
3776 0.00 0.0000 0.00 0.00
3777 0.00 0.0000 0.00 0.00
3778 0.00 0.0000 0.00 0.00
3779 0.00 0.0000 0.00 0.00
3780 0.00 0.0000 0.00 0.00
3781 0.00 0.0000 0.00 0.00
3782 0.00 0.0000 0.00 0.00
3783 0.00 0.0000 0.00 0.00
3784 0.00 0.0000 0.00 0.00
3785 0.00 0.0000 0.00 0.00
3786 0.00 0.0000 0.00 0.00
3787 0.00 0.0000 0.00 0.00
3788 0.00 0.0000 0.00 0.00
3789 0.00 0.0000 0.00 0.00
3790 0.00 0.0000 0.00 0.00
3791 0.00 0.0000 0.00 0.00
3792 0.00 0.0000 0.00 0.00
3793 0.00 0.0000 0.00 0.00
3794 0.00 0.0000 0.00 0.00
3795 0.00 0.0000 0.00 0.00
3796 0.00 0.0000 0.00 0.00
3797 0.00 0.0000 0.00 0.00
3798 0.00 0.0000 0.00 0.00
3799 0.00 0.0000 0.00 0.00
3800 0.00 0.0000 0.00 0.00
3801 0.00 0.0000 0.00 0.00
3802 0.00 0.0000 0.00 0.00
3803 0.00 0.0000 0.00 0.00
3804 0.00 0.0000 0.00 0.00
3805 0.00 0.0000 0.00 0.00
3806 0.00 0.0000 0.00 0.00
3807 0.00 0.0000 0.00 0.00
3808 0.00 0.0000 0.00 0.00
3809 0.00 0.0000 0.00 0.00
3810 0.00 0.0000 0.00 0.00
3811 0.00 0.0000 0.00 0.00
3812 0.00 0.0000 0.00 0.00
3813 0.00 0.0000 0.00 0.00
3814 0.00 0.0000 0.00 0.00
3815 0.00 0.0000 0.00 0.00
3816 0.00 0.0000 0.00 0.00
3817 0.00 0.0000 0.00 0.00
3818 0.00 0.0000 0.00 0.00
3819 0.00 0.0000 0.00 0.00
3820 0.00 0.0000 0.00 0.00
3821 0.00 0.0000 0.00 0.00
3822 0.00 0.0000 0.00 0.00
3823 0.00 0.0000 0.00 0.00
3824 0.00 0.0000 0.00 0.00
3825 0.00 0.0000 0.00 0.00
3826 0.00 0.0000 0.00 0.00
3827 0.00 0.0000 0.00 0.00
3828 0.00 0.0000 0.00 0.00
3829 0.00 0.0000 0.00 0.00
3830 0.00 0.0000 0.00 0.00
3831 0.00 0.0000 0.00 0.00
3832 0.00 0.0000 0.00 0.00
3833 0.00 0.0000 0.00 0.00
3834 0.00 0.0000 0.00 0.00
3835 0.00 0.0000 0.00 0.00
3836 0.00 0.0000 0.00 0.00
3837 0.00 0.0000 0.00 0.00
3838 0.00 0.0000 0.00 0.00
3839 0.00 0.0000 0.00 0.00
3840 0.00 0.0000 0.00 0.00
3841 0.00 0.0000 0.00 0.00
3842 0.00 0.0000 0.00 0.00
3843 0.00 0.0000 0.00 0.00
3844 0.00 0.0000 0.00 0.00
3845 0.00 0.0000 0.00 0.00
3846 0.00 0.0000 0.00 0.00
3847 0.00 0.0000 0.00 0.00
3848 0.00 0.0000 0.00 0.00
3849 0.00 0.0000 0.00 0.00
3850 0.00 0.0000 0.00 0.00
3851 0.00 0.0000 0.00 0.00
3852 0.00 0.0000 0.00 0.00
3853 0.00 0.0000 0.00 0.00
3854 0.00 0.0000 0.00 0.00
3855 0.00 0.0000 0.00 0.00
3856 0.00 0.0000 0.00 0.00
3857 0.00 0.0000 0.00 0.00
3858 0.00 0.0000 0.00 0.00
3859 0.00 0.0000 0.00 0.00
3860 0.00 0.0000 0.00 0.00
3861 0.00 0.0000 0.00 0.00
3862 0.00 0.0000 0.00 0.00
3863 0.00 0.0000 0.00 0.00
3864 0.00 0.0000 0.00 0.00
3865 0.00 0.0000 0.00 0.00
3866 0.00 0.0000 0.00 0.00
3867 0.00 0.0000 0.00 0.00
3868 0.00 0.0000 0.00 0.00
3869 0.00 0.0000 0.00 0.00
3870 0.00 0.0000 0.00 0.00
3871 0.00 0.0000 0.00 0.00
3872 0.00 0.0000 0.00 0.00
3873 0.00 0.0000 0.00 0.00
3874 0.00 0.0000 0.00 0.00
3875 0.00 0.0000 0.00 0.00
3876 0.00 0.0000 0.00 0.00
3877 0.00 0.0000 0.00 0.00
3878 0.00 0.0000 0.00 0.00
3879 0.00 0.0000 0.00 0.00
3880 0.00 0.0000 0.00 0.00
3881 0.00 0.0000 0.00 0.00
3882 0.00 0.0000 0.00 0.00
3883 0.00 0.0000 0.00 0.00
3884 0.00 0.0000 0.00 0.00
3885 0.00 0.0000 0.00 0.00
3886 0.00 0.0000 0.00 0.00
3887 0.00 0.0000 0.00 0.00
3888 0.00 0.0000 0.00 0.00
3889 0.00 0.0000 0.00 0.00
3890 0.00 0.0000 0.00 0.00
3891 0.00 0.0000 0.00 0.00
3892 0.00 0.0000 0.00 0.00
3893 0.00 0.0000 0.00 0.00
3894 0.00 0.0000 0.00 0.00
3895 0.00 0.0000 0.00 0.00
3896 0.00 0.0000 0.00 0.00
3897 0.00 0.0000 0.00 0.00
3898 0.00 0.0000 0.00 0.00
3899 0.00 0.0000 0.00 0.00
3900 0.00 0.0000 0.00 0.00
3901 0.00 0.0000 0.00 0.00
3902 0.00 0.0000 0.00 0.00
3903 0.00 0.0000 0.00 0.00
3904 0.00 0.0000 0.00 0.00
3905 0.00 0.0000 0.00 0.00
3906 0.00 0.0000 0.00 0.00
3907 0.00 0.0000 0.00 0.00
3908 0.00 0.0000 0.00 0.00
3909 0.00 0.0000 0.00 0.00
3910 0.00 0.0000 0.00 0.00
3911 0.00 0.0000 0.00 0.00
3912 0.00 0.0000 0.00 0.00
3913 0.00 0.0000 0.00 0.00
3914 0.00 0.0000 0.00 0.00
3915 0.00 0.0000 0.00 0.00
3916 0.00 0.0000 0.00 0.00
3917 0.00 0.0000 0.00 0.00
3918 0.00 0.0000 0.00 0.00
3919 0.00 0.0000 0.00 0.00
3920 0.00 0.0000 0.00 0.00
3921 0.00 0.0000 0.00 0.00
3922 0.00 0.0000 0.00 0.00
3923 0.00 0.0000 0.00 0.00
3924 0.00 0.0000 0.00 0.00
3925 0.00 0.0000 0.00 0.00
3926 0.00 0.0000 0.00 0.00
3927 0.00 0.0000 0.00 0.00
3928 0.00 0.0000 0.00 0.00
3929 0.00 0.0000 0.00 0.00
3930 0.00 0.0000 0.00 0.00
3931 0.00 0.0000 0.00 0.00
3932 0.00 0.0000 0.00 0.00
3933 0.00 0.0000 0.00 0.00
3934 0.00 0.0000 0.00 0.00
3935 0.00 0.0000 0.00 0.00
3936 0.00 0.0000 0.00 0.00
3937 0.00 0.0000 0.00 0.00
3938 0.00 0.0000 0.00 0.00
3939 0.00 0.0000 0.00 0.00
3940 0.00 0.0000 0.00 0.00
3941 0.00 0.0000 0.00 0.00
3942 0.00 0.0000 0.00 0.00
3943 0.00 0.0000 0.00 0.00
3944 0.00 0.0000 0.00 0.00
3945 0.00 0.0000 0.00 0.00
3946 0.00 0.0000 0.00 0.00
3947 0.00 0.0000 0.00 0.00
3948 0.00 0.0000 0.00 0.00
3949 0.00 0.0000 0.00 0.00
3950 0.00 0.0000 0.00 0.00
3951 0.00 0.0000 0.00 0.00
3952 0.00 0.0000 0.00 0.00
3953 0.00 0.0000 0.00 0.00
3954 0.00 0.0000 0.00 0.00
3955 0.00 0.0000 0.00 0.00
3956 0.00 0.0000 0.00 0.00
3957 0.00 0.0000 0.00 0.00
3958 0.00 0.0000 0.00 0.00
3959 0.00 0.0000 0.00 0.00
3960 0.00 0.0000 0.00 0.00
3961 0.00 0.0000 0.00 0.00
3962 0.00 0.0000 0.00 0.00
3963 0.00 0.0000 0.00 0.00
3964 0.00 0.0000 0.00 0.00
3965 0.00 0.0000 0.00 0.00
3966 0.00 0.0000 0.00 0.00
3967 0.00 0.0000 0.00 0.00
3968 0.00 0.0000 0.00 0.00
3969 0.00 0.0000 0.00 0.00
3970 0.00 0.0000 0.00 0.00
3971 0.00 0.0000 0.00 0.00
3972 0.00 0.0000 0.00 0.00
3973 0.00 0.0000 0.00 0.00
3974 0.00 0.0000 0.00 0.00
3975 0.00 0.0000 0.00 0.00
3976 0.00 0.0000 0.00 0.00
3977 0.00 0.0000 0.00 0.00
3978 0.00 0.0000 0.00 0.00
3979 0.00 0.0000 0.00 0.00
3980 0.00 0.0000 0.00 0.00
3981 0.00 0.0000 0.00 0.00
3982 0.00 0.0000 0.00 0.00
3983 0.00 0.0000 0.00 0.00
3984 0.00 0.0000 0.00 0.00
3985 0.00 0.0000 0.00 0.00
3986 0.00 0.0000 0.00 0.00
3987 0.00 0.0000 0.00 0.00
3988 0.00 0.0000 0.00 0.00
3989 0.00 0.0000 0.00 0.00
3990 0.00 0.0000 0.00 0.00
3991 0.00 0.0000 0.00 0.00
3992 0.00 0.0000 0.00 0.00
3993 0.00 0.0000 0.00 0.00
3994 0.00 0.0000 0.00 0.00
3995 0.00 0.0000 0.00 0.00
3996 0.00 0.0000 0.00 0.00
3997 0.00 0.0000 0.00 0.00
3998 0.00 0.0000 0.00 0.00
3999 0.00 0.0000 0.00 0.00
4000 0.00 0.0000 0.00 0.00
4001 0.00 0.0000 0.00 0.00
4002 0.00 0.0000 0.00 0.00
4003 0.00 0.0000 0.00 0.00
4004 0.00 0.0000 0.00 0.00
4005 0.00 0.0000 0.00 0.00
4006 0.00 0.0000 0.00 0.00
4007 0.00 0.0000 0.00 0.00
4008 0.00 0.0000 0.00 0.00
4009 0.00 0.0000 0.00 0.00
4010 0.00 0.0000 0.00 0.00
4011 0.00 0.0000 0.00 0.00
4012 0.00 0.0000 0.00 0.00
4013 0.00 0.0000 0.00 0.00
4014 0.00 0.0000 0.00 0.00
4015 0.00 0.0000 0.00 0.00
4016 0.00 0.0000 0.00 0.00
4017 0.00 0.0000 0.00 0.00
4018 0.00 0.0000 0.00 0.00
4019 0.00 0.0000 0.00 0.00
4020 0.00 0.0000 0.00 0.00
4021 0.00 0.0000 0.00 0.00
4022 0.00 0.0000 0.00 0.00
4023 0.00 0.0000 0.00 0.00
4024 0.00 0.0000 0.00 0.00
4025 0.00 0.0000 0.00 0.00
4026 0.00 0.0000 0.00 0.00
4027 0.00 0.0000 0.00 0.00
4028 0.00 0.0000 0.00 0.00
4029 0.00 0.0000 0.00 0.00
4030 0.00 0.0000 0.00 0.00
4031 0.00 0.0000 0.00 0.00
4032 0.00 0.0000 0.00 0.00
4033 0.00 0.0000 0.00 0.00
4034 0.00 0.0000 0.00 0.00
4035 0.00 0.0000 0.00 0.00
4036 0.00 0.0000 0.00 0.00
4037 0.00 0.0000 0.00 0.00
4038 0.00 0.0000 0.00 0.00
4039 0.00 0.0000 0.00 0.00
4040 0.00 0.0000 0.00 0.00
4041 0.00 0.0000 0.00 0.00
4042 0.00 0.0000 0.00 0.00
4043 0.00 0.0000 0.00 0.00
4044 0.00 0.0000 0.00 0.00
4045 0.00 0.0000 0.00 0.00
4046 0.00 0.0000 0.00 0.00
4047 0.00 0.0000 0.00 0.00
4048 0.00 0.0000 0.00 0.00
4049 0.00 0.0000 0.00 0.00
4050 0.00 0.0000 0.00 0.00
4051 0.00 0.0000 0.00 0.00
4052 0.00 0.0000 0.00 0.00
4053 0.00 0.0000 0.00 0.00
4054 0.00 0.0000 0.00 0.00
4055 0.00 0.0000 0.00 0.00
4056 0.00 0.0000 0.00 0.00
4057 0.00 0.0000 0.00 0.00
4058 0.00 0.0000 0.00 0.00
4059 0.00 0.0000 0.00 0.00
4060 0.00 0.0000 0.00 0.00
4061 0.00 0.0000 0.00 0.00
4062 0.00 0.0000 0.00 0.00
4063 0.00 0.0000 0.00 0.00
4064 0.00 0.0000 0.00 0.00
4065 0.00 0.0000 0.00 0.00
4066 0.00 0.0000 0.00 0.00
4067 0.00 0.0000 0.00 0.00
4068 0.00 0.0000 0.00 0.00
4069 0.00 0.0000 0.00 0.00
4070 0.00 0.0000 0.00 0.00
4071 0.00 0.0000 0.00 0.00
4072 0.00 0.0000 0.00 0.00
4073 0.00 0.0000 0.00 0.00
4074 0.00 0.0000 0.00 0.00
4075 0.00 0.0000 0.00 0.00
4076 0.00 0.0000 0.00 0.00
4077 0.00 0.0000 0.00 0.00
4078 0.00 0.0000 0.00 0.00
4079 0.00 0.0000 0.00 0.00
4080 0.00 0.0000 0.00 0.00
4081 0.00 0.0000 0.00 0.00
4082 0.00 0.0000 0.00 0.00
4083 0.00 0.0000 0.00 0.00
4084 0.00 0.0000 0.00 0.00
4085 0.00 0.0000 0.00 0.00
4086 0.00 0.0000 0.00 0.00
4087 0.00 0.0000 0.00 0.00
4088 0.00 0.0000 0.00 0.00
4089 0.00 0.0000 0.00 0.00
4090 0.00 0.0000 0.00 0.00
4091 0.00 0.0000 0.00 0.00
4092 0.00 0.0000 0.00 0.00
4093 0.00 0.0000 0.00 0.00
4094 0.00 0.0000 0.00 0.00
4095 0.00 0.0000 0.00 0.00
4096 0.00 0.0000 0.00 0.00
4097 0.00 0.0000 0.00 0.00
4098 0.00 0.0000 0.00 0.00
4099 0.00 0.0000 0.00 0.00
4100 0.00 0.0000 0.00 0.00
4101 0.00 0.0000 0.00 0.00
4102 0.00 0.0000 0.00 0.00
4103 0.00 0.0000 0.00 0.00
4104 0.00 0.0000 0.00 0.00
4105 0.00 0.0000 0.00 0.00
4106 0.00 0.0000 0.00 0.00
4107 0.00 0.0000 0.00 0.00
4108 0.00 0.0000 0.00 0.00
4109 0.00 0.0000 0.00 0.00
4110 0.00 0.0000 0.00 0.00
4111 0.00 0.0000 0.00 0.00
4112 0.00 0.0000 0.00 0.00
4113 0.00 0.0000 0.00 0.00
4114 0.00 0.0000 0.00 0.00
4115 0.00 0.0000 0.00 0.00
4116 0.00 0.0000 0.00 0.00
4117 0.00 0.0000 0.00 0.00
4118 0.00 0.0000 0.00 0.00
4119 0.00 0.0000 0.00 0.00
4120 0.00 0.0000 0.00 0.00
4121 0.00 0.0000 0.00 0.00
4122 0.00 0.0000 0.00 0.00
4123 0.00 0.0000 0.00 0.00
4124 0.00 0.0000 0.00 0.00
4125 0.00 0.0000 0.00 0.00
4126 0.00 0.0000 0.00 0.00
4127 0.00 0.0000 0.00 0.00
4128 0.00 0.0000 0.00 0.00
4129 0.00 0.0000 0.00 0.00
4130 0.00 0.0000 0.00 0.00
4131 0.00 0.0000 0.00 0.00
4132 0.00 0.0000 0.00 0.00
4133 0.00 0.0000 0.00 0.00
4134 0.00 0.0000 0.00 0.00
4135 0.00 0.0000 0.00 0.00
4136 0.00 0.0000 0.00 0.00
4137 0.00 0.0000 0.00 0.00
4138 0.00 0.0000 0.00 0.00
4139 0.00 0.0000 0.00 0.00
4140 0.00 0.0000 0.00 0.00
4141 0.00 0.0000 0.00 0.00
4142 0.00 0.0000 0.00 0.00
4143 0.00 0.0000 0.00 0.00
4144 0.00 0.0000 0.00 0.00
4145 0.00 0.0000 0.00 0.00
4146 0.00 0.0000 0.00 0.00
4147 0.00 0.0000 0.00 0.00
4148 0.00 0.0000 0.00 0.00
4149 0.00 0.0000 0.00 0.00
4150 0.00 0.0000 0.00 0.00
4151 0.00 0.0000 0.00 0.00
4152 0.00 0.0000 0.00 0.00
4153 0.00 0.0000 0.00 0.00
4154 0.00 0.0000 0.00 0.00
4155 0.00 0.0000 0.00 0.00
4156 0.00 0.0000 0.00 0.00
4157 0.00 0.0000 0.00 0.00
4158 0.00 0.0000 0.00 0.00
4159 0.00 0.0000 0.00 0.00
4160 0.00 0.0000 0.00 0.00
4161 0.00 0.0000 0.00 0.00
4162 0.00 0.0000 0.00 0.00
4163 0.00 0.0000 0.00 0.00
4164 0.00 0.0000 0.00 0.00
4165 0.00 0.0000 0.00 0.00
4166 0.00 0.0000 0.00 0.00
4167 0.00 0.0000 0.00 0.00
4168 0.00 0.0000 0.00 0.00
4169 0.00 0.0000 0.00 0.00
4170 0.00 0.0000 0.00 0.00
4171 0.00 0.0000 0.00 0.00
4172 0.00 0.0000 0.00 0.00
4173 0.00 0.0000 0.00 0.00
4174 0.00 0.0000 0.00 0.00
4175 0.00 0.0000 0.00 0.00
4176 0.00 0.0000 0.00 0.00
4177 0.00 0.0000 0.00 0.00
4178 0.00 0.0000 0.00 0.00
4179 0.00 0.0000 0.00 0.00
4180 0.00 0.0000 0.00 0.00
4181 0.00 0.0000 0.00 0.00
4182 0.00 0.0000 0.00 0.00
4183 0.00 0.0000 0.00 0.00
4184 0.00 0.0000 0.00 0.00
4185 0.00 0.0000 0.00 0.00
4186 0.00 0.0000 0.00 0.00
4187 0.00 0.0000 0.00 0.00
4188 0.00 0.0000 0.00 0.00
4189 0.00 0.0000 0.00 0.00
4190 0.00 0.0000 0.00 0.00
4191 0.00 0.0000 0.00 0.00
4192 0.00 0.0000 0.00 0.00
4193 0.00 0.0000 0.00 0.00
4194 0.00 0.0000 0.00 0.00
4195 0.00 0.0000 0.00 0.00
4196 0.00 0.0000 0.00 0.00
4197 0.00 0.0000 0.00 0.00
4198 0.00 0.0000 0.00 0.00
4199 0.00 0.0000 0.00 0.00
4200 0.00 0.0000 0.00 0.00
4201 0.00 0.0000 0.00 0.00
4202 0.00 0.0000 0.00 0.00
4203 0.00 0.0000 0.00 0.00
4204 0.00 0.0000 0.00 0.00
4205 0.00 0.0000 0.00 0.00
4206 0.00 0.0000 0.00 0.00
4207 0.00 0.0000 0.00 0.00
4208 0.00 0.0000 0.00 0.00
4209 0.00 0.0000 0.00 0.00
4210 0.00 0.0000 0.00 0.00
4211 0.00 0.0000 0.00 0.00
4212 0.00 0.0000 0.00 0.00
4213 0.00 0.0000 0.00 0.00
4214 0.00 0.0000 0.00 0.00
4215 0.00 0.0000 0.00 0.00
4216 0.00 0.0000 0.00 0.00
4217 0.00 0.0000 0.00 0.00
4218 0.00 0.0000 0.00 0.00
4219 0.00 0.0000 0.00 0.00
4220 0.00 0.0000 0.00 0.00
4221 0.00 0.0000 0.00 0.00
4222 0.00 0.0000 0.00 0.00
4223 0.00 0.0000 0.00 0.00
4224 0.00 0.0000 0.00 0.00
4225 0.00 0.0000 0.00 0.00
4226 0.00 0.0000 0.00 0.00
4227 0.00 0.0000 0.00 0.00
4228 0.00 0.0000 0.00 0.00
4229 0.00 0.0000 0.00 0.00
4230 0.00 0.0000 0.00 0.00
4231 0.00 0.0000 0.00 0.00
4232 0.00 0.0000 0.00 0.00
4233 0.00 0.0000 0.00 0.00
4234 0.00 0.0000 0.00 0.00
4235 0.00 0.0000 0.00 0.00
4236 0.00 0.0000 0.00 0.00
4237 0.00 0.0000 0.00 0.00
4238 0.00 0.0000 0.00 0.00
4239 0.00 0.0000 0.00 0.00
4240 0.00 0.0000 0.00 0.00
4241 0.00 0.0000 0.00 0.00
4242 0.00 0.0000 0.00 0.00
4243 0.00 0.0000 0.00 0.00
4244 0.00 0.0000 0.00 0.00
4245 0.00 0.0000 0.00 0.00
4246 0.00 0.0000 0.00 0.00
4247 0.00 0.0000 0.00 0.00
4248 0.00 0.0000 0.00 0.00
4249 0.00 0.0000 0.00 0.00
4250 0.00 0.0000 0.00 0.00
4251 0.00 0.0000 0.00 0.00
4252 0.00 0.0000 0.00 0.00
4253 0.00 0.0000 0.00 0.00
4254 0.00 0.0000 0.00 0.00
4255 0.00 0.0000 0.00 0.00
4256 0.00 0.0000 0.00 0.00
4257 0.00 0.0000 0.00 0.00
4258 0.00 0.0000 0.00 0.00
4259 0.00 0.0000 0.00 0.00
4260 0.00 0.0000 0.00 0.00
4261 0.00 0.0000 0.00 0.00
4262 0.00 0.0000 0.00 0.00
4263 0.00 0.0000 0.00 0.00
4264 0.00 0.0000 0.00 0.00
4265 0.00 0.0000 0.00 0.00
4266 0.00 0.0000 0.00 0.00
4267 0.00 0.0000 0.00 0.00
4268 0.00 0.0000 0.00 0.00
4269 0.00 0.0000 0.00 0.00
4270 0.00 0.0000 0.00 0.00
4271 0.00 0.0000 0.00 0.00
4272 0.00 0.0000 0.00 0.00
4273 0.00 0.0000 0.00 0.00
4274 0.00 0.0000 0.00 0.00
4275 0.00 0.0000 0.00 0.00
4276 0.00 0.0000 0.00 0.00
4277 0.00 0.0000 0.00 0.00
4278 0.00 0.0000 0.00 0.00
4279 0.00 0.0000 0.00 0.00
4280 0.00 0.0000 0.00 0.00
4281 0.00 0.0000 0.00 0.00
4282 0.00 0.0000 0.00 0.00
4283 0.00 0.0000 0.00 0.00
4284 0.00 0.0000 0.00 0.00
4285 0.00 0.0000 0.00 0.00
4286 0.00 0.0000 0.00 0.00
4287 0.00 0.0000 0.00 0.00
4288 0.00 0.0000 0.00 0.00
4289 0.00 0.0000 0.00 0.00
4290 0.00 0.0000 0.00 0.00
4291 0.00 0.0000 0.00 0.00
4292 0.00 0.0000 0.00 0.00
4293 0.00 0.0000 0.00 0.00
4294 0.00 0.0000 0.00 0.00
4295 0.00 0.0000 0.00 0.00
4296 0.00 0.0000 0.00 0.00
4297 0.00 0.0000 0.00 0.00
4298 0.00 0.0000 0.00 0.00
4299 0.00 0.0000 0.00 0.00
4300 0.00 0.0000 0.00 0.00
4301 0.00 0.0000 0.00 0.00
4302 0.00 0.0000 0.00 0.00
4303 0.00 0.0000 0.00 0.00
4304 0.00 0.0000 0.00 0.00
4305 0.00 0.0000 0.00 0.00
4306 0.00 0.0000 0.00 0.00
4307 0.00 0.0000 0.00 0.00
4308 0.00 0.0000 0.00 0.00
4309 0.00 0.0000 0.00 0.00
4310 0.00 0.0000 0.00 0.00
4311 0.00 0.0000 0.00 0.00
4312 0.00 0.0000 0.00 0.00
4313 0.00 0.0000 0.00 0.00
4314 0.00 0.0000 0.00 0.00
4315 0.00 0.0000 0.00 0.00
4316 0.00 0.0000 0.00 0.00
4317 0.00 0.0000 0.00 0.00
4318 0.00 0.0000 0.00 0.00
4319 0.00 0.0000 0.00 0.00
4320 0.00 0.0000 0.00 0.00
4321 0.00 0.0000 0.00 0.00
4322 0.00 0.0000 0.00 0.00
4323 0.00 0.0000 0.00 0.00
4324 0.00 0.0000 0.00 0.00
4325 0.00 0.0000 0.00 0.00
4326 0.00 0.0000 0.00 0.00
4327 0.00 0.0000 0.00 0.00
4328 0.00 0.0000 0.00 0.00
4329 0.00 0.0000 0.00 0.00
4330 0.00 0.0000 0.00 0.00
4331 0.00 0.0000 0.00 0.00
4332 0.00 0.0000 0.00 0.00
4333 0.00 0.0000 0.00 0.00
4334 0.00 0.0000 0.00 0.00
4335 0.00 0.0000 0.00 0.00
4336 0.00 0.0000 0.00 0.00
4337 0.00 0.0000 0.00 0.00
4338 0.00 0.0000 0.00 0.00
4339 0.00 0.0000 0.00 0.00
4340 0.00 0.0000 0.00 0.00
4341 0.00 0.0000 0.00 0.00
4342 0.00 0.0000 0.00 0.00
4343 0.00 0.0000 0.00 0.00
4344 0.00 0.0000 0.00 0.00
4345 0.00 0.0000 0.00 0.00
4346 0.00 0.0000 0.00 0.00
4347 0.00 0.0000 0.00 0.00
4348 0.00 0.0000 0.00 0.00
4349 0.00 0.0000 0.00 0.00
4350 0.00 0.0000 0.00 0.00
4351 0.00 0.0000 0.00 0.00
4352 0.00 0.0000 0.00 0.00
4353 0.00 0.0000 0.00 0.00
4354 0.00 0.0000 0.00 0.00
4355 0.00 0.0000 0.00 0.00
4356 0.00 0.0000 0.00 0.00
4357 0.00 0.0000 0.00 0.00
4358 0.00 0.0000 0.00 0.00
4359 0.00 0.0000 0.00 0.00
4360 0.00 0.0000 0.00 0.00
4361 0.00 0.0000 0.00 0.00
4362 0.00 0.0000 0.00 0.00
4363 0.00 0.0000 0.00 0.00
4364 0.00 0.0000 0.00 0.00
4365 0.00 0.0000 0.00 0.00
4366 0.00 0.0000 0.00 0.00
4367 0.00 0.0000 0.00 0.00
4368 0.00 0.0000 0.00 0.00
4369 0.00 0.0000 0.00 0.00
4370 0.00 0.0000 0.00 0.00
4371 0.00 0.0000 0.00 0.00
4372 0.00 0.0000 0.00 0.00
4373 0.00 0.0000 0.00 0.00
4374 0.00 0.0000 0.00 0.00
4375 0.00 0.0000 0.00 0.00
4376 0.00 0.0000 0.00 0.00
4377 0.00 0.0000 0.00 0.00
4378 0.00 0.0000 0.00 0.00
4379 0.00 0.0000 0.00 0.00
4380 0.00 0.0000 0.00 0.00
4381 0.00 0.0000 0.00 0.00
4382 0.00 0.0000 0.00 0.00
4383 0.00 0.0000 0.00 0.00
4384 0.00 0.0000 0.00 0.00
4385 0.00 0.0000 0.00 0.00
4386 0.00 0.0000 0.00 0.00
4387 0.00 0.0000 0.00 0.00
4388 0.00 0.0000 0.00 0.00
4389 0.00 0.0000 0.00 0.00
4390 0.00 0.0000 0.00 0.00
4391 0.00 0.0000 0.00 0.00
4392 0.00 0.0000 0.00 0.00
4393 0.00 0.0000 0.00 0.00
4394 0.00 0.0000 0.00 0.00
4395 0.00 0.0000 0.00 0.00
4396 0.00 0.0000 0.00 0.00
4397 0.00 0.0000 0.00 0.00
4398 0.00 0.0000 0.00 0.00
4399 0.00 0.0000 0.00 0.00
4400 0.00 0.0000 0.00 0.00
4401 0.00 0.0000 0.00 0.00
4402 0.00 0.0000 0.00 0.00
4403 0.00 0.0000 0.00 0.00
4404 0.00 0.0000 0.00 0.00
4405 0.00 0.0000 0.00 0.00
4406 0.00 0.0000 0.00 0.00
4407 0.00 0.0000 0.00 0.00
4408 0.00 0.0000 0.00 0.00
4409 0.00 0.0000 0.00 0.00
4410 0.00 0.0000 0.00 0.00
4411 0.00 0.0000 0.00 0.00
4412 0.00 0.0000 0.00 0.00
4413 0.00 0.0000 0.00 0.00
4414 0.00 0.0000 0.00 0.00
4415 0.00 0.0000 0.00 0.00
4416 0.00 0.0000 0.00 0.00
4417 0.00 0.0000 0.00 0.00
4418 0.00 0.0000 0.00 0.00
4419 0.00 0.0000 0.00 0.00
4420 0.00 0.0000 0.00 0.00
4421 0.00 0.0000 0.00 0.00
4422 0.00 0.0000 0.00 0.00
4423 0.00 0.0000 0.00 0.00
4424 0.00 0.0000 0.00 0.00
4425 0.00 0.0000 0.00 0.00
4426 0.00 0.0000 0.00 0.00
4427 0.00 0.0000 0.00 0.00
4428 0.00 0.0000 0.00 0.00
4429 0.00 0.0000 0.00 0.00
4430 0.00 0.0000 0.00 0.00
4431 0.00 0.0000 0.00 0.00
4432 0.00 0.0000 0.00 0.00
4433 0.00 0.0000 0.00 0.00
4434 0.00 0.0000 0.00 0.00
4435 0.00 0.0000 0.00 0.00
4436 0.00 0.0000 0.00 0.00
4437 0.00 0.0000 0.00 0.00
4438 0.00 0.0000 0.00 0.00
4439 0.00 0.0000 0.00 0.00
4440 0.00 0.0000 0.00 0.00
4441 0.00 0.0000 0.00 0.00
4442 0.00 0.0000 0.00 0.00
4443 0.00 0.0000 0.00 0.00
4444 0.00 0.0000 0.00 0.00
4445 0.00 0.0000 0.00 0.00
4446 0.00 0.0000 0.00 0.00
4447 0.00 0.0000 0.00 0.00
4448 0.00 0.0000 0.00 0.00
4449 0.00 0.0000 0.00 0.00
4450 0.00 0.0000 0.00 0.00
4451 0.00 0.0000 0.00 0.00
4452 0.00 0.0000 0.00 0.00
4453 0.00 0.0000 0.00 0.00
4454 0.00 0.0000 0.00 0.00
4455 0.00 0.0000 0.00 0.00
4456 0.00 0.0000 0.00 0.00
4457 0.00 0.0000 0.00 0.00
4458 0.00 0.0000 0.00 0.00
4459 0.00 0.0000 0.00 0.00
4460 0.00 0.0000 0.00 0.00
4461 0.00 0.0000 0.00 0.00
4462 0.00 0.0000 0.00 0.00
4463 0.00 0.0000 0.00 0.00
4464 0.00 0.0000 0.00 0.00
4465 0.00 0.0000 0.00 0.00
4466 0.00 0.0000 0.00 0.00
4467 0.00 0.0000 0.00 0.00
4468 0.00 0.0000 0.00 0.00
4469 0.00 0.0000 0.00 0.00
4470 0.00 0.0000 0.00 0.00
4471 0.00 0.0000 0.00 0.00
4472 0.00 0.0000 0.00 0.00
4473 0.00 0.0000 0.00 0.00
4474 0.00 0.0000 0.00 0.00
4475 0.00 0.0000 0.00 0.00
4476 0.00 0.0000 0.00 0.00
4477 0.00 0.0000 0.00 0.00
4478 0.00 0.0000 0.00 0.00
4479 0.00 0.0000 0.00 0.00
4480 0.00 0.0000 0.00 0.00
4481 0.00 0.0000 0.00 0.00
4482 0.00 0.0000 0.00 0.00
4483 0.00 0.0000 0.00 0.00
4484 0.00 0.0000 0.00 0.00
4485 0.00 0.0000 0.00 0.00
4486 0.00 0.0000 0.00 0.00
4487 0.00 0.0000 0.00 0.00
4488 0.00 0.0000 0.00 0.00
4489 0.00 0.0000 0.00 0.00
4490 0.00 0.0000 0.00 0.00
4491 0.00 0.0000 0.00 0.00
4492 0.00 0.0000 0.00 0.00
4493 0.00 0.0000 0.00 0.00
4494 0.00 0.0000 0.00 0.00
4495 0.00 0.0000 0.00 0.00
4496 0.00 0.0000 0.00 0.00
4497 0.00 0.0000 0.00 0.00
4498 0.00 0.0000 0.00 0.00
4499 0.00 0.0000 0.00 0.00
4500 0.00 0.0000 0.00 0.00
4501 0.00 0.0000 0.00 0.00
4502 0.00 0.0000 0.00 0.00
4503 0.00 0.0000 0.00 0.00
4504 0.00 0.0000 0.00 0.00
4505 0.00 0.0000 0.00 0.00
4506 0.00 0.0000 0.00 0.00
4507 0.00 0.0000 0.00 0.00
4508 0.00 0.0000 0.00 0.00
4509 0.00 0.0000 0.00 0.00
4510 0.00 0.0000 0.00 0.00
4511 0.00 0.0000 0.00 0.00
4512 0.00 0.0000 0.00 0.00
4513 0.00 0.0000 0.00 0.00
4514 0.00 0.0000 0.00 0.00
4515 0.00 0.0000 0.00 0.00
4516 0.00 0.0000 0.00 0.00
4517 0.00 0.0000 0.00 0.00
4518 0.00 0.0000 0.00 0.00
4519 0.00 0.0000 0.00 0.00
4520 0.00 0.0000 0.00 0.00
4521 0.00 0.0000 0.00 0.00
4522 0.00 0.0000 0.00 0.00
4523 0.00 0.0000 0.00 0.00
4524 0.00 0.0000 0.00 0.00
4525 0.00 0.0000 0.00 0.00
4526 0.00 0.0000 0.00 0.00
4527 0.00 0.0000 0.00 0.00
4528 0.00 0.0000 0.00 0.00
4529 0.00 0.0000 0.00 0.00
4530 0.00 0.0000 0.00 0.00
4531 0.00 0.0000 0.00 0.00
4532 0.00 0.0000 0.00 0.00
4533 0.00 0.0000 0.00 0.00
4534 0.00 0.0000 0.00 0.00
4535 0.00 0.0000 0.00 0.00
4536 0.00 0.0000 0.00 0.00
4537 0.00 0.0000 0.00 0.00
4538 0.00 0.0000 0.00 0.00
4539 0.00 0.0000 0.00 0.00
4540 0.00 0.0000 0.00 0.00
4541 0.00 0.0000 0.00 0.00
4542 0.00 0.0000 0.00 0.00
4543 0.00 0.0000 0.00 0.00
4544 0.00 0.0000 0.00 0.00
4545 0.00 0.0000 0.00 0.00
4546 0.00 0.0000 0.00 0.00
4547 0.00 0.0000 0.00 0.00
4548 0.00 0.0000 0.00 0.00
4549 0.00 0.0000 0.00 0.00
4550 0.00 0.0000 0.00 0.00
4551 0.00 0.0000 0.00 0.00
4552 0.00 0.0000 0.00 0.00
4553 0.00 0.0000 0.00 0.00
4554 0.00 0.0000 0.00 0.00
4555 0.00 0.0000 0.00 0.00
4556 0.00 0.0000 0.00 0.00
4557 0.00 0.0000 0.00 0.00
4558 0.00 0.0000 0.00 0.00
4559 0.00 0.0000 0.00 0.00
4560 0.00 0.0000 0.00 0.00
4561 0.00 0.0000 0.00 0.00
4562 0.00 0.0000 0.00 0.00
4563 0.00 0.0000 0.00 0.00
4564 0.00 0.0000 0.00 0.00
4565 0.00 0.0000 0.00 0.00
4566 0.00 0.0000 0.00 0.00
4567 0.00 0.0000 0.00 0.00
4568 0.00 0.0000 0.00 0.00
4569 0.00 0.0000 0.00 0.00
4570 0.00 0.0000 0.00 0.00
4571 0.00 0.0000 0.00 0.00
4572 0.00 0.0000 0.00 0.00
4573 0.00 0.0000 0.00 0.00
4574 0.00 0.0000 0.00 0.00
4575 0.00 0.0000 0.00 0.00
4576 0.00 0.0000 0.00 0.00
4577 0.00 0.0000 0.00 0.00
4578 0.00 0.0000 0.00 0.00
4579 0.00 0.0000 0.00 0.00
4580 0.00 0.0000 0.00 0.00
4581 0.00 0.0000 0.00 0.00
4582 0.00 0.0000 0.00 0.00
4583 0.00 0.0000 0.00 0.00
4584 0.00 0.0000 0.00 0.00
4585 0.00 0.0000 0.00 0.00
4586 0.00 0.0000 0.00 0.00
4587 0.00 0.0000 0.00 0.00
4588 0.00 0.0000 0.00 0.00
4589 0.00 0.0000 0.00 0.00
4590 0.00 0.0000 0.00 0.00
4591 0.00 0.0000 0.00 0.00
4592 0.00 0.0000 0.00 0.00
4593 0.00 0.0000 0.00 0.00
4594 0.00 0.0000 0.00 0.00
4595 0.00 0.0000 0.00 0.00
4596 0.00 0.0000 0.00 0.00
4597 0.00 0.0000 0.00 0.00
4598 0.00 0.0000 0.00 0.00
4599 0.00 0.0000 0.00 0.00
4600 0.00 0.0000 0.00 0.00
4601 0.00 0.0000 0.00 0.00
4602 0.00 0.0000 0.00 0.00
4603 0.00 0.0000 0.00 0.00
4604 0.00 0.0000 0.00 0.00
4605 0.00 0.0000 0.00 0.00
4606 0.00 0.0000 0.00 0.00
4607 0.00 0.0000 0.00 0.00
4608 0.00 0.0000 0.00 0.00
4609 0.00 0.0000 0.00 0.00
4610 0.00 0.0000 0.00 0.00
4611 0.00 0.0000 0.00 0.00
4612 0.00 0.0000 0.00 0.00
4613 0.00 0.0000 0.00 0.00
4614 0.00 0.0000 0.00 0.00
4615 0.00 0.0000 0.00 0.00
4616 0.00 0.0000 0.00 0.00
4617 0.00 0.0000 0.00 0.00
4618 0.00 0.0000 0.00 0.00
4619 0.00 0.0000 0.00 0.00
4620 0.00 0.0000 0.00 0.00
4621 0.00 0.0000 0.00 0.00
4622 0.00 0.0000 0.00 0.00
4623 0.00 0.0000 0.00 0.00
4624 0.00 0.0000 0.00 0.00
4625 0.00 0.0000 0.00 0.00
4626 0.00 0.0000 0.00 0.00
4627 0.00 0.0000 0.00 0.00
4628 0.00 0.0000 0.00 0.00
4629 0.00 0.0000 0.00 0.00
4630 0.00 0.0000 0.00 0.00
4631 0.00 0.0000 0.00 0.00
4632 0.00 0.0000 0.00 0.00
4633 0.00 0.0000 0.00 0.00
4634 0.00 0.0000 0.00 0.00
4635 0.00 0.0000 0.00 0.00
4636 0.00 0.0000 0.00 0.00
4637 0.00 0.0000 0.00 0.00
4638 0.00 0.0000 0.00 0.00
4639 0.00 0.0000 0.00 0.00
4640 0.00 0.0000 0.00 0.00
4641 0.00 0.0000 0.00 0.00
4642 0.00 0.0000 0.00 0.00
4643 0.00 0.0000 0.00 0.00
4644 0.00 0.0000 0.00 0.00
4645 0.00 0.0000 0.00 0.00
4646 0.00 0.0000 0.00 0.00
4647 0.00 0.0000 0.00 0.00
4648 0.00 0.0000 0.00 0.00
4649 0.00 0.0000 0.00 0.00
4650 0.00 0.0000 0.00 0.00
4651 0.00 0.0000 0.00 0.00
4652 0.00 0.0000 0.00 0.00
4653 0.00 0.0000 0.00 0.00
4654 0.00 0.0000 0.00 0.00
4655 0.00 0.0000 0.00 0.00
4656 0.00 0.0000 0.00 0.00
4657 0.00 0.0000 0.00 0.00
4658 0.00 0.0000 0.00 0.00
4659 0.00 0.0000 0.00 0.00
4660 0.00 0.0000 0.00 0.00
4661 0.00 0.0000 0.00 0.00
4662 0.00 0.0000 0.00 0.00
4663 0.00 0.0000 0.00 0.00
4664 0.00 0.0000 0.00 0.00
4665 0.00 0.0000 0.00 0.00
4666 0.00 0.0000 0.00 0.00
4667 0.00 0.0000 0.00 0.00
4668 0.00 0.0000 0.00 0.00
4669 0.00 0.0000 0.00 0.00
4670 0.00 0.0000 0.00 0.00
4671 0.00 0.0000 0.00 0.00
4672 0.00 0.0000 0.00 0.00
4673 0.00 0.0000 0.00 0.00
4674 0.00 0.0000 0.00 0.00
4675 0.00 0.0000 0.00 0.00
4676 0.00 0.0000 0.00 0.00
4677 0.00 0.0000 0.00 0.00
4678 0.00 0.0000 0.00 0.00
4679 0.00 0.0000 0.00 0.00
4680 0.00 0.0000 0.00 0.00
4681 0.00 0.0000 0.00 0.00
4682 0.00 0.0000 0.00 0.00
4683 0.00 0.0000 0.00 0.00
4684 0.00 0.0000 0.00 0.00
4685 0.00 0.0000 0.00 0.00
4686 0.00 0.0000 0.00 0.00
4687 0.00 0.0000 0.00 0.00
4688 0.00 0.0000 0.00 0.00
4689 0.00 0.0000 0.00 0.00
4690 0.00 0.0000 0.00 0.00
4691 0.00 0.0000 0.00 0.00
4692 0.00 0.0000 0.00 0.00
4693 0.00 0.0000 0.00 0.00
4694 0.00 0.0000 0.00 0.00
4695 0.00 0.0000 0.00 0.00
4696 0.00 0.0000 0.00 0.00
4697 0.00 0.0000 0.00 0.00
4698 0.00 0.0000 0.00 0.00
4699 0.00 0.0000 0.00 0.00
4700 0.00 0.0000 0.00 0.00
4701 0.00 0.0000 0.00 0.00
4702 0.00 0.0000 0.00 0.00
4703 0.00 0.0000 0.00 0.00
4704 0.00 0.0000 0.00 0.00
4705 0.00 0.0000 0.00 0.00
4706 0.00 0.0000 0.00 0.00
4707 0.00 0.0000 0.00 0.00
4708 0.00 0.0000 0.00 0.00
4709 0.00 0.0000 0.00 0.00
4710 0.00 0.0000 0.00 0.00
4711 0.00 0.0000 0.00 0.00
4712 0.00 0.0000 0.00 0.00
4713 0.00 0.0000 0.00 0.00
4714 0.00 0.0000 0.00 0.00
4715 0.00 0.0000 0.00 0.00
4716 0.00 0.0000 0.00 0.00
4717 0.00 0.0000 0.00 0.00
4718 0.00 0.0000 0.00 0.00
4719 0.00 0.0000 0.00 0.00
4720 0.00 0.0000 0.00 0.00
4721 0.00 0.0000 0.00 0.00
4722 0.00 0.0000 0.00 0.00
4723 0.00 0.0000 0.00 0.00
4724 0.00 0.0000 0.00 0.00
4725 0.00 0.0000 0.00 0.00
4726 0.00 0.0000 0.00 0.00
4727 0.00 0.0000 0.00 0.00
4728 0.00 0.0000 0.00 0.00
4729 0.00 0.0000 0.00 0.00
4730 0.00 0.0000 0.00 0.00
4731 0.00 0.0000 0.00 0.00
4732 0.00 0.0000 0.00 0.00
4733 0.00 0.0000 0.00 0.00
4734 0.00 0.0000 0.00 0.00
4735 0.00 0.0000 0.00 0.00
4736 0.00 0.0000 0.00 0.00
4737 0.00 0.0000 0.00 0.00
4738 0.00 0.0000 0.00 0.00
4739 0.00 0.0000 0.00 0.00
4740 0.00 0.0000 0.00 0.00
4741 0.00 0.0000 0.00 0.00
4742 0.00 0.0000 0.00 0.00
4743 0.00 0.0000 0.00 0.00
4744 0.00 0.0000 0.00 0.00
4745 0.00 0.0000 0.00 0.00
4746 0.00 0.0000 0.00 0.00
4747 0.00 0.0000 0.00 0.00
4748 0.00 0.0000 0.00 0.00
4749 0.00 0.0000 0.00 0.00
4750 0.00 0.0000 0.00 0.00
4751 0.00 0.0000 0.00 0.00
4752 0.00 0.0000 0.00 0.00
4753 0.00 0.0000 0.00 0.00
4754 0.00 0.0000 0.00 0.00
4755 0.00 0.0000 0.00 0.00
4756 0.00 0.0000 0.00 0.00
4757 0.00 0.0000 0.00 0.00
4758 0.00 0.0000 0.00 0.00
4759 0.00 0.0000 0.00 0.00
4760 0.00 0.0000 0.00 0.00
4761 0.00 0.0000 0.00 0.00
4762 0.00 0.0000 0.00 0.00
4763 0.00 0.0000 0.00 0.00
4764 0.00 0.0000 0.00 0.00
4765 0.00 0.0000 0.00 0.00
4766 0.00 0.0000 0.00 0.00
4767 0.00 0.0000 0.00 0.00
4768 0.00 0.0000 0.00 0.00
4769 0.00 0.0000 0.00 0.00
4770 0.00 0.0000 0.00 0.00
4771 0.00 0.0000 0.00 0.00
4772 0.00 0.0000 0.00 0.00
4773 0.00 0.0000 0.00 0.00
4774 0.00 0.0000 0.00 0.00
4775 0.00 0.0000 0.00 0.00
4776 0.00 0.0000 0.00 0.00
4777 0.00 0.0000 0.00 0.00
4778 0.00 0.0000 0.00 0.00
4779 0.00 0.0000 0.00 0.00
4780 0.00 0.0000 0.00 0.00
4781 0.00 0.0000 0.00 0.00
4782 0.00 0.0000 0.00 0.00
4783 0.00 0.0000 0.00 0.00
4784 0.00 0.0000 0.00 0.00
4785 0.00 0.0000 0.00 0.00
4786 0.00 0.0000 0.00 0.00
4787 0.00 0.0000 0.00 0.00
4788 0.00 0.0000 0.00 0.00
4789 0.00 0.0000 0.00 0.00
4790 0.00 0.0000 0.00 0.00
4791 0.00 0.0000 0.00 0.00
4792 0.00 0.0000 0.00 0.00
4793 0.00 0.0000 0.00 0.00
4794 0.00 0.0000 0.00 0.00
4795 0.00 0.0000 0.00 0.00
4796 0.00 0.0000 0.00 0.00
4797 0.00 0.0000 0.00 0.00
4798 0.00 0.0000 0.00 0.00
4799 0.00 0.0000 0.00 0.00
4800 0.00 0.0000 0.00 0.00
4801 0.00 0.0000 0.00 0.00
4802 0.00 0.0000 0.00 0.00
4803 0.00 0.0000 0.00 0.00
4804 0.00 0.0000 0.00 0.00
4805 0.00 0.0000 0.00 0.00
4806 0.00 0.0000 0.00 0.00
4807 0.00 0.0000 0.00 0.00
4808 0.00 0.0000 0.00 0.00
4809 0.00 0.0000 0.00 0.00
4810 0.00 0.0000 0.00 0.00
4811 0.00 0.0000 0.00 0.00
4812 0.00 0.0000 0.00 0.00
4813 0.00 0.0000 0.00 0.00
4814 0.00 0.0000 0.00 0.00
4815 0.00 0.0000 0.00 0.00
4816 0.00 0.0000 0.00 0.00
4817 0.00 0.0000 0.00 0.00
4818 0.00 0.0000 0.00 0.00
4819 0.00 0.0000 0.00 0.00
4820 0.00 0.0000 0.00 0.00
4821 0.00 0.0000 0.00 0.00
4822 0.00 0.0000 0.00 0.00
4823 0.00 0.0000 0.00 0.00
4824 0.00 0.0000 0.00 0.00
4825 0.00 0.0000 0.00 0.00
4826 0.00 0.0000 0.00 0.00
4827 0.00 0.0000 0.00 0.00
4828 0.00 0.0000 0.00 0.00
4829 0.00 0.0000 0.00 0.00
4830 0.00 0.0000 0.00 0.00
4831 0.00 0.0000 0.00 0.00
4832 0.00 0.0000 0.00 0.00
4833 0.00 0.0000 0.00 0.00
4834 0.00 0.0000 0.00 0.00
4835 0.00 0.0000 0.00 0.00
4836 0.00 0.0000 0.00 0.00
4837 0.00 0.0000 0.00 0.00
4838 0.00 0.0000 0.00 0.00
4839 0.00 0.0000 0.00 0.00
4840 0.00 0.0000 0.00 0.00
4841 0.00 0.0000 0.00 0.00
4842 0.00 0.0000 0.00 0.00
4843 0.00 0.0000 0.00 0.00
4844 0.00 0.0000 0.00 0.00
4845 0.00 0.0000 0.00 0.00
4846 0.00 0.0000 0.00 0.00
4847 0.00 0.0000 0.00 0.00
4848 0.00 0.0000 0.00 0.00
4849 0.00 0.0000 0.00 0.00
4850 0.00 0.0000 0.00 0.00
4851 0.00 0.0000 0.00 0.00
4852 0.00 0.0000 0.00 0.00
4853 0.00 0.0000 0.00 0.00
4854 0.00 0.0000 0.00 0.00
4855 0.00 0.0000 0.00 0.00
4856 0.00 0.0000 0.00 0.00
4857 0.00 0.0000 0.00 0.00
4858 0.00 0.0000 0.00 0.00
4859 0.00 0.0000 0.00 0.00
4860 0.00 0.0000 0.00 0.00
4861 0.00 0.0000 0.00 0.00
4862 0.00 0.0000 0.00 0.00
4863 0.00 0.0000 0.00 0.00
4864 0.00 0.0000 0.00 0.00
4865 0.00 0.0000 0.00 0.00
4866 0.00 0.0000 0.00 0.00
4867 0.00 0.0000 0.00 0.00
4868 0.00 0.0000 0.00 0.00
4869 0.00 0.0000 0.00 0.00
4870 0.00 0.0000 0.00 0.00
4871 0.00 0.0000 0.00 0.00
4872 0.00 0.0000 0.00 0.00
4873 0.00 0.0000 0.00 0.00
4874 0.00 0.0000 0.00 0.00
4875 0.00 0.0000 0.00 0.00
4876 0.00 0.0000 0.00 0.00
4877 0.00 0.0000 0.00 0.00
4878 0.00 0.0000 0.00 0.00
4879 0.00 0.0000 0.00 0.00
4880 0.00 0.0000 0.00 0.00
4881 0.00 0.0000 0.00 0.00
4882 0.00 0.0000 0.00 0.00
4883 0.00 0.0000 0.00 0.00
4884 0.00 0.0000 0.00 0.00
4885 0.00 0.0000 0.00 0.00
4886 0.00 0.0000 0.00 0.00
4887 0.00 0.0000 0.00 0.00
4888 0.00 0.0000 0.00 0.00
4889 0.00 0.0000 0.00 0.00
4890 0.00 0.0000 0.00 0.00
4891 0.00 0.0000 0.00 0.00
4892 0.00 0.0000 0.00 0.00
4893 0.00 0.0000 0.00 0.00
4894 0.00 0.0000 0.00 0.00
4895 0.00 0.0000 0.00 0.00
4896 0.00 0.0000 0.00 0.00
4897 0.00 0.0000 0.00 0.00
4898 0.00 0.0000 0.00 0.00
4899 0.00 0.0000 0.00 0.00
4900 0.00 0.0000 0.00 0.00
4901 0.00 0.0000 0.00 0.00
4902 0.00 0.0000 0.00 0.00
4903 0.00 0.0000 0.00 0.00
4904 0.00 0.0000 0.00 0.00
4905 0.00 0.0000 0.00 0.00
4906 0.00 0.0000 0.00 0.00
4907 0.00 0.0000 0.00 0.00
4908 0.00 0.0000 0.00 0.00
4909 0.00 0.0000 0.00 0.00
4910 0.00 0.0000 0.00 0.00
4911 0.00 0.0000 0.00 0.00
4912 0.00 0.0000 0.00 0.00
4913 0.00 0.0000 0.00 0.00
4914 0.00 0.0000 0.00 0.00
4915 0.00 0.0000 0.00 0.00
4916 0.00 0.0000 0.00 0.00
4917 0.00 0.0000 0.00 0.00
4918 0.00 0.0000 0.00 0.00
4919 0.00 0.0000 0.00 0.00
4920 0.00 0.0000 0.00 0.00
4921 0.00 0.0000 0.00 0.00
4922 0.00 0.0000 0.00 0.00
4923 0.00 0.0000 0.00 0.00
4924 0.00 0.0000 0.00 0.00
4925 0.00 0.0000 0.00 0.00
4926 0.00 0.0000 0.00 0.00
4927 0.00 0.0000 0.00 0.00
4928 0.00 0.0000 0.00 0.00
4929 0.00 0.0000 0.00 0.00
4930 0.00 0.0000 0.00 0.00
4931 0.00 0.0000 0.00 0.00
4932 0.00 0.0000 0.00 0.00
4933 0.00 0.0000 0.00 0.00
4934 0.00 0.0000 0.00 0.00
4935 0.00 0.0000 0.00 0.00
4936 0.00 0.0000 0.00 0.00
4937 0.00 0.0000 0.00 0.00
4938 0.00 0.0000 0.00 0.00
4939 0.00 0.0000 0.00 0.00
4940 0.00 0.0000 0.00 0.00
4941 0.00 0.0000 0.00 0.00
4942 0.00 0.0000 0.00 0.00
4943 0.00 0.0000 0.00 0.00
4944 0.00 0.0000 0.00 0.00
4945 0.00 0.0000 0.00 0.00
4946 0.00 0.0000 0.00 0.00
4947 0.00 0.0000 0.00 0.00
4948 0.00 0.0000 0.00 0.00
4949 0.00 0.0000 0.00 0.00
4950 0.00 0.0000 0.00 0.00
4951 0.00 0.0000 0.00 0.00
4952 0.00 0.0000 0.00 0.00
4953 0.00 0.0000 0.00 0.00
4954 0.00 0.0000 0.00 0.00
4955 0.00 0.0000 0.00 0.00
4956 0.00 0.0000 0.00 0.00
4957 0.00 0.0000 0.00 0.00
4958 0.00 0.0000 0.00 0.00
4959 0.00 0.0000 0.00 0.00
4960 0.00 0.0000 0.00 0.00
4961 0.00 0.0000 0.00 0.00
4962 0.00 0.0000 0.00 0.00
4963 0.00 0.0000 0.00 0.00
4964 0.00 0.0000 0.00 0.00
4965 0.00 0.0000 0.00 0.00
4966 0.00 0.0000 0.00 0.00
4967 0.00 0.0000 0.00 0.00
4968 0.00 0.0000 0.00 0.00
4969 0.00 0.0000 0.00 0.00
4970 0.00 0.0000 0.00 0.00
4971 0.00 0.0000 0.00 0.00
4972 0.00 0.0000 0.00 0.00
4973 0.00 0.0000 0.00 0.00
4974 0.00 0.0000 0.00 0.00
4975 0.00 0.0000 0.00 0.00
4976 0.00 0.0000 0.00 0.00
4977 0.00 0.0000 0.00 0.00
4978 0.00 0.0000 0.00 0.00
4979 0.00 0.0000 0.00 0.00
4980 0.00 0.0000 0.00 0.00
4981 0.00 0.0000 0.00 0.00
4982 0.00 0.0000 0.00 0.00
4983 0.00 0.0000 0.00 0.00
4984 0.00 0.0000 0.00 0.00
4985 0.00 0.0000 0.00 0.00
4986 0.00 0.0000 0.00 0.00
4987 0.00 0.0000 0.00 0.00
4988 0.00 0.0000 0.00 0.00
4989 0.00 0.0000 0.00 0.00
4990 0.00 0.0000 0.00 0.00
4991 0.00 0.0000 0.00 0.00
4992 0.00 0.0000 0.00 0.00
4993 0.00 0.0000 0.00 0.00
4994 0.00 0.0000 0.00 0.00
4995 0.00 0.0000 0.00 0.00
4996 0.00 0.0000 0.00 0.00
4997 0.00 0.0000 0.00 0.00
4998 0.00 0.0000 0.00 0.00
4999 0.00 0.0000 0.00 0.00
5000 0.00 0.0000 0.00 0.00
