0,802762.8109
1.615,794359.411
3.23,778227.1959
4.845,755808.709
6.46,743398.7721
8.075,753802.2542
9.69,756195.2768
11.305,775372.6934
12.92,742559.9256
14.535,755591.3253
16.15,761915.5432
17.765,782640.8766
19.38,782279.9428
20.995,790805.9245
22.61,768550.8831
24.225,788427.4883
25.84,779122.8165
27.455,759333.9507
29.07,784919.215
30.685,786940.3287
32.3,791455.3458
33.915,792786.8867
35.53,788397.4193
37.145,772995.5719
38.76,782833.6529
40.375,766646.8674
41.99,786658.5914
43.605,778031.53
45.22,774700.4108
46.835,774980.3257
48.45,787263.2105
50.065,766153.9015
51.68,798863.7747
53.295,783065.3031
54.91,786289.0162
56.525,758605.3924
58.14,775756.1613
59.755,792245.5297
61.37,777402.9171
62.985,762759.1633
64.6,779336.5555
66.215,788439.222
67.83,772928.2709
69.445,785840.3505
71.06,789354.0481
72.675,778906.4537
74.29,760330.4745
75.905,758154.2386
77.52,756949.7052
79.135,752729.366
80.75,773677.686
82.365,770413.1426
83.98,772391.4698
85.595,776188.9818
87.21,792194.0182
88.825,773343.6041
90.44,768613.7732
92.055,767584.181
93.67,760026.6234
95.285,769268.9963
96.9,785852.1234
98.515,760044.1125
100.13,767455.0759
101.745,758153.876
103.36,768012.0774
104.975,766253.157
106.59,772467.3824
108.205,762970.4495
109.82,759026.388
111.435,782197.2392
113.05,78.8283
114.665,787013.2083
116.28,768185.2018
117.895,755055.5618
119.51,768981.751
121.125,755273.3918
122.74,750426.8665
124.355,769415.7988
125.97,764697.9787
127.585,749414.1572
129.2,750431.1862
130.815,763363.3956
132.43,769306.9777
134.045,762770.4805
135.66,769601.7634
137.275,769973.5589
138.89,768442.4153
140.505,757697.6661
142.12,768072.8476
143.735,767884.8969
145.35,799157.2662
146.965,784966.933
148.58,781187.3787
150.195,776819.231
151.81,779724.0047
153.425,793727.5364
155.04,788327.4331
156.655,774218.0593
158.27,785108.9713
159.885,815108.2621
161.5,772268.8285
163.115,793359.0417
164.73,791612.6845
166.345,765621.7865
167.96,778210.698
169.575,775892.5968
171.19,771058.3612
172.805,772889.9474
174.42,768852.9676
176.035,765321.6582
177.65,769118.484
179.265,761901.2098
180.88,753941.492
182.495,752466.6724
184.11,780358.1367
185.725,779848.4888
187.34,782797.5924
188.955,779111.3914
190.57,790753.3196
192.185,797021.4571
193.8,793038.1366
195.415,775470.5339
197.03,762916.7865
198.645,767208.6032
200.26,772298.4977
201.875,775130.8919
203.49,775203.8292
205.105,772559.9509
206.72,754991.0558
208.335,767380.9541
209.95,760069.501
211.565,768276.5338
213.18,752625.43
214.795,750918.5474
216.41,763976.5871
218.025,764324.7849
219.64,764222.0036
221.255,768276.5338
222.87,780047.1784
224.485,752228.1902
226.1,780310.6698
227.715,749013.0701
229.33,742793.4483
230.945,757357.3343
232.56,766580.379
234.175,764739.0563
235.79,757317.3055
237.405,750650.9799
239.02,760907.4828
240.635,752282.1471
242.25,773323.8649
243.865,757004.7666
245.48,768031.3331
247.095,759729.3979
248.71,755011.6355
250.325,758324.4919
251.94,763106.4424
253.555,774972.3873
255.17,783364.92
256.785,760730.8847
258.4,767551.557
260.015,761697.0977
261.63,750803.2402
263.245,774411.3227
264.86,782779.0266
266.475,769233.5011
268.09,754604.6145
269.705,745198.8649
271.32,0
272.935,763558.4293
274.55,761973.102
276.165,746353.8189
277.78,735927.2021
279.395,743556.3359
281.01,760269.9943
282.625,764597.4698
284.24,756911.774
285.855,742670.1469
287.47,751830.5693
289.085,778619.837
290.7,750531.2247
292.315,769786.6998
293.93,748288.4782
295.545,752494.1697
297.16,750091.0385
298.775,759164.0619
300.39,760415.9507
302.005,749317.9327
303.62,758183.1547
305.235,773962.789
306.85,780817.6585
308.465,775820.6971
310.08,778212.0871
311.695,745789.3439
313.31,782934.1692
314.925,770002.4006
316.54,768316.6481
318.155,778587.5087
319.77,773552.3669
321.385,772011.7824
323,779757.8653
324.615,790853.2483
326.23,753848.9699
327.845,764074.6489
329.46,765264.4676
331.075,769140.4714
332.69,792723.9353
334.305,769723.0733
335.92,764854.4304
337.535,767675.5446
339.15,779416.2095
340.765,766375.3409
342.38,762366.697
343.995,772822.2875
345.61,775421.6276
347.225,769225.1852
348.84,761416.8444
350.455,768759.3391
352.07,785597.2771
353.685,812581.5004
355.3,790069.5115
356.915,779524.6587
358.53,777439.3997
360.145,779487.5271
361.76,789264.6705
363.375,788596.1944
364.99,778571.5555
366.605,791890.5427
368.22,784954.3884
369.835,60.7293
371.45,771510.0748
373.065,779859.3784
374.68,771154.8442
376.295,777637.444
377.91,762280.5867
379.525,779253.6845
381.14,776469.6944
382.755,769309.6275
384.37,772917.1582
385.985,784402.4617
387.6,777082.2463
389.215,796664.274
390.83,782649.174
392.445,773568.969
394.06,786224.9435
395.675,769247.7974
397.29,763881.9991
398.905,773246.21
400.52,799496.7203
402.135,778230.2307
403.75,774864.9795
405.365,762269.4684
406.98,771433.9967
408.595,778042.9662
410.21,765471.1105
411.825,780683.4136
413.44,763199.6098
415.055,754157.3193
416.67,776180.1136
418.285,777696.1074
419.9,761076.3378
421.515,757336.4812
423.13,796753.3875
424.745,784803.0617
426.36,756411.0538
427.975,770362.8602
429.59,755283.8407
431.205,761576.435
432.82,764446.9873
434.435,765390.1939
436.05,752681.4621
437.665,750647.7053
439.28,767196.5422
440.895,784565.1355
442.51,768389.948
444.125,761251.5672
445.74,759960.7896
447.355,772804.4451
448.97,747452.659
450.585,789124.0659
452.2,790973.4275
453.815,795572.8609
455.43,769612.136
457.045,788980.3968
458.66,757305.8377
460.275,770306.1996
461.89,771816.2224
463.505,767079.6785
465.12,763406.7455
466.735,757965.4567
468.35,772151.8998
469.965,754613.0122
471.58,748502.576
473.195,743306.7317
474.81,758474.0373
476.425,751605.9575
478.04,733382.65
479.655,752613.5976
481.27,753231.5794
482.885,752445.7469
484.5,752347.5178
486.115,734451.9474
487.73,764651.6572
489.345,728345.6841
490.96,732976.8619
492.575,761542.699
494.19,734594.0917
495.805,775544.44
497.42,751381.3104
499.035,770595.3416
500.65,792333.0589
502.265,764189.4912
503.88,741629.5573
505.495,755696.299
507.11,761342.0308
508.725,724368.21
510.34,737921.9603
511.955,774574.9132
513.57,756582.6088
515.185,762449.7205
516.8,758078.181
518.415,741302.6254
520.03,737496.712
521.645,764047.2056
523.26,742384.445
524.875,753840.15
526.49,754753.2653
528.105,769400.3961
529.72,764434.5581
531.335,740578.6844
532.95,750204.4639
534.565,729110.5371
536.18,747232.3093
537.795,746753.1171
539.41,727572.8163
541.025,743041.0163
542.64,739807.9105
544.255,742791.5869
545.87,735379.7773
547.485,734657.6605
549.1,711911.4905
550.715,722484.7256
552.33,733454.9067
553.945,741839.9007
555.56,722613.4421
557.175,717504.6565
558.79,727344.8722
560.405,735169.2796
562.02,733262.5043
563.635,715832.276
565.25,722390.0595
566.865,716100.2024
568.48,730597.0087
570.095,722487.0426
571.71,718034.6442
573.325,712578.3265
574.94,718046.8354
576.555,705620.7557
578.17,712637.2372
579.785,725762.4589
581.4,736773.0555
583.015,709886.7637
584.63,718998.1348
586.245,732021.9569
587.86,729118.8865
589.475,730208.5665
591.09,711036.0777
592.705,720848.9208
594.32,719754.3019
595.935,739366.9248
597.55,758269.7969
599.165,724374.2424
600.78,732722.6944
602.395,727667.5327
604.01,757837.1047
605.625,737800.2916
607.24,736100.652
608.855,728091.2971
610.47,738985.6735
612.085,756288.6134
613.7,741249.8494
615.315,735827.0242
616.93,740000.6514
618.545,755006.9661
620.16,746051.5986
621.775,736655.0147
623.39,732881.7606
625.005,731912.6244
626.62,745832.4595
628.235,730420.9461
629.85,743524.5152
631.465,731283.383
633.08,732552.2905
634.695,731802.1669
636.31,730188.6507
637.925,734984.3116
639.54,734318.5895
641.155,728659.2104
642.77,730653.5763
644.385,732733.0261
646,759517.3753
647.615,753595.2691
649.23,764380.1959
650.845,756442.3446
652.46,766730.1214
654.075,763691.9155
655.69,747338.0082
657.305,772365.8042
658.92,793828.8598
660.535,759420.1262
662.15,754355.3338
663.765,756389.1278
665.38,736817.536
666.995,756061.5451
668.61,747544.0151
670.225,766364.1538
671.84,742240.2255
673.455,749208.3381
675.07,758171.0192
676.685,769724.0663
678.3,754509.8739
679.915,748460.7249
681.53,786444.646
683.145,759054.2738
684.76,760663.8143
686.375,779281.5183
687.99,764953.0091
689.605,752996.0372
691.22,771477.0398
692.835,757996.0352
694.45,763543.6124
696.065,759231.335
697.68,761109.2742
699.295,788061.3774
700.91,774462.4474
702.525,779470.568
704.14,771672.7764
705.755,759397.5772
707.37,778398.5724
708.985,773879.0533
710.6,759036.9688
712.215,763713.6909
713.83,768158.4205
715.445,793876.3621
717.06,784536.9967
718.675,787145.0637
720.29,783391.876
721.905,791056.5329
723.52,784534.8322
725.135,782836.8662
726.75,800416.2548
728.365,775635.8408
729.98,780824.0851
731.595,778107.7066
733.21,760353.2633
734.825,771805.093
736.44,781929.4709
738.055,770673.601
739.67,780883.5797
741.285,755995.133
742.9,766606.5987
744.515,787271.147
746.13,763644.1212
747.745,778066.0154
749.36,772832.7103
750.975,752827.5951
752.59,755730.3679
754.205,766994.126
755.82,782329.8235
757.435,775340.3948
759.05,771724.3604
760.665,766092.6924
762.28,761075.4638
763.895,767658.2322
765.51,776996.3201
767.125,757827.7661
768.74,755710.9988
770.355,767741.9679
771.97,780938.5146
773.585,752469.4395
775.2,762569.9872
776.815,750972.6567
778.43,754564.7531
780.045,754971.7499
781.66,779269.7362
783.275,768281.8336
784.89,749086.5894
786.505,768981.0779
788.12,761681.139
789.735,780158.2161
791.35,764055.4211
792.965,765081.3109
794.58,768907.5548
796.195,771531.627
797.81,780115.372
799.425,761824.1239
801.04,759121.692
802.655,756743.2687
804.27,770006.9453
805.885,767806.063
807.5,783263.5371
809.115,768643.5205
810.73,782777.0629
812.345,762214.0983
813.96,767297.5754
815.575,763512.4314
817.19,759352.3213
818.805,762521.49
820.42,775245.7807
822.035,772205.7301
823.65,750603.9332
825.265,754614.2228
826.88,763994.5913
828.495,776382.7045
830.11,754047.1574
831.725,766739.9696
833.34,754117.7163
834.955,764166.4811
836.57,766575.4977
838.185,776877.7847
839.8,780326.5262
841.415,743006.2389
843.03,753206.3862
844.645,751507.2096
846.26,746747.942
847.875,36.5105
849.49,740913.9285
851.105,747128.6354
852.72,763578.7468
854.335,738076.6269
855.95,727800.6098
857.565,731561.0032
859.18,745280.8117
860.795,763309.2082
862.41,722406.2785
864.025,746088.9886
865.64,731577.7374
867.255,738935.3223
868.87,722076.217
870.485,742022.6131
872.1,722119.963
873.715,741571.0074
875.33,744193.0917
876.945,736541.8069
878.56,744652.7809
880.175,734118.5945
881.79,728448.5509
883.405,758253.7136
885.02,736523.5312
886.635,744674.5079
888.25,758418.5333
889.865,740626.594
891.48,750765.0896
893.095,735334.765
894.71,734682.7627
896.325,722060.4852
897.94,734482.2377
899.555,730492.7435
901.17,740455.1747
902.785,725025.8171
904.4,727098.857
906.015,733951.5656
907.63,739199.2972
909.245,736981.1005
910.86,746383.7577
912.475,725921.6441
914.09,736594.7726
915.705,723500.2354
917.32,736286.678
918.935,743849.223
920.55,721982.9232
922.165,745807.2216
923.78,730442.8703
925.395,739634.4606
927.01,730290.9075
928.625,750468.0221
930.24,733599.779
931.855,758172.2596
933.47,760204.0955
935.085,735645.7902
936.7,732994.7992
938.315,753525.7609
939.93,754585.515
941.545,750995.8305
943.16,739497.8299
944.775,732005.2041
946.39,741358.6371
948.005,757684.7199
949.62,770120.1327
951.235,734337.2166
952.85,733915.587
954.465,751863.2454
956.08,743185.7789
957.695,735690.4642
959.31,735637.8369
960.925,705193.4916
962.54,734372.8141
964.155,723841.497
965.77,713410.6758
967.385,721374.4772
969,719550.0745
970.615,723785.5579
972.23,715170.723
973.845,734186.5426
975.46,729900.9609
977.075,730481.8911
978.69,753974.1774
980.305,770380.7026
981.92,750916.6655
983.535,741377.9876
985.15,718457.3951
986.765,737207.2539
988.38,740032.2806
989.995,739462.0261
991.61,740207.6067
993.225,743713.5574
994.84,727140.3585
996.455,731795.5413
998.07,738926.7851
999.685,741623.127
1001.3,734393.3975
1002.915,752079.1173
1004.53,742749.8697
1006.145,756391.7498
1007.76,746660.0502
1009.375,754082.2639
1010.99,750102.6031
1012.605,761903.3074
1014.22,751695.3667
1015.835,745496.5422
1017.45,753069.5361
1019.065,726952.5807
1020.68,744367.0195
1022.295,744172.2201
1023.91,749284.5724
1025.525,741716.8745
1027.14,742779.9796
1028.755,740543.6765
1030.37,736247.2443
1031.985,759172.8818
1033.6,764382.9926
1035.215,727114.5851
1036.83,735492.0163
1038.445,750222.7693
1040.06,742246.3843
1041.675,723511.6624
1043.29,730562.5325
1044.905,735281.2433
1046.52,741792.5119
1048.135,741550.4352
1049.75,745599.5318
1051.365,754986.2135
1052.98,750440.2107
1054.595,755022.3577
1056.21,759329.7556
1057.825,773247.1491
1059.44,752082.5686
1061.055,753890.4751
1062.67,756248.8375
1064.285,776029.6496
1065.9,733939.817
1067.515,766844.8485
1069.13,763811.6112
1070.745,774731.0377
1072.36,795336.3183
1073.975,766036.9319
1075.59,755599.1076
1077.205,770095.2035
1078.82,774743.7979
1080.435,765931.7034
1082.05,776401.8579
1083.665,771419.1389
1085.28,772187.7334
1086.895,774535.3364
1088.51,789091.5089
1090.125,785407.3348
1091.74,792710.5874
1093.355,788516.2875
1094.97,787234.8913
1096.585,796368.8076
1098.2,792391.8189
1099.815,774002.1837
1101.43,772105.0464
1103.045,790799.496
1104.66,793724.4384
1106.275,777284.8038
1107.89,774255.334
1109.505,761907.1529
1111.12,769050.4504
1112.735,788492.8385
1114.35,760836.3772
1115.965,766743.4991
1117.58,768980.6911
1119.195,790440.366
1120.81,775175.7202
1122.425,775017.435
1124.04,781847.5798
1125.655,766410.1257
1127.27,766727.559
1128.885,780564.1641
1130.5,774078.3231
1132.115,783138.3817
1133.73,759395.8292
1135.345,756650.6257
1136.96,769355.9118
1138.575,773884.6692
1140.19,784356.0473
1141.805,756539.1046
1143.42,773401.5478
1145.035,771629.9453
1146.65,761447.6572
1148.265,764483.5182
1149.88,758889.7814
1151.495,780908.7023
1153.11,764459.3794
1154.725,775925.4551
1156.34,766125.9041
1157.955,765553.1912
1159.57,758201.0436
1161.185,771854.2038
1162.8,764681.0233
1164.415,762971.8479
1166.03,758980.7471
1167.645,770191.7069
1169.26,764876.4475
1170.875,760843.3115
1172.49,755272.5067
1174.105,759153.3843
1175.72,68.8295
1177.335,766040.0485
1178.95,757847.468
1180.565,756135.3899
1182.18,739214.4581
1183.795,733802.9538
1185.41,752922.3654
1187.025,723157.0269
1188.64,732115.8736
1190.255,738752.1507
1191.87,737055.2186
1193.485,726123.8148
1195.1,720336.0094
1196.715,720540.2627
1198.33,735295.6753
1199.945,738034.1528
1201.56,731523.2673
1203.175,736202.6913
1204.79,751904.9682
1206.405,751470.7903
1208.02,742996.2234
1209.635,761564.4279
1211.25,743340.2631
1212.865,758308.3027
1214.48,769752.0489
1216.095,737958.3425
1217.71,742059.5661
1219.325,748797.823
1220.94,741871.5504
1222.555,756030.5891
1224.17,782477.0946
1225.785,738703.6814
1227.4,752093.2908
1229.015,762801.9442
1230.63,764347.6648
1232.245,746266.2264
1233.86,746233.6229
1235.475,757096.0633
1237.09,775039.8705
1238.705,759181.1828
1240.32,782823.0571
1241.935,762338.3797
1243.55,774763.6059
1245.165,781241.9938
1246.78,792496.1659
1248.395,779618.5587
1250.01,794665.6534
1251.625,796941.9983
1253.24,804348.7258
1254.855,803262.5604
1256.47,788265.1864
1258.085,771425.3349
1259.7,771221.6468
1261.315,812656.8161
1262.93,784442.8401
1264.545,769526.0908
1266.16,768646.5367
1267.775,785259.5635
1269.39,786783.5888
1271.005,790874.8098
1272.62,794796.17
1274.235,804073.3184
1275.85,799406.3051
1277.465,789875.4261
1279.08,789005.9768
1280.695,786947.1904
1282.31,775532.8363
1283.925,789714.8908
1285.54,815008.6347
1287.155,785460.3544
1288.77,785043.3383
1290.385,781296.7093
1292,785330.2935
1293.615,782986.4784
1295.23,785463.0322
1296.845,781889.2469
1298.46,770662.7096
1300.075,798925.4672
1301.69,792486.5074
1303.305,778255.3775
1304.92,770520.8516
1306.535,774961.4029
1308.15,794363.7233
1309.765,790801.6606
1311.38,807387.9526
1312.995,813097.9934
1314.61,791756.9357
1316.225,787962.451
1317.84,773284.4126
1319.455,794645.0347
1321.07,781389.6033
1322.685,799308.1578
1324.3,797813.8055
1325.915,803109.0245
1327.53,801128.3375
1329.145,799173.9762
1330.76,791874.9225
1332.375,806799.9617
1333.99,794557.076
1335.605,809604.5407
1337.22,788883.1496
1338.835,802734.0213
1340.45,800664.1779
1342.065,846165.4439
1343.68,817048.1487
1345.295,796857.08
1346.91,812774.894
1348.525,808673.4622
1350.14,793278.1418
1351.755,809512.4928
1353.37,796645.3214
1354.985,807157.9853
1356.6,809076.3066
1358.215,814311.2778
1359.83,794699.9492
1361.445,821192.6292
1363.06,822143.5121
1364.675,817308.1143
1366.29,827750.3755
1367.905,797419.8628
1369.52,823848.9089
1371.135,821789.5051
1372.75,824310.3571
1374.365,822061.2733
1375.98,810363.6887
1377.595,814411.1954
1379.21,817909.9998
1380.825,813259.5142
1382.44,807609.2469
1384.055,818125.3882
1385.67,793783.1185
1387.285,792750.8114
1388.9,834392.9639
1390.515,795776.9656
1392.13,795752.3711
1393.745,798679.9894
1395.36,813897.5067
1396.975,822189.629
1398.59,797435.4979
1400.205,795492.0596
1401.82,800698.6578
1403.435,818769.136
1405.05,811391.386
1406.665,793088.4338
1408.28,800294.0561
1409.895,797844.9828
1411.51,803635.373
1413.125,790675.6256
1414.74,800512.9962
1416.355,795124.742
1417.97,798616.3889
1419.585,791057.4347
1421.2,806561.7528
1422.815,794963.2806
1424.43,826444.939
1426.045,822211.9009
1427.66,814955.2227
1429.275,798709.3183
1430.89,788654.4561
1432.505,806385.0097
1434.12,800914.2061
1435.735,810186.4862
1437.35,803746.3642
1438.965,805325.7223
1440.58,819456.6558
1442.195,795163.1938
1443.81,804907.3004
1445.425,788001.6727
1447.04,796881.6819
1448.655,789666.0087
1450.27,789226.611
1451.885,795925.053
1453.5,791449.8675
1455.115,818383.6802
1456.73,820612.6567
1458.345,810439.6961
1459.96,787649.5923
1461.575,790576.3068
1463.19,799683.9216
1464.805,794266.4091
1466.42,801338.0226
1468.035,793258.3915
1469.65,793570.4488
1471.265,795875.0087
1472.88,799372.305
1474.495,810555.7025
1476.11,784479.2762
1477.725,790619.1193
1479.34,795987.2774
1480.955,815259.8158
1482.57,784556.8382
1484.185,794553.249
1485.8,788107.9165
1487.415,798986.1463
1489.03,802974.4504
1490.645,794450.1033
1492.26,807482.0367
1493.875,827512.6167
1495.49,809110.0854
1497.105,815861.7106
1498.72,801686.7001
1500.335,791594.6431
1501.95,790155.01
1503.565,801845.069
1505.18,794346.4238
1506.795,804649.9456
1508.41,811560.7914
1510.025,810229.9087
1511.64,799921.7734
1513.255,802663.5702
1514.87,816378.9325
1516.485,797721.0621
1518.1,808542.0605
1519.715,799875.9335
1521.33,803921.4393
1522.945,810737.009
1524.56,813788.2132
1526.175,804772.8621
1527.79,801027.3748
1529.405,793021.1887
1531.02,798879.4228
1532.635,819839.5249
1534.25,803899.1637
1535.865,788507.7429
1537.48,807221.7252
1539.095,803824.2367
1540.71,803010.5629
1542.325,813545.4931
1543.94,812293.4556
1545.555,823790.1098
1547.17,806182.7758
1548.785,787548.5664
1550.4,792585.8262
1552.015,798259.0199
1553.63,788373.9703
1555.245,777563.6476
1556.86,792400.1274
1558.475,795742.8874
1560.09,794910.0676
1561.705,784892.3389
1563.32,799734.732
1564.935,785744.7992
1566.55,802979.672
1568.165,796818.47
1569.78,798252.2809
1571.395,783674.6156
1573.01,793366.1619
1574.625,809126.2635
1576.24,795219.5048
1577.855,794092.5557
1579.47,803241.5456
1581.085,812520.0031
1582.7,809942.4775
1584.315,805166.6635
1585.93,777284.9507
1587.545,795217.8238
1589.16,783256.322
1590.775,804333.6299
1592.39,797985.8217
1594.005,829320.884
1595.62,810824.2221
1597.235,804795.8387
1598.85,819459.804
1600.465,811816.8519
1602.08,792009.2306
1603.695,792315.5698
1605.31,815462.5071
1606.925,796207.5899
1608.54,791650.4074
1610.155,799231.9663
1611.77,787839.6647
1613.385,829256.4039
1615,804913.1636
1616.615,797698.1004
1618.23,779278.6546
1619.845,806889.2482
1621.46,797062.9493
1623.075,804971.3378
1624.69,808301.1795
1626.305,797823.2967
1627.92,814057.0564
1629.535,811637.6318
1631.15,808457.7539
1632.765,807502.5011
1634.38,802241.749
1635.995,802029.3024
1637.61,814463.3689
1639.225,805357.6918
1640.84,822157.8102
1642.455,815740.3617
1644.07,830052.9271
1645.685,815852.3217
1647.3,808756.1639
1648.915,807295.3636
1650.53,791491.0604
1652.145,800442.3964
1653.76,815584.4753
1655.375,804101.1913
1656.99,793943.4864
1658.605,815515.1325
1660.22,811039.1363
1661.835,800059.8453
1663.45,805361.8051
1665.065,789211.0986
1666.68,799650.7843
1668.295,804588.7867
1669.91,790703.5356
1671.525,789869.959
1673.14,788239.2289
1674.755,794715.655
1676.37,803171.617
1677.985,803155.6007
1679.6,805368.2912
1681.215,778795.0646
1682.83,816608.2192
1684.445,804406.7159
1686.06,796130.3198
1687.675,785952.5932
1689.29,779350.2474
1690.905,801640.492
1692.52,802130.7392
1694.135,792087.5922
1695.75,799321.2528
1697.365,793015.424
1698.98,797716.1213
1700.595,793066.5655
1702.21,794412.9271
1703.825,782379.8715
1705.44,812501.3537
1707.055,800409.2294
1708.67,808501.9276
1710.285,772850.2589
1711.9,787287.1243
1713.515,805178.0775
1715.13,806040.3823
1716.745,815269.5096
1718.36,786613.5791
1719.975,783933.2758
1721.59,802739.7282
1723.205,788635.5165
1724.82,794463.771
1726.435,787996.0811
1728.05,806333.2788
1729.665,802000.881
1731.28,813199.8021
1732.895,788156.5736
1734.51,811428.3911
1736.125,801932.0998
1737.74,796745.0047
1739.355,785750.932
1740.97,801836.5541
1742.585,783657.4798
1744.2,781505.5856
1745.815,817735.4398
1747.43,776016.6179
1749.045,790216.1577
1750.66,808986.4678
1752.275,798686.9144
1753.89,781388.3407
1755.505,781304.4655
1757.12,789926.8335
1758.735,787718.842
1760.35,792768.4883
1761.965,791121.9222
1763.58,790536.2148
1765.195,793675.0338
1766.81,804110.489
1768.425,793807.3559
1770.04,774889.8175
1771.655,780600.6356
1773.27,794646.9184
1774.885,798427.4099
1776.5,786515.7293
1778.115,779228.6902
1779.73,778447.8431
1781.345,784181.636
1782.96,815647.0548
1784.575,778843.2252
1786.19,782270.5632
1787.805,781001.613
1789.42,800468.0917
1791.035,809422.2227
1792.65,777906.7576
1794.265,764399.0759
1795.88,781619.0425
1797.495,784701.1395
1799.11,806125.5015
1800.725,769103.5406
1802.34,797638.8011
1803.955,774702.3745
1805.57,781912.3351
1807.185,764148.7521
1808.8,771685.9699
1810.415,772007.8959
1812.03,793012.8988
1813.645,790130.118
1815.26,764405.2589
1816.875,760833.5953
1818.49,780904.2096
1820.105,815371.389
1821.72,793608.5362
1823.335,801360.8505
1824.95,763273.2369
1826.565,762171.098
1828.18,792965.4244
1829.795,788909.3284
1831.41,784843.6371
1833.025,772831.4737
1834.64,793542.7489
1836.255,798528.5362
1837.87,782558.6397
1839.485,783273.9171
1841.1,791653.8457
1842.715,782429.8359
1844.33,806230.9215
1845.945,788602.3272
1847.56,779149.5941
1849.175,793703.299
1850.79,797708.8523
1852.405,797791.4053
1854.02,800812.7005
1855.635,775598.4284
1857.25,803934.5752
1858.865,91.4157
1860.48,808047.462
1862.095,803435.7945
1863.71,778582.4451
1865.325,792614.0858
1866.94,796219.9968
1868.555,802469.6596
1870.17,798949.9315
1871.785,803263.665
1873.4,811704.8268
1875.015,807990.448
1876.63,792173.6077
1878.245,790559.7754
1879.86,803233.8414
1881.475,817107.8404
1883.09,805966.1601
1884.705,803461.568
1886.32,792931.7106
1887.935,783455.2775
1889.55,806743.6284
1891.165,809998.0223
1892.78,812569.5993
1894.395,785067.7952
1896.01,806107.9455
1897.625,809219.7991
1899.24,814077.1396
1900.855,808613.5845
1902.47,788258.7096
1904.085,791111.5347
1905.7,794981.322
1907.315,793333.5416
1908.93,799604.024
1910.545,814883.2561
1912.16,778374.4726
1913.775,787272.4822
1915.39,790845.8343
1917.005,802430.9995
1918.62,803359.763
1920.235,811598.3543
1921.85,806180.2951
1923.465,800680.2147
1925.08,807245.2895
1926.695,805993.8061
1928.31,800980.6926
1929.925,844344.4498
1931.54,828750.3022
1933.155,817364.5852
1934.77,812871.9627
1936.385,822528.369
1938,817714.7987
1939.615,799470.9227
1941.23,822722.9453
1942.845,810322.8864
1944.46,805570.3857
1946.075,822327.2955
1947.69,804415.0839
1949.305,794439.0315
1950.92,817109.9082
1952.535,803499.1235
1954.15,815567.2
1955.765,808359.9897
1957.38,821987.7782
1958.995,801951.7981
1960.61,801442.6913
1962.225,810671.1287
1963.84,809843.9118
1965.455,802049.9212
1967.07,794561.0852
1968.685,801237.6904
1970.3,819693.6782
1971.915,823658.2637
1973.53,805373.0349
1975.145,810105.2182
1976.76,801115.8189
1978.375,812155.3502
1979.99,805908.7538
1981.605,804738.0884
1983.22,801136.6218
1984.835,794078.5644
1986.45,807115.5019
1988.065,790093.3807
1989.68,801186.1435
1991.295,806949.2839
1992.91,796081.8283
1994.525,806078.122
1996.14,810347.8565
1997.755,789470.4971
1999.37,805413.6643
2000.985,812666.3593
2002.6,822967.4804
2004.215,825758.3173
2005.83,797867.9185
2007.445,786022.399
2009.06,829389.4457
2010.675,819973.7103
2012.29,806422.6582
2013.905,821038.8088
2015.52,810383.2029
2017.135,801423.192
2018.75,798286.7235
2020.365,819892.1503
2021.98,803696.7718
2023.595,798263.3973
2025.21,814684.6019
2026.825,827015.6695
2028.44,800999.1022
2030.055,799505.5327
2031.67,828165.6659
2033.285,806316.1579
2034.9,814471.7369
2036.515,829104.709
2038.13,809926.6155
2039.745,817645.5564
2041.36,866628.4723
2042.975,810745.7489
2044.59,811043.9228
2046.205,827370.7401
2047.82,821736.9169
2049.435,816947.6361
2051.05,798258.8358
2052.665,802082.5061
2054.28,805012.9435
2055.895,810444.1386
2057.51,819904.7729
2059.125,801912.3142
2060.74,809735.7378
2062.355,799146.8787
2063.97,810911.9261
2065.585,790723.9182
2067.2,791632.1838
2068.815,795726.8506
2070.43,805803.6351
2072.045,788719.6837
2073.66,792865.3766
2075.275,777364.958
2076.89,787366.0326
2078.505,812642.8657
2080.12,805424.0072
2081.735,790873.2701
2083.35,797563.5059
2084.965,811450.2223
2086.58,782310.2405
2088.195,788309.4698
2089.81,795906.9
2091.425,790054.3821
2093.04,800306.4481
2094.655,809290.2762
2096.27,819782.3269
2097.885,785079.5699
2099.5,786255.2653
2101.115,814625.1166
2102.73,839851.143
2104.345,796489.4908
2105.96,815174.4753
2107.575,804165.7345
2109.19,793622.0216
2110.805,808482.3
2112.42,817261.6255
2114.035,795394.8161
2115.65,784111.3077
2117.265,786467.3884
2118.88,800317.2112
2120.495,807716.9077
2122.11,806653.3731
2123.725,795500.1133
2125.34,798368.9121
2126.955,793679.7905
2128.57,797939.6136
2130.185,796035.3264
2131.8,784907.1297
2133.415,812357.6306
2135.03,785329.3916
2136.645,787538.4653
2138.26,784961.9717
2139.875,779723.1028
2141.49,791777.2439
2143.105,778960.0089
2144.72,784723.3259
2146.335,764353.6266
2147.95,802219.8416
2149.565,790718.3265
2151.18,766747.9155
2152.795,765397.6954
2154.41,772267.9359
2156.025,772108.7674
2157.64,781287.1494
2159.255,758607.3152
2160.87,754474.5647
2162.485,764998.1219
2164.1,776226.833
2165.715,784039.7148
2167.33,762864.5442
2168.945,778408.5694
2170.56,787596.727
2172.175,785418.2244
2173.79,768128.3014
2175.405,787382.6198
2177.02,771135.2073
2178.635,768288.1932
2180.25,780021.2934
2181.865,769407.0198
2183.48,759831.9467
2185.095,797989.6877
2186.71,775439.8233
2188.325,771352.1428
2189.94,761050.2929
2191.555,772282.7528
2193.17,759171.3885
2194.785,770703.1028
2196.4,770028.4381
2198.015,791296.6868
2199.63,772230.3078
2201.245,783504.1596
2202.86,784497.4329
2204.475,770878.3471
2206.09,763866.8065
2207.705,749792.1785
2209.32,752068.6442
2210.935,758186.6135
2212.55,765069.6682
2214.165,758402.9763
2215.78,738952.168
2217.395,747003.9189
2219.01,776782.2445
2220.625,756294.7369
2222.24,753182.6378
2223.855,741428.3555
2225.47,777172.338
2227.085,760073.5213
2228.7,773386.5319
2230.315,737716.1896
2231.93,757558.3521
2233.545,758384.2822
2235.16,750552.762
2236.775,744233.5891
2238.39,748005.8967
2240.005,735640.0368
2241.62,767772.327
2243.235,745428.7671
2244.85,744937.6273
2246.465,746411.0578
2248.08,747593.9571
2249.695,741506.4679
2251.31,731589.1178
2252.925,748252.8528
2254.54,735320.7663
2256.155,737848.2867
2257.77,759526.2286
2259.385,739720.7458
2261,742458.1801
2262.615,761410.5517
2264.23,765942.3568
2265.845,747561.6176
2267.46,753851.9099
2269.075,760749.2906
2270.69,750456.4353
2272.305,761524.1704
2273.92,736240.3156
2275.535,779019.8121
2277.15,760413.5035
2278.765,746295.3099
2280.38,748826.7651
2281.995,751732.8944
2283.61,732061.7123
2285.225,736832.0182
2286.84,771598.5802
2288.455,765888.8779
2290.07,748784.8879
2291.685,752615.3996
2293.3,752844.3701
2294.915,759194.2871
2296.53,762556.5277
2298.145,749180.3853
2299.76,752622.1442
2301.375,752081.8843
2302.99,757849.9152
2304.605,772424.4955
2306.22,764054.7702
2307.835,751345.0472
2309.45,772306.4473
2311.065,801823.9296
2312.68,757754.0998
2314.295,749118.4026
2315.91,772376.2958
2317.525,790489.2481
2319.14,772793.3156
2320.755,773473.9979
2322.37,777825.2311
2323.985,780105.1407
2325.6,790599.6331
2327.215,803129.4591
2328.83,784501.3602
2330.445,787357.0993
2332.06,779366.671
2333.675,805922.7451
2335.29,778018.3178
2336.905,777424.4042
2338.52,774684.2587
2340.135,762594.9833
2341.75,775998.4091
2343.365,754069.208
2344.98,747356.7878
2346.595,748255.9657
2348.21,766084.7428
2349.825,769168.0895
2351.44,766036.7571
2353.055,760111.7723
2354.67,743772.7507
2356.285,755751.3325
2357.9,766050.1179
2359.515,758594.3801
2361.13,754109.2424
2362.745,759177.5065
2364.36,770043.2866
2365.975,762807.3908
2367.59,757085.1681
2369.205,747966.1208
2370.82,743645.2969
2372.435,750354.8423
2374.05,770713.8789
2375.665,737298.4389
2377.28,759051.4771
2378.895,743299.0331
2380.51,773670.1882
2382.125,744156.3097
2383.74,754711.5872
2385.355,735560.3344
2386.97,744557.157
2388.585,741725.9622
2390.2,743222.903
2391.815,739195.1913
2393.43,735036.0928
2395.045,719586.0699
2396.66,742427.8991
2398.275,750321.3703
2399.89,751739.8119
2401.505,737146.5208
2403.12,736287.8756
2404.735,757777.441
2406.35,743577.8918
2407.965,732556.1304
2409.58,746544.2204
2411.195,756968.9535
2412.81,756426.2724
2414.425,743954.9498
2416.04,748159.9849
2417.655,747337.1435
2419.27,764253.1567
2420.885,758064.6918
2422.5,777660.2254
2424.115,749693.0847
2425.73,746489.1423
2427.345,747072.0287
2428.96,765885.8264
2430.575,769606.589
2432.19,767169.2737
2433.805,769570.1845
2435.42,755457.1251
2437.035,761564.7812
2438.65,756221.3217
2440.265,753340.3578
2441.88,772687.4977
2443.495,769383.6471
2445.11,752214.701
2446.725,741939.5598
2448.34,757517.9086
2449.955,762974.6856
2451.57,757192.39
2453.185,755568.6258
2454.8,749948.6878
2456.415,731378.594
2458.03,744670.0598
2459.645,751699.1212
2461.26,738192.4975
2462.875,732012.4806
2464.49,733715.5046
2466.105,746943.0148
2467.72,741541.8013
2469.335,726682.2388
2470.95,736214.8249
2472.565,727854.985
2474.18,731031.5157
2475.795,723488.7341
2477.41,718135.5436
2479.025,727431.8807
2480.64,732795.4699
2482.255,762507.0599
2483.87,732302.5226
2485.485,738647.5675
2487.1,730369.2319
2488.715,728534.3451
2490.33,738505.2596
2491.945,737593.0369
2493.56,727423.364
2495.175,732918.4812
2496.79,738171.5757
2498.405,737546.8456
2500.02,739381.3252
2501.635,745397.984
2503.25,721464.0147
2504.865,731959.1765
2506.48,760024.4031
2508.095,752405.2793
2509.71,753044.0174
2511.325,760528.3459
2512.94,766153.816
2514.555,768915.8577
2516.17,749213.3533
2517.785,749318.3716
2519.4,762971.8591
2521.015,766768.9378
2522.63,776871.28
2524.245,755759.3304
2525.86,758403.3054
2527.475,771953.3087
2529.09,805416.1134
2530.705,796768.7642
2532.32,781617.5995
2533.935,796869.4646
2535.55,775849.1688
2537.165,790250.1039
2538.78,784542.646
2540.395,792064.6305
2542.01,787938.0723
2543.625,802471.3165
2545.24,797511.8549
2546.855,774421.5689
2548.47,779663.2178
2550.085,787614.6029
2551.7,783115.3716
2553.315,805871.3823
2554.93,791498.1006
2556.545,787622.3405
2558.16,799195.5154
2559.775,782911.4492
2561.39,798030.0047
2563.005,778587.8006
2564.62,767570.2567
2566.235,778327.1674
2567.85,795975.6031
2569.465,788871.7896
2571.08,780546.9335
2572.695,772563.7389
2574.31,778888.602
2575.925,806242.3354
2577.54,796175.5163
2579.155,784904.385
2580.77,780819.0123
2582.385,812393.8715
2584,816689.0317
2585.615,801094.4638
2587.23,799962.0904
2588.845,802958.6814
2590.46,815758.7675
2592.075,797536.6279
2593.69,811140.0227
2595.305,793144.5626
2596.92,803353.1355
2598.535,827099.1263
2600.15,790378.0337
2601.765,783244.4171
2603.38,811882.4942
2604.995,818314.1329
2606.61,792876.8575
2608.225,800486.5794
2609.84,780831.951
2611.455,785411.6434
2613.07,813017.0079
2614.685,823067.9614
2616.3,798993.9304
2617.915,830509.9942
2619.53,811889.4043
2621.145,806438.0758
2622.76,811070.613
2624.375,788112.1079
2625.99,792495.2176
2627.605,797959.496
2629.22,786891.2737
2630.835,780570.5127
2632.45,791489.3105
2634.065,797549.3305
2635.68,797712.2534
2637.295,793616.7368
2638.91,783411.87
2640.525,777421.1909
2642.14,780652.4483
2643.755,792974.5362
2645.37,787876.8409
2646.985,786094.5497
2648.6,775999.5862
2650.215,790794.6259
2651.83,792594.0268
2653.445,799113.2245
2655.06,802327.1695
2656.675,772427.9468
2658.29,797145.6083
2659.905,799026.6028
2661.52,810243.3942
2663.135,784131.8855
2664.75,769461.5531
2666.365,782324.3155
2667.98,782659.0947
2669.595,772737.9716
2671.21,780039.5022
2672.825,747386.6783
2674.44,761561.9547
2676.055,777775.0343
2677.67,782524.8944
2679.285,771747.0228
2680.9,763127.8477
2682.515,762809.1574
2684.13,768391.7146
2685.745,773992.0547
2687.36,780861.0996
2688.975,777661.6535
2690.59,791359.9228
2692.205,777115.2125
2693.82,796498.3274
2695.435,766088.4526
2697.05,764789.8425
2698.665,766848.6104
2700.28,782207.4147
2701.895,758197.4138
2703.51,768962.3187
2705.125,763309.409
2706.74,756998.6487
2708.355,763971.8676
2709.97,781678.8253
2711.585,782757.2475
2713.2,763377.2046
2714.815,764037.0673
2716.43,756120.4632
2718.045,777902.1162
2719.66,777957.278
2721.275,780455.2519
2722.89,767552.7676
2724.505,770919.685
2726.12,778475.3348
2727.735,799478.6547
2729.35,784948.0753
2730.965,781110.5606
2732.58,792580.1769
2734.195,784054.5318
2735.81,780093.2359
2737.425,767998.8281
2739.04,763153.9931
2740.655,781620.8072
2742.27,790199.3827
2743.885,775793.8284
2745.5,751668.5612
2747.115,765226.7168
2748.73,761513.9038
2750.345,772162.648
2751.96,774149.1628
2753.575,765556.3599
2755.19,783701.6033
2756.805,775644.2311
2758.42,776051.8955
2760.035,784341.0927
2761.65,800833.2318
2763.265,799188.6108
2764.88,799275.7198
2766.495,786882.796
2768.11,797776.3206
2769.725,785751.4192
2771.34,817797.177
2772.955,804542.2774
2774.57,792260.3671
2776.185,783556.1081
2777.8,789384.9818
2779.415,780890.8506
2781.03,800972.8862
2782.645,788350.6552
2784.26,791307.2565
2785.875,820141.9925
2787.49,791366.8478
2789.105,808972.4784
2790.72,785607.5325
2792.335,808426.6994
2793.95,794870.779
2795.565,804756.498
2797.18,799260.5942
2798.795,795277.2198
2800.41,790700.9564
2802.025,813955.3388
2803.64,815538.4606
2805.255,808044.747
2806.87,818625.0503
2808.485,805681.626
2810.1,807194.295
2811.715,804731.394
2813.33,800391.2178
2814.945,836681.2211
2816.56,817639.6727
2818.175,805365.8738
2819.79,815137.6636
2821.405,801865.4497
2823.02,818000.5266
2824.635,821313.8647
2826.25,831005.662
2827.865,805596.7114
2829.48,808116.2469
2831.095,814571.9668
2832.71,812445.5671
2834.325,798730.3052
2835.94,800252.7777
2837.555,831427.7919
2839.17,809847.0266
2840.785,807862.6967
2842.4,800381.6448
2844.015,804151.3992
2845.63,827315.5449
2847.245,822038.7355
2848.86,806969.3299
2850.475,811190.3682
2852.09,807655.455
2853.705,815931.7451
2855.32,825018.9662
2856.935,823766.7352
2858.55,802812.0779
2860.165,816194.6135
2861.78,824992.2221
2863.395,816214.5944
2865.01,809733.5938
2866.625,803330.2202
2868.24,808279.5399
2869.855,825171.0851
2871.47,818377.0955
2873.085,812345.9824
2874.7,812499.4941
2876.315,820656.2298
2877.93,840927.3393
2879.545,828726.154
2881.16,811122.1226
2882.775,819742.1345
2884.39,821731.5279
2886.005,811021.7067
2887.62,822896.1293
2889.235,804485.509
2890.85,823020.1764
2892.465,818088.9409
2894.08,815362.2902
2895.695,804234.9545
2897.31,812622.446
2898.925,803021.2107
2900.54,829209.0653
2902.155,830813.7115
2903.77,802257.2131
2905.385,809903.4491
2907,815116.0648
2908.615,800569.9748
2910.23,809525.8816
2911.845,810444.8731
2913.46,812061.2549
2915.075,813823.1468
2916.69,808280.1665
2918.305,813483.384
2919.92,835237.6792
2921.535,801097.4094
2923.15,818795.9229
2924.765,829454.2326
2926.38,828450.6202
2927.995,842422.1174
2929.61,806385.1938
2931.225,790882.2815
2932.84,827465.7671
2934.455,820065.8066
2936.07,814005.5151
2937.685,813542.7391
2939.3,828455.6782
2940.915,816009.216
2942.53,806164.647
2944.145,801610.6685
2945.76,812417.9155
2947.375,817905.8679
2948.99,829432.1225
2950.605,816918.7126
2952.22,793898.5261
2953.835,822031.5985
2955.45,836624.7576
2957.065,820110.4619
2958.68,809150.8654
2960.295,824041.4062
2961.91,829376.1127
2963.525,835745.8172
2965.14,812924.0302
2966.755,812690.9984
2968.37,805721.1862
2969.985,815186.4954
2971.6,835862.03
2973.215,816606.8766
2974.83,819872.2902
2976.445,805656.894
2978.06,815866.3855
2979.675,820585.9498
2981.29,831822.021
2982.905,863586.8299
2984.52,804164.814
2986.135,805456.62
2987.75,844332.61
2989.365,824869.313
2990.98,816494.7455
2992.595,823645.6801
2994.21,818073.211
2995.825,833071.9536
2997.44,809115.4781
2999.055,796394.6424
3000.67,804509.6255
3002.285,817955.6109
3003.9,830903.9798
3005.515,796775.3916
3007.13,792720.681
3008.745,789563.4376
3010.36,816167.4528
3011.975,807919.971
3013.59,795859.1541
3015.205,809706.2435
3016.82,810145.5352
3018.435,797637.1963
3020.05,818848.3232
3021.665,805434.8632
3023.28,789174.7276
3024.895,814523.9903
3026.51,800331.9389
3028.125,808102.3932
3029.74,798634.9436
3031.355,0
3032.97,808039.663
3034.585,801731.6195
3036.2,810830.7305
3037.815,814590.5624
3039.43,802844.8767
3041.045,813342.4299
3042.66,797249.4347
3044.275,806436.9247
3045.89,808466.3079
3047.505,810236.0694
3049.12,799432.4467
3050.735,812469.5553
3052.35,809902.6272
3053.965,816673.0506
3055.58,818799.3035
3057.195,803243.7826
3058.81,809943.9502
3060.425,806341.2098
3062.04,806884.5714
3063.655,798243.924
3065.27,806165.5675
3066.885,802741.4892
3068.5,785776.3856
3070.115,783612.7464
3071.73,806625.5355
3073.345,807797.0247
3074.96,801090.2464
3076.575,791629.9133
3078.19,790789.7055
3079.805,798511.9676
3081.42,809561.5832
3083.035,805820.0196
3084.65,807880.7883
3086.265,783436.338
3087.88,788315.3479
3089.495,788176.4578
3091.11,786199.5289
3092.725,794995.3691
3094.34,787625.7677
3095.955,793293.2042
3097.57,803460.9469
3099.185,804770.0728
3100.8,783653.3312
3102.415,790101.5497
3104.03,801182.0934
3105.645,815664.4547
3107.26,811190.9261
3108.875,785081.7344
3110.49,788416.2603
3112.105,824426.8731
3113.72,811856.1536
3115.335,802071.2763
3116.95,791297.1554
3118.565,801734.3512
3120.18,795988.3597
3121.795,792093.4238
3123.41,795860.2476
3125.025,789511.967
3126.64,816810.9087
3128.255,800347.2189
3129.87,794873.3135
3131.485,784703.1237
3133.1,808564.8884
3134.715,813406.2404
3136.33,809925.2357
3137.945,788148.9197
3139.56,792668.0148
3141.175,816272.8858
3142.79,802035.7458
3144.405,801527.3828
3146.02,793248.255
3147.635,788105.5697
3149.25,800477.1905
3150.865,73.6997
3152.48,800988.923
3154.095,790496.6435
3155.71,795755.1326
3157.325,810531.0318
3158.94,815422.5267
3160.555,792963.3193
3162.17,795470.2619
3163.785,810872.1614
3165.4,815866.2163
3167.015,797865.423
3168.63,805570.6107
3170.245,794149.4134
3171.86,808232.7795
3173.475,796585.1834
3175.09,815473.6645
3176.705,821830.0731
3178.32,806701.1022
3179.935,807726.5774
3181.55,824509.8166
3183.165,800826.7885
3184.78,805122.4582
3186.395,808295.9727
3188.01,817937.7592
3189.625,827294.9243
3191.24,810595.8335
3192.855,809039.0504
3194.47,802902.7088
3196.085,807913.4625
3197.7,832698.6965
3199.315,825048.9347
3200.93,806098.3725
3202.545,815539.3997
3204.16,809906.9042
3205.775,819460.7338
3207.39,819493.276
3209.005,804046.1187
3210.62,811123.7962
3212.235,816021.675
3213.85,808436.555
3215.465,796379.9519
3217.08,806910.9715
3218.695,818069.0791
3220.31,825021.4245
3221.925,812001.1337
3223.54,821156.1931
3225.155,793800.7713
3226.77,805687.0187
3228.385,809357.2201
3230,808070.6246
3231.615,810509.7715
3233.23,804695.3782
3234.845,815590.2585
3236.46,834430.6961
3238.075,815520.1533
3239.69,803935.1331
3241.305,813864.5926
3242.92,798299.521
3244.535,824650.6778
3246.15,800928.7925
3247.765,798843.6376
3249.38,800061.4798
3250.995,804559.3314
3252.61,799862.3383
3254.225,818747.5949
3255.84,792376.4367
3257.455,826693.0332
3259.07,799509.5828
3260.685,810586.7571
3262.3,816567.123
3263.915,791574.2326
3265.53,793705.0414
3267.145,799690.9172
3268.76,810026.1016
3270.375,813104.7547
3271.99,807385.0182
3273.605,793624.7552
3275.22,806469.1415
3276.835,826693.2954
3278.45,815242.6521
3280.065,805910.2266
3281.68,791648.9495
3283.295,810750.7697
3284.91,805477.0379
3286.525,808051.2183
3288.14,793392.6308
3289.755,795126.7466
3291.37,803095.5855
3292.985,821853.9256
3294.6,806209.9253
3296.215,786226.0443
3297.83,813006.5275
3299.445,841980.2019
3301.06,799622.6177
3302.675,815754.0722
3304.29,811908.4758
3305.905,794587.0445
3307.52,806984.4257
3309.135,817799.0012
3310.75,807146.3966
3312.365,796340.005
3313.98,806122.1209
3315.595,817659.0121
3317.21,815411.7413
3318.825,803649.3197
3320.44,827405.0359
3322.055,822708.3515
3323.67,809641.7318
3325.285,816807.9018
3326.9,813547.1667
3328.515,830624.7957
3330.13,29.9611
3331.745,807220.2209
3333.36,837455.5765
3334.975,818587.8239
3336.59,841652.8702
3338.205,802190.3138
3339.82,836049.9249
3341.435,817384.6814
3343.05,799757.1917
3344.665,829954.8654
3346.28,830584.964
3347.895,819133.2385
3349.51,815964.9586
3351.125,829870.8396
3352.74,828388.5334
3354.355,817732.8104
3355.97,820941.7085
3357.585,806341.7676
3359.2,824469.8585
3360.815,818114.1546
3362.43,829605.5705
3364.045,811448.1024
3365.66,827582.6065
3367.275,821526.5642
3368.89,827998.5627
3370.505,821446.6368
3372.12,820557.2513
3373.735,809492.3223
3375.35,809490.0685
3376.965,818127.4895
3378.58,831211.0088
3380.195,813749.5234
3381.81,826458.3966
3383.425,834760.7092
3385.04,815488.5019
3386.655,818678.9067
3388.27,822160.8152
3389.885,825836.6529
3391.5,820798.4057
3393.115,807869.949
3394.73,810144.7411
3396.345,798769.8858
3397.96,835519.1841
3399.575,829973.8905
3401.19,832307.9243
3402.805,812119.9629
3404.42,827105.7649
3406.035,829886.5509
3407.65,818772.4162
3409.265,822083.7534
3410.88,804692.0645
3412.495,811817.6776
3414.11,832986.8437
3415.725,816216.2847
3417.34,819466.2344
3418.955,829980.914
3420.57,833954.5313
3422.185,835419.0117
3423.8,808324.7958
3425.415,803865.2901
3427.03,832776.4166
3428.645,813313.7927
3430.26,815765.6144
3431.875,809317.9835
3433.49,814476.1998
3435.105,816695.5773
3436.72,807462.7067
3438.335,806792.7094
3439.95,827534.3214
3441.565,824557.7094
3443.18,833624.1183
3444.795,825241.2758
3446.41,822857.4208
3448.025,823587.2696
3449.64,839992.7071
3451.255,814900.4533
3452.87,826161.3756
3454.485,815858.964
3456.1,815698.6705
3457.715,819828.3415
3459.33,831723.937
3460.945,819056.7978
3462.56,843776.8396
3464.175,824363.1331
3465.79,849069.6355
3467.405,809750.38
3469.02,818805.6892
3470.635,819924.1197
3472.25,826391.4508
3473.865,817606.3031
3475.48,809063.0517
3477.095,816785.7656
3478.71,813987.3231
3480.325,803912.0746
3481.94,806920.4608
3483.555,804159.8434
3485.17,833171.555
3486.785,826104.4733
3488.4,813281.4235
3490.015,809035.5173
3491.63,804593.0209
3493.245,810308.2759
3494.86,797629.5795
3496.475,798234.604
3498.09,813395.4922
3499.705,810273.8499
3501.32,821968.8684
3502.935,793204.8531
3504.55,812100.3204
3506.165,809841.076
3507.78,824005.3457
3509.395,824539.1157
3511.01,810289.4144
3512.625,798224.0417
3514.24,819288.3736
3515.855,807715.7919
3517.47,804212.3107
3519.085,813188.0869
3520.7,824151.2779
3522.315,817403.6954
3523.93,826415.3869
3525.545,810442.8499
3527.16,818097.0635
3528.775,818438.1354
3530.39,819465.1075
3532.005,815938.181
3533.62,811227.7453
3535.235,807262.4327
3536.85,815086.5054
3538.465,828091.3024
3540.08,799446.438
3541.695,813513.44
3543.31,807374.7498
3544.925,810478.3451
3546.54,834785.9917
3548.155,802610.8258
3549.77,800838.976
3551.385,838157.7886
3553,805370.1508
3554.615,811157.6401
3556.23,797510.0325
3557.845,815575.1961
3559.46,810106.6203
3561.075,802247.9599
3562.69,796073.2501
3564.305,833063.7176
3565.92,824092.9753
3567.535,828136.5044
3569.15,815091.3402
3570.765,812836.4453
3572.38,835148.9487
3573.995,826478.132
3575.61,808594.6171
3577.225,827660.5423
3578.84,819400.2388
3580.455,834746.8016
3582.07,839713.8335
3583.685,802845.9515
3585.3,814614.3721
3586.915,824384.1684
3588.53,813635.5197
3590.145,822251.805
3591.76,823066.4588
3593.375,806847.3803
3594.99,831223.2187
3596.605,817697.2055
3598.22,72.0242
3599.835,811952.2516
3601.45,808755.8404
3603.065,823841.0876
3604.68,816688.6393
3606.295,810600.6182
3607.91,822561.6123
3609.525,827184.4798
3611.14,801980.3701
3612.755,818122.9819
3614.37,858217.0615
3615.985,840289.7224
3617.6,825615.6821
3619.215,802763.4282
3620.83,809320.7728
3622.445,814732.9224
3624.06,803739.7386
3625.675,811061.1404
3627.29,841465.9795
3628.905,820301.823
3630.52,823468.9462
3632.135,814462.281
3633.75,799634.0316
3635.365,788903.9245
3636.98,804172.7841
3638.595,824212.6599
3640.21,814768.9828
3641.825,796140.9974
3643.44,815897.6427
3645.055,820247.5445
3646.67,820978.5202
3648.285,809073.6381
3649.9,809233.1878
3651.515,841672.6763
3653.13,828824.6862
3654.745,794875.625
3656.36,815069.8624
3657.975,819579.6746
3659.59,798040.3141
3661.205,812485.7167
3662.82,791924.1263
3664.435,819592.2582
3666.05,817497.0338
3667.665,812007.1066
3669.28,800210.9879
3670.895,799758.4804
3672.51,818693.9393
3674.125,805223.5491
3675.74,816565.4327
3677.355,801102.6607
3678.97,808152.6011
3680.585,829049.9302
3682.2,815167.7139
3683.815,810935.4922
3685.43,807674.6958
3687.045,812106.1427
3688.66,0
3690.275,843837.1784
3691.89,810956.9942
3693.505,814453.4537
3695.12,819211.9329
3696.735,812109.5234
3698.35,812639.5371
3699.965,807821.2286
3701.58,821592.4872
3703.195,809546.1508
3704.81,797645.2444
3706.425,781099.2917
3708.04,790063.4939
3709.655,809165.1282
3711.27,810656.2114
3712.885,786049.0111
3714.5,801001.8618
3716.115,805730.1808
3717.73,806942.3589
3719.345,811505.3227
3720.96,808396.0465
3722.575,805274.1978
3724.19,819221.5115
3725.805,795163.8168
3727.42,800129.6176
3729.035,810184.2325
3730.65,833574.5389
3732.265,817237.2653
3733.88,815499.2073
3735.495,824266.0328
3737.11,809655.1206
3738.725,825697.7461
3740.34,823296.3443
3741.955,819136.4313
3743.57,813371.8275
3745.185,830407.1405
3746.8,847057.3863
3748.415,809300.6897
3750.03,826843.2665
3751.645,820093.3484
3753.26,835514.9833
3754.875,832606.5259
3756.49,829123.4793
3758.105,827350.2572
3759.72,828446.042
3761.335,853866.4308
3762.95,800518.9468
3764.565,820916.4966
3766.18,832897.4661
3767.795,842372.9954
3769.41,811571.5768
3771.025,808603.357
3772.64,823110.971
3774.255,821100.6706
3775.87,817642.7392
3777.485,828542.7388
3779.1,826634.4944
3780.715,810502.2032
3782.33,855837.5113
3783.945,814707.943
3785.56,818908.424
3787.175,822039.1799
3788.79,830722.385
3790.405,853712.3761
3792.02,824288.9091
3793.635,814729.0991
3795.25,830891.0243
3796.865,817080.0456
3798.48,836586.0287
3800.095,825053.5725
3801.71,843882.3562
3803.325,826583.2935
3804.94,829500.0259
3806.555,819682.785
3808.17,818634.5229
3809.785,824786.0459
3811.4,829222.5322
3813.015,832714.3595
3814.63,822242.1316
3816.245,812681.7955
3817.86,817659.8303
3819.475,842275.3317
3821.09,835068.3259
3822.705,823203.402
3824.32,816287.4908
3825.935,825081.1794
3827.55,815290.7327
3829.165,829807.2986
3830.78,817419.9906
3832.395,822269.0654
3834.01,816448.2362
3835.625,827680.4786
3837.24,806712.5162
3838.855,814381.145
3840.47,833127.2344
3842.085,819905.1523
3843.7,823847.0995
3845.315,817599.6923
3846.93,815369.0516
3848.545,827100.454
3850.16,819526.7517
3851.775,851746.069
3853.39,809443.3174
3855.005,830073.0326
3856.62,832075.9952
3858.235,825314.0588
3859.85,815732.6929
3861.465,840025.3906
3863.08,822990.7769
3864.695,827765.5885
3866.31,819768.992
3867.925,818185.7363
3869.54,803132.5497
3871.155,817623.1785
3872.77,820378.3901
3874.385,829093.4085
3876,807363.4065
3877.615,838171.713
3879.23,829440.3343
3880.845,819676.0255
3882.46,827224.9939
3884.075,807035.5672
3885.69,834434.2181
3887.305,833480.6872
3888.92,808557.6863
3890.535,821579.5987
3892.15,808485.0708
3893.765,845399.6685
3895.38,837593.6893
3896.995,829956.0034
3898.61,838390.0543
3900.225,816717.5628
3901.84,826179.205
3903.455,820428.6539
3905.07,826189.4474
3906.685,807778.2729
3908.3,817211.5849
3909.915,822759.943
3911.53,829751.3446
3913.145,824315.6532
3914.76,807539.3203
3916.375,824795.1503
3917.99,838760.7899
3919.605,827444.6834
3921.22,837066.9706
3922.835,826741.0208
3924.45,834503.096
3926.065,847786.6382
3927.68,819642.0738
3929.295,819967.1758
3930.91,814540.9681
3932.525,848488.4877
3934.14,843419.9968
3935.755,819057.3073
3937.37,813430.9892
3938.985,828709.3827
3940.6,822361.2472
3942.215,823964.9655
3943.83,816742.1665
3945.445,807330.3064
3947.06,832734.0875
3948.675,834740.4066
3950.29,825637.2697
3951.905,825161.222
3953.52,853735.9217
3955.135,831958.5867
3956.75,835230.1964
3958.365,813004.4615
3959.98,823093.2011
3961.595,840668.0375
3963.21,826897.3126
3964.825,827649.2418
3966.44,826476.8619
3968.055,829104.7443
3969.67,838036.3244
3971.285,821952.1194
3972.9,804715.4019
3974.515,820000.3689
3976.13,827428.4012
3977.745,832875.0938
3979.36,817844.2646
3980.975,815979.0745
3982.59,833793.1183
3984.205,819803.8661
3985.82,821592.6862
3987.435,815875.2128
3989.05,827544.6716
3990.665,829082.108
3992.28,823742.4048
3993.895,825077.9549
3995.51,813087.485
3997.125,829794.04
3998.74,842419.3895
4000.355,831801.5362
4001.97,831786.1726
4003.585,818748.4057
4005.2,826619.0601
4006.815,817163.0598
4008.43,822087.5674
4010.045,838243.1812
4011.66,824341.1588
4013.275,834850.5647
4014.89,826020.2578
4016.505,819842.1803
4018.12,803032.6916
4019.735,818810.1968
4021.35,860480.7242
4022.965,839152.0102
4024.58,30.2215
4026.195,804903.0309
4027.81,802055.1242
4029.425,812875.8083
4031.04,808166.1759
4032.655,810921.8487
4034.27,831373.8202
4035.885,823112.7375
4037.5,809881.4283
4039.115,814277.4712
4040.73,814422.2727
4042.345,806254.8539
4043.96,816375.1762
4045.575,817246.5631
4047.19,803555.0886
4048.805,806100.9554
4050.42,813279.986
4052.035,817431.2595
4053.65,827035.206
4055.265,815194.1958
4056.88,817897.5929
4058.495,835337.0352
4060.11,820277.2936
4061.725,808615.5147
4063.34,819852.9453
4064.955,820640.8066
4066.57,826492.5789
4068.185,820165.0937
4069.8,810858.6238
4071.415,804949.3337
4073.03,819974.0859
4074.645,828101.0706
4076.26,819436.3718
4077.875,810931.1464
4079.49,807816.9517
4081.105,814828.3993
4082.72,803213.0684
4084.335,816183.6049
4085.95,801519.3867
4087.565,818987.6819
4089.18,820776.1375
4090.795,797938.5091
4092.41,805872.7882
4094.025,803139.7685
4095.64,809926.4295
4097.255,818021.5619
4098.87,809409.8455
4100.485,791122.1044
4102.1,805638.317
4103.715,802854.9722
4105.33,809847.7704
4106.945,794578.5761
4108.56,796310.1815
4110.175,804422.3641
4111.79,829300.109
4113.405,808223.6361
4115.02,818886.4496
4116.635,822597.2023
4118.25,832333.5471
4119.865,812633.196
4121.48,793105.9285
4123.095,802986.0503
4124.71,807180.856
4126.325,827126.06
4127.94,783906.8237
4129.555,802595.3246
4131.17,809683.0139
4132.785,797689.8997
4134.4,798472.0188
4136.015,821008.1819
4137.63,789664.138
4139.245,814155.4268
4140.86,810839.0985
4142.475,809825.6938
4144.09,796432.9734
4145.705,801674.1816
4147.32,788408.4222
4148.935,799726.8159
4150.55,785284.1171
4152.165,783180.0227
4153.78,774859.6481
4155.395,804428.2868
4157.01,795413.0825
4158.625,789996.2488
4160.24,804137.4191
4161.855,798977.9457
4163.47,792835.3077
4165.085,785183.3888
4166.7,776128.1911
4168.315,810523.5322
4169.93,794319.2576
4171.545,787440.8815
4173.16,763335.294
4174.775,787618.9133
4176.39,782035.1716
4178.005,777552.6298
4179.62,767710.2142
4181.235,773401.3414
4182.85,779433.7786
4184.465,796095.8791
4186.08,788326.3508
4187.695,800503.7003
4189.31,803362.2046
4190.925,811760.5074
4192.54,810629.5417
4194.155,814285.3594
4195.77,793921.6181
4197.385,794874.3493
4199,834390.2824
4200.615,798012.3315
4202.23,796942.1824
4203.845,808144.7501
4205.46,817189.1661
4207.075,832052.0348
4208.69,802435.2337
4210.305,803833.0733
4211.92,808487.1999
4213.535,802526.5211
4215.15,803284.1033
4216.765,792916.4028
4218.38,799685.3944
4219.995,0
4221.61,794770.404
4223.225,795302.9932
4224.84,784683.4626
4226.455,795949.7218
4228.07,797733.0581
4229.685,787945.6035
4231.3,787688.3584
4232.915,816526.7428
4234.53,799996.3322
4236.145,777909.0542
4237.76,776260.5541
4239.375,806043.4952
4240.99,806023.2261
4242.605,793126.5212
4244.22,787836.9869
4245.835,790093.7452
4247.45,804781.7191
4249.065,786488.485
4250.68,805369.5929
4252.295,803371.0579
4253.91,805884.1314
4255.525,809818.0287
4257.14,812537.7414
4258.755,794372.2047
4260.37,803860.7509
4261.985,794190.5021
4263.6,800139.04
4265.215,808064.9287
4266.83,816168.5797
4268.445,799647.1024
4270.06,812637.659
4271.675,789508.393
4273.29,810340.3085
4274.905,809247.5064
4276.52,796113.9353
4278.135,804433.5939
4279.75,797006.0637
4281.365,832126.5416
4282.98,809751.5069
4284.595,797017.6617
4286.21,826192.1029
4287.825,797283.1484
4289.44,807607.008
4291.055,791054.7979
4292.67,801098.3838
4294.285,817157.9888
4295.9,813008.4056
4297.515,821033.7378
4299.13,832275.529
4300.745,821137.2238
4302.36,820218.621
4303.975,794538.6273
4305.59,798991.9054
4307.205,797633.2782
4308.82,819727.617
4310.435,817933.101
4312.05,812200.9892
4313.665,805462.7565
4315.28,799711.3519
4316.895,815807.235
4318.51,812693.44
4320.125,797018.214
4321.74,796472.7381
4323.355,814560.6961
4324.97,810366.7886
4326.585,799342.4071
4328.2,797272.9431
4329.815,794841.5468
4331.43,793173.7409
4333.045,797752.02
4334.66,798073.8195
4336.275,797804.3441
4337.89,794609.7422
4339.505,775884.6937
4341.12,800304.5402
4342.735,795343.4943
4344.35,798796.4384
4345.965,800245.0457
4347.58,791221.4232
4349.195,798643.2279
4350.81,808767.1837
4352.425,789759.1594
4354.04,779944.6426
4355.655,798125.7345
4357.27,788724.0815
4358.885,797499.4405
4360.5,794766.4654
4362.115,775339.7682
4363.73,789562.3442
4365.345,799184.4696
4366.96,778465.1556
4368.575,782277.5979
4370.19,785597.9763
4371.805,787247.3373
4373.42,790430.2649
4375.035,763092.6929
4376.65,804605.5022
4378.265,788512.8455
4379.88,788983.5618
4381.495,786155.2548
4383.11,770721.4752
4384.725,794027.4974
4386.34,794947.4261
4387.955,781735.5659
4389.57,773830.3181
4391.185,782601.402
4392.8,780243.67
4394.415,777352.592
4396.03,770513.8262
4397.645,777872.3986
4399.26,789446.6706
4400.875,771691.3255
4402.49,763286.4863
4404.105,777370.0885
4405.72,784349.9461
4407.335,771135.5476
4408.95,772077.8151
4410.565,782209.2352
4412.18,798025.9434
4413.795,791743.4074
4415.41,779314.7299
4417.025,777337.6207
4418.64,772330.4169
4420.255,794344.0418
4421.87,789414.3683
4423.485,766144.9831
4425.1,795095.5841
4426.715,799438.8901
4428.33,772665.6722
4429.945,773520.2338
4431.56,782555.1772
4433.175,784652.7986
4434.79,786904.4281
4436.405,777054.1206
4438.02,783176.5843
4439.635,807429.7926
4441.25,788573.8946
4442.865,776078.0501
4444.48,780040.3855
4446.095,797328.5996
4447.71,802490.0738
4449.325,783636.2028
4450.94,780345.4025
4452.555,801298.9069
4454.17,787280.3816
4455.785,763853.9105
4457.4,795057.7776
4459.015,799152.9892
4460.63,808970.7602
4462.245,786726.3833
4463.86,809145.4169
4465.475,807665.584
4467.09,801807.2829
4468.705,798603.8314
4470.32,796911.9907
4471.935,835756.6863
4473.55,814486.5092
4475.165,807904.1647
4476.78,800840.0434
4478.395,803747.4688
4480.01,811270.1431
4481.625,794158.4694
4483.24,792912.3248
4484.855,802810.6609
4486.47,805828.1198
4488.085,798667.9618
4489.7,790338.4885
4491.315,804756.8662
4492.93,795479.9204
4494.545,778708.123
4496.16,786423.5568
4497.775,788125.9579
4499.39,804599.2802
4501.005,816225.854
4502.62,800816.1035
4504.235,804519.9349
4505.85,821008.9462
4507.465,801282.4796
4509.08,806496.6685
4510.695,788441.4089
4512.31,804121.8323
4513.925,800945.9152
4515.54,803751.2232
4517.155,789676.8313
4518.77,794741.8635
4520.385,803887.1566
4522,794745.7351
4523.615,796403.3116
4525.23,793610.6003
4526.845,809790.1242
4528.46,805394.5109
4530.075,803676.8411
4531.69,794360.8075
4533.305,797982.389
4534.92,801823.8515
4536.535,785947.0015
4538.15,790651.4068
4539.765,781121.4947
4541.38,796281.3956
4542.995,796665.0029
4544.61,782304.4741
4546.225,800132.0108
4547.84,794526.6611
4549.455,787557.5629
4551.07,795901.1205
4552.685,797086.5136
4554.3,806999.8898
4555.915,800851.4573
4557.53,798689.4657
4559.145,775981.45
4560.76,776408.6806
4562.375,776745.5035
4563.99,787915.475
4565.605,801429.0124
4567.22,793802.0599
4568.835,812206.6144
4570.45,797840.0624
4572.065,801500.7633
4573.68,774210.0242
4575.295,781269.1359
4576.91,795671.9975
4578.525,802386.6324
4580.14,795805.3907
4581.755,770626.2567
4583.37,780185.7078
4584.985,803694.3209
4586.6,784122.1303
4588.215,774785.742
4589.83,763556.8338
4591.445,805641.8148
4593.06,794556.4846
4594.675,780079.6686
4596.29,793732.2746
4597.905,772667.2788
4599.52,786117.1637
4601.135,793256.4557
4602.75,781483.3992
4604.365,789487.0378
4605.98,806468.5892
4607.595,795258.5034
4609.21,785143.0625
4610.825,778355.1258
4612.44,790291.4715
4614.055,797317.9555
4615.67,788045.5917
4617.285,774390.0847
4618.9,791884.2165
4620.515,813332.6021
4622.13,774788.84
4623.745,813623.0365
4625.36,792237.026
4626.975,786614.308
4628.59,794153.2404
4630.205,793243.1524
4631.82,796447.2306
4633.435,809021.658
4635.05,795866.2613
4636.665,803519.1509
4638.28,820612.8278
4639.895,796978.2652
4641.51,805037.4282
4643.125,794506.4106
4644.74,821125.7671
4646.355,828105.1895
4647.97,798160.1604
4649.585,796513.6074
4651.2,834188.0225
4652.815,817377.7323
4654.43,819070.2405
4656.045,797816.0853
4657.66,832185.9171
4659.275,831914.7049
4660.89,815303.3163
4662.505,834050.8841
4664.12,826456.6988
4665.735,815339.9402
4667.35,813314.7225
4668.965,815199.5179
4670.58,832374.0035
4672.195,838669.1213
4673.81,827701.7221
4675.425,810350.2218
4677.04,806312.3867
4678.655,808981.0324
4680.27,828109.3326
4681.885,813880.806
4683.5,819511.9571
4685.115,817218.653
4686.73,814155.7671
4688.345,831573.1681
4689.96,808352.8751
4691.575,815439.8578
4693.19,2270445.533
4694.805,823586.7341
4696.42,789139.0093
4698.035,813974.5257
4699.65,811458.144
4701.265,824316.2222
4702.88,807408.1399
4704.495,807757.26
4706.11,816292.3498
4707.725,818537.6773
4709.34,811589.6516
4710.955,827539.1097
4712.57,835814.9126
4714.185,831808.212
4715.8,807018.0483
4717.415,831691.4804
4719.03,823330.3016
4720.645,836639.0836
4722.26,834200.2806
4723.875,822202.3
4725.49,831806.0884
4727.105,836552.0416
4728.72,822095.1339
4730.335,857593.9083
4731.95,822045.2495
4733.565,836855.5171
4735.18,832433.1876
4736.795,827189.4113
4738.41,834789.4784
4740.025,827757.4864
4741.64,831584.3087
4743.255,821822.9362
4744.87,820023.8569
4746.485,839789.244
4748.1,839913.4157
4749.715,821499.331
4751.33,831111.0281
4752.945,833647.7049
4754.56,837894.2062
4756.175,826394.8854
4757.79,833229.0115
4759.405,831223.0755
4761.02,847533.5102
4762.635,830926.3893
4764.25,825398.6945
4765.865,819422.8491
4767.48,824370.0823
4769.095,826895.6055
4770.71,827623.7678
4772.325,815613.198
4773.94,840948.9677
4775.555,826167.0956
4777.17,825222.5055
4778.785,819173.1984
4780.4,814156.3305
4782.015,816900.6823
4783.63,847247.5443
4785.245,828588.3332
4786.86,820394.3228
4788.475,832188.7901
4790.09,839825.615
4791.705,820701.5955
4793.32,826546.9838
4794.935,818727.1826
4796.55,849556.4072
4798.165,849663.4115
4799.78,826792.5193
4801.395,823328.9665
4803.01,840937.6821
4804.625,836581.6234
4806.24,818801.5573
4807.855,808500.7096
4809.47,814135.3436
4811.085,832983.3979
4812.7,841124.4464
4814.315,804478.8666
4815.93,824099.0653
4817.545,820475.7396
4819.16,848502.0457
4820.775,819311.6608
4822.39,819668.6989
4824.005,859832.9765
4825.62,819528.5889
4827.235,822439.7074
4828.85,795945.3035
4830.465,803704.0612
4832.08,832776.2734
4833.695,803772.6081
4835.31,808981.6534
4836.925,841042.0682
4838.54,811771.8507
4840.155,824578.542
4841.77,810547.2787
4843.385,801503.1937
4845,814823.637
4846.615,786709.8147
4848.23,796825.0975
4849.845,827188.794
4851.46,821818.8042
4853.075,803644.3751
4854.69,793253.9044
4856.305,817766.3214
4857.92,805544.9488
4859.535,790423.7174
4861.15,801765.7776
4862.765,812051.5276
4864.38,808102.951
4865.995,820261.0858
4867.61,818009.1661
4869.225,798440.1702
4870.84,817081.3603
4872.455,811751.3603
4874.07,825624.7865
4875.685,812305.5427
4877.3,66.1741
4878.915,803770.1907
4880.53,816338.9149
4882.145,815187.0589
4883.76,798127.9325
4885.375,791806.0372
4886.99,815117.5785
4888.605,833851.8802
4890.22,822786.8768
4891.835,813680.9839
4893.45,817799.189
4895.065,827348.1689
4896.68,816538.9508
4898.295,804516.9168
4899.91,830605.6385
4901.525,823097.9429
4903.14,803356.2652
4904.755,809716.7611
4906.37,796061.8362
4907.985,811032.2169
4909.6,786969.4865
4911.215,779735.6176
4912.83,796541.9934
4914.445,798129.4164
4916.06,782914.1827
4917.675,779715.9361
4919.29,778197.4765
4920.905,802487.1488
4922.52,760304.7866
4924.135,779984.9169
4925.75,782627.7091
4927.365,787797.8471
4928.98,791352.849
4930.595,783006.993
4932.21,777016.671
4933.825,789014.7242
4935.44,773107.8592
4937.055,773345.644
4938.67,787548.4511
4940.285,784702.1028
4941.9,764977.2763
4943.515,770644.0991
4945.13,788939.2784
4946.745,785448.0795
4948.36,760775.6516
4949.975,773901.805
4951.59,764622.8658
4953.205,771305.7284
4954.82,782575.5803
4956.435,766489.1121
4958.05,779196.5832
4959.665,770540.4253
4961.28,781190.6478
4962.895,793318.7805
4964.51,784337.5001
4966.125,775666.0102
4967.74,789739.6601
4969.355,797236.4959
4970.97,35.7034
4972.585,768665.1025
4974.2,803124.5499
4975.815,807602.3592
4977.43,791260.617
4979.045,788213.8311
4980.66,797389.3512
4982.275,795282.1904
4983.89,788600.9846
4985.505,788094.9052
4987.12,797458.3871
4988.735,794455.7526
4990.35,789309.7647
4991.965,781228.605
4993.58,795422.6983
4995.195,793888.9532
4996.81,776042.5159
4998.425,797344.9841
5000.04,792488.8765
5001.655,808074.8253
5003.27,807252.5771
5004.885,796424.1368
5006.5,793870.3595
5008.115,800829.1204
5009.73,800884.907
5011.345,807283.9943
5012.96,783406.9366
5014.575,818740.7053
5016.19,820018.0086
5017.805,795203.9701
5019.42,790740.2971
5021.035,803142.2194
5022.65,839384.871
5024.265,821691.1273
5025.88,819932.8448
5027.495,835484.5164
5029.11,806386.3969
5030.725,829546.8755
5032.34,800922.5183
5033.955,794713.4347
5035.57,810198.882
5037.185,808700.6116
5038.8,824713.9696
5040.415,818294.2692
5042.03,824302.7553
5043.645,845935.8336
5045.26,804951.3793
5046.875,800733.636
5048.49,812373.9668
5050.105,826458.2162
5051.72,813770.5586
5053.335,806665.7019
5054.95,823645.7229
5056.565,821026.6008
5058.18,796527.4145
5059.795,801512.6291
5061.41,810688.1027
5063.025,818079.9723
5064.64,829364.788
5066.255,799718.8998
5067.87,811617.2604
5069.485,811606.1645
5071.1,812126.0325
5072.715,794038.2158
5074.33,802898.0599
5075.945,794180.2113
5077.56,804642.3586
5079.175,808860.3473
5080.79,801142.5128
5082.405,784383.5538
5084.02,804642.1355
5085.635,823262.201
5087.25,809981.9558
5088.865,797288.8349
5090.48,801029.6621
5092.095,805744.8509
5093.71,794457.8093
5095.325,780011.886
5096.94,774742.1801
5098.555,808407.1276
5100.17,785732.714
5101.785,788840.6885
5103.4,771677.7582
5105.015,769842.7802
5106.63,777806.6002
5108.245,756121.6069
5109.86,759989.3467
5111.475,766728.1912
5113.09,769942.2384
5114.705,786949.8291
5116.32,758685.4388
5117.935,785961.0709
5119.55,758852.3802
5121.165,747245.9658
5122.78,755589.0771
5124.395,740214.6712
5126.01,779417.0035
5127.625,776770.6967
5129.24,770719.5319
5130.855,755502.0686
5132.47,810387.2604
5134.085,796722.372
5135.7,784582.5558
5137.315,770344.4134
5138.93,752720.892
5140.545,757109.121
5142.16,764867.9252
5143.775,752770.9828
5145.39,752761.1942
5147.005,750138.5743
5148.62,789800.0007
5150.235,758714.6412
5151.85,753436.6138
5153.465,747083.7532
5155.08,768561.5625
5156.695,762104.8235
5158.31,728850.5604
5159.925,740357.8643
5161.54,749553.0045
5163.155,771855.6115
5164.77,741282.1834
5166.385,738769.0336
5168,755662.6671
5169.615,734271.368
5171.23,730439.2478
5172.845,727802.8097
5174.46,719518.8433
5176.075,730146.8256
5177.69,744283.9142
5179.305,732548.2292
5180.92,726559.4525
5182.535,712655.6988
5184.15,731282.4681
5185.765,715261.8263
5187.38,726784.1089
5188.995,731035.5807
5190.61,745042.0766
5192.225,733592.5267
5193.84,731493.5591
5195.455,731721.0941
5197.07,719278.6299
5198.685,728733.3471
5200.3,725702.7969
5201.915,733027.797
5203.53,724075.7524
5205.145,754293.9983
5206.76,735815.4615
5208.375,732978.5244
5209.99,724268.1549
5211.605,728105.8816
5213.22,736807.6134
5214.835,729280.2642
5216.45,730601.1908
5218.065,739872.835
5219.68,752811.8856
5221.295,730221.2449
5222.91,724659.1261
5224.525,742893.3157
5226.14,744487.1764
5227.755,747549.9396
5229.37,729408.9621
5230.985,750383.2823
5232.6,757219.7106
5234.215,744496.0428
5235.83,747167.4908
5237.445,753782.714
5239.06,769919.1856
5240.675,761794.6908
5242.29,763196.0376
5243.905,754346.4377
5245.52,768105.9867
5247.135,783835.3313
5248.75,744987.4001
5250.365,764022.4419
5251.98,780342.1557
5253.595,788039.8605
5255.21,778534.9614
5256.825,774978.654
5258.44,790625.1182
5260.055,782697.3346
5261.67,772968.9728
5263.285,780902.6587
5264.9,785504.4891
5266.515,788736.4494
5268.13,798211.8914
5269.745,794039.8894
5271.36,784968.35
5272.975,805543.0893
5274.59,787655.8366
5276.205,805735.5531
5277.82,810179.1429
5279.435,800731.3078
5281.05,816734.1742
5282.665,818942.9336
5284.28,795478.8047
5285.895,792807.3902
5287.51,819558.048
5289.125,823252.5276
5290.74,816854.6677
5292.355,804192.1848
5293.97,811122.3086
5295.585,808621.7666
5297.2,810640.6228
5298.815,795630.4997
5300.43,800566.8452
5302.045,814074.1792
5303.66,818253.0875
5305.275,815289.0443
5306.89,809718.2636
5308.505,802969.2808
5310.12,835392.2602
5311.735,796103.626
5313.35,796983.5631
5314.965,805275.4995
5316.58,839267.0943
5318.195,823630.3592
5319.81,810654.5211
5321.425,788103.3606
5323.04,799479.0229
5324.655,812744.7135
5326.27,782996.918
5327.885,795925.053
5329.5,792836.3862
5331.115,813018.9233
5332.73,803010.9349
5334.345,788810.6698
5335.96,796615.5574
5337.575,811807.9484
5339.19,785708.1028
5340.805,790724.8982
5342.42,785282.1608
5344.035,798814.4798
5345.65,805644.5763
5347.265,793195.6483
5348.88,793548.9282
5350.495,805473.356
5352.11,804636.1793
5353.725,801101.545
5355.34,799327.328
5356.955,808751.768
5358.57,817096.2628
5360.185,811629.0928
5361.8,794609.5042
5363.415,777504.4692
5365.03,808711.5756
5366.645,800946.6442
5368.26,769986.0068
5369.875,775615.7446
5371.49,799909.9913
5373.105,778058.1327
5374.72,779164.1247
5376.335,777120.4471
5377.95,794988.2619
5379.565,775642.0796
5381.18,775016.8938
5382.795,784069.0995
5384.41,806850.4039
5386.025,776623.0221
5387.64,767305.1587
5389.255,754380.6461
5390.87,79344.8793
5392.485,780708.1401
5394.1,766165.4754
5395.715,751385.9797
5397.33,778253.7541
5398.945,760800.3316
5400.56,757320.5821
5402.175,731076.0204
5403.79,747901.7877
5405.405,772562.5078
5407.02,768818.0917
5408.635,756505.8372
5410.25,747202.7703
5411.865,762291.3739
5413.48,767017.032
5415.095,742147.4319
5416.71,755157.0563
5418.325,794088.513
5419.94,768655.6411
5421.555,760589.6312
5423.17,758381.1265
5424.785,788521.2284
5426.4,782076.6248
5428.015,758188.5009
5429.63,760295.1652
5431.245,771124.1839
5432.86,780892.1243
5434.475,783647.3787
5436.09,763155.7596
5437.705,770646.3957
5439.32,784926.6179
5440.935,775644.2441
5442.55,749873.8798
5444.165,780613.4423
5445.78,790705.5198
5447.395,785873.5175
5449.01,745234.5571
5450.625,766813.1022
5452.24,778828.6203
5453.855,785680.3471
5455.47,768813.2717
5457.085,776457.7431
5458.7,780428.6622
5460.315,786940.3287
5461.93,777723.2661
5463.545,775449.798
5465.16,768736.5093
5466.775,780857.8528
5468.39,795964.2654
5470.005,787777.3399
5471.62,783023.5245
5473.235,784993.7106
5474.85,807971.0213
5476.465,777128.7445
5478.08,776660.745
5479.695,774611.6878
5481.31,788355.9531
5482.925,791681.2053
5484.54,784188.5758
5486.155,768785.066
5487.77,773354.7484
5489.385,765536.4106
5491,755733.6667
5492.615,775551.3501
5494.23,759254.4529
5495.845,762325.9988
5497.46,778697.1201
5499.075,777193.9683
5500.69,764747.0914
5502.305,770565.9533
5503.92,789128.6219
5505.535,771337.7499
5507.15,759096.3444
5508.765,779997.2754
5510.38,773431.8678
5511.995,767601.8542
5513.61,765477.3214
5515.225,777871.5358
5516.84,787929.8828
5518.455,767598.4624
5520.07,754951.2502
5521.685,755726.2471
5523.3,780968.9927
5524.915,786358.0801
5526.53,768969.0428
5528.145,776837.7968
5529.76,792980.2562
5531.375,793557.7648
5532.99,803314.6
5534.605,798716.6821
5536.22,787234.2758
5537.835,802239.5919
5539.45,813806.0557
5541.065,812833.8977
5542.68,798827.1247
5544.295,812200.3849
5545.91,819018.4835
5547.525,817112.5748
5549.14,801416.3675
5550.755,813818.6393
5552.37,824614.7698
5553.985,814845.3956
5555.6,808103.243
5557.215,811675.7452
5558.83,835378.1425
5560.445,825239.3605
5562.06,822682.381
5563.675,819739.5664
5565.29,825647.5474
5566.905,827742.5189
5568.52,813832.5339
5570.135,817486.2335
5571.75,831296.2415
5573.365,848410.0815
5574.98,814021.4794
5576.595,829650.2481
5578.21,829742.2403
5579.825,838179.2088
5581.44,823408.6781
5583.055,836710.6244
5584.67,820434.3441
5586.285,847134.1524
5587.9,833632.1851
5589.515,829278.0473
5591.13,815043.7951
5592.745,828205.3674
5594.36,847983.8439
5595.975,841207.6056
5597.59,836907.9137
5599.205,837952.6241
5600.82,852002.349
5602.435,849714.1773
5604.05,813022.1161
5605.665,814136.2027
5607.28,859196.8288
5608.895,824211.983
5610.51,829190.5162
5612.125,835423.2032
5613.74,827703.4292
5615.355,845197.1909
5616.97,824664.5668
5618.585,817593.513
5620.2,828371.3251
5621.815,852653.5182
5623.43,845051.5321
5625.045,816456.5
5626.66,813375.2082
5628.275,836450.6141
5629.89,815318.5293
5631.505,803728.4697
5633.12,810341.997
5634.735,855520.1859
5636.35,836374.5751
5637.965,802610.0151
5639.58,806793.0813
5641.195,825745.2019
5642.81,815795.4751
5644.425,817035.3773
5646.04,826759.0399
5647.655,844205.98
5649.27,832671.6474
5650.885,825964.1253
5652.5,818282.487
5654.115,825203.1401
5655.73,825005.1143
5657.345,831705.7413
5658.96,828119.0748
5660.575,830920.0686
5662.19,838008.2954
5663.805,843565.267
5665.42,823020.9351
5667.035,844752.5995
5668.65,839102.7097
5670.265,836855.0894
5671.88,832095.8664
5673.495,832172.837
5675.11,843257.7712
5676.725,837770.4752
5678.34,825491.8023
5679.955,817311.733
5681.57,810899.9766
5683.185,829251.24
5684.8,811486.1656
5686.415,810560.6136
5688.03,810866.5641
5689.645,826854.5131
5691.26,811557.009
5692.875,813509.6037
5694.49,813022.2444
5696.105,814439.1798
5697.72,795350.6889
5699.335,802927.9988
5700.95,801077.3708
5702.565,809897.2345
5704.18,789167.4382
5705.795,776799.7373
5707.41,769816.0026
5709.025,802592.3493
5710.64,773598.7814
5712.255,775119.5728
5713.87,772652.6404
5715.485,775876.2085
5717.1,782291.3066
5718.715,779942.0802
5720.33,751702.6171
5721.945,762213.4679
5723.56,788956.4086
5725.175,793209.8032
5726.79,772107.9845
5728.405,772468.5892
5730.02,793660.3061
5731.635,788810.984
5733.25,765186.6955
5734.865,772163.6819
5736.48,794001.0675
5738.095,783210.8671
5739.71,786016.0263
5741.325,781648.0051
5742.94,774187.888
5744.555,785936.5397
5746.17,780557.3452
5747.785,766758.3606
5749.4,6.6051
5751.015,793585.0109
5752.63,787354.84
5754.245,770248.8156
5755.86,790746.0692
5757.475,796398.5475
5759.09,794501.4939
5760.705,781117.4149
5762.32,786917.2442
5763.935,799855.1307
5765.55,798498.8968
5767.165,777206.8476
5768.78,797890.0919
5770.395,787168.6707
5772.01,795435.9104
5773.625,780382.5601
5775.24,786994.9996
5776.855,777542.5287
5778.47,800521.1783
5780.085,791751.3663
5781.7,787089.9447
5783.315,784717.2284
5784.93,816646.857
5786.545,805016.2777
5788.16,797497.9677
5789.775,810588.4102
5791.39,826376.6896
5793.005,809743.6186
5794.62,819105.4846
5796.235,815871.5346
5797.85,809260.5233
5799.465,837889.9924
5801.08,816680.3754
5802.695,829586.9917
5804.31,805662.7757
5805.925,834692.1401
5807.54,851887.3988
5809.155,827008.9435
5810.77,816423.108
5812.385,820023.6988
5814,831910.1081
5815.615,821343.6436
5817.23,821859.1789
5818.845,823548.7676
5820.46,836982.3126
5822.075,832879.845
5823.69,832670.1152
5825.305,819020.3617
5826.92,831347.9557
5828.535,828347.3834
5830.15,829223.4601
5831.765,835268.8491
5833.38,834097.4901
5834.995,836726.2892
5836.61,817501.5972
5838.225,830713.8757
5839.84,837280.5553
5841.455,845646.8589
5843.07,825054.7923
5844.685,834601.3529
5846.3,845030.8353
5847.915,865186.0016
5849.53,825730.8368
5851.145,819878.2185
5852.76,846794.7466
5854.375,822605.548
5855.99,845819.8495
5857.605,819687.406
5859.22,849090.522
5860.835,854721.3699
5862.45,827960.3377
5864.065,830112.8642
5865.68,844399.9537
5867.295,849153.9551
5868.91,845879.2213
5870.525,832533.5514
5872.14,833947.0299
5873.755,838585.9621
5875.37,848109.7822
5876.985,825463.6468
5878.6,839790.8042
5880.215,841474.169
5881.83,836830.4261
5883.445,835863.9472
5885.06,825949.8885
5886.675,819125.7259
5888.29,824533.0201
5889.905,818125.0572
5891.52,825291.149
5893.135,838134.0068
5894.75,852979.3957
5896.365,840355.3201
5897.98,826873.793
5899.595,838672.9892
5901.21,856185.8355
5902.825,821376.0779
5904.44,833158.527
5906.055,824313.9461
5907.67,845980.7418
5909.285,845690.0824
5910.9,834270.5736
5912.515,826853.6875
5914.13,800531.7777
5915.745,827770.6744
5917.36,833689.2678
5918.975,826102.0075
5920.59,833372.4203
5922.205,832395.4554
5923.82,812317.9979
5925.435,822765.8229
5927.05,809732.478
5928.665,822926.9123
5930.28,838059.7381
5931.895,807246.4406
5933.51,804396.7748
5935.125,818788.5981
5936.74,814621.7359
5938.355,806202.9315
5939.97,796125.9015
5941.585,815948.3528
5943.2,826908.9627
5944.815,799526.317
5946.43,798896.1142
5948.045,803195.7336
5949.66,806778.2049
5951.275,812511.6351
5952.89,794959.4704
5954.505,793396.3127
5956.12,815053.5225
5957.735,802109.0513
5959.35,802019.7294
5960.965,816083.6874
5962.58,804321.5484
5964.195,806442.1835
5965.81,792504.9133
5967.425,805141.6116
5969.04,802970.2162
5970.655,810262.6201
5972.27,798793.1581
5973.885,779585.6558
5975.5,803853.3127
5977.115,797166.1713
5978.73,794154.0511
5980.345,805519.6589
5981.96,801142.0833
5983.575,792140.623
5985.19,798740.9828
5986.805,781335.6707
5988.42,780940.5639
5990.035,791285.3881
5991.65,801096.4889
5993.265,786018.9421
5994.88,803208.6054
5996.495,771611.8853
5998.11,789651.8036
5999.725,781932.6581
6001.34,791342.9748
6002.955,791615.0015
6004.57,787119.4669
6006.185,780844.8898
6007.8,785417.3802
6009.415,784094.5326
6011.03,794269.6894
6012.645,782264.7912
6014.26,789442.9794
6015.875,763786.9424
6017.49,775903.9866
6019.105,800004.1182
6020.72,787215.3232
6022.335,793287.4321
6023.95,802199.7752
6025.565,803769.8188
6027.18,777853.381
6028.795,785083.7055
6030.41,758802.0291
6032.025,785732.3532
6033.64,785912.6983
6035.255,780872.9988
6036.87,764597.2318
6038.485,778033.1533
6040.1,790751.0714
6041.715,773172.7223
6043.33,768779.1749
6044.945,766693.5589
6046.56,760696.1557
6048.175,789368.2068
6049.79,767370.8103
6051.405,766972.4027
6053.02,762996.2378
6054.635,781077.5516
6056.25,754392.4821
6057.865,759362.6176
6059.48,765042.4629
6061.095,776404.8927
6062.71,766798.6162
6064.325,755472.7434
6065.94,763415.623
6067.555,770726.0831
6069.17,768392.4212
6070.785,767900.1564
6072.4,777925.5019
6074.015,777718.6005
6075.63,790054.9288
6077.245,775634.8645
6078.86,756433.4075
6080.475,746953.7035
6082.09,771681.15
6083.705,780132.9187
6085.32,760113.5389
6086.935,773256.0563
6088.55,769297.4103
6090.165,784703.5607
6091.78,770075.1129
6093.395,782180.5553
6095.01,778825.7287
6096.625,782614.722
6098.24,786212.5161
6099.855,772240.9798
6101.47,794980.8255
6103.085,791253.8613
6104.7,766583.9494
6106.315,763400.6313
6107.93,767590.4291
6109.545,788024.999
6111.16,816462.1345
6112.775,784477.5877
6114.39,769323.2953
6116.005,789503.8463
6117.62,786199.356
6119.235,786164.1212
6120.85,792095.3075
6122.465,786364.6443
6124.08,784872.4974
6125.695,792484.8673
6127.31,798473.3074
6128.925,817217.6544
6130.54,790462.5616
6132.155,803574.3797
6133.77,824181.9326
6135.385,815193.8277
6137,802817.7849
6138.615,822992.6476
6140.23,814711.2474
6141.845,813476.6896
6143.46,802366.2275
6145.075,818736.9471
6146.69,815633.3072
6148.305,834134.2349
6149.92,835455.3065
6151.535,817133.0094
6153.15,845221.2071
6154.765,816929.7286
6156.38,798350.3351
6157.995,809883.3529
6159.61,835095.9812
6161.225,850582.6633
6162.84,814363.866
6164.455,820291.4616
6166.07,812385.5035
6167.685,825352.6036
6169.3,841358.9045
6170.915,820936.3567
6172.53,812308.9828
6174.145,832773.9266
6175.76,807422.7263
6177.375,822679.7479
6178.99,816800.4561
6180.605,822437.9836
6182.22,823700.7675
6183.835,819386.8463
6185.45,827204.8828
6187.065,834868.3514
6188.68,822603.4615
6190.295,813703.8843
6191.91,805728.3231
6193.525,817895.9304
6195.14,821005.3089
6196.755,813813.5664
6198.37,822313.678
6199.985,813719.473
6201.6,817523.5994
6203.215,820677.8285
6204.83,808004.4523
6206.445,831380.3101
6208.06,828369.9844
6209.675,823340.1573
6211.29,805347.6502
6212.905,810037.4449
6214.52,870866.5517
6216.135,809734.8955
6217.75,806988.3735
6219.365,809369.3035
6220.98,830380.3257
6222.595,826083.451
6224.21,802933.9493
6225.825,823702.0562
6227.44,812574.992
6229.055,806554.6865
6230.67,797145.1583
6232.285,817234.4295
6233.9,833368.0652
6235.515,832377.7673
6237.13,818052.1757
6238.745,812806.6924
6240.36,821259.4913
6241.975,829298.5414
6243.59,813288.5474
6245.205,804366.4771
6246.82,824016.7262
6248.435,825731.2199
6250.05,814169.8532
6251.665,811074.4753
6253.28,831717.4248
6254.895,818060.0639
6256.51,815588.1609
6258.125,806958.6988
6259.74,806868.5476
6261.355,827348.3585
6262.97,824583.0942
6264.585,822188.4538
6266.2,814768.795
6267.815,809138.9085
6269.43,814523.3209
6271.045,811669.473
6272.66,816529.8948
6274.275,806518.4252
6275.89,804941.8955
6277.505,825234.2467
6279.12,809479.7387
6280.735,798801.8348
6282.35,795619.4539
6283.965,810754.8142
6285.58,810313.8824
6287.195,806650.0817
6288.81,821804.9059
6290.425,829412.3127
6292.04,806317.123
6293.655,787360.1787
6295.27,795397.2503
6296.885,821493.1071
6298.5,816963.301
6300.115,798909.6889
6301.73,812649.3035
6303.345,813784.0813
6304.96,830921.7738
6306.575,781956.2298
6308.19,786220.8599
6309.805,828560.3692
6311.42,809128.309
6313.035,807970.8335
6314.65,798438.8815
6316.265,809080.4441
6317.88,806039.5901
6319.495,790876.9743
6321.11,787131.4611
6322.725,805287.2147
6324.34,821650.7266
6325.955,824533.2098
6327.57,788924.6251
6329.185,802783.5114
6330.8,835592.9247
6332.415,798811.5045
6334.03,791222.8774
6335.645,796871.6737
6337.26,829942.4789
6338.875,816498.0294
6340.49,798357.3271
6342.105,801961.5552
6343.72,831514.7818
6345.335,802908.4734
6346.95,809137.5212
6348.565,804794.9908
6350.18,816225.112
6351.795,805532.1179
6353.41,781293.7378
6355.025,804359.2973
6356.64,816457.2494
6358.255,819789.0882
6359.87,791351.5604
6361.485,788067.8431
6363.1,815832.0154
6364.715,817221.4703
6366.33,828442.9589
6367.945,799729.5662
6369.56,828928.4977
6371.175,821876.4392
6372.79,812542.8124
6374.405,815947.8972
6376.02,830526.8492
6377.635,821081.9226
6379.25,840441.41
6380.865,813377.2742
6382.48,812971.0305
6384.095,834490.8378
6385.71,827147.6141
6387.325,829950.9064
6388.94,813764.7364
6390.555,819674.8967
6392.17,831241.2377
6393.785,64.4335
6395.4,805838.9461
6397.015,820931.1908
6398.63,810967.2329
6400.245,855262.2956
6401.86,821573.3394
6403.475,815850.8601
6405.09,841054.1143
6406.705,847897.8377
6408.32,824775.6566
6409.935,815614.5257
6411.55,808862.5788
6413.165,832730.5841
6414.78,843500.8669
6416.395,817137.3292
6418.01,813463.1056
6419.625,841713.9101
6421.24,820573.9445
6422.855,811628.851
6424.47,819547.0468
6426.085,835696.4683
6427.7,835353.8902
6429.315,840201.5722
6430.93,827013.2893
6432.545,819059.3231
6434.16,0
6435.775,831502.3414
6437.39,832455.9801
6439.005,826114.526
6440.62,833495.0523
6442.235,840060.6477
6443.85,841586.7649
6445.465,810373.1743
6447.08,812835.4281
6448.695,836516.4311
6450.31,825111.4157
6451.925,828232.846
6453.54,829952.0556
6455.155,821642.1912
6456.77,840037.4312
6458.385,830327.0792
6460,814395.7946
6461.615,831689.6524
6463.23,823537.389
6464.845,833565.6577
6466.46,823383.403
6468.075,818034.8967
6469.69,821615.4471
6471.305,811998.5712
6472.92,818159.0424
6474.535,837880.0754
6476.15,837822.8309
6477.765,840769.3758
6479.38,856821.9182
6480.995,826907.555
6482.61,826869.9995
6484.225,799907.5255
6485.84,802850.5707
6487.455,807317.8009
6489.07,810532.817
6490.685,810183.6058
6492.3,801633.1914
6493.915,799056.1548
6495.53,814683.7149
6497.145,788607.428
6498.76,785880.0483
6500.375,787048.6886
6501.99,811781.2043
6503.605,824049.9192
6505.22,796335.0344
6506.835,786447.0151
6508.45,780551.2124
6510.065,814995.6178
6511.68,784636.4977
6513.295,770463.4639
6514.91,792807.7584
6516.525,793983.3962
6518.14,787511.6394
6519.755,773186.5852
6521.37,781416.6598
6522.985,799315.8155
6524.6,779481.5803
6526.215,771438.1881
6527.83,779544.7103
6529.445,781839.4629
6531.06,795769.8602
6532.675,770196.2442
6534.29,768086.1713
6535.905,780866.2115
6537.52,789222.1091
6539.135,780816.2787
6540.75,800381.7117
6542.365,798047.4938
6543.98,797910.5265
6545.595,776489.3313
6547.21,781627.5202
6548.825,776176.9077
6550.44,750992.7064
6552.055,780687.2164
6553.67,767817.6815
6555.285,757399.111
6556.9,774753.4304
6558.515,766081.2115
6560.13,757997.3574
6561.745,758855.0301
6563.36,754455.9022
6564.975,773882.7352
6566.59,754692.0135
6568.205,769524.7965
6569.82,776848.7998
6571.435,768905.9221
6573.05,784524.0579
6574.665,764791.28
6576.28,777708.1145
6577.895,761482.6354
6579.51,780015.6739
6581.125,760331.7111
6582.74,769861.5245
6584.355,769270.8112
6585.97,779499.2553
6587.585,748922.6288
6589.2,763656.9373
6590.815,779364.3335
6592.43,767099.6854
6594.045,770600.9426
6595.66,774130.9671
6597.275,775556.581
6598.89,768126.5032
6600.505,753718.2172
6602.12,769562.6626
6603.735,780483.03
6605.35,767230.8956
6606.965,766860.8295
6608.58,781424.0367
6610.195,777700.7191
6611.81,781251.8234
6613.425,775201.7614
6615.04,785942.2206
6616.655,769016.7813
6618.27,789587.1841
6619.885,789753.3278
6621.5,792099.5417
6623.115,778904.3115
6624.73,773910.6509
6626.345,785228.5834
6627.96,777025.582
6629.575,776310.4571
6631.19,793243.3291
6632.805,781248.0634
6634.42,774106.8859
6636.035,766270.6517
6637.65,774303.8647
6639.265,779931.9791
6640.88,769146.9203
6642.495,754128.0257
6644.11,764546.3544
6645.725,760419.6215
6647.34,777726.0982
6648.955,748272.3949
6650.57,753525.9766
6652.185,783059.8918
6653.8,789897.0192
6655.415,774969.6351
6657.03,767671.5931
6658.645,782648.0917
6660.26,784906.769
6661.875,774964.0435
6663.49,765206.7545
6665.105,773602.0189
6666.72,794751.258
6668.335,786667.7032
6669.95,766549.1385
6671.565,775215.1279
6673.18,776777.7314
6674.795,758903.0698
6676.41,774517.7915
6678.025,760272.0008
6679.64,766246.3734
6681.255,772062.9982
6682.87,743936.1646
6684.485,746519.4902
6686.1,773403.4241
6687.715,725959.8412
6689.33,734453.0538
6690.945,747780.8479
6692.56,748861.4234
6694.175,732565.0265
6695.79,725911.9521
6697.405,736080.1857
6699.02,728276.4547
6700.635,751274.8863
6702.25,740627.6483
6703.865,731070.1387
6705.48,730214.6937
6707.095,748115.761
6708.71,742021.2444
6710.325,729404.6405
6711.94,728923.2689
6713.555,729441.0226
6715.17,739404.8002
6716.785,727157.5631
6718.4,732929.142
6720.015,741205.7111
6721.63,746844.9605
6723.245,732136.4738
6724.86,711030.1327
6726.475,738627.4416
6728.09,760351.6734
6729.705,741810.3748
6731.32,727615.8222
6732.935,737635.2934
6734.55,754371.0843
6736.165,736171.0231
6737.78,736492.5158
6739.395,750060.739
6741.01,765040.3114
6742.625,780024.0976
6744.24,748480.2149
6745.855,760451.1316
6747.47,770647.5356
6749.085,774130.7625
6750.7,736988.6763
6752.315,738512.6104
6753.93,767792.1387
6755.545,767324.6171
6757.16,760238.7892
6758.775,744868.2734
6760.39,741356.7571
6762.005,767681.2944
6763.62,741360.2158
6765.235,761544.4098
6766.85,753256.5718
6768.465,767656.6423
6770.08,771637.5918
6771.695,754439.4303
6773.31,751859.5653
6774.925,753010.4562
6776.54,765467.6815
6778.155,765746.252
6779.77,770621.8291
6781.385,755455.6077
6783,769135.8522
6784.615,783007.4021
6786.23,758698.8648
6787.845,784153.9361
6789.46,784069.9251
6791.075,763964.21
6792.69,763527.1999
6794.305,781915.0407
6795.92,809491.571
6797.535,795147.064
6799.15,781069.7694
6800.765,790539.3296
6802.38,788505.3738
6803.995,805297.6635
6805.61,800322.392
6807.225,802061.0748
6808.84,792532.5351
6810.455,799178.7626
6812.07,808142.3736
6813.685,781002.5242
6815.3,797035.0727
6816.915,808250.5996
6818.53,777541.8072
6820.145,791308.8501
6821.76,787871.597
6823.375,802390.8666
6824.99,803132.7356
6826.605,798701.047
6828.22,786761.6832
6829.835,818032.6857
6831.45,810629.7295
6833.065,803071.1844
6834.68,821701.3436
6836.295,812880.3159
6837.91,805058.1995
6839.525,817470.3567
6841.14,811852.2169
6842.755,796356.3356
6844.37,803513.7582
6845.985,803952.6129
6847.6,801819.1468
6849.215,808672.1344
6850.83,808505.167
6852.445,832713.4019
6854.06,809712.4414
6855.675,819841.4216
6857.29,814586.8024
6858.905,803219.9487
6860.52,821811.0015
6862.135,806046.8573
6863.75,815000.5494
6865.365,810948.6393
6866.98,818083.5185
6868.595,798255.1539
6870.21,801656.6832
6871.825,819048.3461
6873.44,823509.0419
6875.055,807916.5549
6876.67,795070.2682
6878.285,819523.3375
6879.9,811438.085
6881.515,811316.1224
6883.13,801418.413
6884.745,825938.8428
6886.36,840427.1565
6887.975,805562.8005
6889.59,809707.5582
6891.205,830503.6736
6892.82,824976.2894
6894.435,804030.4761
6896.05,799521.4821
6897.665,807072.8903
6899.28,832372.9994
6900.895,816684.6691
6902.51,786640.55
6904.125,826095.0565
6905.74,812597.4666
6907.355,799137.8934
6908.97,790722.8731
6910.585,790675.0082
6912.2,812188.03
6913.815,821690.1789
6915.43,792913.9817
6917.045,784691.1686
6918.66,799740.2549
6920.275,805448.252
6921.89,766270.2947
6923.505,771394.0274
6925.12,779405.041
6926.735,787513.5306
6928.35,788869.4819
6929.965,787614.7647
6931.58,779356.9381
6933.195,805039.8215
6934.81,800230.5021
6936.425,771439.4377
6938.04,791818.2805
6939.655,811701.965
6941.27,805033.1996
6942.885,776359.9789
6944.5,799799.2995
6946.115,798490.6124
6947.73,795552.6271
6949.345,791526.4514
6950.96,810062.7348
6952.575,796237.1122
6954.19,803305.0865
6955.805,803975.5635
6957.42,792972.34
6959.035,789079.2358
6960.65,795209.4725
6962.265,801089.4579
6963.88,802505.7424
6965.495,795500.7121
6967.11,811424.9379
6968.725,820128.6576
6970.34,797410.7026
6971.955,770980.4236
6973.57,769815.2886
6975.185,783164.2109
6976.8,797814.4117
6978.415,783794.2054
6980.03,773152.8455
6981.645,783569.8688
6983.26,793180.6454
6984.875,772535.8121
6986.49,783831.7423
6988.105,777684.3048
6989.72,784212.1382
6991.335,798274.4839
6992.95,769993.0917
6994.565,792916.9495
6996.18,785976.481
6997.795,780975.371
6999.41,775714.7714
7001.025,772995.7727
7002.64,812845.0066
7004.255,794775.0064
7005.87,796471.4494
7007.485,767211.4372
7009.1,785819.9401
7010.715,800962.0989
7012.33,763279.2433
7013.945,771883.767
7015.56,776240.2088
7017.175,793016.3389
7018.79,804805.5902
7020.405,778820.137
7022.02,791081.1013
7023.635,802152.5648
7025.25,798144.6685
7026.865,798788.9369
7028.48,795471.9932
7030.095,808504.8006
7031.71,835135.8203
7033.325,821846.281
7034.94,811079.9777
7036.555,813776.5799
7038.17,824077.7065
7039.785,821966.4268
7041.4,825094.1777
7043.015,812239.9004
7044.63,833776.2243
7046.245,842981.2629
7047.86,824680.3972
7049.475,841874.3728
7051.09,835870.729
7052.705,834202.6962
7054.32,843874.5033
7055.935,840830.94
7057.55,835871.7982
7059.165,839506.3482
7060.78,830115.2426
7062.395,827542.9404
7064.01,852946.6825
7065.625,845758.5735
7067.24,835773.439
7068.855,825116.2041
7070.47,844820.5848
7072.085,843715.3404
7073.7,852902.0755
7075.315,846104.3371
7076.93,843292.3012
7078.545,846794.5532
7080.16,844871.0605
7081.775,847777.8518
7083.39,840771.6965
7085.005,857017.6846
7086.62,845885.7112
7088.235,863431.6985
7089.85,858417.4544
7091.465,833079.6596
7093.08,834491.7955
7094.695,854053.2881
7096.31,837806.7793
7097.925,831574.864
7099.54,843651.3717
7101.155,844864.6674
7102.77,847890.5129
7104.385,829678.6993
7106,841187.6675
7107.615,848977.3868
7109.23,827482.6072
7110.845,820295.3127
7112.46,824949.9525
7114.075,855260.1943
7115.69,855011.0438
7117.305,832262.3392
7118.92,832259.6577
7120.535,849026.4957
7122.15,846266.9755
7123.765,822057.2139
7125.38,817127.1797
7126.995,835465.1696
7128.61,843817.5322
7130.225,852209.1221
7131.84,807879.5554
7133.455,840225.3596
7135.07,829746.5396
7136.685,845705.2396
7138.3,840881.1201
7139.915,843969.8296
7141.53,833123.2847
7143.145,851023.9354
7144.76,835301.752
7146.375,823266.3683
7147.99,827396.6084
7149.605,836690.6063
7151.22,811508.7034
7152.835,815071.7405
7154.45,822571.0272
7156.065,828782.677
7157.68,842991.2748
7159.295,818260.0868
7160.91,828694.06
7162.525,834223.1104
7164.14,820148.1253
7165.755,827816.0679
7167.37,814677.7234
7168.985,808017.0359
7170.6,818173.5042
7172.215,825537.3465
7173.83,807563.4127
7175.445,812891.7484
7177.06,814682.0859
7178.675,835628.007
7180.29,818013.3389
7181.905,814942.1482
7183.52,825740.9881
7185.135,850868.9044
7186.75,815224.2462
7188.365,813669.5142
7189.98,810300.6777
7191.595,833396.2449
7193.21,852057.8009
7194.825,822767.7197
7196.44,822150.8982
7198.055,819007.2147
7199.67,826694.0615
7201.285,838926.0503
7202.9,836585.6921
7204.515,847533.7705
7206.13,846359.4176
7207.745,838153.1472
7209.36,835230.9253
7210.975,828520.3386
7212.59,831730.0661
7214.205,812345.4189
7215.82,818360.7556
7217.435,832345.1507
7219.05,850214.4159
7220.665,849809.2656
7222.28,819671.2836
7223.895,830015.4534
7225.51,830240.1228
7227.125,840530.4454
7228.74,804697.3642
7230.355,827114.4899
7231.97,861122.3261
7233.585,840984.236
7235.2,824813.1693
7236.815,843721.0771
7238.43,829446.1807
7240.045,841517.2548
7241.66,837971.8481
7243.275,830818.1725
7244.89,829371.7074
7246.505,838148.6991
7248.12,843080.2563
7249.735,836836.3302
7251.35,848916.319
7252.965,831118.4979
7254.58,831028.0938
7256.195,838033.4365
7257.81,824635.0706
7259.425,867638.6749
7261.04,844915.0501
7262.655,822856.2939
7264.27,835083.2172
7265.885,827933.8614
7267.5,846764.0975
7269.115,820467.5371
7270.73,830144.9304
7272.345,846018.6581
7273.96,844780.1655
7275.575,834102.4067
7277.19,814012.8399
7278.805,813889.4362
7280.42,813522.8307
7282.035,825857.6324
7283.65,833783.2255
7285.265,813176.8756
7286.88,839367.9081
7288.495,851022.3734
7290.11,838268.8282
7291.725,827071.4338
7293.34,822115.8084
7294.955,838184.6703
7296.57,842254.0584
7298.185,820978.8772
7299.8,821352.3686
7301.415,816914.9563
7303.03,851730.9471
7304.645,831446.8784
7306.26,825826.0292
7307.875,819516.1299
7309.49,833936.1552
7311.105,825495.0584
7312.72,818852.8382
7314.335,824004.732
7315.95,838293.7443
7317.565,869759.271
7319.18,822404.1137
7320.795,810713.3071
7322.41,826579.2285
7324.025,835515.5449
7325.64,845745.7798
7327.255,817494.5792
7328.87,819850.7157
7330.485,831358.0772
7332.1,837350.8241
7333.715,827944.9704
7335.33,816626.9597
7336.945,806519.7753
7338.56,826282.1982
7340.175,798108.0353
7341.79,810676.1198
7343.405,797680.4067
7345.02,837488.736
7346.635,811884.5211
7348.25,798083.0243
7349.865,811549.2714
7351.48,832610.5481
7353.095,815697.4134
7354.71,810771.3773
7356.325,805895.2906
7357.94,832060.2708
7359.555,827413.0803
7361.17,814713.2018
7362.785,808501.4534
7364.4,823716.0921
7366.015,826711.2996
7367.63,815765.5121
7369.245,817995.8889
7370.86,830450.667
7372.475,822464.6998
7374.09,826630.4722
7375.705,815138.4148
7377.32,811710.9801
7378.935,817979.7665
7380.55,815153.6167
7382.165,807776.2572
7383.78,814363.2431
7385.395,820777.8446
7387.01,825380.9041
7388.625,809602.194
7390.24,795903.1456
7391.855,801273.3678
7393.47,820547.2004
7395.085,817164.5623
7396.7,805843.0781
7398.315,820115.1219
7399.93,840055.7534
7401.545,817665.0966
7403.16,806280.4991
7404.775,806111.9268
7406.39,818221.9809
7408.005,799922.4019
7409.62,802308.944
7411.235,807051.4794
7412.85,809528.5705
7414.465,837345.5355
7416.08,822633.3483
7417.695,805945.3108
7419.31,795625.7132
7420.925,815532.0749
7422.54,808073.5682
7424.155,801622.6347
7425.77,812128.5131
7427.385,812492.478
7429,816654.3212
7430.615,812280.2471
7432.23,798066.3813
7433.845,816163.823
7435.46,812012.423
7437.075,810923.8756
7438.69,809659.6654
7440.305,817276.1244
7441.92,804680.0704
7443.535,811775.1347
7445.15,789394.8058
7446.765,792109.8511
7448.38,811531.5964
7449.995,815377.691
7451.61,806750.1256
7453.225,783285.9447
7454.84,792917.4962
7456.455,810048.1485
7458.07,786083.636
7459.685,770386.0079
7461.3,792047.4426
7462.915,806184.8213
7464.53,788970.623
7466.145,789187.3298
7467.76,780996.1459
7469.375,794603.0609
7470.99,791823.0298
7472.605,776232.8133
7474.22,778714.5478
7475.835,807687.8986
7477.45,805016.6496
7479.065,790281.4113
7480.68,806481.4201
7482.295,796847.4438
7483.91,809589.0469
7485.525,791819.532
7487.14,789411.3745
7488.755,802187.7104
7490.37,814189.3859
7491.985,818418.4502
7493.6,788576.1317
7495.215,801279.1324
7496.83,809625.2952
7498.445,795254.9219
7500.06,785453.6824
7501.675,789466.4191
7503.29,817646.8711
7504.905,820042.4766
7506.52,791783.081
7508.135,802654.8303
7509.75,809635.7812
7511.365,799591.9592
7512.98,788285.6285
7514.595,789431.8091
7516.21,829831.034
7517.825,834927.1486
7519.44,801758.1293
7521.055,805217.0909
7522.67,808954.0688
7524.285,818042.785
7525.9,789818.2262
7527.515,793476.2587
7529.13,795500.7549
7530.745,819613.8569
7532.36,822284.3733
7533.975,798893.5108
7535.59,797106.7641
7537.205,802999.2197
7538.82,803351.0472
7540.435,783424.991
7542.05,800476.1771
7543.665,822611.0485
7545.28,813368.7797
7546.895,798344.5705
7548.51,814798.0942
7550.125,807407.4779
7551.74,809953.5009
7553.355,797559.095
7554.97,800999.3309
7556.585,817083.0506
7558.2,826576.9524
7559.815,809204.0263
7561.43,799832.2136
7563.045,809404.4249
7564.66,814322.9224
7566.275,793731.5512
7567.89,807257.1367
7569.505,808681.3374
7571.12,806043.8801
7572.735,829062.2572
7574.35,802770.6805
7575.965,804654.0217
7577.58,814102.052
7579.195,811538.566
7580.81,808278.2958
7582.425,814327.5843
7584.04,832776.8052
7585.655,818706.3351
7587.27,809370.2425
7588.885,804600.8701
7590.5,797653.9322
7592.115,821826.5548
7593.73,818756.8573
7595.345,806517.1459
7596.96,816777.42
7598.575,812389.9311
7600.19,821723.7513
7601.805,797529.5281
7603.42,822613.6203
7605.035,813770.5586
7606.65,821048.7872
7608.265,813046.1564
7609.88,796007.712
7611.495,829929.6461
7613.11,829418.4417
7614.725,803626.1106
7616.34,808230.5815
7617.955,816008.1858
7619.57,844506.5136
7621.185,834123.018
7622.8,804342.2489
7624.415,813815.4464
7626.03,830701.3368
7627.645,813954.4295
7629.26,806509.2576
7630.875,817663.1998
7632.49,848526.6272
7634.105,830716.2764
7635.72,819206.0121
7637.335,824394.5466
7638.95,829796.5299
7640.565,824487.7809
7642.18,818296.7126
7643.795,827624.7998
7645.41,827087.2809
7647.025,836056.6286
7648.64,827193.5823
7650.255,809401.9833
7651.87,816613.8889
7653.485,815621.6701
7655.1,815461.4565
7656.715,818515.2176
7658.33,818046.1526
7659.945,818122.7941
7661.56,832919.7231
7663.175,808682.0886
7664.79,806463.6186
7666.405,814267.3291
7668.02,833511.8943
7669.635,834310.9297
7671.25,812072.8995
7672.865,820256.3718
7674.48,842551.5108
7676.095,815866.6031
7677.71,808597.5719
7679.325,838450.0231
7680.94,813176.4498
7682.555,832967.5675
7684.17,811597.789
7685.785,813909.3539
7687.4,831309.8404
7689.015,839643.2448
7690.63,801935.7762
7692.245,813598.5202
7693.86,844520.2483
7695.475,836135.5406
7697.09,832928.8126
7698.705,805452.6108
7700.32,824658.964
7701.935,822681.6149
7703.55,825573.0872
7705.165,821745.3742
7706.78,824150.257
7708.395,832604.0489
7710.01,829813.5765
7711.625,817785.8541
7713.24,823106.0543
7714.855,822880.007
7716.47,826697.3957
7718.085,814062.2297
7719.7,813525.648
7721.315,821675.6892
7722.93,821581.3057
7724.545,815781.0599
7726.16,819161.2192
7727.775,812814.7684
7729.39,827466.9906
7731.005,834097.2967
7732.62,835739.6397
7734.235,812076.8436
7735.85,823202.8329
7737.465,832822.7678
7739.08,824286.633
7740.695,817300.7319
7742.31,804103.9806
7743.925,808504.8006
7745.54,829046.0996
7747.155,829133.4391
7748.77,813714.7776
7750.385,810288.2819
7752,826836.9143
7753.615,818702.4263
7755.23,818152.56
7756.845,808916.8573
7758.46,820081.5495
7760.075,825829.0659
7761.69,824367.0549
7763.305,819122.9347
7764.92,817763.348
7766.535,823179.8823
7768.15,818648.5588
7769.765,805935.2692
7771.38,819721.168
7772.995,832702.7355
7774.61,828316.7621
7776.225,828065.2537
7777.84,821834.5212
7779.455,820717.7178
7781.07,804365.1624
7782.685,812415.2861
7784.3,802796.982
7785.915,801620.7324
7787.53,792474.1767
7789.145,819685.3195
7790.76,782977.7832
7792.375,796973.1496
7793.99,818016.6117
7795.605,800910.3829
7797.22,801792.187
7798.835,806995.0289
7800.45,794422.0947
7802.065,795387.4932
7803.68,778093.9403
7805.295,804154.8728
7806.91,804734.7821
7808.525,802259.5691
7810.14,797684.9794
7811.755,812410.0496
7813.37,818150.4029
7814.985,798231.8816
7816.6,781937.4074
7818.215,789770.5454
7819.83,806273.8939
7821.445,799207.7754
7823.06,786633.4428
7824.675,794218.6632
7826.29,803050.9153
7827.905,794432.9991
7829.52,787329.7676
7831.135,788048.6971
7832.75,805994.9608
7834.365,811958.8958
7835.98,799850.3442
7837.595,778397.1536
7839.21,783219.6795
7840.825,790509.6083
7842.44,798534.245
7844.055,796341.1096
7845.67,786579.5009
7847.285,808434.5485
7848.9,788771.0892
7850.515,778551.3757
7852.13,776207.0194
7853.745,780790.5834
7855.36,794883.1971
7856.975,784140.0861
7858.59,802617.6392
7860.205,796646.8927
7861.82,802952.3589
7863.435,792326.8685
7865.05,767133.6037
7866.665,779427.1046
7868.28,802735.6781
7869.895,778868.9019
7871.51,784250.8858
7873.125,796266.0877
7874.74,786122.0878
7876.355,784173.7998
7877.97,766096.9545
7879.585,764409.1454
7881.2,780197.674
7882.815,780403.8446
7884.43,783087.4894
7886.045,780210.7076
7887.66,772650.8924
7889.275,777056.233
7890.89,784275.3054
7892.505,782040.9437
7894.12,786538.8622
7895.735,774301.3394
7897.35,830830.2392
7898.965,784954.3178
7900.58,790704.5937
7902.195,784694.2852
7903.81,790977.2936
7905.425,795203.2133
7907.04,789008.2046
7908.655,801239.5313
7910.27,811316.9443
7911.885,806776.1427
7913.5,790820.0757
7915.115,807353.8614
7916.73,794014.5065
7918.345,790684.0084
7919.96,792151.9216
7921.575,801897.0621
7923.19,799611.3878
7924.805,806111.2778
7926.42,793298.7419
7928.035,776716.7641
7929.65,779058.0539
7931.265,785135.0125
7932.88,786909.5122
7934.495,775905.0688
7936.11,781165.7558
7937.725,800854.9682
7939.34,795011.7536
7940.955,782072.3292
7942.57,782158.4489
7944.185,800704.5489
7945.8,810594.9837
7947.415,784964.3408
7949.03,785555.6975
7950.645,787656.3889
7952.26,794246.0991
7953.875,773797.5472
7955.49,777574.2954
7957.105,803123.6238
7958.72,802811.9328
7960.335,795109.3244
7961.95,787107.9061
7963.565,783525.4032
7965.18,800240.1997
7966.795,788336.2585
7968.41,763957.6048
7970.025,786071.7906
7971.64,797521.9002
7973.255,793633.4281
7974.87,784636.6651
7976.485,772680.835
7978.1,778396.2517
7979.715,816476.7859
7981.33,786518.8608
7982.945,788450.5207
7984.56,784519.6843
7986.175,809196.3371
7987.79,797519.4865
7989.405,785690.3701
7991.02,794767.2743
7992.635,788675.3593
7994.25,805074.7272
7995.865,792096.9644
7997.48,795347.5444
7999.095,800296.7301
8000.71,827557.3798
8002.325,796232.493
8003.94,786299.0392
8005.555,824406.5072
8007.17,821267.3945
8008.785,839895.8727
8010.4,809609.5615
8012.015,806382.4826
8013.63,804709.8232
8015.245,809699.2943
8016.86,788702.97
8018.475,799024.7953
8020.09,846086.3738
8021.705,800722.6795
8023.32,816845.7028
8024.935,817937.7964
8026.55,812843.6919
8028.165,816123.3163
8029.78,793755.1155
8031.395,798847.022
8033.01,799784.0511
8034.625,808174.8005
8036.24,806545.9466
8037.855,807297.3291
8039.47,798732.6594
8041.085,806795.4876
8042.7,821337.005
8044.315,826499.6359
8045.93,793812.466
8047.545,807050.7281
8049.16,822165.135
8050.775,799576.339
8052.39,791809.0385
8054.005,827141.2935
8055.62,822535.7478
8057.235,799182.597
8058.85,807572.6658
8060.465,814980.4625
8062.08,813638.9004
8063.695,804596.5764
8065.31,801557.5076
8066.925,804124.0638
8068.54,813862.0245
8070.155,800986.2155
8071.77,809819.6837
8073.385,817907.3704
8075,830590.8439
8076.615,809281.5939
8078.23,803511.3408
8079.845,795172.1011
8081.46,802804.8963
8083.075,812543.5637
8084.69,811606.3672
8086.305,815232.1345
8087.92,827203.5886
8089.535,837957.6263
8091.15,815525.877
8092.765,843228.6319
8094.38,822665.6748
8095.995,832962.3961
8097.61,830284.5419
8099.225,832005.1648
8100.84,835181.0744
8102.455,832638.8951
8104.07,836145.7217
8105.685,821387.8378
8107.3,821982.8987
8108.915,833341.7079
8110.53,839273.4763
8112.145,836907.1122
8113.76,830257.1693
8115.375,828547.3449
8116.99,847787.4192
8118.605,842299.0484
8120.22,815473.2182
8121.835,830793.0816
8123.45,867603.6056
8125.065,853601.2937
8126.68,829744.587
8128.295,844020.5155
8129.91,830768.9483
8131.525,868240.103
8133.14,818676.6306
8134.755,838101.1057
8136.37,843946.059
8137.985,845904.0427
8139.6,823285.3302
8141.215,839940.9761
8142.83,851876.8012
8144.445,839171.3645
8146.06,819691.0488
8147.675,819660.74
8149.29,828441.6944
8150.905,846732.0759
8152.52,834066.1603
8154.135,829545.0457
8155.75,837233.5606
8157.365,837922.0418
8158.98,822676.635
8160.595,831039.7439
8162.21,816197.5032
8163.825,832538.1482
8165.44,838060.8984
8167.055,821361.0936
8168.67,827799.2408
8170.285,834889.8236
8171.9,821374.5605
8173.515,837611.0649
8175.13,809855.5563
8176.745,819659.7135
8178.36,819277.3297
8179.975,820649.8218
8181.59,816835.4604
8183.205,822420.7455
8184.82,812080.2242
8186.435,831929.8361
8188.05,814765.7323
8189.665,861100.1974
8191.28,816129.4268
8192.895,803523.0002
8194.51,814954.6481
8196.125,813326.2926
8197.74,837853.5805
8199.355,856848.3592
8200.97,810420.2898
8202.585,819937.0864
8204.2,824061.679
8205.815,811847.9697
8207.43,801655.5061
8209.045,811503.6324
8210.66,794613.0039
8212.275,818130.6824
8213.89,812596.9031
8215.505,819689.3585
8217.12,831536.1853
8218.735,820282.2252
8220.35,798948.5536
8221.965,810926.6835
8223.58,817724.6544
8225.195,820265.6045
8226.81,816613.7309
8228.425,804032.3878
8230.04,824479.7216
8231.655,826841.3624
8233.27,816882.1203
8234.885,809310.893
8236.5,829236.1887
8238.115,822901.496
8239.73,858083.9769
8241.345,806788.3506
8242.96,845152.2827
8244.575,830706.3166
8246.19,818903.4813
8247.805,796527.2286
8249.42,810219.6142
8251.035,826928.0027
8252.65,831876.2679
8254.265,810736.2206
8255.88,820035.4586
8257.495,827500.8029
8259.11,830159.87
8260.725,814833.0277
8262.34,812972.3452
8263.955,811959.8349
8265.57,837339.3321
8267.185,817130.7556
8268.8,810434.0263
8270.415,805342.1756
8272.03,828354.2024
8273.645,808561.6993
8275.26,813989.363
8276.875,799661.3206
8278.49,843692.52
8280.105,827668.7783
8281.72,828634.7012
8283.335,821218.1033
8284.95,828527.6169
8286.565,846435.2912
8288.18,816640.2853
8289.795,817511.2706
8291.41,841520.3789
8293.025,824080.6465
8294.64,841168.1533
8296.255,837134.5431
8297.87,828474.945
8299.485,835817.7261
8301.1,825284.371
8302.715,813980.5357
8304.33,814532.5238
8305.945,829458.1079
8307.56,832308.6904
8309.175,817640.4389
8310.79,814805.1846
8312.405,825342.3612
8314.02,835370.8809
8315.635,808714.9302
8317.25,812760.4936
8318.865,798133.0983
8320.48,835491.6032
8322.095,814574.97
8323.71,798095.3587
8325.325,823141.1887
8326.94,834343.5481
8328.555,816266.0557
8330.17,826562.2861
8331.785,808665.838
8333.4,831795.7623
8335.015,811923.8395
8336.63,800969.1448
8338.245,806158.6016
8339.86,801426.0204
8341.475,836499.6394
8343.09,795918.0574
8344.705,802282.6183
8346.32,831891.9124
8347.935,808698.4248
8349.55,829061.9076
8351.165,823690.6757
8352.78,807405.9903
8354.395,822325.0194
8356.01,787381.1582
8357.625,799854.9745
8359.24,812705.648
8360.855,820101.8429
8362.47,816702.6882
8364.085,805480.2364
8365.7,822423.6501
8367.315,815031.5481
8368.93,802228.3918
8370.545,802672.762
8372.16,813299.1692
8373.775,813892.6384
8375.39,811644.6572
8377.005,796895.2343
8378.62,814253.4308
8380.235,822202.4302
8381.85,804419.6287
8383.465,813656.555
8385.08,803048.8698
8386.695,821555.1306
8388.31,813707.4528
8389.925,802434.4973
8391.54,809199.158
8393.155,819726.4789
8394.77,817087.746
8396.385,796033.889
8398,817377.8457
8399.615,826485.864
8401.23,816124.8189
8402.845,806972.7142
8404.46,816838.5156
8406.075,818254.2255
8407.69,822916.2348
8409.305,796397.4429
8410.92,801592.4672
8412.535,819687.5956
8414.15,821016.6448
8415.765,812380.4827
8417.38,806030.8502
8418.995,816970.7373
8420.61,808993.1195
8422.225,812566.6649
8423.84,794542.8987
8425.455,807198.2781
8427.07,815537.3282
8428.685,807967.5755
8430.3,806327.0772
8431.915,827923.9016
8433.53,804350.1985
8435.145,826874.1035
8436.76,786328.0148
8438.375,798153.4084
8439.99,818295.1952
8441.605,807590.696
8443.22,822041.456
8444.835,817334.7227
8446.45,807448.3881
8448.065,817760.3132
8449.68,791899.6136
8451.295,799920.1705
8452.91,822777.1904
8454.525,824163.7053
8456.14,820289.2431
8457.755,798875.1886
8459.37,820134.2791
8460.985,823297.0138
8462.6,794641.0832
8464.215,810173.527
8465.83,813045.0872
8467.445,822390.6468
8469.06,824545.6242
8470.675,819623.865
8472.29,821452.1374
8473.905,829827.1754
8475.52,813558.6439
8477.135,809553.9255
8478.75,816100.282
8480.365,826814.4249
8481.98,820685.2834
8483.595,807860.2793
8485.21,813880.9008
8486.825,827785.8056
8488.44,807498.6667
8490.055,797418.6392
8491.67,803831.5801
8493.285,835906.4938
8494.9,821232.3047
8496.515,808174.4249
8498.13,814838.8128
8499.745,827830.1317
8501.36,837217.8958
8502.975,814026.1748
8504.59,815287.9062
8506.205,814195.7605
8507.82,831260.2126
8509.435,826567.4575
8511.05,811757.8743
8512.665,820422.2049
8514.28,822152.2259
8515.895,809374.804
8517.51,818071.7735
8519.125,806332.5238
8520.74,826658.1331
8522.355,843433.1791
8523.97,819371.7876
8525.585,817091.1267
8527.2,823532.026
8528.815,810631.7769
8530.43,823789.8308
8532.045,814940.8019
8533.66,817470.4905
8535.275,816894.4491
8536.89,823863.3799
8538.505,815777.549
8540.12,823093.7701
8541.735,824780.6364
8543.35,838697.4088
8544.965,813248.9055
8546.58,815863.1926
8548.195,816529.9357
8549.81,819656.489
8551.425,810136.5275
8553.04,791886.5428
8554.655,825116.6485
8556.27,838655.1709
8557.885,823876.367
8559.5,811982.7483
8561.115,822062.5099
8562.73,817560.0169
8564.345,835946.4872
8565.96,815737.1688
8567.575,809667.4718
8569.19,848229.2771
8570.805,847123.3223
8572.42,839722.3428
8574.035,834958.7554
8575.65,843533.6341
8577.265,847272.5367
8578.88,829770.6952
8580.495,834662.3928
8582.11,835455.4255
8583.725,837450.7416
8585.34,851026.669
8586.955,815232.5213
8588.57,828930.6045
8590.185,818877.8752
8591.8,811145.6051
8593.415,810871.6351
8595.03,808238.4697
8596.645,832669.8586
8598.26,835297.8841
8599.875,816814.6631
8601.49,810801.2045
8603.105,819195.4052
8604.72,813725.1781
8606.335,799641.7953
8607.95,817414.7262
8609.565,843535.0009
8611.18,831085.171
8612.795,828177.6842
8614.41,823761.2346
8616.025,828669.062
8617.64,836491.7028
8619.255,812816.271
8620.87,826596.9538
8622.485,833003.4625
8624.1,824798.066
8625.715,828895.3957
8627.33,804243.0826
8628.945,819058.635
8630.56,828838.631
8632.175,807275.1669
8633.79,810553.8523
8635.405,813353.6058
8637.02,840208.9211
8638.635,829094.1746
8640.25,815336.5596
8641.865,816454.2462
8643.48,823246.8318
8645.095,802875.5593
8646.71,810367.1438
8648.325,808467.591
8649.94,828551.5587
8651.555,825377.4509
8653.17,828760.5223
8654.785,795936.4669
8656.4,835994.6813
8658.015,823952.6348
8659.63,810785.2403
8661.245,809746.7557
8662.86,819956.9334
8664.475,831985.764
8666.09,819478.5744
8667.705,796146.206
8669.32,821066.7914
8670.935,826960.4854
8672.55,815959.3539
8674.165,809019.2164
8675.78,815300.1235
8677.395,833243.6574
8679.01,837718.205
8680.625,797891.3973
8682.24,810597.5425
8683.855,829537.9608
8685.47,820771.775
8687.085,820735.2459
8688.7,798904.1103
8690.315,829653.692
8691.93,822977.4996
8693.545,824394.9371
8695.16,807624.8598
8696.775,823296.3443
8698.39,824677.3996
8700.005,810242.5648
8701.62,820550.8656
8703.235,800591.514
8704.85,840143.5541
8706.465,817683.3053
8708.08,795142.0934
8709.695,830922.2053
8711.31,823711.7296
8712.925,808071.1527
8714.54,818235.5352
8716.155,820006.842
8717.77,820107.5889
8719.385,839458.9407
8721,831521.294
8722.615,815952.0291
8724.23,826177.3027
8725.845,825684.1025
8727.46,827407.9089
8729.075,827775.2712
8730.69,816909.0541
8732.305,818405.4556
8733.92,839492.8702
8735.535,805424.2508
8737.15,812411.342
8738.765,827972.9343
8740.38,822117.1641
8741.995,807739.7802
8743.61,815093.3392
8745.225,836620.6963
8746.84,836560.1716
8748.455,795767.0988
8750.07,803881.5779
8751.685,822378.887
8753.3,807165.1074
8754.915,814020.8806
8756.53,806166.5977
8758.145,830269.236
8759.76,832992.6325
8761.375,830021.5824
8762.99,806555.2723
8764.605,821077.5303
8766.22,823472.6505
8767.835,797117.6369
8769.45,795777.0846
8771.065,804344.4209
8772.68,822650.8244
8774.295,821397.5112
8775.91,810528.3094
8777.525,812572.7159
8779.14,815985.2724
8780.755,797406.0537
8782.37,803179.2989
8783.985,804033.6894
8785.6,827858.2054
8787.215,829093.7915
8788.83,806842.5455
8790.445,817836.752
8792.06,815526.6283
8793.675,830347.7816
8795.29,815274.8187
8796.905,812963.8935
8798.52,815433.9556
8800.135,820310.8381
8801.75,802024.9994
8803.365,809686.3611
8804.98,810726.4542
8806.595,824684.1907
8808.21,817695.4445
8809.825,816613.5412
8811.44,807249.7878
8813.055,825958.8032
8814.67,844037.1473
8816.285,807083.3577
8817.9,808351.3465
8819.515,821081.7031
8821.13,813290.8793
8822.745,814335.3182
8824.36,822336.2102
8825.975,841915.5712
8827.59,827459.0485
8829.205,826750.3725
8830.82,816860.1292
8832.435,808693.3036
8834.05,827019.2733
8835.665,816215.2248
8837.28,822845.568
8838.895,822845.1068
8840.51,839242.9889
8842.125,832715.7003
8843.74,807859.3495
8845.355,827412.2789
8846.97,818219.7048
8848.585,810209.3997
8850.2,798379.5301
8851.815,823884.4487
8853.43,820544.7347
8855.045,821038.621
8856.66,812280.9984
8858.275,814137.549
8859.89,828585.7949
8861.505,810155.309
8863.12,822166.2619
8864.735,804208.1156
8866.35,811285.5774
8867.965,820374.1317
8869.58,817637.7834
8871.195,813721.1633
8872.81,820294.1747
8874.425,817544.8429
8876.04,812356.3122
8877.655,834777.0752
8879.27,811352.3354
8880.885,830348.2503
8882.5,833793.0793
8884.115,812567.974
8885.73,819402.3252
8887.345,821788.9416
8888.96,831556.5363
8890.575,832359.4618
8892.19,818249.1043
8893.805,816852.1517
8895.42,828147.0778
8897.035,814110.5037
8898.65,813542.9009
8900.265,829232.0791
8901.88,815083.385
8903.495,817066.7107
8905.11,821187.7312
8906.725,814030.1189
8908.34,810019.331
8909.955,809760.1463
8911.57,814901.768
8913.185,810003.5545
8914.8,809370.6089
8916.415,812204.5577
8918.03,825891.4688
8919.645,815209.221
8921.26,819211.9757
8922.875,825729.4868
8924.49,838752.6673
8926.105,826717.6202
8927.72,817357.4483
8929.335,816599.695
8930.95,825717.621
8932.565,810760.8243
8934.18,806329.1431
8935.795,820822.6078
8937.41,825171.749
8939.025,825370.1782
8940.64,812465.6502
8942.255,818511.0076
8943.87,825814.0816
8945.485,801014.3319
8947.1,797749.1414
8948.715,816143.3381
8950.33,832095.2862
8951.945,803922.1069
8953.56,820423.237
8955.175,830771.0551
8956.79,827751.0375
8958.405,807966.3259
8960.02,803254.6126
8961.635,798158.4422
8963.25,821897.283
8964.865,32.8825
8966.48,818319.2839
8968.095,807381.0946
8969.71,828444.1081
8971.325,822158.3439
8972.94,784432.0286
8974.555,802777.652
8976.17,809518.4434
8977.785,825989.3408
8979.4,807998.0722
8981.015,796778.0824
8982.63,817414.3469
8984.245,821172.1779
8985.86,804244.005
8987.475,802139.7339
8989.09,801985.5769
8990.705,829837.7098
8992.32,812418.8899
8993.935,807271.035
8995.55,812771.3832
8997.165,818744.3444
8998.78,803018.0012
9000.395,810411.3007
9002.01,807258.4514
9003.625,826195.1377
9005.24,830040.0924
9006.855,814486.5315
9008.47,825436.0604
9010.085,820558.9602
9011.7,826144.6842
9013.315,806373.8431
9014.93,811874.5669
9016.545,815089.317
9018.16,819846.3718
9019.775,818826.6631
9021.39,813788.15
9023.005,824368.3827
9024.62,836248.9938
9026.235,815461.4565
9027.85,820143.9525
9029.465,809370.0547
9031.08,833099.5345
9032.695,837840.2363
9034.31,807742.2627
9035.925,816848.7376
9037.54,799877.7726
9039.155,819223.014
9040.77,827662.6492
9042.385,828165.8091
9044,816518.704
9045.615,832219.6271
9047.23,814406.3122
9048.845,801590.418
9050.46,804688.0664
9052.075,823146.2765
9053.69,822757.3155
9055.305,817387.2234
9056.92,819849.957
9058.535,807612.5867
9060.15,840692.7008
9061.765,801832.1637
9063.38,802362.1365
9064.995,799445.1623
9066.61,825617.4487
9068.225,821483.813
9069.84,808198.3462
9071.455,812039.6562
9073.07,810008.6255
9074.685,806972.7849
9076.3,806956.6328
9077.915,800811.4546
9079.53,828359.7029
9081.145,818395.1537
9082.76,814672.2228
9084.375,817423.5591
9085.99,811232.6154
9087.605,810756.1289
9089.22,811965.0937
9090.835,801452.4428
9092.45,828596.1861
9094.065,818963.4184
9095.68,805605.5703
9097.295,802401.3731
9098.91,820709.757
9100.525,816951.5411
9102.14,794508.9879
9103.755,794559.062
9105.37,805846.2709
9106.985,832154.8886
9108.6,822037.0935
9110.215,801350.1673
9111.83,831723.9705
9113.445,822326.3471
9115.06,810390.4533
9116.675,811109.3772
9118.29,821713.6985
9119.905,826643.6881
9121.52,845394.1902
9123.135,830193.0668
9124.75,801540.8962
9126.365,824996.9639
9127.98,812523.0919
9129.595,801606.4139
9131.21,802530.0542
9132.825,811660.1919
9134.44,829799.403
9136.055,838326.6231
9137.67,812759.7387
9139.285,811293.5512
9140.9,812370.3983
9142.515,822457.4122
9144.13,808069.0607
9145.745,819015.5789
9147.36,823789.1168
9148.975,826078.2982
9150.59,837001.4883
9152.205,827776.8072
9153.82,825144.341
9155.435,814626.5113
9157.05,842110.4339
9158.665,838315.211
9160.28,815608.4561
9161.895,837361.974
9163.51,812895.9045
9165.125,815677.1183
9166.74,803092.3405
9168.355,817691.8407
9169.97,834426.646
9171.585,816590.2243
9173.2,797473.5555
9174.815,830865.673
9176.43,837648.468
9178.045,822126.0695
9179.66,789334.5488
9181.275,810500.4738
9182.89,817037.9751
9184.505,817661.7085
9186.12,812142.391
9187.735,818775.1163
9189.35,827036.344
9190.965,813523.5541
9192.58,802297.1321
9194.195,810718.1903
9195.81,831057.1531
9197.425,841497.5026
9199.04,818319.8529
9200.655,809885.6067
9202.27,826493.9085
9203.885,837679.5263
9205.5,787846.7719
9207.115,782328.6576
9208.73,827083.2587
9210.345,820945.3272
9211.96,812037.4545
9213.575,797983.4452
9215.19,809822.6887
9216.805,798330.8173
9218.42,798909.1311
9220.035,791172.6192
9221.65,799914.9637
9223.265,805040.1897
9224.88,810670.6732
9226.495,788262.2706
9228.11,786887.7889
9229.725,805030.215
9231.34,773792.1155
9232.955,786023.498
9234.57,772666.2244
9236.185,785773.2988
9237.8,814658.4361
9239.415,803063.921
9241.03,764491.3711
9242.645,790765.7675
9244.26,797023.7369
9245.875,782176.8547
9247.49,774087.3829
9249.105,790744.6931
9250.72,803381.1181
9252.335,795040.8407
9253.95,781006.6636
9255.565,786053.2025
9257.18,792978.047
9258.795,783189.3595
9260.41,782186.331
9262.025,776835.8127
9263.64,788398.9478
9265.255,808538.4585
9266.87,793299.2291
9268.485,784469.0226
9270.1,806954.1912
9271.715,796499.8932
9273.33,805483.9759
9274.945,800623.4537
9276.56,782360.5489
9278.175,792982.6494
9279.79,803883.9954
9281.405,795248.7853
9283.02,782655.7717
9284.635,798678.2061
9286.25,803995.5426
9287.865,798971.2866
9289.48,796563.4973
9291.095,813484.5165
9292.71,807522.707
9294.325,800899.4115
9295.94,784299.7251
9297.555,777194.8795
9299.17,805653.385
9300.785,814660.6527
9302.4,801256.6318
9304.015,807286.9788
9305.63,794268.7428
9307.245,821785.9645
9308.86,790824.494
9310.475,802388.7281
9312.09,804369.7108
9313.705,804428.4727
9315.32,806122.8982
9316.935,803223.811
9318.55,800732.0517
9320.165,822220.3191
9321.78,795018.5726
9323.395,791561.9819
9325.01,804707.4058
9326.625,833244.7173
9328.24,812808.4813
9329.855,788623.939
9331.47,803982.3658
9333.085,844072.5328
9334.7,811006.2984
9336.315,783833.0868
9337.93,796173.7665
9339.545,840452.7904
9341.16,834097.2353
9342.775,807139.7524
9344.39,799556.0698
9346.005,820823.5561
9347.62,807412.6847
9349.235,805249.8376
9350.85,794258.5729
9352.465,819746.3947
9354.08,822045.8186
9355.695,839636.8629
9357.31,799734.5479
9358.925,806231.4961
9360.54,818139.6621
9362.155,823625.2269
9363.77,808171.7954
9365.385,809980.4533
9367,801363.2437
9368.615,816583.4629
9370.23,807724.0446
9371.845,802499.5576
9373.46,794789.5499
9375.075,822978.8757
9376.69,800470.7844
9378.305,807094.701
9379.92,795888.2859
9381.535,817292.2765
9383.15,835759.1762
9384.765,796344.4233
9386.38,797207.2674
9387.995,814494.3081
9389.61,815841.7557
9391.225,818931.713
9392.84,795793.7927
9394.455,817492.3031
9396.07,836851.1118
9397.685,798458.9331
9399.3,799416.6033
9400.915,821282.5684
9402.53,787539.1571
9404.145,808009.5233
9405.76,797543.9917
9407.375,805118.1812
9408.99,817594.1583
9410.605,808700.2397
9412.22,801258.8633
9413.835,801114.1621
9415.45,803066.5355
9417.065,812948.4611
9418.68,800217.885
9420.295,803860.379
9421.91,806056.698
9423.525,808659.363
9425.14,805249.8376
9426.755,803866.7015
9428.37,809140.9354
9429.985,814384.3379
9431.6,796562.7461
9433.215,811891.2341
9434.83,826786.5427
9436.445,827194.54
9438.06,818971.1951
9439.675,806104.8921
9441.29,809898.3781
9442.905,834699.331
9444.52,834267.8698
9446.135,822979.3964
9447.75,815891.7331
9449.365,825934.629
9450.98,812729.1974
9452.595,800678.5913
9454.21,800555.766
9455.825,825440.4712
9457.44,825044.3788
9459.055,826694.1898
9460.67,802745.0187
9462.285,814660.238
9463.9,831889.322
9465.515,804841.0854
9467.13,826455.9847
9468.745,815405.8633
9470.36,817793.3667
9471.975,833119.1119
9473.59,812098.7194
9475.205,819922.9817
9476.82,809288.7309
9478.435,822716.2825
9480.05,827075.2143
9481.665,831185.9495
9483.28,834688.1178
9484.895,815768.5339
9486.51,831173.9591
9488.125,801164.212
9489.74,811743.0964
9491.355,802330.5241
9492.97,814355.6561
9494.585,804779.8577
9496.2,810761.3245
9497.815,825437.9813
9499.43,826757.8424
9501.045,794049.6688
9502.66,790029.016
9504.275,810746.3068
9505.89,815959.9229
9507.505,816012.6933
9509.12,796517.9308
9510.735,796022.992
9512.35,811955.7029
9513.965,790975.2685
9515.58,794226.769
9517.195,794423.8873
9518.81,815809.1317
9520.425,804930.8368
9522.04,813508.369
9523.655,824596.7507
9525.27,815256.9893
9526.885,817563.0517
9528.5,798033.1696
9530.115,787267.4428
9531.73,831554.2378
9533.345,824706.5128
9534.96,799127.7681
9536.575,789294.4569
9538.19,804536.3268
9539.805,806666.8176
9541.42,787069.8987
9543.035,783751.9229
9544.65,795212.3381
9546.265,824663.4176
9547.88,811745.3558
9549.495,794541.2047
9551.11,789074.8473
9552.725,793364.096
9554.34,804141.2869
9555.955,813988.0669
9557.57,789208.1327
9559.185,801008.0094
9560.8,820042.0973
9562.415,784050.7903
9564.03,795606.3831
9565.645,788869.8463
9567.26,823082.4956
9568.875,800148.1518
9570.49,781465.0399
9572.105,809802.0291
9573.72,811281.2595
9575.335,800346.5662
9576.95,782080.6266
9578.565,799567.2048
9580.18,799516.4613
9581.795,789222.838
9583.41,789061.7411
9585.025,781601.0049
9586.64,791497.9166
9588.255,818560.1705
9589.87,782686.6923
9591.485,789153.8244
9593.1,774088.8556
9594.715,788052.3344
9596.33,794889.6981
9597.945,777492.2891
9599.56,775674.0062
9601.175,791104.6098
9602.79,775094.8166
9604.405,784509.1146
9606.02,775730.1034
9607.635,790277.1771
9609.25,809859.3126
9610.865,796550.7947
9612.48,795505.6827
9614.095,794151.2767
9615.71,799366.0234
9617.325,808476.5057
9618.94,794034.4967
9620.555,798730.6139
9622.17,818703.2613
9623.785,801214.9778
9625.4,811145.6051
9627.015,805213.0185
9628.63,809055.7715
9630.245,787205.7223
9631.86,785212.3643
9633.475,808416.8939
9635.09,817507.8564
9636.705,807550.128
9638.32,811786.5151
9639.935,809060.5357
9641.55,816458.566
9643.165,813116.3992
9644.78,786620.0838
9646.395,807217.3199
9648.01,821703.2664
9649.625,808347.9659
9651.24,803028.6006
9652.855,817137.3292
9654.47,813952.5978
9656.085,814803.4367
9657.7,811718.0148
9659.315,807723.4812
9660.93,821035.0432
9662.545,828103.5605
9664.16,814164.6539
9665.775,810006.5763
9667.39,817308.992
9669.005,853058.2482
9670.62,803305.5105
9672.235,823122.5969
9673.85,808141.7451
9675.465,833584.4987
9677.08,843501.2537
9678.695,799909.1991
9680.31,811171.9512
9681.925,813201.4794
9683.54,810338.992
9685.155,817662.0618
9686.77,818867.5975
9688.385,826326.3924
9690,853250.236
9691.615,827757.8416
9693.23,808729.2302
9694.845,822387.043
9696.46,832164.2738
9698.075,819996.6907
9699.69,820092.5972
9701.305,821443.3473
9702.92,842540.0875
9704.535,824114.4085
9706.15,817904.3654
9707.765,828018.1364
9709.38,829734.6644
9710.995,811538.4209
9712.61,817079.1065
9714.225,824098.2007
9715.84,841466.7531
9717.455,824249.1295
9719.07,819953.7089
9720.685,816108.0587
9722.3,844356.2356
9723.915,831224.8216
9725.53,835309.2627
9727.145,811754.5531
9728.76,825518.5688
9730.375,840730.9704
9731.99,827323.8794
9733.605,821712.0696
9735.22,808413.3255
9736.835,829436.829
9738.45,817965.593
9740.065,815506.4112
9741.68,828755.3509
9743.295,827642.3466
9744.91,815896.2481
9746.525,818384.5319
9748.14,801679.4088
9749.755,821904.3697
9751.37,826868.8614
9752.985,823937.1205
9754.6,827512.295
9756.215,823825.724
9757.83,833915.278
9759.445,814805.9824
9761.06,806530.8564
9762.675,806215.1395
9764.29,817697.5309
9765.905,847638.8316
9767.52,809132.6567
9769.135,801911.3807
9770.75,824341.4489
9772.365,834223.3893
9773.98,797099.4133
9775.595,806663.2845
9777.21,804027.8467
9778.825,825498.3145
9780.44,823487.0155
9782.055,818490.5599
9783.67,805799.7077
9785.285,810731.5252
9786.9,823592.2347
9788.515,816707.0507
9790.13,816666.2893
9791.745,814552.2556
9793.36,0
9794.975,815452.923
9796.59,811553.779
9798.205,808497.3624
9799.82,818984.4723
9801.435,819893.9615
9803.05,812278.5568
9804.665,812438.6867
9806.28,830326.3131
9807.895,832437.2098
9809.51,797633.1052
9811.125,812204.9371
9812.74,819840.4733
9814.355,813119.7371
9815.97,807203.6095
9817.585,794121.2821
9819.2,809868.5156
9820.815,825880.0418
9822.43,793079.6158
9824.045,794484.3228
9825.66,806914.7501
9827.275,815493.5133
9828.89,800322.6337
9830.505,797387.8375
9832.12,805017.9513
9833.735,796219.7904
9835.35,798350.3351
9836.965,792112.1941
9838.58,797066.4471
9840.195,810794.0676
9841.81,829837.0775
9843.425,810963.6886
9845.04,797156.47
9846.655,797468.1442
9848.27,813374.4142
9849.885,792089.4034
9851.5,787212.3498
9853.115,805913.5124
9854.73,809113.6873
9856.345,812924.0767
9857.96,797387.4582
9859.575,797412.3762
9861.19,792568.0656
9862.805,800183.8552
9864.42,819358.1311
9866.035,814083.2687
9867.65,818655.8129
9869.265,811404.8417
9870.88,806409.2694
9872.495,796664.9341
9874.11,799743.7881
9875.725,824025.2615
9877.34,816812.6994
9878.955,821204.6122
9880.57,811452.119
9882.185,803710.313
9883.8,821671.5573
9885.415,818195.9955
9887.03,799113.682
9888.645,828982.1272
9890.26,812033.8339
9891.875,801565.1969
9893.49,826160.9963
9895.105,830750.561
9896.72,825283.1827
9898.335,812243.2476
9899.95,828771.0437
9901.565,809503.2155
9903.18,798198.0377
9904.795,812756.7336
9906.41,818343.5622
9908.025,823710.9709
9909.64,837197.2138
9911.255,824984.2371
9912.87,811893.3484
9914.485,794561.1224
9916.1,822788.1078
9917.715,817841.1666
9919.33,834230.1581
9920.945,806997.013
9922.56,823411.4749
9924.175,822210.6457
9925.79,800759.759
9927.405,802155.7075
9929.02,821207.4573
9930.635,827031.5445
9932.25,828139.1859
9933.865,812596.005
9935.48,840603.0573
9937.095,847318.0306
9938.71,808901.9455
9940.325,804460.2711
9941.94,814408.1903
9943.555,822940.0333
9945.17,811840.7602
9946.785,817215.7577
9948.4,817792.9372
9950.015,832608.5528
9951.63,819687.975
9953.245,825928.8347
9954.86,811349.2485
9956.475,824683.6217
9958.09,822071.6961
9959.705,810502.7666
9961.32,808438.2286
9962.935,823559.6069
9964.55,827684.9452
9966.165,805740.7598
9967.78,801531.4106
9969.395,829567.0722
9971.01,830431.4653
9972.625,815213.9332
9974.24,831323.3668
9975.855,823667.2491
9977.47,825795.7669
9979.085,807358.7446
9980.7,811472.2245
9982.315,812840.7222
9983.93,822432.3956
9985.545,831972.1651
9987.16,804788.2964
9988.775,823997.8368
9990.39,832026.9439
9992.005,812602.9132
9993.62,788320.2385
9995.235,795752.3525
9996.85,824303.8933
9998.465,835464.9799
10000.08,808350.4577
10001.695,804105.7193
10003.31,807000.3937
10004.925,818508.7687
10006.54,799334.597
10008.155,793880.4847
10009.77,0
10011.385,815731.3466
10013,821702.6974
10014.615,797933.1703
10016.23,822777.3931
10017.845,823755.9293
10019.46,808569.2565
10021.075,797421.488
10022.69,817174.0293
10024.305,824164.8619
10025.92,820769.4989
10027.535,0
10029.15,817148.5981
10030.765,825050.1248
10032.38,825929.8407
10033.995,798603.6064
10035.61,804698.8518
10037.225,845158.9566
10038.84,825454.2617
10040.455,820789.0149
10042.07,807656.1003
10043.685,813594.0126
10045.3,807638.2485
10046.915,799945.2744
10048.53,802491.0036
10050.145,839008.1682
10051.76,839777.5604
10053.375,813583.1193
10054.99,815308.0117
10056.605,823175.3301
10058.22,838042.6451
10059.835,797278.6743
10061.45,813829.4991
10063.065,824572.0931
10064.68,849000.9175
10066.295,814214.1589
10067.91,819310.9021
10069.525,805506.4561
10071.14,818429.6837
10072.755,801247.2466
10074.37,822595.4952
10075.985,817660.0181
10077.6,831299.8472
10079.215,825965.083
10080.83,814861.2
10082.445,838295.4849
10084.06,820708.4237
10085.675,805515.3819
10087.29,817528.5477
10088.905,815233.8248
10090.52,826888.6601
10092.135,840838.1644
10093.75,808849.004
10095.365,802742.6012
10096.98,826800.958
10098.595,821995.5399
10100.21,806085.1715
10101.825,815045.8816
10103.44,827004.1998
10105.055,830070.2321
10106.67,809241.4015
10108.285,809940.4487
10109.9,818951.8092
10111.515,820519.1249
10113.13,792702.2715
10114.745,800888.812
10116.36,805861.8596
10117.975,822719.732
10119.59,812508.0667
10121.205,795108.7721
10122.82,824022.9854
10124.435,816987.6407
10126.05,794194.6043
10127.665,790096.2965
10129.28,793314.7583
10130.895,815013.8266
10132.51,812901.3511
10134.125,797710.0461
10135.74,812986.396
10137.355,801988.3662
10138.97,795403.3143
10140.585,805587.3467
10142.2,798857.8074
10143.815,799633.0554
10145.43,834539.8705
10147.045,800546.6969
10148.66,792455.399
10150.275,819040.9953
10151.89,805483.9759
10153.505,794203.5729
10155.12,820552.3216
10156.735,796888.168
10158.35,822139.3281
10159.965,819267.3383
10161.58,798909.0623
10163.195,793826.9129
10164.81,801754.0624
10166.425,831957.417
10168.04,807546.1523
10169.655,807590.3204
10171.27,802866.6335
10172.885,817044.292
10174.5,820501.2992
10176.115,789418.9224
10177.73,792054.0719
10179.345,820227.0299
10180.96,818677.1996
10182.575,801864.5199
10184.19,802015.5157
10185.805,827998.942
10187.42,817249.3301
10189.035,809025.6021
10190.65,818745.9734
10192.265,805184.7533
10193.88,824324.1885
10195.495,827935.3937
10197.11,795741.0092
10198.725,821018.7312
10200.34,810227.8055
10201.955,815190.2517
10203.57,807999.0057
10205.185,824976.6687
10206.8,814544.0029
10208.415,821269.8602
10210.03,794205.7616
10211.645,814941.2091
10213.26,805156.6145
10214.875,812293.2696
10216.49,804652.8948
10218.105,823088.4332
10219.72,815342.5696
10221.335,807723.2934
10222.95,815123.7652
10224.565,824916.4341
10226.18,807851.3534
10227.795,813956.7706
10229.41,796291.995
10231.025,792691.778
10232.64,807948.794
10234.255,820666.1263
10235.87,822071.804
10237.485,806661.4249
10239.1,811832.3085
10240.715,827424.8308
10242.33,802388.4102
10243.945,806869.509
10245.56,803461.8767
10247.175,830905.3205
10248.79,0
10250.405,816025.9296
10252.02,820935.0847
10253.635,815729.8868
10255.25,816715.9654
10256.865,817480.5433
10258.48,0
10260.095,818245.3108
10261.71,821034.2845
10263.325,824246.991
10264.94,817922.1055
10266.555,815405.125
10268.17,836142.2406
10269.785,825146.8495
10271.4,819996.2481
10273.015,823203.402
10274.63,810470.163
10276.245,828978.7484
10277.86,817847.5634
10279.475,820000.1792
10281.09,831823.3432
10282.705,821211.0611
10284.32,824142.1679
10285.935,812052.6154
10287.55,819102.6395
10289.165,834983.6939
10290.78,843690.3926
10292.395,811893.5362
10294.01,813132.2556
10295.625,833504.0544
10297.24,839734.9841
10298.855,820573.3997
10300.47,821488.7446
10302.085,835425.907
10303.7,822953.6007
10305.315,820719.6145
10306.93,804588.9522
10308.545,807887.2428
10310.16,817123.9943
10311.775,814662.5494
10313.39,810055.3914
10315.005,827829.6669
10316.62,818208.8134
10318.235,814030.1189
10319.85,808325.6159
10321.465,807532.849
10323.08,815877.4145
10324.695,823167.9328
10326.31,831618.7848
10327.925,808709.3218
10329.54,805816.6296
10331.155,828334.3609
10332.77,801817.8284
10334.385,803599.2716
10336,797262.3102
10337.615,829895.17
10339.23,818999.3264
10340.845,800012.3486
10342.46,802690.7197
10344.075,811101.7084
10345.69,819039.8573
10347.305,792024.6147
10348.92,798975.5171
10350.535,817523.6645
10352.15,819112.7666
10353.765,826421.2296
10355.38,795919.346
10356.995,808950.1638
10358.61,814691.3799
10360.225,814741.454
10361.84,806663.2845
10363.455,803977.3245
10365.07,825302.9089
10366.685,839155.2663
10368.3,814230.8503
10369.915,833937.9404
10371.53,805239.2382
10373.145,803158.5834
10374.76,790701.0606
10376.375,811253.6507
10377.99,815137.8514
10379.605,823298.9979
10381.22,834084.7856
10382.835,825397.1771
10384.45,801942.5933
10386.065,798348.2896
10387.68,818133.4475
10389.295,835584.4879
10390.91,824715.487
10392.525,821680.5055
10394.14,813938.653
10395.755,817134.008
10397.37,797482.5037
10398.985,813624.3382
10400.6,819073.0503
10402.215,804646.8848
10403.83,807016.9214
10405.445,816690.5174
10407.06,835355.2309
10408.675,814960.9074
10410.29,811117.6727
10411.905,805637.9842
10413.52,812582.6292
10415.135,811315.174
10416.75,818140.6105
10418.365,812499.8809
10419.98,837992.2437
10421.595,830693.8669
10423.21,829094.7492
10424.825,809641.2595
10426.44,818680.6138
10428.055,828740.6028
10429.67,821011.7132
10431.285,833798.5036
10432.9,815525.3136
10434.515,832050.1994
10436.13,824335.7586
10437.745,815543.3977
10439.36,803876.3712
10440.975,805825.6113
10442.59,816990.4579
10444.205,820246.5664
10445.82,800316.6273
10447.435,816531.7915
10449.05,812679.9173
10450.665,817173.65
10452.28,804026.6231
10453.895,811228.6713
10455.51,820257.7571
10457.125,826410.6916
10458.74,842680.6847
10460.355,811239.4605
10461.97,799714.6898
10463.585,809821.5507
10465.2,816234.1922
10466.815,810747.4895
10468.43,804960.1192
10470.045,815230.2563
10471.66,835534.4045
10473.275,807882.7483
10474.89,811668.1583
10476.505,0
10478.12,820144.7112
10479.735,816114.8702
10481.35,813821.3431
10482.965,791147.4353
10484.58,792951.0277
10486.195,803362.0186
10487.81,806742.8994
10489.425,802751.5271
10491.04,792641.1516
10492.655,826749.9895
10494.27,808125.4052
10495.885,791361.5015
10497.5,799293.0322
10499.115,809787.0039
10500.73,794078.756
10502.345,784780.4439
10503.96,815830.1856
10505.575,829020.2425
10507.19,811504.1958
10508.805,795152.2187
10510.42,818329.147
10512.035,830040.1612
10513.65,804485.561
10515.265,790047.7937
10516.88,814016.4084
10518.495,816780.293
10520.11,817166.063
10521.725,811132.1382
10523.34,803031.3899
10524.955,796039.4676
10526.57,793913.8061
10528.185,790925.5626
10529.8,795298.5749
10531.415,779798.8611
10533.03,789980.0297
10534.645,776885.4163
10536.26,777905.2365
10537.875,757324.1152
10539.49,787719.1656
10541.105,797489.3617
10542.72,793718.6645
10544.335,763825.6806
10545.95,764057.3959
10547.565,773978.1304
10549.18,769358.9987
10550.795,768588.3401
10552.41,765333.418
10554.025,779941.539
10555.64,783990.8346
10557.255,770592.0168
10558.87,762753.8636
10560.485,757727.7779
10562.1,778692.791
10563.715,741250.7458
10565.33,749064.9721
10566.945,748005.4634
10568.56,763583.1167
10570.175,753894.5848
10571.79,763013.4498
10573.405,755296.2625
10575.02,774978.8344
10576.635,778166.9929
10578.25,764190.9268
10579.865,755567.6086
10581.48,774278.6528
10583.095,791449.583
10584.71,788616.5379
10586.325,781106.2166
10587.94,784686.0028
10589.555,791661.0255
10591.17,764142.7271
10592.785,782706.173
10594.4,804286.8435
10596.015,808758.9049
10597.63,800890.1137
10599.245,776403.6301
10600.86,791714.3723
10602.475,781748.4173
10604.09,795899.0713
10605.705,776072.3041
10607.32,781443.1752
10608.935,806236.5169
10610.55,801305.1661
10612.165,794432.2199
10613.78,789692.6431
10615.395,778473.8137
10617.01,802562.7824
10618.625,803439.9339
10620.24,790590.6031
10621.855,789066.0107
10623.47,808056.2893
10625.085,816265.8679
10626.7,800314.9537
10628.315,797004.762
10629.93,792824.1131
10631.545,802959.4252
10633.16,812047.3566
10634.775,780444.3345
10636.39,785384.0309
10638.005,809978.5751
10639.62,780311.302
10641.235,785277.2405
10642.85,799204.4282
10644.465,820406.6516
10646.08,807734.5623
10647.695,792624.9549
10649.31,798463.582
10650.925,801821.4582
10652.54,805611.1266
10654.155,789537.9096
10655.77,793094.3063
10657.385,805943.9347
10659,822078.2529
10660.615,800874.8096
10662.23,793434.0524
10663.845,808814.0444
10665.46,795594.601
10667.075,780461.3717
10668.69,787138.5274
10670.305,797701.0254
10671.92,803266.0656
10673.535,793689.9214
10675.15,813731.681
10676.765,791811.7999
10678.38,813235.8495
10679.995,806283.5636
10681.61,787252.8509
10683.225,803384.3147
10684.84,787638.6581
10686.455,786449.9309
10688.07,785077.5095
10689.685,790483.3645
10691.3,801131.6698
10692.915,786170.9271
10694.53,780423.3253
10696.145,768869.8617
10697.76,773905.5929
10699.375,785525.993
10700.99,809814.0492
10702.605,775863.4018
10704.22,763706.7882
10705.835,771307.8706
10707.45,797522.0843
10709.065,781763.7251
10710.68,772955.9411
10712.295,789856.6558
10713.91,780448.7584
10715.525,781700.9336
10717.14,772876.7241
10718.755,768179.3573
10720.37,768091.9266
10721.985,775330.9297
10723.6,781520.3765
10725.215,762409.5579
10726.83,761240.2165
10728.445,779338.72
10730.06,771181.659
10731.675,762496.4734
10733.29,777222.9011
10734.905,798977.5459
10736.52,787667.2692
10738.135,763557.5478
10739.75,766616.75
10741.365,769172.0912
10742.98,766041.0787
10744.595,754346.0212
10746.21,752301.386
10747.825,777467.492
10749.44,779224.3612
10751.055,753180.9642
10752.67,756115.4238
10754.285,765238.4655
10755.9,761873.4169
10757.515,773069.2995
10759.13,761616.0119
10760.745,783741.5354
10762.36,773519.8768
10763.975,759539.8405
10765.59,758061.6607
10767.205,764162.007
10768.82,776329.4394
10770.435,775185.5424
10772.05,772206.169
10773.665,761244.6776
10775.28,787134.4215
10776.895,781640.7156
10778.51,761988.9175
10780.125,762180.9629
10781.74,770251.7017
10783.355,774171.2878
10784.97,774323.9293
10786.585,777677.9916
10788.2,771364.2653
10789.815,808279.9768
10791.43,777530.1943
10793.045,759173.1663
10794.66,768291.9086
10796.275,781306.9908
10797.89,787325.7584
10799.505,771572.2396
10801.12,771230.2454
10802.735,774121.6582
10804.35,776096.2681
10805.965,755096.6394
10807.58,768842.5485
10809.195,780003.6202
10810.81,796468.4667
10812.425,768277.8392
10814.04,772041.0387
10815.655,767715.0341
10817.27,780463.0081
10818.885,763454.0246
10820.5,773495.0555
10822.115,768377.0464
10823.73,801211.2587
10825.345,788425.7366
10826.96,780054.8881
10828.575,768061.893
10830.19,767740.9191
10831.805,780858.1931
10833.42,782995.8246
10835.035,774838.5831
10836.65,786092.2011
10838.265,791695.8196
10839.88,782414.9966
10841.495,768329.4493
10843.11,804904.1912
10844.725,788022.5555
10846.34,788378.1729
10847.955,801453.0918
10849.57,789018.3689
10851.185,795705.0585
10852.8,784514.3994
10854.415,770648.8912
10856.03,769147.7962
10857.645,784655.2681
10859.26,790020.7316
10860.875,795551.7067
10862.49,778701.8098
10864.105,805615.4259
10865.72,805799.8937
10867.335,777593.3949
10868.95,760787.14
10870.565,771996.4113
10872.18,781222.2137
10873.795,785293.824
10875.41,772224.3015
10877.025,788068.7636
10878.64,790727.9274
10880.255,784485.0594
10881.87,771625.09
10883.485,778431.2448
10885.1,801134.5967
10886.715,797365.5154
10888.33,792038.2378
10889.945,781188.0407
10891.56,787628.0884
10893.175,790148.6782
10894.79,796590.3753
10896.405,771269.3871
10898.02,786634.1717
10899.635,792620.9978
10901.25,792584.266
10902.865,783413.3483
10904.48,805193.6196
10906.095,803231.292
10907.71,797275.885
10909.325,806958.511
10910.94,786026.9605
10912.555,800028.7684
10914.17,806728.8133
10915.785,808563.3896
10917.4,796646.6119
10919.015,811339.6699
10920.63,812893.0873
10922.245,796873.2916
10923.86,805184.7049
10925.475,812009.418
10927.09,807517.4482
10928.705,798843.6748
10930.32,808045.2082
10931.935,805503.133
10933.55,822703.2303
10935.165,812630.7563
10936.78,817954.9192
10938.395,812731.9421
10940.01,815831.4519
10941.625,802391.7908
10943.24,807642.533
10944.855,816763.9531
10946.47,824820.6671
10948.085,815991.4702
10949.7,812253.953
10951.315,812150.6902
10952.93,815179.7917
10954.545,813068.525
10956.16,796853.0224
10957.775,798975.3312
10959.39,822651.0698
10961.005,805909.5646
10962.62,835132.8673
10964.235,816007.998
10965.85,808922.1161
10967.465,830089.4078
10969.08,795725.309
10970.695,787360.3628
10972.31,798103.2004
10973.925,836889.5134
10975.54,809674.5027
10977.155,810662.9727
10978.77,801934.0858
10980.385,822526.6434
10982,796197.5297
10983.615,809011.5774
10985.23,815207.1551
10986.845,822005.9869
10988.46,821360.7143
10990.075,815678.6357
10991.69,810157.3749
10993.305,831512.4834
10994.92,823236.2975
10996.535,792320.546
10998.15,801919.0049
10999.765,825227.8684
11001.38,836628.0453
11002.995,816362.5926
11004.61,816441.3168
11006.225,838627.1549
11007.84,827903.8668
11009.455,804898.1068
11011.07,830298.8531
11012.685,828700.1891
11014.3,824018.5894
11015.915,819056.4222
11017.53,807629.6946
11019.145,808103.4308
11020.76,832195.2837
11022.375,805174.0813
11023.99,803790.4487
11025.605,808167.1001
11027.22,811217.4917
11028.835,825146.8495
11030.45,815807.235
11032.065,824405.7485
11033.68,796973.2946
11035.295,818203.0134
11036.91,836182.4664
11038.525,809076.6357
11040.14,815866.2237
11041.755,807374.8967
11043.37,830247.7841
11044.985,857553.9148
11046.6,823930.0449
11048.215,827285.9017
11049.83,831756.8474
11051.445,829896.401
11053.06,828426.8031
11054.675,835147.2305
11056.29,842207.2795
11057.905,849307.3162
11059.52,836339.1153
11061.135,812510.6923
11062.75,836983.3093
11064.365,847652.8266
11065.98,844927.5315
11067.595,825718.9617
11069.21,826211.829
11070.825,841157.3233
11072.44,844172.3072
11074.055,825379.1803
11075.67,845078.0865
11077.285,834812.853
11078.9,829561.4433
11080.515,838334.8237
11082.13,818729.5498
11083.745,837027.5965
11085.36,844821.4997
11086.975,824476.0973
11088.59,822570.7167
11090.205,838745.2459
11091.82,857284.7054
11093.435,822885.4964
11095.05,814418.8177
11096.665,32.6482
11098.28,840579.6492
11099.895,822210.456
11101.51,821786.9129
11103.125,836742.1475
11104.74,826065.4468
11106.355,817506.1977
11107.97,819983.8672
11109.585,837940.801
11111.2,820234.0478
11112.815,816164.286
11114.43,808813.3713
11116.045,820433.0164
11117.66,821750.5679
11119.275,804093.582
11120.89,800480.0226
11122.505,826695.3093
11124.12,834482.5367
11125.735,810877.0818
11127.35,817568.9279
11128.965,809165.5243
11130.58,796919.4085
11132.195,805378.6117
11133.81,804367.2934
11135.425,821767.4229
11137.04,819446.709
11138.655,803132.7356
11140.27,805154.3607
11141.885,820588.5495
11143.5,809539.0621
11145.115,808086.7153
11146.73,802077.013
11148.345,826845.948
11149.96,816678.2202
11151.575,799701.115
11153.19,812691.374
11154.805,799462.7202
11156.42,818385.4803
11158.035,817321.5347
11159.65,796623.3285
11161.265,820775.3788
11162.88,808601.1404
11164.495,825514.7864
11166.11,797116.5212
11167.725,793539.8331
11169.34,815429.9724
11170.955,784173.1118
11172.57,777355.6119
11174.185,799401.169
11175.8,818821.7316
11177.415,802904.3824
11179.03,785479.1583
11180.645,774768.2213
11182.26,797164.8696
11183.875,773733.666
11185.49,787729.9585
11187.105,773842.8218
11188.72,817071.2183
11190.335,808185.1433
11191.95,779545.071
11193.565,791675.569
11195.18,790245.3285
11196.795,783498.6144
11198.41,785444.4776
11200.025,778332.3983
11201.64,784069.5607
11203.255,798125.9186
11204.87,790272.6194
11206.485,771527.6866
11208.1,777308.2193
11209.715,773566.1239
11211.33,755880.2926
11212.945,754528.1552
11214.56,773109.9512
11216.175,788279.001
11217.79,766765.3804
11219.405,768155.793
11221.02,774460.2513
11222.635,789414.1861
11224.25,784926.8001
11225.865,778488.5748
11227.48,770653.581
11229.095,775988.944
11230.71,787345.6352
11232.325,749241.6353
11233.94,758955.7249
11235.555,758755.2185
11237.17,739353.8335
11238.785,741082.3037
11240.4,740071.1322
11242.015,750331.6759
11243.63,747274.1083
11245.245,746481.4438
11246.86,745857.8944
11248.475,731250.798
11250.09,752001.9513
11251.705,740667.4409
11253.32,742829.8472
11254.935,755350.6526
11256.55,758664.2994
11258.165,757423.3968
11259.78,742049.3758
11261.395,749753.6188
11263.01,763741.7329
11264.625,760690.5027
11266.24,765632.4994
11267.855,768105.1759
11269.47,769560.7231
11271.085,767096.2936
11272.7,762408.9684
11274.315,765867.6455
11275.93,805339.734
11277.545,783307.3686
11279.16,771669.2823
11280.775,783145.6228
11282.39,772174.2144
11284.005,793460.7463
11285.62,802000.8252
11287.235,766673.9294
11288.85,773511.4697
11290.465,801514.18
11292.08,781327.9982
11293.695,765704.5738
11295.31,794510.8289
11296.925,793547.8236
11298.54,787173.1374
11300.155,783320.9341
11301.77,791453.7336
11303.385,801875.4913
11305,803203.3987
11306.615,793812.6519
11308.23,800651.1611
11309.845,822363.9027
11311.46,812913.7469
11313.075,789197.6392
11314.69,807533.7881
11316.305,817679.1752
11317.92,819127.4869
11319.535,814399.4709
11321.15,805039.418
11322.765,791045.264
11324.38,805806.642
11325.995,836504.9112
11327.61,830547.9329
11329.225,796214.0797
11330.84,816740.8128
11332.455,822545.2315
11334.07,800677.855
11335.685,784831.1261
11337.3,795946.8618
11338.915,805335.1912
11340.53,797745.2363
11342.145,791275.7129
11343.76,793879.1961
11345.375,805741.6896
11346.99,795236.7187
11348.605,793432.1872
11350.22,797205.7798
11351.835,807565.54
11353.45,812360.4441
11355.065,818975.8142
11356.68,803519.8073
11358.295,810953.6545
11359.91,802741.1266
11361.525,787131.3476
11363.14,792945.462
11364.755,805835.783
11366.37,821110.5336
11367.985,802639.3309
11369.6,796228.627
11371.215,802634.3752
11372.83,825673.9122
11374.445,800078.4185
11376.06,805634.6035
11377.675,793078.5633
11379.29,807809.6883
11380.905,806225.9174
11382.52,809600.5037
11384.135,795025.1926
11385.75,796923.4047
11387.365,797815.8994
11388.98,795055.3843
11390.595,795952.6674
11392.21,806418.3813
11393.825,797418.6987
11395.44,800987.7403
11397.055,807974.0263
11398.67,810057.0818
11400.285,791681.276
11401.9,799133.0213
11403.515,61.9845
11405.13,807782.4551
11406.745,807690.8014
11408.36,793128.1502
11409.975,793497.0131
11411.59,809545.4069
11413.205,797124.8892
11414.82,796581.8995
11416.435,781472.1471
11418.05,807835.1753
11419.665,811158.6164
11421.28,819469.3975
11422.895,795197.5063
11424.51,806035.964
11426.125,806241.997
11427.74,813656.5159
11429.355,794802.6207
11430.97,804136.1509
11432.585,809533.3198
11434.2,820181.058
11435.815,806948.9324
11437.43,794355.8276
11439.045,792591.111
11440.66,801964.378
11442.275,802414.3286
11443.89,779468.4593
11445.505,797904.2282
11447.12,810505.7716
11448.735,791275.1048
11450.35,787521.2626
11451.965,817426.2964
11453.58,815844.9746
11455.195,798426.9153
11456.81,775935.2624
11458.425,805697.3337
11460.04,799623.9064
11461.655,793165.4566
11463.27,789954.4571
11464.885,787087.7169
11466.5,818708.3063
11468.115,804921.0946
11469.73,798346.0582
11471.345,790455.3019
11472.96,811989.6974
11474.575,800486.0327
11476.19,782254.1229
11477.805,786850.6015
11479.42,814485.9457
11481.035,818169.441
11482.65,796505.6578
11484.265,802473.7098
11485.88,811406.1564
11487.495,828115.2441
11489.11,801886.8346
11490.725,787751.7506
11492.34,830109.1135
11493.955,830635.449
11495.57,818882.4274
11497.185,828170.1698
11498.8,831627.5954
11500.415,824640.242
11502.03,810251.0946
11503.645,808385.7892
11505.26,825074.3511
11506.875,832937.9021
11508.49,825028.2602
11510.105,819591.241
11511.72,840474.4077
11513.335,843438.4008
11514.95,812820.2411
11516.565,823724.8246
11518.18,858316.1775
11519.795,851364.4848
11521.41,835447.7642
11523.025,814007.6034
11524.64,843281.4581
11526.255,832742.7679
11527.87,824474.7566
11529.485,827536.2256
11531.1,824507.8752
11532.715,866200.4551
11534.33,849605.2279
11535.945,820304.6067
11537.56,838477.855
11539.175,846478.4291
11540.79,828062.6429
11542.405,819322.6619
11544.02,846483.1598
11545.635,848849.7916
11547.25,840460.913
11548.865,819711.8796
11550.48,825078.6634
11552.095,836914.1265
11553.71,822056.4403
11555.325,829620.4283
11556.94,836239.7109
11558.555,833434.5368
11560.17,843842.5246
11561.785,836504.08
11563.4,823407.1458
11565.015,822561.7555
11566.63,849724.9162
11568.245,851247.305
11569.86,856793.4429
11571.475,820000.0639
11573.09,844855.4979
11574.705,841867.0778
11576.32,834054.7501
11577.935,819340.6866
11579.55,836622.0501
11581.165,851006.3348
11582.78,839472.3686
11584.395,835840.0742
11586.01,838405.5258
11587.625,842183.0681
11589.24,838790.3493
11590.855,833389.8629
11592.47,823985.9617
11594.085,853413.6387
11595.7,833078.3058
11597.315,832795.9512
11598.93,848434.5756
11600.545,858342.2485
11602.16,828540.0666
11603.775,828746.6761
11605.39,826367.1129
11607.005,832203.78
11608.62,850101.9501
11610.235,842149.2893
11611.85,838490.4256
11613.465,846183.2193
11615.08,834347.3546
11616.695,826274.602
11618.31,829639.9611
11619.925,840937.353
11621.54,847285.8027
11623.155,838237.1972
11624.77,821854.2473
11626.385,820916.6863
11628,838660.612
11629.615,825899.3868
11631.23,819439.8808
11632.845,823728.2313
11634.46,831970.8244
11636.075,839242.5333
11637.69,818024.5297
11639.305,826614.0003
11640.92,849160.3371
11642.535,826315.2072
11644.15,820944.4011
11645.765,809135.2452
11647.38,831076.5519
11648.995,827656.7116
11650.61,819028.2946
11652.225,821742.1404
11653.84,823239.7451
11655.455,811082.5513
11657.07,813511.0356
11658.685,811894.4399
11660.3,807193.6553
11661.915,809483.6828
11663.53,809503.4033
11665.145,806339.0973
11666.76,790042.8231
11668.375,796876.092
11669.99,813987.3082
11671.605,796183.955
11673.22,800047.3639
11674.835,794815.3234
11676.45,807337.7093
11678.065,798469.9937
11679.68,782743.6096
11681.295,773806.925
11682.91,793583.5382
11684.525,788368.4716
11686.14,771284.3584
11687.755,777510.4495
11689.37,779109.822
11690.985,768417.6777
11692.6,771447.114
11694.215,772464.0221
11695.83,796038.0878
11697.445,783363.6424
11699.06,765504.6346
11700.675,778622.8048
11702.29,772826.8732
11703.905,751693.8605
11705.52,748530.2072
11707.135,774677.966
11708.75,758799.1728
11710.365,760241.2345
11711.98,757603.2863
11713.595,766858.6873
11715.21,772729.717
11716.825,767307.7732
11718.44,780295.6185
11720.055,762352.1033
11721.67,761535.6624
11723.285,758778.184
11724.9,756358.1514
11726.515,766981.2802
11728.13,778865.4115
11729.745,770992.6892
11731.36,754796.6748
11732.975,762456.454
11734.59,775360.1247
11736.205,763829.7865
11737.82,752192.9182
11739.435,742615.5653
11741.05,755775.7615
11742.665,765049.3526
11744.28,730795.8991
11745.895,745969.8917
11747.51,742259.8419
11749.125,753730.799
11750.74,746887.7563
11752.355,744732.0202
11753.97,737504.5519
11755.585,742665.3827
11757.2,765420.7315
11758.815,745980.5767
11760.43,737612.4655
11762.045,757822.2897
11763.66,758057.5976
11765.275,769282.2363
11766.89,743809.025
11768.505,755993.7346
11770.12,766320.6365
11771.735,751107.5339
11773.35,763773.0181
11774.965,748267.1361
11776.58,762235.2712
11778.195,766163.5321
11779.81,763225.5059
11781.425,744068.0813
11783.04,755319.3637
11784.655,778771.2233
11786.27,779137.9608
11787.885,767649.8754
11789.5,750799.9599
11791.115,783541.2577
11792.73,781172.1862
11794.345,743238.5456
11795.96,736195.4074
11797.575,758982.7535
11799.19,778832.8191
11800.805,783815.7818
11802.42,766312.2778
11804.035,784218.8122
11805.65,769939.65
11807.265,760554.1751
11808.88,791863.0957
11810.495,778951.4512
11812.11,813987.4849
11813.725,802873.1419
11815.34,783290.1361
11816.955,779418.3443
11818.57,804828.2768
11820.185,793896.8897
11821.8,795774.2953
11823.415,790496.2512
11825.03,801364.114
11826.645,815035.4495
11828.26,796560.92
11829.875,785663.9198
11831.49,815296.1794
11833.105,801908.2194
11834.72,799629.7082
11836.335,815472.9132
11837.95,822266.5606
11839.565,815957.6468
11841.18,809116.3168
11842.795,800396.9601
11844.41,796835.5426
11846.025,822719.5386
11847.64,821259.8577
11849.255,827905.7059
11850.87,816361.09
11852.485,810151.5527
11854.1,820645.4165
11855.715,804908.4236
11857.33,803977.7001
11858.945,833782.0651
11860.56,838911.211
11862.175,826621.2804
11863.79,813851.3116
11865.405,839768.9507
11867.02,830512.9398
11868.635,801895.0203
11870.25,825401.2067
11871.865,824506.3597
11873.48,835240.2566
11875.095,826426.3509
11876.71,816159.0811
11878.325,799449.5174
11879.94,811691.4882
11881.555,827352.5556
11883.17,821809.8635
11884.785,821791.7477
11886.4,819256.4655
11888.015,824270.9644
11889.63,826559.6046
11891.245,807974.4019
11892.86,805413.9209
11894.475,829267.1298
11896.09,832107.9628
11897.705,817801.4725
11899.32,820033.3722
11900.935,826636.4098
11902.55,834439.2166
11904.165,821475.7165
11905.78,803760.2104
11907.395,807709.2723
11909.01,830936.9999
11910.625,819845.1872
11912.24,800522.8519
11913.855,812943.7192
11915.47,827753.4363
11917.085,801182.2496
11918.7,784859.421
11920.315,806740.9841
11921.93,818896.4633
11923.545,829418.7188
11925.16,813424.2279
11926.775,822622.0478
11928.39,825181.3257
11930.005,809766.7199
11931.62,785541.4961
11933.235,815227.5897
11934.85,818072.5174
11936.465,802143.6873
11938.08,810700.439
11939.695,811928.771
11941.31,811588.9004
11942.925,824997.453
11944.54,792755.1237
11946.155,796185.0707
11947.77,813582.7326
11949.385,833872.949
11951,809839.4042
11952.615,811750.2334
11954.23,805707.2879
11955.845,824841.6205
11957.46,787911.7298
11959.075,788550.1742
11960.69,800455.536
11962.305,814207.141
11963.92,825982.5126
11965.535,795393.3843
11967.15,804644.7388
11968.765,837238.9757
11970.38,799317.1172
11971.995,788848.5731
11973.61,804193.1239
11975.225,825212.1626
11976.84,815867.3618
11978.455,817593.0203
11980.07,819188.9414
11981.685,806361.2929
11983.3,805637.5546
11984.915,815072.7335
11986.53,815033.8019
11988.145,806759.9813
11989.76,810508.4884
11991.375,807839.0097
11992.99,802195.7065
11994.605,785102.316
11996.22,813248.0575
11997.835,807047.7231
11999.45,796595.3459
12001.065,790843.0877
12002.68,811971.2916
12004.295,809023.9062
12005.91,797009.5968
12007.525,810760.4487
12009.14,832960.7225
12010.755,814203.4721
12012.37,809597.8742
12013.985,827790.7855
12015.6,810007.4986
12017.215,823658.0517
12018.83,785758.5451
12020.445,794326.8186
12022.06,829499.8437
12023.675,834293.6693
12025.29,805289.2602
12026.905,820937.7402
12028.52,817985.4568
12030.135,832808.9086
12031.75,824367.4975
12033.365,801647.086
12034.98,831537.9258
12036.595,838735.2619
12038.21,849904.0284
12039.825,807870.8787
12041.44,828239.4047
12043.055,819404.9806
12044.67,809882.373
12046.285,805194.9287
12047.9,802842.5467
12049.515,812898.3461
12051.13,832510.5022
12052.745,829435.7375
12054.36,810235.1582
12055.975,800834.699
12057.59,841353.6327
12059.205,828534.7037
12060.82,825683.911
12062.435,829356.1932
12064.05,849498.4226
12065.665,832300.4545
12067.28,810334.86
12068.895,810455.9486
12070.51,821264.0714
12072.125,843338.2266
12073.74,828609.4019
12075.355,824290.2368
12076.97,838710.3141
12078.585,828835.029
12080.2,819684.7505
12081.815,829932.136
12083.43,814373.6752
12085.045,832790.9229
12086.66,829893.2546
12088.275,816962.7319
12089.89,802404.3484
12091.505,815455.0094
12093.12,820861.2753
12094.735,796147.3217
12096.35,785637.3393
12097.965,811896.729
12099.58,810220.1832
12101.195,814765.0387
12102.81,800025.6072
12104.425,796730.2919
12106.04,821105.6021
12107.655,784826.0997
12109.27,791339.9623
12110.885,807494.1592
12112.5,820594.2508
12114.115,819411.2399
12115.73,795276.1152
12117.345,812195.167
12118.96,817378.8592
12120.575,821181.1372
12122.19,793508.6149
12123.805,786640.7323
12125.42,787192.0993
12127.035,811582.1762
12128.65,817744.9495
12130.265,792381.5765
12131.88,801017.6791
12133.495,806967.1505
12135.11,801626.0693
12136.725,805993.6592
12138.34,787305.6864
12139.955,804476.4492
12141.57,823610.2537
12143.185,808341.2045
12144.8,783657.0912
12146.415,803476.7531
12148.03,828296.6269
12149.645,827605.189
12151.26,807048.4743
12152.875,803858.8133
12154.49,806001.5939
12156.105,833585.5772
12157.72,794601.9786
12159.335,782219.1187
12160.95,810012.1103
12162.565,816280.6625
12164.18,804182.0818
12165.795,801607.3436
12167.41,802758.4074
12169.025,828778.5042
12170.64,788410.6295
12172.255,784888.7127
12173.87,814101.3007
12175.485,822502.1754
12177.1,809747.5404
12178.715,803519.6195
12180.33,799268.0249
12181.945,819268.0357
12183.56,809190.6915
12185.175,791643.1682
12186.79,799988.3231
12188.405,823532.7922
12190.02,820918.3525
12191.635,814865.1441
12193.25,810132.3955
12194.865,803460.9432
12196.48,818929.0874
12198.095,816189.2394
12199.71,802808.0575
12201.325,823927.0101
12202.94,829598.4168
12204.555,828683.8231
12206.17,824609.0219
12207.785,800579.3767
12209.4,817369.7734
12211.015,815729.8478
12212.63,821858.5931
12214.245,818839.1203
12215.86,829722.2147
12217.475,837387.5019
12219.09,843320.2894
12220.705,814971.3395
12222.32,815954.7478
12223.935,827483.6225
12225.55,822234.9575
12227.165,813635.4621
12228.78,829170.5948
12230.395,840465.4261
12232.01,835588.5547
12233.625,812904.1684
12235.24,825866.6345
12236.855,831964.3587
12238.47,822503.1051
12240.085,823869.3175
12241.7,826019.633
12243.315,832218.8647
12244.93,855742.2724
12246.545,844666.1024
12248.16,823439.5151
12249.775,836219.2112
12251.39,831258.4721
12253.005,816021.0186
12254.62,818285.5218
12256.235,850857.9015
12257.85,845645.8827
12259.465,823816.2625
12261.08,826387.224
12262.695,828180.9998
12264.31,845754.0529
12265.925,822991.1339
12267.54,825597.9122
12269.155,825591.4
12270.77,830819.0818
12272.385,840230.001
12274,826335.5098
12275.615,810300.7949
12277.23,807681.7863
12278.845,834605.1483
12280.46,841045.5232
12282.075,855952.8111
12283.69,821084.3586
12285.305,849064.3506
12286.92,843612.9069
12288.535,823367.4983
12290.15,817432.7453
12291.765,803532.5397
12293.38,819648.7124
12294.995,819425.0861
12296.61,782323.3727
12298.225,780815.9143
12299.84,801588.5621
12301.455,803385.263
12303.07,802507.297
12304.685,788780.8462
12306.3,811071.658
12307.915,815231.5729
12309.53,799803.1376
12311.145,777814.3006
12312.76,793110.0437
12314.375,820834.3676
12315.99,808797.7826
12317.605,796757.7184
12319.22,797255.8817
12320.835,828841.2455
12322.45,806177.2715
12324.065,782896.5913
12325.68,801457.5993
12327.295,824158.982
12328.91,818305.7259
12330.525,804086.1289
12332.14,833828.5131
12333.755,818608.3478
12335.37,820474.9512
12336.985,804516.861
12338.6,799997.9017
12340.215,843232.3585
12341.83,826920.2632
12343.445,823006.3302
12345.06,815113.8111
12346.675,800862.1349
12348.29,812703.0186
12349.905,778783.2509
12351.52,782019.9493
12353.135,816926.4
12354.75,815220.3821
12356.365,803208.4195
12357.98,798809.8309
12359.595,800340.9596
12361.21,808558.882
12362.825,802714.0813
12364.44,787106.1637
12366.055,799955.316
12367.67,797665.2755
12369.285,809371.3694
12370.9,783431.7579
12372.515,778426.9157
12374.13,795299.1793
12375.745,801318.7409
12377.36,808816.9397
12378.975,779386.9996
12380.59,796671.7457
12382.205,787133.3727
12383.82,787112.5699
12385.435,776191.507
12387.05,764411.2169
12388.665,775591.2115
12390.28,786907.6712
12391.895,787660.9913
12393.51,766556.6362
12395.125,776649.2827
12396.74,789136.458
12398.355,761699.3627
12399.97,753906.8504
12401.585,764723.979
12403.2,796739.0318
12404.815,781519.164
12406.43,758825.7719
12408.045,789127.1305
12409.66,764780.7475
12411.275,776885.8179
12412.89,769978.6318
12414.505,769833.2277
12416.12,789726.9035
12417.735,781637.2531
12419.35,767002.9291
12420.965,774969.4101
12422.58,765898.0864
12424.195,773944.7346
12425.81,765961.9956
12427.425,766168.1829
12429.04,770244.0868
12430.655,799919.9324
12432.27,771374.279
12433.885,762165.2925
12435.5,767472.7863
12437.115,789019.9867
12438.73,802776.2592
12440.345,783959.0083
12441.96,778811.2985
12443.575,792690.0653
12445.19,802520.1986
12446.805,774821.7262
12448.42,769360.4603
12450.035,790202.8024
12451.65,789959.4277
12453.265,793247.3792
12454.88,788472.2068
12456.495,781289.7286
12458.11,804247.9658
12459.725,766414.7151
12461.34,766396.3278
12462.955,774869.1802
12464.57,806226.2075
12466.185,781890.5076
12467.8,767038.6326
12469.415,776576.6113
12471.03,792905.5132
12472.645,777544.7732
12474.26,756408.1139
12475.875,782654.946
12477.49,794134.537
12479.105,783416.4259
12480.72,775553.4774
12482.335,777155.801
12483.95,796372.8856
12485.565,778284.2377
12487.18,772107.0566
12488.795,767001.4936
12490.41,771483.1744
12492.025,796051.1586
12493.64,788352.842
12495.255,773004.6112
12496.87,772459.6931
12498.485,789646.2807
12500.1,764168.9691
12501.715,778786.3489
12503.33,780754.6829
12504.945,780366.7018
12506.56,783488.5914
12508.175,770827.1239
12509.79,763444.0109
12511.405,760442.4233
12513.02,780966.4414
12514.635,784778.642
12516.25,759701.22
12517.865,771293.2322
12519.48,762109.9522
12521.095,777280.0805
12522.71,769619.842
12524.325,766154.4445
12525.94,756259.2231
12527.555,779529.0175
12529.17,774179.4047
12530.785,754241.3841
12532.4,770683.0605
12534.015,793389.8694
12535.63,767760.3384
12537.245,781766.427
12538.86,772336.135
12540.475,799080.21
12542.09,793869.9913
12543.705,781317.9752
12545.32,771425.413
12546.935,798457.8174
12548.55,787055.6842
12550.165,804521.9878
12551.78,786966.13
12553.395,804743.2952
12555.01,806996.5165
12556.625,795096.4879
12558.24,788001.0163
12559.855,790794.3023
12561.47,824452.3713
12563.085,813329.1378
12564.7,815861.6901
12566.315,808819.2512
12567.93,827210.4373
12569.545,819507.5945
12571.16,794037.658
12572.775,795421.5379
12574.39,830854.9471
12576.005,825947.3038
12577.62,824908.0066
12579.235,794932.1033
12580.85,814380.2059
12582.465,834507.8713
12584.08,808153.7652
12585.695,801008.1954
12587.31,818101.7272
12588.925,824528.9607
12590.54,821527.2392
12592.155,820516.8525
12593.77,822023.8163
12595.385,856711.1409
12597,821118.8886
12598.615,803338.3781
12600.23,806137.4399
12601.845,851395.9968
12603.46,816026.4987
12605.075,799953.6424
12606.69,823176.7304
12608.305,846350.5513
12609.92,823611.7042
12611.535,809806.3488
12613.15,814499.0928
12614.765,825142.2546
12616.38,821468.0701
12617.995,808686.9718
12619.61,818049.1874
12621.225,824612.4696
12622.84,828285.4323
12624.455,811635.5343
12626.07,835782.5285
12627.685,816418.1765
12629.3,831157.5206
12630.915,824841.7358
12632.53,815357.1374
12634.145,810088.1698
12635.76,819797.1643
12637.375,832978.7081
12638.99,836226.8707
12640.605,834268.0632
12642.22,817936.3311
12643.835,858448.0962
12645.45,841814.2349
12647.065,825606.1575
12648.68,822020.6309
12650.295,848365.5861
12651.91,832266.8263
12653.525,826207.7529
12655.14,830277.4719
12656.755,839386.4572
12658.37,847332.1242
12659.985,823291.0427
12661.6,833440.9188
12663.215,839127.7468
12664.83,853150.2422
12666.445,862530.8563
12668.06,837492.5593
12669.675,842411.994
12671.29,838574.7899
12672.905,857028.2952
12674.52,860528.7491
12676.135,833282.7229
12677.75,842981.0249
12679.365,841997.9681
12680.98,823269.0498
12682.595,837740.4229
12684.21,832494.4506
12685.825,828139.952
12687.44,859996.8962
12689.055,851877.346
12690.67,829269.4283
12692.285,829560.6697
12693.9,837066.5876
12695.515,828157.7926
12697.13,853068.301
12698.745,61.4657
12700.36,836239.7109
12701.975,855796.5919
12703.59,833269.176
12705.205,815851.9981
12706.82,831755.3002
12708.435,845000.0838
12710.05,844424.3213
12711.665,829269.0322
12713.28,835792.2372
12714.895,864279.774
12716.51,842604.0339
12718.125,851660.1576
12719.74,844331.4385
12721.355,858104.9248
12722.97,862570.2193
12724.585,864305.0045
12726.2,836322.0966
12727.815,834007.7555
12729.43,849007.5822
12731.045,858501.8187
12732.66,837325.616
12734.275,837633.0839
12735.89,853893.809
12737.505,843884.6993
12739.12,834480.6028
12740.735,836633.0735
12742.35,832678.3511
12743.965,849953.9705
12745.58,857795.0636
12747.195,824038.059
12748.81,855177.1912
12750.425,845806.576
12752.04,845028.8623
12753.655,848851.5489
12755.27,847753.0547
12756.885,856370.6268
12758.5,842571.6553
12760.115,858474.7082
12761.73,841482.6113
12763.345,834329.369
12764.96,841002.8018
12766.575,843920.6258
12768.19,845570.7102
12769.805,835475.1312
12771.42,833031.1568
12773.035,828197.9868
12774.65,825744.0527
12776.265,826979.2557
12777.88,821303.719
12779.495,855647.3627
12781.11,853586.3132
12782.725,831666.1458
12784.34,852242.2017
12785.955,841400.4934
12787.57,813431.1826
12789.185,805668.5087
12790.8,805803.0735
12792.415,830993.5229
12794.03,832740.834
12795.645,820409.4967
12797.26,822679.3313
12798.875,835571.9917
12800.49,838087.2
12802.105,805790.1143
12803.72,818486.5768
12805.335,837786.8597
12806.95,833591.2024
12808.565,835152.6455
12810.18,819008.3713
12811.795,829542.1337
12813.41,838260.2872
12815.025,806164.9929
12816.64,818878.5149
12818.255,832839.2397
12819.87,833021.3886
12821.485,820401.7201
12823.1,807129.2347
12824.715,803382.2877
12826.33,832016.601
12827.945,812787.2377
12829.56,794778.8761
12831.175,804757.3199
12832.79,825370.3698
12834.405,831398.6825
12836.02,796280.2798
12837.635,65.0509
12839.25,823731.1359
12840.865,804405.4143
12842.48,774454.046
12844.095,798139.8337
12845.71,816238.1754
12847.325,815383.1228
12848.94,808691.2172
12850.555,782287.8366
12852.17,800984.3931
12853.785,809984.2282
12855.4,788155.6568
12857.015,792774.4631
12858.63,794508.4356
12860.245,817897.4162
12861.86,809606.5137
12863.475,793490.7539
12865.09,798539.9501
12866.705,800324.8094
12868.32,786137.5984
12869.935,800899.2255
12871.55,795041.0732
12873.165,792918.9522
12874.78,811514.7135
12876.395,795399.5952
12878.01,796387.3901
12879.625,795353.6642
12881.24,815800.7544
12882.855,822242.2358
12884.47,808168.227
12886.085,814204.2233
12887.7,820001.5069
12889.315,816753.9003
12890.93,799526.2984
12892.545,808869.1318
12894.16,818354.5578
12895.775,821098.0114
12897.39,809314.2737
12899.005,830778.856
12900.62,827609.7151
12902.235,817539.8166
12903.85,802093.3529
12905.465,820337.0411
12907.08,826633.3452
12908.695,825800.3637
12910.31,820579.0657
12911.925,811457.9934
12913.54,845310.633
12915.155,833860.4992
12916.77,804051.887
12918.385,812210.817
12920,833751.7023
12921.615,813304.402
12923.23,813088.6324
12924.845,816760.3846
12926.46,816188.8489
12928.075,825392.2046
12929.69,810878.7721
12931.305,819611.9155
12932.92,817141.595
12934.535,801472.2489
12936.15,819343.3364
12937.765,807035.7029
12939.38,831903.8265
12940.995,819195.8868
12942.61,807040.3983
12944.225,796727.8744
12945.84,783969.87
12947.455,833879.3421
12949.07,821983.2818
12950.685,809244.2187
12952.3,804902.6887
12953.915,826703.8298
12955.53,830919.6465
12957.145,800932.4688
12958.76,792768.6984
12960.375,829835.482
12961.99,833153.5359
12963.605,817505.2159
12965.22,807189.9101
12966.835,811518.4698
12968.45,827449.5852
12970.065,809785.3135
12971.68,825099.9572
12973.295,81.2885
12974.91,811902.5513
12976.525,820505.2824
12978.14,808654.6676
12979.755,793411.5927
12981.37,799866.9947
12982.985,841225.5466
12984.6,825032.8868
12986.215,819360.2175
12987.83,807601.0259
12989.445,821450.4303
12991.06,816526.6703
12992.675,812762.3904
12994.29,802795.2266
12995.905,828367.686
12997.52,822091.307
12999.135,832187.2579
13000.75,808722.7031
13002.365,825810.7065
13003.98,830121.5632
13005.595,803363.1697
13007.21,821640.4842
13008.825,805018.9461
13010.44,843352.8129
13012.055,830926.5808
13013.67,815950.6289
13015.285,828020.4348
13016.9,814801.7705
13018.515,816358.5015
13020.13,813095.4588
13021.745,818506.5558
13023.36,824900.1537
13024.975,835990.0398
13026.59,807539.5137
13028.205,817056.6208
13029.82,824268.2345
13031.435,809928.2407
13033.05,807979.2851
13034.665,800593.3289
13036.28,825817.4958
13037.895,828666.6706
13039.51,802339.8219
13041.125,804338.8683
13042.74,813918.4564
13044.355,824419.5948
13045.97,803686.9626
13047.585,794699.5271
13049.2,821148.4685
13050.815,827179.3586
13052.43,809048.3482
13054.045,805821.2915
13055.66,812147.0864
13057.275,818355.5117
13058.89,792054.4438
13060.505,797438.9232
13062.12,796716.7171
13063.735,807605.7064
13065.35,827414.1942
13066.965,815647.9084
13068.58,801759.9814
13070.195,803538.401
13071.81,836138.7967
13073.425,799623.5716
13075.04,802414.0181
13076.655,798409.9264
13078.27,831176.3412
13079.885,834869.4708
13081.5,794093.8518
13083.115,804434.7952
13084.73,809818.5568
13086.345,795472.1178
13087.96,789659.1674
13089.575,786565.1042
13091.19,810256.5412
13092.805,808527.5281
13094.42,793353.4054
13096.035,786369.0068
13097.65,811353.5683
13099.265,780890.0844
13100.88,784538.4546
13102.495,776106.73
13104.11,781884.3655
13105.725,799333.4812
13107.34,800525.0833
13108.955,789211.6305
13110.57,769421.0669
13112.185,805999.3401
13113.8,792009.1507
13115.415,798818.1989
13117.03,787291.6802
13118.645,825235.3383
13120.26,797442.315
13121.875,803969.7208
13123.49,787533.3255
13125.105,803996.4984
13126.72,806669.421
13128.335,809847.6681
13129.95,793793.7756
13131.565,815493.385
13133.18,803402.3709
13134.795,809328.3598
13136.41,784947.575
13138.025,808904.8371
13139.64,820547.0107
13141.255,806738.0162
13142.87,800514.8558
13144.485,807954.3058
13146.1,821785.2058
13147.715,808254.9975
13149.33,781704.3161
13150.945,794589.4378
13152.56,809323.6644
13154.175,798050.9916
13155.79,815867.3618
13157.405,791862.8949
13159.02,806391.4977
13160.635,803001.6259
13162.25,798120.1224
13163.865,784789.0964
13165.48,795098.4627
13167.095,825393.3538
13168.71,817014.7027
13170.325,787445.7833
13171.94,800632.904
13173.555,816810.4233
13175.17,787061.3912
13176.785,790028.5046
13178.4,786927.9366
13180.015,793592.0066
13181.63,792253.9981
13183.245,778763.4987
13184.86,790481.8917
13186.475,787046.3902
13188.09,771829.8176
13189.705,768344.2179
13191.32,772671.0277
13192.935,791779.215
13194.55,791130.4873
13196.165,776959.977
13197.78,783929.421
13199.395,786660.3915
13201.01,812116.3591
13202.625,782217.6757
13204.24,793189.5155
13205.855,806374.1239
13207.47,793222.5263
13209.085,784530.4418
13210.7,792431.2824
13212.315,796980.7738
13213.93,801594.8363
13215.545,783297.552
13217.16,796092.4649
13218.775,783131.5906
13220.39,798965.6615
13222.005,789423.7089
13223.62,800764.2219
13225.235,789455.5537
13226.85,794267.6383
13228.465,797617.8141
13230.08,808634.9471
13231.695,782759.6463
13233.31,796874.067
13234.925,804495.6937
13236.54,806994.657
13238.155,780131.0703
13239.77,791840.5189
13241.385,819293.2624
13243,783457.7154
13244.615,798894.8125
13246.23,796051.1828
13247.845,815228.7278
13249.46,825303.7159
13251.075,785463.0713
13252.69,802831.116
13254.305,812929.4936
13255.92,808552.8719
13257.535,819504.3701
13259.15,817397.2762
13260.765,815445.1464
13262.38,817249.8991
13263.995,797410.3307
13265.61,797721.8283
13267.225,794048.0119
13268.84,811840.5724
13270.455,801262.2105
13272.07,800519.8394
13273.685,801103.2186
13275.3,812631.8367
13276.915,807693.8064
13278.53,809998.2083
13280.145,800019.1601
13281.76,812238.74
13283.375,799571.1322
13284.99,790007.8449
13286.605,795126.4267
13288.22,809805.7854
13289.835,825656.1386
13291.45,796780.1279
13293.065,803589.814
13294.68,807760.8564
13296.295,800144.6186
13297.91,775505.367
13299.525,790039.2565
13301.14,793082.2452
13302.755,798219.0711
13304.37,788318.0349
13305.985,784831.3083
13307.6,798575.1124
13309.215,793154.0426
13310.83,782695.3746
13312.445,785041.9734
13314.06,800809.6378
13315.675,798762.522
13317.29,805538.6263
13318.905,795437.3832
13320.52,795038.0793
13322.135,787346.1875
13323.75,800875.1852
13325.365,813760.4575
13326.98,801075.8832
13328.595,811300.041
13330.21,807823.3987
13331.825,818831.5947
13333.44,784214.9015
13335.055,798331.9832
13336.67,836013.6543
13338.285,829219.8209
13339.9,821582.0644
13341.515,808443.3758
13343.13,811633.0369
13344.745,817468.9731
13346.36,822042.2742
13347.975,795462.4481
13349.59,813666.379
13351.205,826069.0041
13352.82,834501.1025
13354.435,817444.1258
13356.05,821330.7253
13357.665,832462.9758
13359.28,836076.4868
13360.895,795992.4321
13362.51,822651.3525
13364.125,816287.4424
13365.74,828816.6418
13367.355,841029.5125
13368.97,805017.0215
13370.585,817896.3284
13372.2,823006.3674
13373.815,814728.7458
13375.43,808884.5531
13377.045,819697.5145
13378.66,860090.9506
13380.275,827386.6486
13381.89,807164.0623
13383.505,817669.4591
13385.12,841205.0915
13386.735,832899.4168
13388.35,805055.3822
13389.965,817759.3722
13391.58,824495.6338
13393.195,833718.632
13394.81,828633.154
13396.425,806498.1766
13398.04,825833.6181
13399.655,819254.5688
13401.27,810898.4592
13402.885,802859.6378
13404.5,824253.1517
13406.115,840876.6292
13407.73,836187.8815
13409.345,818241.138
13410.96,827728.1538
13412.575,808380.5824
13414.19,812373.2155
13415.805,809367.7861
13417.42,825246.8303
13419.035,847689.4021
13420.65,833193.5777
13422.265,816195.309
13423.88,841613.9256
13425.495,818790.4353
13427.11,836843.099
13428.725,812480.27
13430.34,822692.3408
13431.955,837665.7953
13433.57,834575.9458
13435.185,830235.8068
13436.8,814852.9826
13438.415,833798.3102
13440.03,829420.7401
13441.645,812379.7649
13443.26,815459.5616
13444.875,818747.8887
13446.49,840469.2289
13448.105,838439.3697
13449.72,801671.3123
13451.335,824226.8855
13452.95,832098.3805
13454.565,806771.6351
13456.18,824710.1519
13457.795,822206.0358
13459.41,840943.8168
13461.025,824943.0573
13462.64,818391.7395
13464.255,815418.0229
13465.87,818679.128
13467.485,841680.6817
13469.1,818312.9149
13470.715,807012.226
13472.33,816070.6928
13473.945,816855.3762
13475.56,820343.3003
13477.175,810984.6997
13478.79,811200.421
13480.405,826529.1544
13482.02,796261.3236
13483.635,807875.5276
13485.25,798350.7071
13486.865,816752.3085
13488.48,812023.3163
13490.095,810834.9182
13491.71,789046.3124
13493.325,807589.1935
13494.94,826890.767
13496.555,814672.2228
13498.17,838981.452
13499.785,803725.5614
13501.4,806949.4959
13503.015,836753.7511
13504.63,803180.9892
13506.245,799264.8637
13507.86,808517.2857
13509.475,826844.6073
13511.09,819603.5271
13512.705,808726.7886
13514.32,815318.0644
13515.935,842783.862
13517.55,805878.5751
13519.165,803639.6333
13520.78,796558.0712
13522.395,809111.0152
13524.01,839714.1124
13525.625,825585.3342
13527.24,801309.6291
13528.855,805747.2925
13530.47,801790.3237
13532.085,793551.1987
13533.7,805290.1509
13535.315,815777.1734
13536.93,806217.7689
13538.545,806669.8394
13540.16,786173.2962
13541.775,815638.1904
13543.39,805869.9356
13545.005,790976.3731
13546.62,808215.5563
13548.235,801173.2475
13549.85,805459.56
13551.465,799312.4683
13553.08,794647.428
13554.695,811663.6507
13556.31,789003.4181
13557.925,774623.1612
13559.54,795798.211
13561.155,803984.8371
13562.77,806621.8685
13564.385,784366.4236
13566,795639.8886
13567.615,803894.4981
13569.23,798995.9555
13570.845,756589.5729
13572.46,776759.1526
13574.075,779920.9761
13575.69,785461.4144
13577.305,789669.3169
13578.92,779359.8464
13580.535,787952.415
13582.15,787492.3596
13583.765,785687.4841
13585.38,769347.2928
13586.995,771918.5629
13588.61,798418.3948
13590.225,782959.0612
13591.84,779540.0781
13593.455,780947.6711
13595.07,791296.6868
13596.685,800217.1412
13598.3,777401.6545
13599.915,786377.4008
13601.53,805407.3474
13603.145,802012.3545
13604.76,791389.2628
13606.375,767505.2764
13607.99,774022.1162
13609.605,777999.0621
13611.22,764441.3863
13612.835,786930.8524
13614.45,757031.3173
13616.065,779358.9353
13617.68,766626.4364
13619.295,755947.4224
13620.91,779454.9738
13622.525,770946.6932
13624.14,753738.6723
13625.755,759869.3981
13627.37,753019.7205
13628.985,777356.921
13630.6,779984.1079
13632.215,779189.4555
13633.83,769927.0403
13635.445,771194.5122
13637.06,782049.8361
13638.675,788889.3456
13640.29,778207.0365
13641.905,766192.1432
13643.52,786686.6558
13645.135,777862.1562
13646.75,768443.9662
13648.365,773676.5144
13649.98,777148.7737
13651.595,765527.9961
13653.21,797201.6888
13654.825,793794.2424
13656.44,791640.5666
13658.055,806150.9774
13659.67,795516.1762
13661.285,784762.423
13662.9,778361.0782
13664.515,780958.9697
13666.13,778573.0209
13667.745,777469.6565
13669.36,795250.087
13670.975,796150.2022
13672.59,803472.7978
13674.205,789587.9223
13675.82,789882.8439
13677.435,798752.3707
13679.05,807792.9188
13680.665,784802.3327
13682.28,785497.5641
13683.895,791752.7052
13685.51,796105.1731
13687.125,790924.274
13688.74,783487.3548
13690.355,805289.7753
13691.97,785606.7236
13693.585,789863.6979
13695.2,762047.4711
13696.815,791933.4203
13698.43,813296.8894
13700.045,806348.1124
13701.66,781205.2583
13703.275,780498.0942
13704.89,792476.0047
13706.505,793450.8051
13708.12,793567.5218
13709.735,781669.3676
13711.35,814550.1784
13712.965,799871.0782
13714.58,819968.7267
13716.195,791172.0669
13717.81,792157.9001
13719.425,810833.8843
13721.04,811503.8797
13722.655,819359.8381
13724.27,801204.7502
13725.885,823475.9065
13727.5,818411.4657
13729.115,806703.0789
13730.73,796365.7784
13732.345,813537.2107
13733.96,803991.5984
13735.575,792529.5896
13737.19,796350.9429
13738.805,805565.7758
13740.42,809802.7803
13742.035,785957.3685
13743.65,797233.4871
13745.265,794466.3223
13746.88,810415.6205
13748.495,800581.6138
13750.11,805770.0404
13751.725,804328.7263
13753.34,807977.0314
13754.955,801071.4202
13756.57,791000.4487
13758.185,805949.4018
13759.8,811418.1766
13761.415,779373.1497
13763.03,781161.6165
13764.645,799591.5873
13766.26,814386.216
13767.875,799815.1577
13769.49,793099.5502
13771.105,796429.8438
13772.72,821716.8579
13774.335,791878.9949
13775.95,783012.5717
13777.565,807046.1666
13779.18,811983.9663
13780.795,808877.2283
13782.41,802780.1642
13784.025,801986.7763
13785.64,812925.3914
13787.255,808804.0735
13788.87,797116.5212
13790.485,795897.0258
13792.1,828531.0645
13793.715,822280.0665
13795.33,813045.9538
13796.945,808043.0994
13798.56,811199.6623
13800.175,810598.2045
13801.79,826768.4176
13803.405,829477.7039
13805.02,800872.262
13806.635,811144.2513
13808.25,819222.8931
13809.865,814422.9905
13811.48,806360.3204
13813.095,809203.3383
13814.71,818254.8801
13816.325,819632.8262
13817.94,810369.0424
13819.555,803243.5316
13821.17,817494.741
13822.785,827846.7134
13824.4,794413.1019
13826.015,810261.8
13827.63,836267.753
13829.245,847353.3715
13830.86,829741.4927
13832.475,813126.1861
13834.09,815414.9881
13835.705,837786.3725
13837.32,807696.0602
13838.935,795333.9529
13840.55,806771.2595
13842.165,810410.3617
13843.78,815558.1924
13845.395,816992.8995
13847.01,827896.8953
13848.625,831931.2884
13850.24,823219.8255
13851.855,811175.3988
13853.47,823995.9215
13855.085,833573.1852
13856.7,838642.2396
13858.315,837133.2358
13859.93,827562.3337
13861.545,816948.127
13863.16,830841.5155
13864.775,800673.0964
13866.39,804549.7844
13868.005,816714.6377
13869.62,828066.2114
13871.235,839419.2951
13872.85,835687.7768
13874.465,827611.4557
13876.08,830329.1861
13877.695,811855.7277
13879.31,840170.0341
13880.925,819042.8921
13882.54,834197.8614
13884.155,850029.4144
13885.77,837117.7179
13887.385,826244.1629
13889,841883.5349
13890.615,840803.7998
13892.23,843609.4537
13893.845,823530.3022
13895.46,834896.4158
13897.075,835563.4135
13898.69,849282.3573
13900.305,831143.8455
13901.92,825406.7612
13903.535,842020.2269
13905.15,826444.9055
13906.765,816225.2775
13908.38,827431.5996
13909.995,840553.0948
13911.61,834065.5801
13913.225,810690.3863
13914.84,831809.8372
13916.455,827491.5628
13918.07,823287.755
13919.685,830767.3974
13921.3,838120.6571
13922.915,831747.373
13924.53,842709.6658
13926.145,846936.7161
13927.76,836648.0318
13929.375,828978.8711
13930.99,843440.3031
13932.605,813430.4239
13934.22,810481.5547
13935.835,828432.6049
13937.45,823494.6769
13939.065,819662.8468
13940.68,803059.6552
13942.295,839898.411
13943.91,827293.3715
13945.525,816591.4069
13947.14,817451.1437
13948.755,811260.7375
13950.37,842250.7707
13951.985,833815.1354
13953.6,820904.9265
13955.215,835658.5632
13956.83,838715.3424
13958.445,818566.6194
13960.06,825083.9948
13961.675,809766.6715
13963.29,855085.982
13964.905,847518.3604
13966.52,838188.5791
13968.135,818581.0347
13969.75,832386.8363
13971.365,839668.7728
13972.98,830314.1312
13974.595,828012.7734
13976.21,835378.3005
13977.825,849965.8586
13979.44,840621.2381
13981.055,813507.6215
13982.67,848013.7176
13984.285,827325.3577
13985.9,823446.3378
13987.515,843530.3148
13989.13,814591.8734
13990.745,827417.2941
13992.36,829699.9968
13993.975,824580.2918
13995.59,831816.0258
13997.205,831047.4797
13998.82,813577.4217
14000.435,813894.1781
14002.05,817004.3543
14003.665,843014.0952
14005.28,827915.0836
14006.895,817597.3828
14008.51,817498.752
14010.125,819719.0816
14011.74,839092.406
14013.355,835426.8777
14014.97,826947.5354
14016.585,810256.729
14018.2,814266.7657
14019.815,838305.1546
14021.43,824649.4356
14023.045,818664.4914
14024.66,814883.1408
14026.275,820016.1119
14027.89,835800.6331
14029.505,807324.2331
14031.12,825979.2565
14032.735,812691.5618
14034.35,814940.2329
14035.965,810425.6007
14037.58,804543.2109
14039.195,837888.2798
14040.81,832106.8898
14042.425,803226.0648
14044.04,813676.2755
14045.655,836759.1661
14047.27,829164.0845
14048.885,809683.8935
14050.5,810162.9648
14052.115,832589.6002
14053.73,836675.0399
14055.345,814364.3811
14056.96,813237.5399
14058.575,812945.4876
14060.19,829796.3384
14061.805,793544.6902
14063.42,787080.6506
14065.035,797664.1598
14066.65,829946.5011
14068.265,821014.8856
14069.88,796457.6813
14071.495,807189.5233
14073.11,815006.8086
14074.725,821559.3035
14076.34,796181.8778
14077.955,791082.9646
14079.57,837208.9996
14081.185,810467.3737
14082.8,801672.3406
14084.415,801321.1583
14086.03,807892.8903
14087.645,779765.3221
14089.26,805391.571
14090.875,804255.5342
14092.49,800404.7702
14094.105,804729.3485
14095.72,803523.6138
14097.335,799032.9773
14098.95,809449.5004
14100.565,810556.2939
14102.18,787694.2402
14103.795,779842.2575
14105.41,800650.3708
14107.025,822709.5788
14108.64,810064.0365
14110.255,781022.8975
14111.87,777803.7309
14113.485,798067.9284
14115.1,789118.5989
14116.715,779974.7116
14118.33,790885.9262
14119.945,777977.4169
14121.56,789357.1461
14123.175,783851.9706
14124.79,779142.9853
14126.405,780404.7892
14128.02,806526.4622
14129.635,785740.8719
14131.25,791378.2543
14132.865,775558.5651
14134.48,783242.3902
14136.095,816541.4165
14137.71,800227.3688
14139.325,795593.4964
14140.94,805898.2957
14142.555,792423.7345
14144.17,804350.5128
14145.785,803670.6227
14147.4,805213.898
14149.015,824752.7115
14150.63,813954.1152
14152.245,801798.8591
14153.86,797878.3804
14155.475,800119.2301
14157.09,821443.9219
14158.705,813172.9315
14160.32,810266.3076
14161.935,818347.3557
14163.55,836648.6175
14165.165,819767.6383
14166.78,808792.7116
14168.395,802448.6058
14170.01,839055.9085
14171.625,827157.5739
14173.24,820698.0883
14174.855,814832.6521
14176.47,818523.5633
14178.085,827072.1497
14179.7,802538.2363
14181.315,814617.9796
14182.93,825545.6234
14184.545,813086.9234
14186.16,824843.8427
14187.775,815838.7209
14189.39,828832.9222
14191.005,826200.2868
14192.62,814477.4271
14194.235,809876.0319
14195.85,805317.3394
14197.465,826422.2747
14199.08,827133.8237
14200.695,819416.7405
14202.31,821868.2832
14203.925,807428.2361
14205.54,813872.7448
14207.155,826857.2485
14208.77,826465.0184
14210.385,838918.4056
14212,838428.5397
14213.615,827717.4279
14215.23,822539.3516
14216.845,812918.1671
14218.46,830488.1854
14220.075,824600.7042
14221.69,827205.3291
14223.305,824120.8575
14224.92,829470.539
14226.535,842731.5342
14228.15,816967.1967
14229.765,826538.919
14231.38,823394.5046
14232.995,823517.1198
14234.61,851635.2861
14236.225,828810.5127
14237.84,825480.6934
14239.455,844019.3551
14241.07,828230.3561
14242.685,811072.9597
14244.3,828061.04
14245.915,831347.4331
14247.53,823914.1123
14249.145,837094.5757
14250.76,824719.154
14252.375,837304.4729
14253.99,821379.6817
14255.605,827081.918
14257.22,835255.5309
14258.835,839646.1439
14260.45,853457.5986
14262.065,831477.7284
14263.68,819419.0166
14265.295,852674.0756
14266.91,844334.5625
14268.525,824956.9352
14270.14,818067.9429
14271.755,840501.1574
14273.37,831560.1661
14274.985,817622.4347
14276.6,829608.252
14278.215,842822.0554
14279.83,839559.5054
14281.445,820954.8109
14283.06,829105.6146
14284.675,828276.5362
14286.29,823146.3099
14287.905,823362.9851
14289.52,817306.4035
14291.135,826447.9403
14292.75,835921.8853
14294.365,806189.0332
14295.98,789234.9883
14297.595,805566.8916
14299.21,832788.4832
14300.825,833429.4788
14302.44,801081.0899
14304.055,828495.6512
14305.67,839851.3364
14307.285,806738.0385
14308.9,791434.9558
14310.515,803840.0318
14312.13,835141.4919
14313.745,813247.3881
14315.36,817577.6157
14316.975,800866.0009
14318.59,821466.839
14320.205,819231.2388
14321.82,809756.0144
14323.435,811225.8374
14325.05,806831.7601
14326.665,821925.3753
14328.28,809477.2971
14329.895,804615.1719
14331.51,826722.6187
14333.125,836545.2728
14334.74,803821.1424
14336.355,796018.4547
14337.97,814597.6807
14339.585,810545.7762
14341.2,797192.3687
14342.815,815126.4932
14344.43,798137.2303
14346.045,798501.8888
14347.66,813275.6663
14349.275,815307.4427
14350.89,796225.6815
14352.505,782221.3278
14354.12,820413.5729
14355.735,804877.7093
14357.35,800038.0662
14358.965,799150.3152
14360.58,804646.6969
14362.195,794200.6274
14363.81,798236.9489
14365.425,793731.3894
14367.04,813873.5035
14368.655,826274.985
14370.27,798890.9205
14371.885,808011.7771
14373.5,826612.2765
14375.115,825695.02
14376.73,815235.9354
14378.345,801105.0707
14379.96,795756.0716
14381.575,828857.6301
14383.19,793636.1803
14384.805,787618.2811
14386.42,795383.603
14388.035,815822.2192
14389.65,823426.1077
14391.265,795067.3505
14392.88,790772.0955
14394.495,818713.0481
14396.11,818537.4095
14397.725,792184.7781
14399.34,791918.9437
14400.955,788040.5969
14402.57,824379.0751
14404.185,802858.0795
14405.8,813874.4203
14407.415,799151.9888
14409.03,816302.8674
14410.645,815408.7289
14412.26,789242.5195
14413.875,805418.8041
14415.49,814270.4922
14417.105,809656.0969
14418.72,815486.8747
14420.335,814017.7231
14421.95,826333.0199
14423.565,810839.1431
14425.18,800883.7913
14426.795,806581.1908
14428.41,823037.0574
14430.025,823426.1077
14431.64,818859.9361
14433.255,804262.6154
14434.87,832451.3238
14436.485,817936.3311
14438.1,798887.352
14439.715,794036.3563
14441.33,815598.4945
14442.945,824973.0649
14444.56,818024.4646
14446.175,825119.5792
14447.79,827599.0599
14449.405,826724.3239
14451.02,820139.0209
14452.635,812698.8866
14454.25,799475.3652
14455.865,841505.045
14457.48,838867.3497
14459.095,816694.0692
14460.71,802556.8318
14462.325,807445.8907
14463.94,825714.1734
14465.555,824762.0576
14467.17,819289.6586
14468.785,824865.8691
14470.4,827170.8232
14472.015,817068.3806
14473.63,803435.0991
14475.245,827709.7666
14476.86,823146.2765
14478.475,822868.3606
14480.09,805003.5658
14481.705,812392.1848
14483.32,832251.1614
14484.935,830993.2346
14486.55,803446.9351
14488.165,812160.9326
14489.78,836049.2183
14491.395,813931.3822
14493.01,830860.8549
14494.625,815891.2608
14496.24,836551.8482
14497.855,814984.7822
14499.47,803388.6102
14501.085,829935.2731
14502.7,829439.5105
14504.315,820112.0388
14505.93,828250.2347
14507.545,826067.7452
14509.16,828283.9856
14510.775,839949.1935
14512.39,820931.4809
14514.005,823903.907
14515.62,820304.4171
14517.235,830836.1005
14518.85,846986.7828
14520.465,831161.7846
14522.08,836480.2926
14523.695,835917.004
14525.31,818989.5935
14526.925,810385.5701
14528.54,811124.7409
14530.155,814007.0344
14531.77,826248.8155
14533.385,816235.5199
14535,806156.729
14536.615,816736.8296
14538.23,827016.0302
14539.845,811602.0474
14541.46,804776.3952
14543.075,814400.6089
14544.69,823519.21
14546.305,817253.5029
14547.92,803148.5418
14549.535,805329.592
14551.15,812679.313
14552.765,819519.9234
14554.38,816400.7264
14555.995,805715.098
14557.61,804604.4386
14559.225,814701.7451
14560.84,805890.4539
14562.455,786095.8086
14564.07,6966907.5752
14565.685,814801.2015
14567.3,809044.008
14568.915,792278.3341
14570.53,795366.8745
14572.145,786083.636
14573.76,812260.7144
14575.375,760456.5262
14576.99,760145.3707
14578.605,779949.9275
14580.22,784384.465
14581.835,805578.259
14583.45,783756.4788
14585.065,780124.5098
14586.68,778707.0408
14588.295,784176.5334
14589.91,779130.2046
14591.525,746486.8179
14593.14,749412.7626
14594.755,773461.8587
14596.37,753869.7523
14597.985,750933.6805
14599.6,764225.0235
14601.215,770764.2858
14602.83,744639.4757
14604.445,744320.7501
14606.06,741413.6538
14607.675,748138.3676
14609.29,751108.3037
14610.905,729020.2707
14612.52,751834.1266
14614.135,739206.6535
14615.75,732000.9792
14617.365,716819.1171
14618.98,720299.2832
14620.595,743759.7376
14622.21,725248.2736
14623.825,729039.8034
14625.44,719457.8723
14627.055,739443.94
14628.67,741455.6779
14630.285,724295.5833
14631.9,714270.0519
14633.515,732886.655
14635.13,750662.5687
14636.745,734869.1178
14638.36,718925.5601
14639.975,728834.3079
14641.59,718529.0251
14643.205,713432.7506
14644.82,710591.1478
14646.435,726822.5217
14648.05,725576.8977
14649.665,727401.7597
14651.28,704954.1075
14652.895,707697.7713
14654.51,717041.5309
14656.125,717776.5753
14657.74,715192.5393
14659.355,714010.4767
14660.97,739385.7769
14662.585,730622.254
14664.2,715943.8176
14665.815,724853.3156
14667.43,733987.6094
14669.045,736941.4641
14670.66,725122.0657
14672.275,716454.5999
14673.89,740200.2801
14675.505,733414.7757
14677.12,718612.203
14678.735,721896.5451
14680.35,718225.4995
14681.965,726927.7762
14683.58,724722.8474
14685.195,729119.6676
14686.81,725297.5927
14688.425,740561.2399
14690.04,724677.8351
14691.655,711636.6782
14693.27,713356.4345
14694.885,707903.8192
14696.5,724584.9336
14698.115,722448.2728
14699.73,707990.2103
14701.345,710897.5539
14702.96,733698.2442
14704.575,731880.9971
14706.19,699174.5139
14707.805,726035.6273
14709.42,729676.7006
14711.035,717148.7564
14712.65,715427.626
14714.265,713861.3591
14715.88,725293.6244
14717.495,721120.7597
14719.11,688618.2007
14720.725,708668.6853
14722.34,712009.2194
14723.955,721195.4022
14725.57,702151.0291
14727.185,716264.6465
14728.8,722723.8996
14730.415,730712.738
14732.03,710015.7647
14733.645,713645.2381
14735.26,732228.3432
14736.875,743098.7071
14738.49,739200.041
14740.105,716513.1758
14741.72,731924.8249
14743.335,740913.9062
14744.95,728087.8904
14746.565,714132.3147
14748.18,731729.8191
14749.795,739867.7026
14751.41,732597.5948
14753.025,734330.2191
14754.64,731714.8237
14756.255,741289.311
14757.87,720216.8901
14759.485,707887.6169
14761.1,717936.7387
14762.715,728391.0423
14764.33,735674.8997
14765.945,724400.146
14767.56,734030.6599
14769.175,735727.7631
14770.79,735049.4351
14772.405,710727.9161
14774.02,716807.9486
14775.635,720091.4966
14777.25,733047.6403
14778.865,728273.7472
14780.48,717699.7571
14782.095,720388.7277
14783.71,735131.724
14785.325,714473.7288
14786.94,716582.8868
14788.555,709517.5344
14790.17,718525.8639
14791.785,730558.7167
14793.4,717454.5359
14795.015,700000.736
14796.63,706431.1976
14798.245,727356.4089
14799.86,716592.8391
14801.475,707924.1757
14803.09,707692.0142
14804.705,715532.6145
14806.32,713192.7566
14807.935,693899.7091
14809.55,691961.2303
14811.165,717374.6643
14812.78,709225.9936
14814.395,705645.3297
14816.01,722355.2059
14817.625,706467.7732
14819.24,712599.1312
14820.855,686502.75
14822.47,685546.1378
14824.085,706403.0626
14825.7,707543.6906
14827.315,720634.676
14828.93,696678.6654
14830.545,701758.4011
14832.16,704237.6568
14833.775,679380.3372
14835.39,678436.6397
14837.005,696152.3968
14838.62,707869.5606
14840.235,702866.9034
14841.85,682315.3788
14843.465,699049.9833
14845.08,712284.8294
14846.695,694194.7627
14848.31,685870.6709
14849.925,689266.4579
14851.54,721518.8474
14853.155,708606.3679
14854.77,719081.242
14856.385,712952.4278
14858,701780.474
14859.615,719276.5211
14861.23,687639.6421
14862.845,689245.5881
14864.46,704750.3767
14866.075,723894.3492
14867.69,715653.6157
14869.305,695309.8107
14870.92,696276.4365
14872.535,717423.1113
14874.15,694750.323
14875.765,699571.3761
14877.38,710065.915
14878.995,712082.0395
14880.61,724917.9574
14882.225,721008.6509
14883.84,697974.3727
14885.455,699327.0271
14887.07,702539.9548
14888.685,697602.0901
14890.3,690627.1994
14891.915,714783.9972
14893.53,716988.461
14895.145,725952.3956
14896.76,701387.7511
14898.375,721987.5851
14899.99,725507.9306
14901.605,696946.218
14903.22,719939.5227
14904.835,698255.1523
14906.45,719391.4304
14908.065,723255.8845
14909.68,725051.4715
14911.295,713654.7887
14912.91,724228.6319
14914.525,724479.5099
14916.14,718471.7137
14917.755,713903.0392
14919.37,699132.4582
14920.985,711822.4142
14922.6,708178.4883
14924.215,712155.6276
14925.83,697139.4777
14927.445,697013.0262
14929.06,706326.1049
14930.675,707333.0087
14932.29,702581.3504
14933.905,716393.0115
14935.52,702179.1214
14937.135,702140.6659
14938.75,689504.7616
14940.365,693503.7079
14941.98,714584.1863
14943.595,711825.0919
14945.21,708844.1918
14946.825,701936.1149
14948.44,717271.6506
14950.055,714450.3486
14951.67,697811.7139
14953.285,697147.6597
14954.9,713896.0882
14956.515,716261.1319
14958.13,701882.4408
14959.745,689066.1728
14961.36,722604.4047
14962.975,710763.1677
14964.59,695065.8223
14966.205,711251.0625
14967.82,692260.0569
14969.435,710415.4869
14971.05,711505.2673
14972.665,701793.2566
14974.28,701182.8766
14975.895,703063.7632
14977.51,720011.666
14979.125,706401.5731
14980.74,727648.9018
14982.355,719044.1587
14983.97,738800.8989
14985.585,727809.24
14987.2,717419.262
14988.815,740413.7234
14990.43,729434.4231
14992.045,713152.1327
14993.66,718079.2939
14995.275,711764.1134
14996.89,720916.0786
14998.505,730919.1541
15000.12,705210.7297
15001.735,719965.1399
15003.35,751972.1408
15004.965,716401.8815
15006.58,716278.5373
15008.195,717503.6095
15009.81,750574.4704
15011.425,734507.7991
15013.04,718976.3259
15014.655,727396.3447
15016.27,740196.8585
15017.885,742166.3194
15019.5,732880.0033
15021.115,747744.3151
15022.73,732853.8078
15024.345,762137.8008
15025.96,766991.504
15027.575,748514.9997
15029.19,757950.3664
15030.805,781337.4838
15032.42,768877.2311
15034.035,773191.3011
15035.65,766233.3416
15037.265,789516.3091
15038.88,782790.7697
15040.495,781021.8412
15042.11,791120.7619
15043.725,788196.8478
15045.34,784000.4299
15046.955,786750.8216
15048.57,780476.0994
15050.185,804638.0444
15051.8,805308.4136
15053.415,804632.7856
15055.03,785171.3612
15056.645,768763.8225
15058.26,775144.4202
15059.875,807077.2212
15061.49,785946.7765
15063.105,785095.5509
15064.72,764833.41
15066.335,784048.7857
15067.95,788848.0412
15069.565,765414.6619
15071.18,768655.284
15072.795,787085.9355
15074.41,790068.0498
15076.025,797926.5428
15077.64,771416.3942
15079.255,778025.9383
15080.87,779852.0722
15082.485,775657.7165
15084.1,776269.8482
15085.715,779374.4346
15087.33,795727.7023
15088.945,786797.3978
15090.56,788875.1033
15092.175,770109.0237
15093.79,776842.667
15095.405,801041.8533
15097.02,794608.7678
15098.635,784883.7217
15100.25,790628.432
15101.865,794954.4998
15103.48,787660.9913
15105.095,776590.4018
15106.71,771897.0981
15108.325,789731.1173
15109.94,784854.4523
15111.555,785684.5385
15113.17,783051.9533
15114.785,782825.9803
15116.4,787463.8935
15118.015,768179.5339
15119.63,755404.3769
15121.245,765673.7405
15122.86,767673.2611
15124.475,767403.1925
15126.09,764146.8088
15127.705,761234.2548
15129.32,767891.5876
15130.935,761079.1494
15132.55,744042.996
15134.165,774979.4331
15135.78,759549.3019
15137.395,758175.4282
15139.01,755878.8793
15140.625,780094.1377
15142.24,764966.6768
15143.855,776348.4348
15145.47,755932.3656
15147.085,743558.7756
15148.7,768072.3902
15150.315,771749.1892
15151.93,753074.4323
15153.545,764618.176
15155.16,772915.6854
15156.775,779912.0409
15158.39,762920.805
15160.005,755484.9328
15161.62,771006.3551
15163.235,758255.9451
15164.85,775658.4455
15166.465,758226.659
15168.08,765828.766
15169.695,775877.6757
15171.31,798567.9327
15172.925,769094.6148
15174.54,765481.6059
15176.155,786601.187
15177.77,798196.3808
15179.385,775103.2943
15181,774131.2367
15182.615,779179.0681
15184.23,775906.6513
15185.845,771160.0788
15187.46,776935.1928
15189.075,786975.6825
15190.69,784887.2548
15192.305,779871.7481
15193.92,761641.8039
15195.535,786560.0202
15197.15,772666.3862
15198.765,763451.8657
15200.38,769622.49
15201.995,762634.7926
15203.61,796919.9664
15205.225,777998.8818
15206.84,764307.8555
15208.455,772283.465
15210.07,758604.3529
15211.685,773093.8976
15213.3,743572.9342
15214.915,752679.6099
15216.53,778162.0074
15218.145,788707.061
15219.76,766076.4399
15221.375,756885.2977
15222.99,770391.1329
15224.605,781654.6809
15226.22,763604.9999
15227.835,736391.1812
15229.45,753443.8308
15231.065,765670.1274
15232.68,752701.1622
15234.295,752033.7497
15235.91,758078.7965
15237.525,765402.7013
15239.14,738244.7287
15240.755,769930.9417
15242.37,766403.1115
15243.985,778304.6203
15245.6,775739.483
15247.215,779498.9187
15248.83,767825.3577
15250.445,798770.0364
15252.06,785127.989
15253.675,762697.9877
15255.29,750801.1835
15256.905,763452.2227
15258.52,806514.1408
15260.135,773549.6073
15261.75,757666.4814
15263.365,778189.5251
15264.98,778169.8789
15266.595,767079.1262
15268.21,768306.6995
15269.825,755687.9124
15271.44,782708.2557
15273.055,785111.8573
15274.67,765373.7815
15276.285,773558.3677
15277.9,780829.2175
15279.515,797600.563
15281.13,778942.1609
15282.745,783942.2556
15284.36,797032.3894
15285.975,793613.1776
15287.59,789917.2698
15289.205,782502.8104
15290.82,774644.5963
15292.435,803326.1292
15294.05,782447.6578
15295.665,775776.7168
15297.28,767341.5465
15298.895,795517.6489
15300.51,783978.2603
15302.125,772889.1701
15303.74,772152.5115
15305.355,780510.2668
15306.97,785328.129
15308.585,793524.0752
15310.2,775453.9764
15311.815,796761.9043
15313.43,803619.0089
15315.045,793009.1592
15316.66,780498.4587
15318.275,776911.2102
15319.89,785821.398
15321.505,817084.3654
15323.12,791218.4591
15324.735,785008.7227
15326.35,803207.4897
15327.965,794407.1513
15329.58,798766.6892
15331.195,774633.9541
15332.81,771047.3434
15334.425,814317.4757
15336.04,805697.6182
15337.655,796855.8117
15339.27,793310.34
15340.885,792136.545
15342.5,802620.9251
15344.115,796469.3965
15345.73,789139.0967
15347.345,789256.734
15348.96,819033.7877
15350.575,808560.7732
15352.19,802508.4239
15353.805,815286.9578
15355.42,810690.5815
15357.035,803666.6786
15358.65,811042.3589
15360.265,779089.2256
15361.88,803372.4321
15363.495,798991.5093
15365.11,780453.2641
15366.725,776959.7315
15368.34,777275.7515
15369.955,789536.7437
15371.57,783926.7916
15373.185,765932.7187
15374.8,783749.3715
15376.415,801743.6489
15378.03,780702.5633
15379.645,775933.0272
15381.26,785999.5265
15382.875,785497.7463
15384.49,788825.3974
15386.105,780113.7579
15387.72,771398.2003
15389.335,809221.4931
15390.95,794029.0501
15392.565,770464.7266
15394.18,786024.3794
15395.795,803983.7102
15397.41,771536.3447
15399.025,786741.6912
15400.64,785326.6265
15402.255,777047.0338
15403.87,781631.2393
15405.485,775100.0475
15407.1,780856.5901
15408.715,787673.283
15410.33,774475.3007
15411.945,767909.1492
15413.56,787806.9793
15415.175,773469.2616
15416.79,772522.3229
15418.405,789877.6129
15420.02,753577.5606
15421.635,768845.9404
15423.25,771853.4972
15424.865,777675.6188
15426.48,751526.7424
15428.095,750093.4262
15429.71,782740.5115
15431.325,751316.1665
15432.94,760895.7788
15434.555,738409.5391
15436.17,748516.0485
15437.785,751708.9098
15439.4,738211.6974
15441.015,743382.3858
15442.63,747352.0682
15444.245,766727.9532
15445.86,734741.1508
15447.475,743335.5585
15449.09,738797.6131
15450.705,765044.4173
15452.32,33.8922
15453.935,761106.8642
15455.55,741144.3886
15457.165,753785.1333
15458.78,731939.3908
15460.395,720270.0082
15462.01,729790.6299
15463.625,753554.2529
15465.24,746719.753
15466.855,732719.31
15468.47,736021.1635
15470.085,733604.8444
15471.7,755317.2847
15473.315,731703.8151
15474.93,731619.9864
15476.545,753577.3839
15478.16,741441.8428
15479.775,747042.8505
15481.39,726601.5212
15483.005,725496.8569
15484.62,728974.2504
15486.235,708337.1454
15487.85,721375.9834
15489.465,708522.2454
15491.08,725281.4406
15492.695,727486.7078
15494.31,719396.6186
15495.925,716561.0407
15497.54,718463.9222
15499.155,715232.371
15500.77,720343.0385
15502.385,713301.8752
15504,717302.5806
15505.615,722674.7851
15507.23,719873.092
15508.845,707236.853
15510.46,700662.0231
15512.075,724920.8341
15513.69,715849.9288
15515.305,710592.654
15516.92,719909.9112
15518.535,735589.1017
15520.15,726157.8279
15521.765,721585.1795
15523.38,717629.9681
15524.995,713930.4787
15526.61,724065.2608
15528.225,714224.0279
15529.84,710440.3603
15531.455,717067.639
15533.07,719956.1025
15534.685,712322.4854
15536.3,730639.0197
15537.915,746309.0241
15539.53,737223.3539
15541.145,730551.7787
15542.76,734246.7326
15544.375,729223.5757
15545.99,751750.0376
15547.605,753779.0432
15549.22,740684.0467
15550.835,742739.9192
15552.45,759228.3281
15554.065,750148.9897
15555.68,772094.6106
15557.295,744515.6518
15558.91,764265.904
15560.525,766959.371
15562.14,749790.0214
15563.755,745161.6738
15565.37,762499.1196
15566.985,774732.1869
15568.6,765308.4442
15570.215,763921.2003
15571.83,773022.885
15573.445,781103.4831
15575.06,752360.557
15576.675,749596.0513
15578.29,740789.5188
15579.905,773088.0438
15581.52,760460.8478
15583.135,753417.5609
15584.75,761080.0327
15586.365,777787.2999
15587.98,782004.4592
15589.595,755423.1027
15591.21,748047.9393
15592.825,746021.6003
15594.44,755217.1199
15596.055,768877.5379
15597.67,750147.9297
15599.285,774129.6914
15600.9,770327.9899
15602.515,764540.402
15604.13,746574.3917
15605.745,754993.4713
15607.36,788859.4589
15608.975,768390.0336
15610.59,750725.1464
15612.205,778088.8451
15613.82,772691.5571
15615.435,757225.7225
15617.05,757352.9104
15618.665,751802.6816
15620.28,777863.5992
15621.895,771913.8545
15623.51,773015.4338
15625.125,66.5832
15626.74,784460.6397
15628.355,785875.3399
15629.97,766851.2398
15631.585,763570.5517
15633.2,772480.4364
15634.815,779655.8223
15636.43,774525.9084
15638.045,771885.3736
15639.66,769906.2803
15641.275,780922.7047
15642.89,799742.5831
15644.505,785804.8145
15646.12,763812.2918
15647.735,768352.1544
15649.35,786187.8751
15650.965,786485.5395
15652.58,777917.0819
15654.195,766333.9193
15655.81,795841.7971
15657.425,792500.5024
15659.04,810646.7611
15660.655,787285.0676
15662.27,811909.5005
15663.885,813481.5115
15665.5,793820.2854
15667.115,787720.6644
15668.73,782434.9013
15670.345,782919.4676
15671.96,784887.2195
15673.575,772902.8787
15675.19,792587.6486
15676.805,788286.3649
15678.42,795799.3992
15680.035,777610.8914
15681.65,783696.523
15683.265,780762.519
15684.88,773153.0612
15686.495,770841.5335
15688.11,777618.828
15689.725,801662.3994
15691.34,778350.8042
15692.955,775198.1725
15694.57,776116.4052
15696.185,802190.8289
15697.8,791827.4481
15699.415,773168.754
15701.03,783435.0716
15702.645,799105.314
15704.26,778698.6932
15705.875,762704.4143
15707.49,775530.9675
15709.105,772511.4612
15710.72,765313.9782
15712.335,758352.4392
15713.95,759119.2541
15715.565,774898.9275
15717.18,772000.9951
15718.795,761370.8111
15720.41,762170.7168
15722.025,756050.9438
15723.64,773348.5896
15725.255,781426.7702
15726.87,778136.5092
15728.485,773133.9227
15730.1,767368.3538
15731.715,765003.1799
15733.33,763247.285
15734.945,756106.9554
15736.56,755013.787
15738.175,774980.6381
15739.79,774806.0335
15741.405,746830.8204
15743.02,755690.3856
15744.635,752387.3011
15746.25,766969.725
15747.865,760737.6702
15749.48,756027.095
15751.095,772543.929
15752.71,768544.2556
15754.325,751139.4178
15755.94,764836.0878
15757.555,763198.0143
15759.17,757003.8257
15760.785,757798.7942
15762.4,761212.5259
15764.015,758489.3265
15765.63,756413.5996
15767.245,744472.5901
15768.86,739891.1627
15770.475,765612.9945
15772.09,740048.3043
15773.705,737842.47
15775.32,737104.7776
15776.935,734574.691
15778.55,741525.0262
15780.165,739611.2553
15781.78,720998.6669
15783.395,722170.1728
15785.01,741851.8726
15786.625,752643.0307
15788.24,730222.2714
15789.855,740806.4667
15791.47,755818.2857
15793.085,737176.1417
15794.7,730748.1681
15796.315,726706.9448
15797.93,748678.9603
15799.545,743775.7
15801.16,732994.4347
15802.775,737498.0881
15804.39,761493.2349
15806.005,732887.5104
15807.62,754779.0629
15809.235,727009.0665
15810.85,752866.5137
15812.465,753308.4869
15814.08,745485.6638
15815.695,733689.5285
15817.31,737490.5606
15818.925,745593.2316
15820.54,745566.6809
15822.155,737613.1573
15823.77,725734.1025
15825.385,741089.2212
15827,751985.0908
15828.615,747773.8132
15830.23,757349.4684
15831.845,760529.2143
15833.46,757661.8846
15835.075,741732.8983
15836.69,731118.7251
15838.305,745659.4987
15839.92,756378.467
15841.535,749442.4782
15843.15,747530.1428
15844.765,756212.407
15846.38,748793.453
15847.995,734550.3978
15849.61,739611.1158
15851.225,757012.9821
15852.84,741390.3053
15854.455,753905.2605
15856.07,739388.8898
15857.685,729634.7863
15859.3,752096.4371
15860.915,721630.3629
15862.53,723658.4574
15864.145,746205.4339
15865.76,759512.1964
15867.375,763276.5934
15868.99,738945.4755
15870.605,756531.0639
15872.22,752694.6258
15873.835,761259.6749
15875.45,746273.2258
15877.065,756764.9939
15878.68,787653.4434
15880.295,779869.5613
15881.91,764506.1304
15883.525,765467.7503
15885.14,771487.2822
15886.755,770362.0922
15888.37,758412.6794
15889.985,754205.9261
15891.6,765325.4033
15893.215,786860.9109
15894.83,762984.9317
15896.445,769815.3704
15898.06,747112.4201
15899.675,751266.5257
15901.29,790540.8023
15902.905,790749.249
15904.52,767414.7366
15906.135,772044.8266
15907.75,776530.4349
15909.365,797278.8937
15910.98,786231.9763
15912.595,792341.4436
15914.21,786832.1919
15915.825,783452.1442
15917.44,785273.9602
15919.055,773195.7045
15920.67,800591.8413
15922.285,787019.7837
15923.9,784736.9099
15925.515,794224.0076
15927.13,775180.1348
15928.745,812650.9938
15930.36,796485.9465
15931.975,781957.989
15933.59,776844.441
15935.205,794402.7646
15936.82,787806.0588
15938.435,790401.2577
15940.05,789164.3402
15941.665,787361.4767
15943.28,790209.4299
15944.895,771105.0751
15946.51,775179.0525
15948.125,789377.3167
15949.74,778798.5587
15951.355,788361.2919
15952.97,788666.5227
15954.585,787730.9477
15956.2,789372.454
15957.815,795100.9508
15959.43,775819.7246
15961.045,761018.6767
15962.66,795007.7872
15964.275,774247.7675
15965.89,775261.1239
15967.505,769043.9159
15969.12,773727.7414
15970.735,770327.0973
15972.35,773575.6839
15973.965,754744.7374
15975.58,775326.0595
15977.195,778331.1357
15978.81,755576.2648
15980.425,789275.6865
15982.04,779330.7835
15983.655,760915.7411
15985.27,738202.0891
15986.885,776572.8234
15988.5,777864.6815
15990.115,782949.1721
15991.73,775167.6888
15993.345,780618.4929
15994.96,786557.6325
15996.575,770513.2907
15998.19,781078.8812
15999.805,777826.622
16001.42,799851.7389
16003.035,784367.517
16004.65,793197.3051
16006.265,765810.7915
16007.88,788725.5152
16009.495,809013.582
16011.11,769543.1429
16012.725,769258.3671
16014.34,775161.8516
16015.955,774213.9515
16017.57,784095.4382
16019.185,758763.1681
16020.8,768715.6135
16022.415,782984.7081
16024.03,761855.5261
16025.645,792087.2073
16027.26,762467.3249
16028.875,788346.8282
16030.49,784455.7193
16032.105,765880.2347
16033.72,760239.3191
16035.335,771628.5172
16036.95,773863.024
16038.565,751355.9926
16040.18,764012.5491
16041.795,755552.5927
16043.41,754769.9734
16045.025,767533.5119
16046.64,767027.5645
16048.255,750498.6081
16049.87,765604.7827
16051.485,771378.5634
16053.1,779279.8447
16054.715,754699.1598
16056.33,764697.6273
16057.945,769025.6811
16059.56,751208.9874
16061.175,751225.0688
16062.79,763674.6551
16064.405,741136.5989
16066.02,765210.6168
16067.635,761254.5704
16069.25,739791.6636
16070.865,749124.171
16072.48,748188.3468
16074.095,734347.3865
16075.71,745432.3988
16077.325,777022.6662
16078.94,763162.8464
16080.555,755922.867
16082.17,760959.052
16083.785,778217.318
16085.4,778445.7493
16087.015,771821.3399
16088.63,751102.7641
16090.245,782097.582
16091.86,770019.8692
16093.475,755880.6459
16095.09,750384.9894
16096.705,757400.9613
16098.32,767858.4634
16099.935,747562.6553
16101.55,746818.287
16103.165,748446.8898
16104.78,763240.0253
16106.395,775804.7794
16108.01,757360.5067
16109.625,746214.8321
16111.24,759913.9158
16112.855,767195.9062
16114.47,730989.9026
16116.085,741154.7649
16117.7,743913.8258
16119.315,777044.3282
16120.93,753826.9379
16122.545,742403.2079
16124.16,762976.9821
16125.775,783003.7946
16127.39,749262.4362
16129.005,755809.3673
16130.62,758227.0123
16132.235,787200.5677
16133.85,785830.8743
16135.465,771215.4545
16137.08,776988.5918
16138.695,790904.6966
16140.31,773390.437
16141.925,755981.8484
16143.54,752298.2062
16145.155,776243.2752
16146.77,777252.8437
16148.385,764462.6299
16150,769868.8437
16151.615,780293.6344
16153.23,768973.3719
16154.845,761886.8057
16156.46,761981.0628
16158.075,765318.2627
16159.69,773366.2665
16161.305,767466.3597
16162.92,754593.1652
16164.535,776289.4516
16166.15,780584.4742
16167.765,758526.5771
16169.38,737625.7799
16170.995,779841.7907
16172.61,766770.3213
16174.225,777597.7239
16175.84,757691.9164
16177.455,764542.6056
16179.07,784903.7026
16180.685,778732.7714
16182.3,764006.8756
16183.915,772606.3394
16185.53,772570.701
16187.145,782787.3425
16188.76,762876.1106
16190.375,761175.7718
16191.99,764198.4245
16193.605,760954.4105
16195.22,758959.4347
16196.835,749384.2705
16198.45,743375.1223
16200.065,782588.3442
16201.68,746024.477
16203.295,733776.2655
16204.91,736903.7598
16206.525,746049.6479
16208.14,749282.8374
16209.755,744466.6767
16211.37,738989.2289
16212.985,749542.9741
16214.6,763760.5219
16216.215,737005.2784
16217.83,734994.8683
16219.445,750294.3789
16221.06,762785.3086
16222.675,766482.3731
16224.29,757343.0176
16225.905,781715.4325
16227.52,767746.6317
16229.135,762392.5448
16230.75,759127.1088
16232.365,746822.0805
16233.98,777240.578
16235.595,775198.2952
16237.21,751089.0759
16238.825,772047.1102
16240.44,770760.9052
16242.055,768200.4223
16243.67,751935.8814
16245.285,740984.2475
16246.9,780313.2955
16248.515,793497.9336
16250.13,768250.0501
16251.745,763902.138
16253.36,776771.7789
16254.975,782099.5866
16256.59,755284.6031
16258.205,745014.9252
16259.82,750527.1002
16261.435,761095.9151
16263.05,763573.7948
16264.665,762197.3921
16266.28,769990.0569
16267.895,784259.3969
16269.51,766407.3959
16271.125,763752.4886
16272.74,765983.0606
16274.355,786031.8809
16275.97,789616.6413
16277.585,769458.7656
16279.2,754457.3155
16280.815,757550.7669
16282.43,778878.2183
16284.045,757721.5948
16285.66,747328.1209
16287.275,755787.4097
16288.89,774443.837
16290.505,760942.7697
16292.12,745098.3969
16293.735,755364.1455
16295.35,759068.6091
16296.965,747926.8136
16298.58,746599.213
16300.195,768669.9224
16301.81,768885.5712
16303.425,778698.3288
16305.04,754110.0066
16306.655,759988.6327
16308.27,758652.0747
16309.885,759108.543
16311.5,756770.2936
16313.115,759901.5498
16314.73,777067.4164
16316.345,749153.0126
16317.96,758843.0174
16319.575,748142.5051
16321.19,758409.1128
16322.805,755912.4535
16324.42,747784.7808
16326.035,759287.8412
16327.65,749772.3222
16329.265,766652.3437
16330.88,753581.6962
16332.495,759203.3989
16334.11,754657.5783
16335.725,766714.0884
16337.34,744013.9572
16338.955,771717.8037
16340.57,756804.422
16342.185,757700.9873
16343.8,753672.4164
16345.415,740699.0719
16347.03,750717.9797
16348.645,731470.1213
16350.26,743411.4208
16351.875,755763.5219
16353.49,742197.4111
16355.105,752740.9176
16356.72,755772.7081
16358.335,741719.582
16359.95,773263.1319
16361.565,767008.7086
16363.18,752617.6849
16364.795,753382.6012
16366.41,737823.4505
16368.025,752986.5256
16369.64,760292.8464
16371.255,742312.9898
16372.87,733524.2662
16374.485,720167.7997
16376.1,768285.932
16377.715,748618.6178
16379.33,735252.8926
16380.945,741626.9075
16382.56,755609.1231
16384.175,742017.2092
16385.79,729369.6976
16387.405,712711.4296
16389.02,725979.8091
16390.635,737353.5264
16392.25,737123.3954
16393.865,731537.1433
16395.48,735984.3983
16397.095,743872.3205
16398.71,730626.2688
16400.325,724010.7722
16401.94,734701.9737
16403.555,747473.0285
16405.17,741255.761
16406.785,727289.4649
16408.4,742095.7233
16410.015,731898.2575
16411.63,742604.5084
16413.245,727520.9348
16414.86,717119.3123
16416.475,741223.7673
16418.09,732298.7998
16419.705,744003.235
16421.32,727101.7913
16422.935,720148.7337
16424.55,728694.9343
16426.165,691954.3574
16427.78,713330.9958
16429.395,719197.2279
16431.01,721867.7778
16432.625,717874.8769
16434.24,713319.9816
16435.855,708977.0886
16437.47,722466.3328
16439.085,718144.951
16440.7,736478.7997
16442.315,719847.1513
16443.93,743503.9615
16445.545,741521.3945
16447.16,725348.7453
16448.775,722477.9829
16450.39,732951.1406
16452.005,735013.5085
16453.62,727506.7352
16455.235,739139.1666
16456.85,739039.3811
16458.465,730783.7785
16460.08,739244.1198
16461.695,738276.0305
16463.31,745729.0683
16464.925,736694.017
16466.54,737306.3644
16468.155,743936.8266
16469.77,740750.0888
16471.385,748981.7886
16473,740441.9124
16474.615,732041.696
16476.23,749055.8249
16477.845,735300.7965
16479.46,731355.1562
16481.075,724817.4411
16482.69,733543.5981
16484.305,732517.8087
16485.92,743106.0486
16487.535,727218.3259
16489.15,720978.5298
16490.765,727793.0172
16492.38,732365.7196
16493.995,723460.1323
16495.61,731468.4105
16497.225,739780.6234
16498.84,750966.7173
16500.455,731227.3602
16502.07,717142.2815
16503.685,731046.7009
16505.3,746672.6282
16506.915,750887.2418
16508.53,725500.2413
16510.145,745502.4389
16511.76,737642.8209
16513.375,746453.2566
16514.99,722801.8688
16516.605,734205.2311
16518.22,742285.3717
16519.835,741461.5578
16521.45,731469.2659
16523.065,709976.2677
16524.68,738390.4359
16526.295,742971.6568
16527.91,719855.854
16529.525,719808.8854
16531.14,743354.9611
16532.755,749974.9745
16534.37,734917.8753
16535.985,735888.0957
16537.6,732512.1855
16539.215,733559.3058
16540.83,726629.4424
16542.445,722998.5018
16544.06,722403.3571
16545.675,755185.4982
16547.29,744588.3362
16548.905,749505.7793
16550.52,734869.142
16552.135,740604.6475
16553.75,761654.3466
16555.365,732946.0194
16556.98,731997.6711
16558.595,736658.1908
16560.21,748832.2582
16561.825,761901.8439
16563.44,740770.8414
16565.055,752471.8606
16566.67,66.9811
16568.285,760560.6593
16569.9,765463.0401
16571.515,762552.4962
16573.13,772607.8326
16574.745,774449.4157
16576.36,777349.2336
16577.975,776592.7709
16579.59,775603.7746
16581.205,784260.9255
16582.82,783637.2962
16584.435,769676.5807
16586.05,789269.6727
16587.665,791343.157
16589.28,798988.3481
16590.895,764688.4541
16592.51,770377.785
16594.125,783015.1416
16595.74,765365.9267
16597.355,772204.2797
16598.97,757514.1988
16600.585,785619.9209
16602.2,783001.6561
16603.815,761918.0462
16605.43,787018.1436
16607.045,782702.9262
16608.66,784069.3784
16610.275,763234.2533
16611.89,779190.5489
16613.505,778822.6139
16615.12,792811.0721
16616.735,783536.8841
16618.35,770495.7514
16619.965,775109.9682
16621.58,798085.3487
16623.195,759120.8998
16624.81,758822.3484
16626.425,765610.4953
16628.04,771463.4725
16629.655,772615.719
16631.27,764923.3827
16632.885,766983.6493
16634.5,787449.097
16636.115,767947.5695
16637.73,768143.2968
16639.345,774668.7668
16640.96,785461.6636
16642.575,787105.3901
16644.19,787247.6962
16645.805,781330.3673
16647.42,766365.0873
16649.035,780866.9404
16650.65,753947.4816
16652.265,753874.522
16653.88,767718.3107
16655.495,783782.1741
16657.11,774603.4704
16658.725,755819.3457
16660.34,770893.5323
16661.955,781231.7774
16663.57,774476.6656
16665.185,763601.4631
16666.8,762640.3267
16668.415,787005.9337
16670.03,783058.6291
16671.645,772498.1133
16673.26,770366.4213
16674.875,778529.1893
16676.49,777544.0442
16678.105,772165.4987
16679.72,768622.6154
16681.335,785371.2744
16682.95,785669.6268
16684.565,773613.2022
16686.18,769283.1289
16687.795,787046.1113
16689.41,791716.2542
16691.025,762717.4721
16692.64,766612.8691
16694.255,781765.1477
16695.87,792202.8195
16697.485,809555.7535
16699.1,769896.3595
16700.715,788350.473
16702.33,788351.2019
16703.945,778008.9829
16705.56,799890.4715
16707.175,786055.3893
16708.79,808507.404
16710.405,821098.586
16712.02,807760.2353
16713.635,785229.4946
16715.25,794184.5627
16716.865,797242.0931
16718.48,780547.4802
16720.095,787962.6742
16721.71,784089.2422
16723.325,810498.259
16724.94,783286.3222
16726.555,770374.899
16728.17,793829.3061
16729.785,804119.4149
16731.4,780640.1381
16733.015,786612.3034
16734.63,775138.8899
16736.245,791414.5937
16737.86,789092.3568
16739.475,790977.7622
16741.09,803349.4536
16742.705,777600.173
16744.32,799040.6015
16745.935,773851.4799
16747.55,779985.6458
16749.165,802530.0542
16750.78,810054.828
16752.395,794125.5163
16754.01,786247.2841
16755.625,799829.5414
16757.24,808899.5783
16758.855,776934.6461
16760.47,783460.8915
16762.085,795761.8362
16763.7,787164.1167
16765.315,796626.4581
16766.93,791905.8729
16768.545,778293.3998
16770.16,790620.17
16771.775,811187.9155
16773.39,780912.6817
16775.005,772978.2762
16776.62,786222.8645
16778.235,792513.1139
16779.85,796135.6586
16781.465,772234.9437
16783.08,788079.3054
16784.695,804819.7228
16786.31,761921.9736
16787.925,803073.7469
16789.54,789376.0987
16791.155,797668.4405
16792.77,810727.1534
16794.385,781081.2224
16796,782194.5317
16797.615,787752.8551
16799.23,805500.8793
16800.845,791894.0908
16802.46,785128.7532
16804.075,781171.2452
16805.69,792184.9622
16807.305,787300.3476
16808.92,776778.3506
16810.535,795416.2121
16812.15,785377.3719
16813.765,768640.0357
16815.38,785789.3244
16816.995,774550.0789
16818.61,802287.0106
16820.225,787148.6247
16821.84,774612.85
16823.455,782789.3267
16825.07,791220.6682
16826.685,786724.864
16828.3,788231.6884
16829.915,805376.7336
16831.53,806647.6642
16833.145,804925.2265
16834.76,791564.7433
16836.375,779984.1879
16837.99,791273.8719
16839.605,804775.2795
16841.22,774923.2783
16842.835,785613.4664
16844.45,796463.7174
16846.065,799966.7244
16847.68,806946.1152
16849.295,786310.1557
16850.91,810442.2902
16852.525,794129.334
16854.14,786426.2606
16855.755,806731.69
16857.37,795542.686
16858.985,794776.3062
16860.6,793353.4184
16862.215,785903.7688
16863.83,786208.6501
16865.445,775194.3845
16867.06,820388.7609
16868.675,812501.2086
16870.29,789543.9383
16871.905,790194.334
16873.52,811558.4743
16875.135,794010.2723
16876.75,797375.1851
16878.365,770927.5918
16879.98,801763.7377
16881.595,821548.3024
16883.21,807877.3016
16884.825,797144.0426
16886.44,810227.4299
16888.055,805192.1915
16889.67,803519.8073
16891.285,788132.6448
16892.9,791492.6726
16894.515,812851.3477
16896.13,823084.0279
16897.745,801215.7216
16899.36,793894.2919
16900.975,808665.652
16902.59,817161.3211
16904.205,783079.2888
16905.82,781052.2747
16907.435,812795.4235
16909.05,815000.739
16910.665,788648.8495
16912.28,789979.126
16913.895,801535.5649
16915.51,813260.4533
16917.125,795960.2506
16918.74,795857.2314
16920.355,805271.9663
16921.97,825009.8618
16923.585,807317.8474
16925.2,784214.803
16926.815,794026.6568
16928.43,801308.4743
16930.045,790420.082
16931.66,785258.1057
16933.275,804929.9944
16934.89,824453.5465
16936.505,812553.7057
16938.12,812173.0718
16939.735,807920.6869
16941.35,806457.9842
16942.965,826952.6325
16944.58,791516.8468
16946.195,784295.5337
16947.81,813550.2294
16949.425,824630.7025
16951.04,811777.8422
16952.655,819711.4965
16954.27,814438.9232
16955.885,822348.1541
16957.5,809442.5513
16959.115,809992.5738
16960.73,808487.5124
16962.345,826175.0322
16963.96,826865.1014
16965.575,825394.8861
16967.19,808189.6063
16968.805,803883.4375
16970.42,825119.1924
16972.035,800620.1326
16973.65,796072.7536
16975.265,813086.3693
16976.88,813177.0188
16978.495,819455.0547
16980.11,813000.7052
16981.725,814081.7661
16983.34,818807.506
16984.955,818731.9914
16986.57,804446.674
16988.185,803962.2993
16989.8,834610.9501
16991.415,823442.5815
16993.03,789485.5651
16994.645,805938.8637
16996.26,807250.6394
16997.875,799047.2959
16999.49,823814.9218
17001.105,807098.9965
17002.72,809990.0318
17004.335,802762.1619
17005.95,810119.6241
17007.565,785955.4792
17009.18,789745.1402
17010.795,810171.8367
17012.41,799583.2193
17014.025,815584.4753
17015.64,799134.509
17017.255,821800.774
17018.87,802158.9003
17020.485,794335.1866
17022.1,783075.3484
17023.715,802826.5824
17025.33,824023.1193
17026.945,819216.381
17028.56,785006.4374
17030.175,797670.2963
17031.79,806162.7391
17033.405,804509.2164
17035.02,791049.4591
17036.635,793531.1155
17038.25,807971.0213
17039.865,818399.3265
17041.48,790844.0082
17043.095,812211.5757
17044.71,813647.1642
17046.325,814057.6775
17047.94,797112.8021
17049.555,801453.1866
17051.17,815433.3865
17052.785,816252.7208
17054.4,807492.0932
17056.015,814355.2265
17057.63,818241.0896
17059.245,817354.5994
17060.86,801726.727
17062.475,798504.3062
17064.09,819061.1175
17065.705,820991.5185
17067.32,811119.43
17068.935,797925.0552
17070.55,814899.5142
17072.165,813170.0009
17073.78,804220.7606
17075.395,791967.7291
17077.01,810622.0291
17078.625,821662.6761
17080.24,807029.6166
17081.855,818155.4051
17083.47,793302.2044
17085.085,804710.9389
17086.7,832203.1998
17088.315,784436.7668
17089.93,805340.6731
17091.545,802255.956
17093.16,839399.1487
17094.775,815891.1585
17096.39,797011.2704
17098.005,800959.847
17099.62,802152.8307
17101.235,786672.4414
17102.85,806927.8135
17104.465,796669.1125
17106.08,813212.2983
17107.695,799038.3701
17109.31,796230.8362
17110.925,815348.4124
17112.54,814339.4501
17114.155,799531.3378
17115.77,788857.4301
17117.385,790020.7316
17119,812001.342
17120.615,810050.1326
17122.23,810134.4504
17123.845,807727.5071
17125.46,801670.0106
17127.075,820142.6396
17128.69,804222.992
17130.305,797800.651
17131.92,799271.93
17133.535,829326.6635
17135.15,815493.8927
17136.765,804309.9448
17138.38,812810.4487
17139.995,816520.2214
17141.61,809112.9361
17143.225,802191.5801
17144.84,808134.4203
17146.455,830603.2546
17148.07,816243.676
17149.685,815857.309
17151.3,825845.1882
17152.915,816015.6872
17154.53,832730.0821
17156.145,826273.0697
17157.76,824386.0224
17159.375,838174.3256
17160.99,833095.1311
17162.605,832912.839
17164.22,821496.7853
17165.835,820798.7795
17167.45,817735.0865
17169.065,849787.1629
17170.68,820638.5212
17172.295,835509.2633
17173.91,814728.227
17175.525,844357.2119
17177.14,820795.9622
17178.755,798277.0687
17180.37,824895.0492
17181.985,825142.0612
17183.6,822918.9256
17185.215,819142.6608
17186.83,829564.9653
17188.445,832716.8495
17190.06,825055.8709
17191.675,796546.568
17193.29,804719.8648
17194.905,838556.6313
17196.52,841535.4338
17198.135,837306.2766
17199.75,806905.2422
17201.365,837953.7584
17202.98,845618.352
17204.595,813137.5665
17206.21,812858.6
17207.825,829190.5162
17209.44,845942.8627
17211.055,849576.0552
17212.67,811299.8104
17214.285,824101.4567
17215.9,837331.2876
17217.515,806264.3321
17219.13,816927.2628
17220.745,827808.215
17222.36,844142.4334
17223.975,842951.975
17225.59,821288.4483
17227.205,820645.0334
17228.82,827628.9392
17230.435,820855.7209
17232.05,827087.664
17233.665,815973.0105
17235.28,837733.8699
17236.895,843833.9651
17238.51,838733.5307
17240.125,818406.7238
17241.74,847357.1575
17243.355,873328.5786
17244.97,815589.299
17246.585,805792.5559
17248.2,814096.293
17249.815,833015.6463
17251.43,837850.2928
17253.045,814962.0454
17254.66,825337.3404
17256.275,841592.232
17257.89,802616.0419
17259.505,846603.5994
17261.12,826044.9527
17262.735,824237.6969
17264.35,825786.1995
17265.965,818229.9472
17267.58,806180.5815
17269.195,821306.0174
17270.81,826644.8373
17272.425,810488.8683
17274.04,802112.5844
17275.655,822087.2847
17277.27,823568.9921
17278.885,822652.3102
17280.5,812394.8012
17282.115,822435.3021
17283.73,821560.7577
17285.345,819101.5015
17286.96,816175.5828
17288.575,812142.9544
17290.19,841401.665
17291.805,829040.9281
17293.42,816806.6298
17295.035,793793.5915
17296.65,831674.3483
17298.265,822731.4137
17299.88,833574.5389
17301.495,810925.3502
17303.11,820566.696
17304.725,810950.7052
17306.34,812810.2609
17307.955,812500.6098
17309.57,808515.1211
17311.185,835470.778
17312.8,803635.6891
17314.415,839584.6466
17316.03,816824.6489
17317.645,809657.1661
17319.26,818920.552
17320.875,813886.5911
17322.49,796191.2072
17324.105,803701.0487
17325.72,829426.0678
17327.335,820746.738
17328.95,810665.9778
17330.565,822663.2276
17332.18,841054.5179
17333.795,815433.7659
17335.41,793200.4348
17337.025,801424.9196
17338.64,823114.6343
17340.255,837149.8212
17341.87,799373.9805
17343.485,809140.3664
17345.1,822393.6816
17346.715,841377.0631
17348.33,806793.2673
17349.945,811538.8003
17351.56,824632.2199
17353.175,823652.6925
17354.79,825184.7528
17356.405,809180.9251
17358.02,815800.8381
17359.635,812649.9134
17361.25,803625.3593
17362.865,793070.8759
17364.48,813560.1613
17366.095,829702.6783
17367.71,827926.0085
17369.325,805433.8293
17370.94,827086.7788
17372.555,827799.5942
17374.17,827523.787
17375.785,797759.9268
17377.4,802859.6378
17379.015,849294.9688
17380.63,840608.3514
17382.245,817675.6811
17383.86,813137.9459
17385.475,841937.0491
17387.09,832295.2552
17388.705,807922.9407
17390.32,813730.6787
17391.935,838575.3923
17393.55,825117.5448
17395.165,821829.0206
17396.78,812371.3374
17398.395,847184.868
17400.01,822010.7288
17401.625,795814.0897
17403.24,792341.187
17404.855,810691.3328
17406.47,809553.7377
17408.085,819558.2376
17409.7,815647.3933
17411.315,806345.483
17412.93,829171.5618
17414.545,808368.6813
17416.16,805913.1405
17417.775,807319.8669
17419.39,829045.1419
17421.005,825803.9991
17422.62,815010.4124
17424.235,830700.9537
17425.85,817528.5309
17427.465,831950.7133
17429.08,806271.2961
17430.695,822518.6194
17432.31,834722.4024
17433.925,827709.6996
17435.54,829061.4223
17437.155,806986.6832
17438.77,808868.7767
17440.385,840751.0034
17442,806449.7203
17443.615,810295.9824
17445.23,812585.6342
17446.845,830054.4036
17448.46,819583.654
17450.075,807505.9915
17451.69,827431.8153
17453.305,836730.5439
17454.92,820763.976
17456.535,817931.7622
17458.15,816010.6274
17459.765,848945.8859
17461.38,826139.563
17462.995,817628.2774
17464.61,814615.5101
17466.225,821720.6886
17467.84,823364.2422
17469.455,808217.8101
17471.07,821492.1885
17472.685,844192.4182
17474.3,863952.3438
17475.915,822800.154
17477.53,811177.091
17479.145,808882.4091
17480.76,825253.534
17482.375,828709.7658
17483.99,846894.3369
17485.605,829779.3979
17487.22,828311.758
17488.835,825931.9476
17490.45,839398.0218
17492.065,813050.6956
17493.68,806805.6296
17495.295,844452.1105
17496.91,817531.5657
17498.525,807477.3971
17500.14,800027.8386
17501.755,827085.4697
17503.37,807374.1919
17504.985,816273.9439
17506.6,798935.5367
17508.215,814750.3687
17509.83,808178.527
17511.445,788036.7309
17513.06,803512.4825
17514.675,822949.6379
17516.29,819099.3537
17517.905,795002.917
17519.52,816807.0092
17521.135,805128.7807
17522.75,810988.9786
17524.365,788327.4182
17525.98,797641.1943
17527.595,806634.1546
17529.21,822604.8097
17530.825,795612.4583
17532.44,786212.3413
17534.055,798007.2475
17535.67,810705.0433
17537.285,800211.9345
17538.9,797326.7586
17540.515,795929.0101
17542.13,810397.2146
17543.745,802577.6588
17545.36,796284.5922
17546.975,826148.5726
17548.59,813990.6777
17550.205,811563.1697
17551.82,790307.0006
17553.435,786422.7628
17555.05,802698.1579
17556.665,806305.1344
17558.28,808781.1303
17559.895,791434.0353
17561.51,817821.578
17563.125,799779.8355
17564.74,790066.0192
17566.355,793419.1406
17567.97,801054.6842
17569.585,811598.6667
17571.2,809923.6402
17572.815,795734.5138
17574.43,793871.6481
17576.045,802048.0579
17577.66,801045.909
17579.275,804673.19
17580.89,797495.4983
17582.505,834291.2705
17584.12,808242.4139
17585.735,804626.8871
17587.35,804086.1289
17588.965,786439.8837
17590.58,816410.1097
17592.195,789847.9084
17593.81,801688.6061
17595.425,797629.3861
17597.04,825698.276
17598.655,806082.3543
17600.27,811898.6072
17601.885,816141.8208
17603.5,813790.6548
17605.115,794024.827
17606.73,792747.4995
17608.345,802531.3373
17609.96,802253.5386
17611.575,814577.3856
17613.19,809706.2435
17614.805,805671.0266
17616.42,807782.178
17618.035,820605.7689
17619.65,815867.9308
17621.265,801129.4383
17622.88,819422.4307
17624.495,827126.7369
17626.11,819509.1119
17627.725,807534.5394
17629.34,812244.579
17630.955,811792.8674
17632.57,789586.2655
17634.185,824217.3348
17635.8,802548.4638
17637.415,813760.8369
17639.03,824491.2285
17640.645,808380.0822
17642.26,800263.0871
17643.875,795166.9464
17645.49,816977.123
17647.105,840127.6382
17648.72,820088.3778
17650.335,820053.6674
17651.95,821655.9687
17653.565,826283.221
17655.18,817029.8767
17656.795,806461.5527
17658.41,823401.4221
17660.025,824536.6221
17661.64,812802.7911
17663.255,805227.0451
17664.87,828097.8145
17666.485,822065.924
17668.1,816773.2471
17669.715,808877.0405
17671.33,817078.7309
17672.945,849638.4191
17674.56,826522.064
17676.175,805616.1976
17677.79,813136.6832
17679.405,817040.1712
17681.02,820575.1235
17682.635,827843.3346
17684.25,819852.2331
17685.865,798767.4331
17687.48,821055.7177
17689.095,817096.0731
17690.71,808359.4226
17692.325,808875.3502
17693.94,815049.8647
17695.555,821634.7939
17697.17,822804.9628
17698.785,811058.3548
17700.4,829520.1463
17702.015,840304.0708
17703.63,816985.1135
17705.245,804331.5491
17706.86,804389.7661
17708.475,828942.0036
17710.09,824501.7238
17711.705,825017.9471
17713.32,817496.8553
17714.935,835450.0849
17716.55,848017.2322
17718.165,812423.5499
17719.78,805032.0839
17721.395,827562.3337
17723.01,833329.3307
17724.625,835305.2405
17726.24,815402.6593
17727.855,817162.8385
17729.47,817672.8732
17731.085,798284.466
17732.7,802039.132
17734.315,820259.4754
17735.93,822357.1562
17737.545,809820.3494
17739.16,801458.0215
17740.775,827945.545
17742.39,827989.648
17744.005,794737.9659
17745.62,811012.1207
17747.235,801304.0504
17748.85,806564.0996
17750.465,824449.091
17752.08,808258.38
17753.695,817050.7409
17755.31,826653.7706
17756.925,824990.9408
17758.54,798109.5229
17760.155,792652.9338
17761.77,839150.8647
17763.385,814274.0366
17765,808010.0868
17766.615,825905.5159
17768.23,822286.8632
17769.845,829566.6891
17771.46,798280.7878
17773.075,801778.5639
17774.69,810673.4123
17776.305,825912.7942
17777.92,824652.3086
17779.535,811663.2267
17781.15,815352.5852
17782.765,832392.9654
17784.38,802893.2567
17785.995,806939.7295
17787.61,798275.4044
17789.225,821683.9196
17790.84,807044.493
17792.455,809121.2092
17794.07,822541.8173
17795.685,809596.9352
17797.3,820538.9235
17798.915,825151.4463
17800.53,824792.8946
17802.145,817969.3344
17803.76,832790.7816
17805.375,820233.2891
17806.99,810643.44
17808.605,811637.7322
17810.22,820691.0016
17811.835,825164.6622
17813.45,823622.4301
17815.065,822848.058
17816.68,826993.4292
17818.295,835023.0718
17819.91,808026.8023
17821.525,816323.4508
17823.14,819962.8133
17824.755,806078.7858
17826.37,804148.4239
17827.985,815577.4257
17829.6,813200.3525
17831.215,811635.8541
17832.83,817556.7385
17834.445,807651.6113
17836.06,807164.9921
17837.675,813756.8537
17839.29,814402.9315
17840.905,795657.3777
17842.52,804400.9513
17844.135,818513.7002
17845.75,797956.8536
17847.365,806080.8518
17848.98,802694.4388
17850.595,105.1206
17852.21,794431.5115
17853.825,797293.7367
17855.44,820669.3508
17857.055,824132.4276
17858.67,807081.9054
17860.285,807819.927
17861.9,798700.3032
17863.515,815246.0718
17865.13,798838.468
17866.745,788767.5913
17868.36,799721.5701
17869.975,824690.9985
17871.59,817891.5679
17873.205,799285.1328
17874.82,811755.4922
17876.435,796551.8993
17878.05,802228.3918
17879.665,786318.7487
17881.28,789952.4042
17882.895,807152.1482
17884.51,819217.3387
17886.125,799537.4743
17887.74,785674.5974
17889.355,784488.8863
17890.97,814622.7178
17892.585,792850.7048
17894.2,795493.3483
17895.815,789616.8254
17897.43,799051.3869
17899.045,793693.6405
17900.66,811878.511
17902.275,809682.9544
17903.89,787428.1101
17905.505,807681.7863
17907.12,819938.8474
17908.735,793714.4675
17910.35,798459.6843
17911.965,802045.0826
17913.58,807403.3869
17915.195,786339.6779
17916.81,786323.0944
17918.425,792912.5089
17920.04,805545.1348
17921.655,799924.2782
17923.27,782558.4575
17924.885,787282.8585
17926.5,792623.2943
17928.115,775046.1316
17929.73,758145.8
17931.345,773348.3218
17932.96,789716.8805
17934.575,777646.9668
17936.19,776380.9026
17937.805,788529.1872
17939.42,771137.5317
17941.035,778532.9772
17942.65,752974.4515
17944.265,747190.9044
17945.88,762722.6231
17947.495,777396.0628
17949.11,773927.9298
17950.725,754384.5326
17952.34,771300.0512
17953.955,774351.6645
17955.57,775448.7157
17957.185,735175.1781
17958.8,744952.6153
17960.415,770497.5551
17962.03,776097.3504
17963.645,759378.9966
17965.26,765075.4793
17966.875,772330.363
17968.49,766502.9323
17970.105,765812.2197
17971.72,775442.4025
17973.335,773524.6968
17974.95,794497.574
17976.565,784384.6472
17978.18,785519.5887
17979.795,786110.7204
17981.41,794664.3648
17983.025,790051.8903
17984.64,778418.4138
17986.255,785829.606
17987.87,776158.3605
17989.485,782192.1626
17991.1,792312.5406
17992.715,785239.9471
17994.33,784121.1335
17995.945,783092.0453
17997.56,780671.2187
17999.175,769286.8666
18000.79,773312.6946
18002.405,801632.2617
18004.02,790144.8122
18005.635,754114.8824
18007.25,765404.3079
18008.865,760990.9805
18010.48,741410.1951
18012.095,735283.6756
18013.71,744845.6184
18015.325,763474.5374
18016.94,757509.0757
18018.555,735426.322
18020.17,736489.9198
18021.785,750080.3163
18023.4,731214.3582
18025.015,732565.4282
18026.63,736470.2067
18028.245,768336.9507
18029.86,755839.2132
18031.475,730205.5057
18033.09,731654.0311
18034.705,739978.2642
18036.32,750755.3864
18037.935,726515.05
18039.55,726800.3502
18041.165,748593.6589
18042.78,752342.0284
18044.395,730426.7256
18046.01,757971.9187
18047.625,754004.542
18049.24,745740.0806
18050.855,728838.7559
18052.47,755106.7089
18054.085,753499.3663
18055.7,745307.9798
18057.315,718356.3098
18058.93,756695.9207
18060.545,748138.6595
18062.16,734642.5926
18063.775,735643.3877
18065.39,726269.4922
18067.005,780657.5509
18068.62,760472.2357
18070.235,760894.0122
18071.85,760982.1644
18073.465,764453.347
18075.08,786325.9284
18076.695,752798.1398
18078.31,762005.3411
18079.925,761240.9306
18081.54,776436.4586
18083.155,770448.3104
18084.77,763878.5217
18086.385,777118.2826
18088,778492.7532
18089.615,757433.8735
18091.23,760019.3804
18092.845,778633.2704
18094.46,787962.6742
18096.075,789076.32
18097.69,779293.9866
18099.305,785497.3131
18100.92,794636.9122
18102.535,796029.0671
18104.15,798983.8851
18105.765,774747.7718
18107.38,804089.848
18108.995,804460.8401
18110.61,794911.2763
18112.225,781727.2779
18113.84,800576.407
18115.455,804971.429
18117.07,789385.2328
18118.685,801261.1449
18120.3,782336.8582
18121.915,797697.7117
18123.53,806863.9303
18125.145,796375.489
18126.76,813930.4245
18128.375,801502.0929
18129.99,779972.9246
18131.605,787724.6885
18133.22,786719.8935
18134.835,781917.1681
18136.45,788298.3311
18138.065,789533.43
18139.68,772330.1826
18141.295,781776.7364
18142.91,807490.215
18144.525,793555.6616
18146.14,788212.5424
18147.755,804125.5105
18149.37,797447.5218
18150.985,794260.4585
18152.6,784851.689
18154.215,786431.4153
18155.83,804162.5565
18157.445,781395.1095
18159.06,785602.9841
18160.675,788745.6839
18162.29,817661.8721
18163.905,804552.7895
18165.52,786469.339
18167.135,782301.5044
18168.75,787864.049
18170.365,800870.7744
18171.98,793793.3126
18173.595,789665.6108
18175.21,805892.0978
18176.825,799073.828
18178.44,795722.5997
18180.055,800856.7794
18181.67,798340.1076
18183.285,798914.8957
18184.9,796394.4564
18186.515,788676.3114
18188.13,792941.7801
18189.745,824520.7247
18191.36,795442.5509
18192.975,805040.357
18194.59,802235.8728
18196.205,807044.1546
18197.82,799743.1409
18199.435,803123.7056
18201.05,804740.4873
18202.665,796628.5743
18204.28,801010.2242
18205.895,804883.1225
18207.51,793805.9575
18209.125,803416.3213
18210.74,804229.5005
18212.355,792954.2819
18213.97,788081.8344
18215.585,797367.0756
18217.2,775590.6536
18218.815,772563.7705
18220.43,783697.7764
18222.045,783614.381
18223.66,804047.8221
18225.275,785754.3108
18226.89,783315.1025
18228.505,787165.026
18230.12,804265.2039
18231.735,790522.7293
18233.35,773950.5271
18234.965,774751.6378
18236.58,793504.9293
18238.195,803392.281
18239.81,794089.7255
18241.425,792152.2563
18243.04,813437.9384
18244.655,792057.5679
18246.27,783654.1457
18247.885,778464.8841
18249.5,809617.5576
18251.115,796810.738
18252.73,786479.9999
18254.345,785564.9915
18255.96,796191.8079
18257.575,808379.5188
18259.19,774657.9683
18260.805,790588.2991
18262.42,797864.2478
18264.035,779855.5291
18265.65,772938.2325
18267.265,784305.3744
18268.88,798884.5347
18270.495,796644.8677
18272.11,793133.3569
18273.725,777388.05
18275.34,803087.4574
18276.955,786047.2073
18278.57,788363.8692
18280.185,805356.3901
18281.8,810822.052
18283.415,805792.7437
18285.03,775642.9554
18286.645,776547.3903
18288.26,810241.1404
18289.875,805663.527
18291.49,771595.6886
18293.105,801844.4367
18294.72,776069.0313
18296.335,773935.1747
18297.95,775661.179
18299.565,774604.3909
18301.18,813774.5902
18302.795,793935.8976
18304.41,783537.9775
18306.025,784523.6935
18307.64,792004.5483
18309.255,780900.4217
18310.87,774425.2526
18312.485,780100.9921
18314.1,784969.9901
18315.715,779206.9502
18317.33,782592.1712
18318.945,781750.3568
18320.56,790975.8208
18322.175,808042.5788
18323.79,785300.3305
18325.405,777750.1534
18327.02,786072.4284
18328.635,805147.9341
18330.25,820325.3631
18331.865,772453.7407
18333.48,790797.8001
18335.095,796401.493
18336.71,777709.1503
18338.325,794011.0663
18339.94,800791.7433
18341.555,800564.8778
18343.17,776907.9634
18344.785,779649.0554
18346.4,799642.1672
18348.015,804980.4441
18349.63,782327.5641
18351.245,789260.7432
18352.86,797549.2394
18354.475,802050.1034
18356.09,798031.9795
18357.705,781402.8973
18359.32,792513.7573
18360.935,786765.1996
18362.55,793274.3111
18364.165,807370.8447
18365.78,785993.7935
18367.395,798336.5242
18369.01,816531.4382
18370.625,770675.4066
18372.24,776107.1112
18373.855,773655.9515
18375.47,781721.4965
18377.085,775658.6277
18378.7,785852.0137
18380.315,781773.6254
18381.93,783881.6751
18383.545,784004.3201
18385.16,763152.1354
18386.775,755010.6071
18388.39,769566.0898
18390.005,784325.1749
18391.62,788745.868
18393.235,771578.7332
18394.85,789580.7501
18396.465,784965.211
18398.08,768476.9454
18399.695,779872.094
18401.31,771202.7686
18402.925,796101.785
18404.54,784899.1857
18406.155,781350.1864
18407.77,794389.5097
18409.385,798168.3964
18411,804073.4858
18412.615,774571.0416
18414.23,770034.8889
18415.845,811462.8765
18417.46,806068.2087
18419.075,817476.5601
18420.69,796017.285
18422.305,799868.4749
18423.92,815943.6109
18425.535,794291.2025
18427.15,804925.0387
18428.765,804962.226
18430.38,828206.6059
18431.995,822167.9206
18433.61,810429.331
18435.225,810963.101
18436.84,812816.271
18438.455,821842.3127
18440.07,813923.6278
18441.685,808813.7469
18443.3,816477.1597
18444.915,832820.7056
18446.53,819681.1467
18448.145,808223.6361
18449.76,813306.3768
18451.375,833120.1979
18452.99,807929.702
18454.605,805995.1468
18456.22,811277.8788
18457.835,810207.475
18459.45,826175.9805
18461.065,809882.0382
18462.68,820521.0253
18464.295,815529.9309
18465.91,817790.4714
18467.525,804763.8935
18469.14,814814.2462
18470.755,796761.5324
18472.37,825848.6303
18473.985,817901.5481
18475.6,809289.8578
18477.215,809171.91
18478.83,790047.2749
18480.445,810554.7913
18482.06,808955.3594
18483.675,825902.2598
18485.29,832531.9689
18486.905,810245.4601
18488.52,817849.6498
18490.135,826810.1312
18491.75,788264.1153
18493.365,795240.5847
18494.98,805350.2535
18496.595,823227.87
18498.21,812792.4185
18499.825,786538.5591
18501.44,790821.3644
18503.055,788982.2471
18504.67,803421.2045
18506.285,797929.4884
18507.9,808461.9695
18509.515,798533.6909
18511.13,833735.6191
18512.745,815605.2316
18514.36,801707.9455
18515.975,790154.017
18517.59,816211.4015
18519.205,803072.8078
18520.82,811244.0721
18522.435,804188.4043
18524.05,806420.7968
18525.665,826378.605
18527.28,804250.3275
18528.895,802606.6511
18530.51,819307.2983
18532.125,828067.9352
18533.74,835876.9046
18535.355,815202.4597
18536.97,824005.5354
18538.585,814845.6113
18540.2,820316.5525
18541.815,799996.2262
18543.43,802472.3634
18545.045,835366.1521
18546.66,828820.8555
18548.275,822021.5886
18549.89,818982.7652
18551.505,800120.6304
18553.12,821682.3818
18554.735,813683.7881
18556.35,796137.6521
18557.965,799585.4508
18559.58,823263.1494
18561.195,836729.1901
18562.81,811581.5756
18564.425,801356.8617
18566.04,818585.9662
18567.655,806017.5581
18569.27,799031.8616
18570.885,788354.8485
18572.5,843038.4182
18574.115,832307.7328
18575.73,829570.9028
18577.345,820195.503
18578.96,824195.5892
18580.575,825981.938
18582.19,802635.5746
18583.805,807350.1051
18585.42,812686.5206
18587.035,821733.9937
18588.65,828957.4193
18590.265,809784.3745
18591.88,816837.9112
18593.495,788138.1677
18595.11,815152.6683
18596.725,800881.0019
18598.34,800893.8328
18599.955,792318.4317
18601.57,793467.303
18603.185,797185.5106
18604.8,794310.5326
18606.415,776889.5445
18608.03,787916.5163
18609.645,803652.4809
18611.26,819400.0621
18612.875,801355.5117
18614.49,789500.1086
18616.105,791537.129
18617.72,818564.1536
18619.335,771514.6995
18620.95,788697.819
18622.565,801486.6586
18624.18,814612.4754
18625.795,809127.1933
18627.41,797138.4639
18629.025,812069.7066
18630.64,812962.1176
18632.255,791208.3338
18633.87,794835.7784
18635.485,803320.5506
18637.1,805657.8925
18638.715,803552.065
18640.33,800014.805
18641.945,813849.0653
18643.56,799295.3604
18645.175,811202.565
18646.79,821533.7514
18648.405,824050.5087
18650.02,818194.0987
18651.635,827012.008
18653.25,821206.1296
18654.865,822393.4919
18656.48,815484.7232
18658.095,820084.5843
18659.71,812332.9673
18661.325,68.4651
18662.94,807401.7542
18664.555,826894.4061
18666.17,827642.9212
18667.785,798049.5095
18669.4,822645.5693
18671.015,815678.6357
18672.63,816847.2964
18674.245,813245.4913
18675.86,828699.4229
18677.475,820581.2526
18679.09,829220.297
18680.705,810705.9396
18682.32,817573.4838
18683.935,825986.3432
18685.55,819885.0468
18687.165,817108.2123
18688.78,808391.3418
18690.395,829728.9631
18692.01,819795.3307
18693.625,809244.0309
18695.24,800012.1756
18696.855,807741.5114
18698.47,831509.8019
18700.085,812949.0301
18701.7,813204.1423
18703.315,814030.554
18704.93,833117.1556
18706.545,835249.5357
18708.16,800305.656
18709.775,816755.7971
18711.39,817173.8396
18713.005,835144.9098
18714.62,63.0128
18716.235,810489.1416
18717.85,818566.0504
18719.465,823701.1078
18721.08,828461.7292
18722.695,815659.4785
18724.31,823498.8906
18725.925,815440.7969
18727.54,832683.5226
18729.155,822338.0028
18730.77,809320.9588
18732.385,812918.3028
18734,805280.0089
18735.615,817965.0891
18737.23,817355.5478
18738.845,813128.8415
18740.46,820301.572
18742.075,831852.6479
18743.69,798409.6103
18745.305,811662.7116
18746.92,807418.5014
18748.535,812097.771
18750.15,812225.593
18751.765,814460.1667
18753.38,827564.7753
18754.995,822769.5234
18756.61,808565.2677
18758.225,802333.756
18759.84,808842.6704
18761.455,841691.283
18763.07,826320.1871
18764.685,827713.7888
18766.3,811371.9741
18767.915,813490.5266
18769.53,830901.8543
18771.145,803586.2938
18772.76,804389.2361
18774.375,809424.3332
18775.99,812893.4629
18777.605,822009.5907
18779.22,801520.1306
18780.835,825978.1073
18782.45,841852.9601
18784.065,838229.7775
18785.68,807964.2599
18787.295,801107.0828
18788.91,837030.8841
18790.525,842102.4285
18792.14,815891.5527
18793.755,821498.7973
18795.37,812124.4221
18796.985,820036.0277
18798.6,801689.7386
18800.215,801591.3515
18801.83,823191.6421
18803.445,820923.5146
18805.06,822928.3739
18806.675,796938.3759
18808.29,810272.7231
18809.905,816603.6781
18811.52,815680.5324
18813.135,802018.4147
18814.75,810728.3323
18816.365,824482.6095
18817.98,826159.6685
18819.595,805910.909
18821.21,810822.7791
18822.825,818326.6812
18824.44,801652.9269
18826.055,821873.1497
18827.67,811957.0325
18829.285,835941.5166
18830.9,817223.3447
18832.515,820614.9626
18834.13,804252.8341
18835.745,815535.2417
18837.36,827744.8173
18838.975,801119.5009
18840.59,809181.9051
18842.205,818123.3501
18843.82,819531.3039
18845.435,814272.7758
18847.05,811914.5454
18848.665,811240.6915
18850.28,818150.4736
18851.895,802487.9521
18853.51,809698.2883
18855.125,805402.8399
18856.74,831285.5156
18858.355,822822.5356
18859.97,804179.6644
18861.585,793949.7048
18863.2,804178.1768
18864.815,809494.576
18866.43,829103.2939
18868.045,808178.7446
18869.66,796879.5899
18871.275,823278.5131
18872.89,812098.1503
18874.505,786297.2094
18876.12,794259.5381
18877.735,833331.0713
18879.35,808578.9782
18880.965,807046.3526
18882.58,801864.2187
18884.195,798688.9599
18885.81,807477.068
18887.425,817889.8608
18889.04,802373.385
18890.655,800718.5476
18892.27,802608.7134
18893.885,793318.2561
18895.5,806778.3964
18897.115,797076.3883
18898.73,819485.4863
18900.345,791852.8533
18901.96,807888.1354
18903.575,801438.723
18905.19,811573.4995
18906.805,800936.7885
18908.42,802047.8719
18910.035,796106.4116
18911.65,833690.2032
18913.265,806642.7941
18914.88,799000.5579
18916.495,785930.5575
18918.11,823093.5804
18919.725,812526.4725
18921.34,787973.2439
18922.955,795620.9267
18924.57,803570.3295
18926.185,811175.5197
18927.8,800995.5504
18929.415,802140.4777
18931.03,786442.6414
18932.645,804233.7774
18934.26,781103.1186
18935.875,774958.1115
18937.49,781539.1356
18939.105,802093.9889
18940.72,797002.5305
18942.335,798187.4382
18943.95,788277.3442
18945.565,811063.9576
18947.18,799343.1509
18948.795,802257.6296
18950.41,777388.7789
18952.025,797893.4428
18953.64,824102.4144
18955.255,801385.127
18956.87,798989.8989
18958.485,790405.0047
18960.1,799490.8051
18961.715,802286.9901
18963.33,782997.2824
18964.945,792735.4124
18966.56,805169.133
18968.175,803265.3218
18969.79,806588.5304
18971.405,796095.9981
18973.02,801576.4267
18974.635,808826.5034
18976.25,798344.5705
18977.865,782776.7766
18979.48,820432.2577
18981.095,812442.0302
18982.71,803923.046
18984.325,822505.9782
18985.94,830858.5341
18987.555,807278.7968
18989.17,800523.4097
18990.785,795976.9717
18992.4,809019.5921
18994.015,834349.8687
18995.63,819887.1332
18997.245,803384.3928
18998.86,818229.0974
19000.475,806269.9889
19002.09,828458.4731
19003.705,797131.7695
19005.32,801671.8702
19006.935,834617.1387
19008.55,828219.0556
19010.165,796586.9203
19011.78,820739.8074
19013.395,815442.4909
19015.01,815935.6446
19016.625,793584.5851
19018.24,810068.6333
19019.855,826134.2075
19021.47,831047.6303
19023.085,822007.3146
19024.7,812113.2797
19026.315,808826.5183
19027.93,819483.5059
19029.545,816175.9696
19031.16,814157.6359
19032.775,807370.7647
19034.39,811754.3653
19036.005,817463.2829
19037.62,805773.7744
19039.235,813271.8561
19040.85,816121.7153
19042.465,804620.4028
19044.08,787673.6939
19045.695,798477.5286
19047.31,832445.9088
19048.925,823141.5681
19050.54,827240.1251
19052.155,11.0216
19053.77,809420.0135
19055.385,810093.8935
19057,814257.5944
19058.615,825469.6216
19060.23,814750.577
19061.845,824315.8428
19063.46,843044.5287
19065.075,796215.9393
19066.69,811627.7576
19068.305,824663.0345
19069.92,802746.9489
19071.535,810391.3923
19073.15,800417.2292
19074.765,824950.5271
19076.38,803058.1582
19077.995,801392.3792
19079.61,804174.9058
19081.225,814603.5607
19082.84,812376.2131
19084.455,803080.2962
19086.07,822215.0082
19087.685,834475.1878
19089.3,807621.4531
19090.915,800232.9474
19092.53,823442.7712
19094.145,818572.4435
19095.76,820737.4439
19097.375,815839.1003
19098.99,794544.9442
19100.605,807279.7154
19102.22,810376.3671
19103.835,805528.3988
19105.45,797956.6676
19107.065,821923.0992
19108.68,797003.3804
19110.295,824724.9707
19111.91,805549.0398
19113.525,803397.5361
19115.14,821256.583
19116.755,813264.9608
19118.37,794663.5838
19119.985,799564.6238
19121.6,822097.5216
19123.215,832659.9639
19124.83,815699.1205
19126.445,796453.0324
19128.06,803253.4207
19129.675,816403.0025
19131.29,792991.6589
19132.905,801140.3799
19134.52,791052.4047
19136.135,819083.103
19137.75,823952.6348
19139.365,797464.2782
19140.98,797876.1489
19142.595,800397.8898
19144.21,816972.3681
19145.825,806683.5499
19147.44,787726.5294
19149.055,801090.9455
19150.67,809895.003
19152.285,798235.2715
19153.9,797623.0637
19155.515,789762.9975
19157.13,804551.4748
19158.745,804432.9635
19160.36,809154.2554
19161.975,795557.7818
19163.59,812188.5935
19165.205,814898.5045
19166.82,795500.8962
19168.435,795842.7268
19170.05,797618.3664
19171.665,795485.4322
19173.28,809392.2169
19174.895,787706.6471
19176.51,797279.446
19178.125,806226.2893
19179.74,806544.0034
19181.355,788577.2363
19182.97,794983.9551
19184.585,816377.3965
19186.2,799983.4399
19187.815,796347.9676
19189.43,783221.3364
19191.045,804968.6731
19192.66,821689.8516
19194.275,788184.9281
19195.89,788087.1732
19197.505,785140.5354
19199.12,805407.1596
19200.735,794998.3146
19202.35,790151.8079
19203.965,808383.4629
19205.58,833068.056
19207.195,796376.0878
19208.81,773838.0874
19210.425,799261.1446
19212.04,821690.4262
19213.655,811042.1711
19215.27,792601.0187
19216.885,810947.3245
19218.5,812190.8082
19220.115,820966.1914
19221.73,783605.7285
19223.345,775668.9557
19224.96,795041.393
19226.575,811531.5964
19228.19,793817.3399
19229.805,778903.1103
19231.42,795307.9638
19233.035,793042.2964
19234.65,802840.0419
19236.265,787972.3327
19237.88,770106.4984
19239.495,783402.0292
19241.11,801665.7336
19242.725,785789.5066
19244.34,771273.5953
19245.955,793183.193
19247.57,799572.248
19249.185,770925.4087
19250.8,754890.8333
19252.415,770065.9137
19254.03,787155.3675
19255.645,797253.5703
19257.26,784563.7855
19258.875,786275.8952
19260.49,806044.4157
19262.105,774190.1678
19263.72,784980.0038
19265.335,774675.08
19266.95,773827.8505
19268.565,782399.183
19270.18,775411.7385
19271.795,783220.0477
19273.41,767816.2552
19275.025,768863.9706
19276.64,786535.7642
19278.255,781639.2577
19279.87,783957.1674
19281.485,771631.2228
19283.1,778545.0625
19284.715,773543.9376
19286.33,756068.2563
19287.945,753917.4498
19289.56,779634.4765
19291.175,782351.4371
19292.79,772048.9753
19294.405,764796.9925
19296.02,793900.6088
19297.635,777188.9903
19299.25,769485.281
19300.865,763290.8432
19302.48,763169.0945
19304.095,805240.9118
19305.71,800893.063
19307.325,765061.912
19308.94,781093.4601
19310.555,809605.199
19312.17,778312.7168
19313.785,781835.5262
19315.4,786209.0145
19317.015,805344.6749
19318.63,809258.8683
19320.245,803586.8573
19321.86,775581.724
19323.475,783631.8701
19325.09,796716.2969
19326.705,788225.9814
19328.32,776665.3009
19329.935,790424.504
19331.55,791161.5735
19333.165,769732.2167
19334.78,788859.087
19336.395,804123.134
19338.01,790385.9778
19339.625,780672.3121
19341.24,787926.9559
19342.855,791266.1399
19344.47,781417.9225
19346.085,778136.6766
19347.7,758042.7584
19349.315,767122.1786
19350.93,784466.6535
19352.545,772717.0907
19354.16,785099.9246
19355.775,765867.2029
19357.39,792452.976
19359.005,785868.9616
19360.62,762503.893
19362.235,763871.9166
19363.85,785490.8697
19365.465,779961.7728
19367.08,782754.1793
19368.695,781643.6314
19370.31,780792.8446
19371.925,805833.1797
19373.54,759062.9561
19375.155,777619.3078
19376.77,780403.3313
19378.385,783916.3
19380,783943.2709
19381.615,784238.4937
19383.23,786790.5305
19384.845,803262.9044
19386.46,777608.9073
19388.075,785361.7981
19389.69,777734.9906
19391.305,791049.9129
19392.92,780107.666
19394.535,768981.6692
19396.15,779134.9557
19397.765,788537.8119
19399.38,776449.9869
19400.995,767834.2929
19402.61,770589.7276
19404.225,802710.9888
19405.84,801549.6975
19407.455,796404.684
19409.07,794256.5274
19410.685,793079.852
19412.3,797925.799
19413.915,783901.7545
19415.53,786751.1674
19417.145,803955.7741
19418.76,812614.3699
19420.375,799867.5451
19421.99,812414.9104
19423.605,795692.54
19425.22,795638.9197
19426.835,796384.5562
19428.45,814752.2971
19430.065,821710.3457
19431.68,815524.4303
19433.295,808930.1922
19434.91,822410.5626
19436.525,809977.0726
19438.14,822374.5244
19439.755,828845.9465
19441.37,800955.9419
19442.985,815167.6526
19444.6,817426.4861
19446.215,834064.033
19447.83,830211.6326
19449.445,812044.3516
19451.06,806542.1253
19452.675,813234.4902
19454.29,836095.6327
19455.905,815100.8872
19457.52,814324.3598
19459.135,818931.5531
19460.75,832424.9516
19462.365,838560.0473
19463.98,803572.3341
19465.595,834775.7493
19467.21,826808.982
19468.825,799185.0888
19470.44,810075.4876
19472.055,807740.7602
19473.67,829070.9823
19475.285,828624.3416
19476.9,823276.925
19478.515,810161.0048
19480.13,800106.6837
19481.745,817273.4187
19483.36,811279.9448
19484.975,813575.9043
19486.59,819323.4206
19488.205,827225.9516
19489.82,812529.8495
19491.435,799686.0526
19493.05,809770.0857
19494.665,849567.9736
19496.28,815457.8545
19497.895,837331.8083
19499.51,818610.6239
19501.125,821623.6031
19502.74,831419.0148
19504.355,821438.4808
19505.97,804738.1628
19507.585,809868.5267
19509.2,834348.528
19510.815,841331.9596
19512.43,812228.0774
19514.045,818566.4297
19515.66,825235.1467
19517.275,833338.4202
19518.89,813582.9315
19520.505,808668.8356
19522.12,819665.0244
19523.735,839878.6904
19525.35,838452.9519
19526.965,827621.3187
19528.58,827957.2285
19530.195,824139.7635
19531.81,815662.3236
19533.425,815092.3518
19535.04,808749.3264
19536.655,822374.3943
19538.27,831973.835
19539.885,808752.1213
19541.5,817874.1179
19543.115,820662.1432
19544.73,827284.1779
19546.345,811244.3511
19547.96,824196.6491
19549.575,816606.9026
19551.19,815336.7474
19552.805,805213.1468
19554.42,809457.1228
19556.035,826851.999
19557.65,802686.6603
19559.265,819551.374
19560.88,827468.151
19562.495,822971.0228
19564.11,815813.0461
19565.725,795318.5186
19567.34,804027.6589
19568.955,815199.1385
19570.57,789918.1903
19572.185,800200.2193
19573.8,801467.1333
19575.415,822218.8686
19577.03,816630.9913
19578.645,788610.3735
19580.26,808415.767
19581.875,818485.0594
19583.49,823178.0711
19585.105,808060.609
19586.72,799366.3953
19588.335,832941.902
19589.95,826101.8178
19591.565,812082.1024
19593.18,809385.8312
19594.795,813948.8043
19596.41,824247.9394
19598.025,792373.5433
19599.64,810197.0039
19601.255,823678.7411
19602.87,822886.3648
19604.485,831281.3018
19606.1,813767.7414
19607.715,807081.6841
19609.33,829481.5717
19610.945,803572.5833
19612.56,810470.6502
19614.175,820157.7987
19615.79,835926.4133
19617.405,842363.5192
19619.02,833381.7404
19620.635,826019.4786
19622.25,810804.5703
19623.865,831425.3708
19625.48,808872.7208
19627.095,819836.1851
19628.71,832744.7019
19630.325,837041.6882
19631.94,835790.0708
19633.555,818291.9708
19635.17,822001.4347
19636.785,832997.4673
19638.4,810427.0772
19640.015,813859.6573
19641.63,811606.8934
19643.245,835140.4617
19644.86,833298.1944
19646.475,823876.5567
19648.09,823659.9484
19649.705,850155.7637
19651.32,835085.3446
19652.935,807393.6782
19654.55,827255.4478
19656.165,854225.5069
19657.78,831313.0091
19659.395,811089.6883
19661.01,836029.6855
19662.625,829657.5599
19664.24,821636.7967
19665.855,808720.7785
19667.47,826429.8208
19669.085,834088.9808
19670.7,834369.7883
19672.315,816693.0148
19673.93,834062.6792
19675.545,814026.5504
19677.16,823774.3166
19678.775,799749.4634
19680.39,801991.5572
19682.005,828971.7862
19683.62,821113.3341
19685.235,826721.2594
19686.85,824998.3214
19688.465,825624.3439
19690.08,809915.4693
19691.695,838205.1756
19693.31,798973.0997
19694.925,814547.417
19696.54,812925.3208
19698.155,826163.8953
19699.77,809207.407
19701.385,838822.9566
19703,825824.7034
19704.615,820467.1578
19706.23,818134.9203
19707.845,803768.2865
19709.46,812808.1949
19711.075,835633.7214
19712.69,814848.9994
19714.305,813845.0003
19715.92,825100.4983
19717.535,845067.9334
19719.15,820677.8861
19720.765,807297.3291
19722.38,821690.9376
19723.995,811892.7849
19725.61,821940.3781
19727.225,823815.4964
19728.84,814200.467
19730.455,818359.1155
19732.07,824949.1659
19733.685,813917.6977
19735.3,812054.1459
19736.915,813310.7877
19738.53,816456.8701
19740.145,819021.2692
19741.76,820274.032
19743.375,826828.1354
19744.99,826901.3014
19746.605,834107.5782
19748.22,818311.9312
19749.835,811105.6525
19751.45,821664.0038
19753.065,817537.6353
19754.68,814548.7447
19756.295,794018.8765
19757.91,811147.5018
19759.525,832470.4698
19761.14,842376.3166
19762.755,813013.7091
19764.37,826221.164
19765.985,844665.7119
19767.6,815737.7323
19769.215,813258.9061
19770.83,807184.6401
19772.445,827870.3427
19774.06,830034.9898
19775.675,820554.2463
19777.29,813639.8395
19778.905,819908.1871
19780.52,823945.3565
19782.135,795340.6473
19783.75,814334.0332
19785.365,818636.6558
19786.98,840482.0226
19788.595,838469.7437
19790.21,804908.6095
19791.825,818535.7025
19793.44,826715.5133
19795.055,817057.1898
19796.67,815627.2339
19798.285,819420.0319
19799.9,822347.0049
19801.515,829304.6705
19803.13,819333.2837
19804.745,816521.3055
19806.36,815862.8096
19807.975,819145.7049
19809.59,834592.7711
19811.205,814647.6544
19812.82,815728.7172
19814.435,836855.0894
19816.05,815355.4303
19817.665,816480.3897
19819.28,807624.4879
19820.895,817313.4401
19822.51,812430.46
19824.125,808053.6599
19825.74,830641.9333
19827.355,822780.0485
19828.97,820486.3149
19830.585,813155.6525
19832.2,822599.6681
19833.815,828638.7624
19835.43,805822.4184
19837.045,803929.6195
19838.66,806197.1092
19840.275,819194.0626
19841.89,833193.5684
19843.505,820946.2755
19845.12,823262.7292
19846.735,822912.2516
19848.35,819808.0389
19849.965,819089.552
19851.58,795291.7634
19853.195,826734.8583
19854.81,827808.9105
19856.425,824948.9949
19858.04,812965.0204
19859.655,822160.2518
19861.27,833463.7393
19862.885,823339.9174
19864.5,840015.9534
19866.115,813535.1243
19867.73,824782.5518
19869.345,840355.7068
19870.96,839493.945
19872.575,825281.6895
19874.19,820922.1869
19875.805,824814.3464
19877.42,821624.5515
19879.035,821971.4662
19880.65,815860.3438
19882.265,836006.2849
19883.88,822544.668
19885.495,830470.7298
19887.11,819474.0222
19888.725,821120.2294
19890.34,821330.1507
19891.955,851484.1062
19893.57,823766.0806
19895.185,832306.9666
19896.8,849340.1113
19898.415,823119.6532
19900.03,835039.1458
19901.645,811513.8395
19903.26,834830.2361
19904.875,833445.8801
19906.49,831513.945
19908.105,827970.8275
19909.72,843524.4609
19911.335,830884.2518
19912.95,819061.2905
19914.565,820328.5057
19916.18,817545.2223
19917.795,849827.9653
19919.41,835889.0363
19921.025,813804.9697
19922.64,834539.2011
19924.255,820884.0679
19925.87,836499.6319
19927.485,817661.3031
19929.1,799293.4079
19930.715,814555.9747
19932.33,831239.3559
19933.945,839677.3844
19935.56,811430.5724
19937.175,815908.6439
19938.79,835923.5124
19940.405,807911.8447
19942.02,830448.7331
19943.635,816258.0912
19945.25,831887.124
19946.865,833655.1748
19948.48,813940.1555
19950.095,814253.9943
19951.71,814723.9073
19953.325,825797.4907
19954.94,806142.0516
19956.555,831849.0961
19958.17,832037.4615
19959.785,838748.6061
19961.4,817755.6159
19963.015,805551.0258
19964.63,806761.4689
19966.245,820893.1667
19967.86,814335.5506
19969.475,804008.6896
19971.09,810585.9686
19972.705,818110.0729
19974.32,810586.1564
19975.935,829770.0982
19977.55,799635.2868
19979.165,806167.7134
19980.78,832520.1719
19982.395,827384.3502
19984.01,816919.1068
19985.625,816350.4627
19987.24,813854.6997
19988.855,824881.0728
19990.47,793587.0881
19992.085,796012.4688
19993.7,812177.5124
19995.315,833028.2838
19996.93,812011.484
19998.545,810124.5073
20000.16,810026.0923
20001.775,817182.5647
20003.39,812331.8962
20005.005,798383.4352
20006.62,806260.4029
20008.235,811107.1551
20009.85,831037.8621
20011.465,836223.2725
20013.08,825109.3089
20014.695,815795.8545
20016.31,809838.9375
20017.925,823478.205
20019.54,823897.0899
20021.155,813487.7056
20022.77,810043.7859
20024.385,821544.97
20026,813015.5426
20027.615,817116.3683
20029.23,835601.3187
20030.845,827033.6886
20032.46,818174.8189
20034.075,812216.8866
20035.69,810874.3705
20037.305,819903.0659
20038.92,841833.2339
20040.535,836365.11
20042.15,817277.2903
20043.765,817072.9086
20045.38,830224.6085
20046.995,846866.1498
20048.61,826055.991
20050.225,814828.708
20051.84,827729.6861
20053.455,799918.456
20055.07,818655.1974
20056.685,824983.2795
20058.3,825655.1809
20059.915,830514.3995
20061.53,817749.5017
20063.145,828072.149
20064.76,825899.1952
20066.375,811845.8312
20067.99,812633.2221
20069.605,809210.5013
20071.22,823227.2954
20072.835,829056.4926
20074.45,817778.7116
20076.065,805150.9428
20077.68,809566.697
20079.295,820390.719
20080.91,823551.6443
20082.525,806263.8523
20084.14,813819.5783
20085.755,821473.4181
20087.37,812811.5756
20088.985,820611.5001
20090.6,805487.4886
20092.215,818488.6576
20093.83,820576.0811
20095.445,796434.4369
20097.06,781865.0485
20098.675,799530.9659
20100.29,829455.8318
20101.905,819149.4891
20103.52,806895.7808
20105.135,809119.0112
20106.75,818125.4366
20108.365,815178.9828
20109.98,794071.7603
20111.595,801987.9943
20113.21,803272.76
20114.825,801150.6372
20116.44,802379.8023
20118.055,807724.7959
20119.67,805578.0712
20121.285,784305.3744
20122.9,806204.0584
20124.515,820346.7145
20126.13,808771.3007
20127.745,785841.0795
20129.36,805192.5634
20130.975,835278.4258
20132.59,798529.2726
20134.205,804217.9154
20135.82,803844.7588
20137.435,823103.9474
20139.05,821500.8837
20140.665,816811.2824
20142.28,781073.0496
20143.895,806061.6947
20145.51,844090.3008
20147.125,808779.2708
20148.74,802675.1106
20150.355,815999.5463
20151.97,810345.1899
20153.585,813666.1893
20155.2,796316.1692
20156.815,788361.4759
20158.43,825327.9385
20160.045,824364.3772
20161.66,800886.0673
20163.275,808724.9104
20164.89,812980.3747
20166.505,814105.9961
20168.12,793140.9179
20169.735,791554.9863
20171.35,826121.5663
20172.965,813142.6877
20174.58,813468.1766
20176.195,805234.3699
20177.81,805342.3635
20179.425,822064.9757
20181.04,800437.013
20182.655,796630.8057
20184.27,808721.0667
20185.885,814528.8289
20187.5,830642.9003
20189.115,816898.8116
20190.73,844115.2932
20192.345,834693.9382
20193.96,815940.1968
20195.575,816670.6332
20197.19,816588.5339
20198.805,806886.8029
20200.42,824433.1937
20202.035,795556.5415
20203.65,811803.1972
20205.265,851584.0423
20206.88,817397.0865
20208.495,784490.6771
20210.11,793290.4892
20211.725,816422.3493
20213.34,829195.6876
20214.955,821784.0678
20216.57,800033.8878
20218.185,810630.6686
20219.8,839592.6445
20221.415,828122.5224
20223.03,807179.3813
20224.645,822298.1637
20226.26,831397.7192
20227.875,825447.7495
20229.49,816276.1977
20231.105,835229.5846
20232.72,830777.5022
20234.335,828769.9075
20235.95,794644.6163
20237.565,806867.6495
20239.18,830265.9315
20240.795,854286.6546
20242.41,836598.8429
20244.025,811855.1587
20245.64,813036.6597
20247.255,838871.2176
20248.87,836598.4561
20250.485,807433.6828
20252.1,807081.9054
20253.715,847767.8939
20255.33,826802.665
20256.945,822314.208
20258.56,854076.3354
20260.175,831431.273
20261.79,819545.7191
20263.405,791735.5843
20265.02,816277.4826
20266.635,832521.4848
20268.25,823672.9951
20269.865,820975.2957
20271.48,819258.3623
20273.095,824821.4332
20274.71,821661.5046
20276.325,795056.673
20277.94,812003.7836
20279.555,817903.5174
20281.17,822578.0452
20282.785,820756.4114
20284.4,806764.1225
20286.015,815632.1803
20287.63,818672.2681
20289.245,801376.6511
20290.86,798310.3826
20292.475,805043.9255
20294.09,821817.0711
20295.705,828406.1843
20297.32,801818.7675
20298.935,807113.6945
20300.55,822672.8043
20302.165,826373.0523
20303.78,800463.3071
20305.395,817287.9567
20307.01,823409.1988
20308.625,841414.7302
20310.24,827396.6084
20311.855,813271.0974
20313.47,819481.0401
20315.085,821628.7522
20316.7,814074.7482
20318.315,803168.2178
20319.93,830273.9053
20321.545,813744.0767
20323.16,842164.1285
20324.775,823205.0774
20326.39,810014.0145
20328.005,802337.5123
20329.62,813639.8395
20331.235,829849.0103
20332.85,816085.374
20334.465,797992.9289
20336.08,819184.6998
20337.695,840101.8647
20339.31,812664.5165
20340.925,810122.0657
20342.54,812019.6251
20344.155,831167.9639
20345.77,806105.8312
20347.385,811613.1285
20349,816112.6109
20350.615,825429.0424
20352.23,810177.8858
20353.845,800334.4791
20355.46,800937.9154
20357.075,815309.9084
20358.69,838433.9491
20360.305,831083.6443
20361.92,810407.9201
20363.535,799511.0686
20365.15,813880.4304
20366.765,803783.4995
20368.38,814176.9827
20369.995,802705.4102
20371.61,833517.5027
20373.225,819510.0603
20374.84,820405.1342
20376.455,814861.1386
20378.07,809435.1354
20379.685,844076.6108
20381.3,792025.4497
20382.915,787447.2133
20384.53,807346.161
20386.145,831197.9399
20387.76,814377.0893
20389.375,803857.9263
20390.99,809483.6828
20392.605,830954.1617
20394.22,795293.7866
20395.835,804991.9175
20397.45,793924.4836
20399.065,816899.5703
20400.68,814373.2568
20402.295,797958.8991
20403.91,801572.7448
20405.525,802217.3108
20407.14,803752.5249
20408.755,806451.7863
20410.37,804904.5185
20411.985,791843.0125
20413.6,811906.4954
20415.215,816911.5198
20416.83,797474.2993
20418.445,800451.8504
20420.06,809026.4055
20421.675,810195.5069
20423.29,820753.9456
20424.905,788842.7024
20426.52,796525.369
20428.135,812306.1656
20429.75,806386.051
20431.365,794148.8965
20432.98,795515.4454
20434.595,819743.3599
20436.21,805856.0522
20437.825,811011.3155
20439.44,800855.1541
20441.055,819168.3599
20442.67,810220.4808
20444.285,806376.3553
20445.9,808158.085
20447.515,817270.1943
20449.13,798017.475
20450.745,806751.3511
20452.36,804980.9462
20453.975,813594.0126
20455.59,812288.1354
20457.205,795051.1501
20458.82,801355.2402
20460.435,802623.4038
20462.05,811942.0482
20463.665,813305.4285
20465.28,830003.0036
20466.895,801324.1336
20468.51,823636.4288
20470.125,825893.0662
20471.74,801525.1514
20473.355,791731.3501
20474.97,815658.6622
20476.585,835363.638
20478.2,821426.5313
20479.815,804920.9067
20481.43,808158.3657
20483.045,834084.9195
20484.66,828625.4908
20486.275,799797.1275
20487.89,803438.0744
20489.505,806122.7345
20491.12,823020.6301
20492.735,810249.5828
20494.35,813228.3369
20495.965,828110.4558
20497.58,823630.8576
20499.195,808643.5233
20500.81,811168.935
20502.425,814604.4328
20504.04,831943.0854
20505.655,820955.9824
20507.27,792923.9228
20508.885,802480.0322
20510.5,820980.2273
20512.115,820151.5394
20513.73,816557.9666
20515.345,814840.3525
20516.96,823306.0159
20518.575,831627.2123
20520.19,821908.5835
20521.805,807456.784
20523.42,809877.2517
20525.035,821190.766
20526.65,805762.7026
20528.265,817948.3141
20529.88,800841.942
20531.495,831517.4633
20533.11,841111.6824
20534.725,817347.9608
20536.34,807929.8638
20537.955,813204.901
20539.57,817501.3852
20541.185,824059.7023
20542.8,808330.1234
20544.415,824614.768
20546.03,830019.0125
20547.645,828899.2636
20549.26,816600.0743
20550.875,823736.5844
20552.49,814195.5076
20554.105,822917.5848
20555.72,817475.8014
20557.335,814803.5408
20558.95,829689.0793
20560.565,822688.127
20562.18,796360.9845
20563.795,793268.9184
20565.41,834494.5271
20567.025,820725.0946
20568.64,798625.7258
20570.255,823104.0125
20571.87,845576.7538
20573.485,820911.5651
20575.1,810271.942
20576.715,798144.1106
20578.33,823675.8811
20579.945,829235.5751
20581.56,844150.6341
20583.175,807039.0836
20584.79,813109.2623
20586.405,808230.1185
20588.02,788581.6546
20589.635,807544.8246
20591.25,822495.1574
20592.865,818638.6957
20594.48,791774.0231
20596.095,818764.1821
20597.71,825268.1984
20599.325,814580.4166
20600.94,815901.5069
20602.555,797589.4634
20604.17,812579.7339
20605.785,821429.7558
20607.4,803633.8854
20609.015,801094.1775
20610.63,812971.7817
20612.245,818507.0616
20613.86,799984.8829
20615.475,795316.4322
20617.09,803553.4262
20618.705,806301.2294
20620.32,801581.5572
20621.935,810881.0091
20623.55,813782.0154
20625.165,798546.3935
20626.78,796747.7773
20628.395,808662.3681
20630.01,810916.6419
20631.625,779976.3517
20633.24,807800.861
20634.855,823106.0989
20636.47,816160.4089
20638.085,800085.8567
20639.7,820128.8492
20641.315,805509.2454
20642.93,826724.3239
20644.545,805425.3777
20646.16,808144.0472
20647.775,819904.0142
20649.39,811151.1038
20651.005,806265.8495
20652.62,806160.2975
20654.235,818647.4207
20655.85,828574.6041
20657.465,806797.1779
20659.08,807293.0094
20660.695,810010.2954
20662.31,811954.576
20663.925,804925.0387
20665.54,788147.2795
20667.155,785215.4624
20668.77,817800.5037
20670.385,784680.0522
20672,797248.9214
20673.615,806251.5793
20675.23,833752.2825
20676.845,802599.5142
20678.46,798994.8565
20680.075,810400.7831
20681.69,821562.8125
20683.305,781337.6567
20684.92,792513.5732
20686.535,795246.4758
20688.15,814454.3928
20689.765,59.2975
20691.38,779093.9488
20692.995,801526.453
20694.61,782264.8749
20696.225,808152.2627
20697.84,799595.4143
20699.455,795915.9933
20701.07,804378.0788
20702.685,815622.6017
20704.3,781801.4034
20705.915,778476.1586
20707.53,787213.0862
20709.145,805230.1264
20710.76,785599.4156
20712.375,780805.7239
20713.99,796033.1451
20715.605,820846.8861
20717.22,788436.0348
20718.835,781119.3302
20720.45,776462.6542
20722.065,819669.2623
20723.68,808574.3479
20725.295,787823.587
20726.91,804700.8974
20728.525,808653.3529
20730.14,801658.6673
20731.755,771925.4173
20733.37,796931.3096
20734.985,821232.684
20736.6,796846.2685
20738.215,793106.0215
20739.83,800385.1426
20741.445,807111.0836
20743.06,818492.7654
20744.675,798161.2185
20746.29,779858.4449
20747.905,784270.0206
20749.52,810532.0657
20751.135,819950.7225
20752.75,786040.2117
20754.365,795422.4714
20755.98,810335.5313
20757.595,813233.3521
20759.21,790338.4476
20760.825,791108.0016
20762.44,802320.4825
20764.055,810846.6557
20765.67,804611.6388
20767.285,790500.1172
20768.9,802107.1917
20770.515,799661.8784
20772.13,776845.0119
20773.745,780167.7314
20775.36,812895.7167
20776.975,787615.1496
20778.59,783796.753
20780.205,790382.664
20781.82,786943.9734
20783.435,802122.8398
20785.05,792455.5496
20786.665,799129.7932
20788.28,784590.7564
20789.895,794110.4204
20791.51,791725.3065
20793.125,782641.7785
20794.74,777451.6188
20796.355,777966.9551
20797.97,778247.4762
20799.585,790159.3558
20801.2,786292.0548
20802.815,806267.3855
20804.43,788242.5891
20806.045,795827.6644
20807.66,786048.1278
20809.275,804767.2741
20810.89,802799.1614
20812.505,786482.7334
20814.12,778469.665
20815.735,794984.9147
20817.35,813919.0254
20818.965,787449.3146
20820.58,785973.2008
20822.195,796759.0071
20823.81,792443.985
20825.425,777134.5593
20827.04,781466.68
20828.655,790998.9127
20830.27,805025.0176
20831.885,796608.863
20833.5,780160.5926
20835.115,787571.4129
20836.73,819535.6682
20838.345,798788.8179
20839.96,789713.4757
20841.575,766926.0961
20843.19,770839.4415
20844.805,808971.5114
20846.42,770556.3133
20848.035,749073.6543
20849.65,758027.7425
20851.265,769193.8703
20852.88,759585.3624
20854.495,778240.369
20856.11,771574.7649
20857.725,764911.7791
20859.34,776413.0859
20860.955,758838.9542
20862.57,757258.3986
20864.185,767107.8972
20865.8,764283.3986
20867.415,777632.0643
20869.03,762830.0904
20870.645,796530.7283
20872.26,767083.2619
20873.875,758267.6435
20875.49,790950.0734
20877.105,780791.4741
20878.72,764477.2683
20880.335,768181.1424
20881.95,757200.8082
20883.565,770533.2846
20885.18,771489.4225
20886.795,749424.5168
20888.41,764445.8493
20890.025,760042.1878
20891.64,758156.8792
20893.255,765503.0279
20894.87,764250.73
20896.485,765048.5232
20898.1,777192.0567
20899.715,782554.2661
20901.33,762325.9988
20902.945,777561.3567
20904.56,775745.6158
20906.175,774859.0642
20907.79,768892.5631
20909.405,772163.5145
20911.02,786981.6963
20912.635,791375.6769
20914.25,788846.5685
20915.865,775878.5534
20917.48,789549.9967
20919.095,789752.3162
20920.71,780778.5558
20922.325,767880.8301
20923.94,773668.0367
20925.555,773310.3497
20927.17,769909.8878
20928.785,774419.6665
20930.4,764846.9773
20932.015,787693.329
20933.63,760961.0157
20935.245,768470.5188
20936.86,798790.1196
20938.475,782807.7567
20940.09,780480.4173
20941.705,763151.4213
20943.32,773299.0325
20944.935,784237.4375
20946.55,797815.1556
20948.165,774153.2501
20949.78,782898.3281
20951.395,786676.0787
20953.01,787706.2677
20954.625,770598.3857
20956.24,761200.0371
20957.855,783848.1436
20959.47,766501.6529
20961.085,790754.5376
20962.7,798579.99
20964.315,786125.0036
20965.93,767942.108
20967.545,777291.6247
20969.16,788851.076
20970.775,804853.669
20972.39,771747.0228
20974.005,799667.9108
20975.62,789055.7013
20977.235,791896.2441
20978.85,776015.8201
20980.465,772934.0839
20982.08,802091.9434
20983.695,785491.0036
20985.31,766859.5371
20986.925,772757.2515
20988.54,770409.1706
20990.155,791389.6682
20991.77,795994.8383
20993.385,768581.5564
20995,770862.0965
20996.615,774471.0739
20998.23,789957.6147
20999.845,762443.0652
21001.46,764983.98
21003.075,785706.9536
21004.69,782479.6199
21006.305,771667.4042
21007.92,757113.5393
21009.535,774879.642
21011.15,769889.5517
21012.765,765759.9141
21014.38,772682.2742
21015.995,767371.5169
21017.61,773150.8967
21019.225,785337.7429
21020.84,780181.0031
21022.455,766804.4181
21024.07,773027.519
21025.685,785266.6708
21027.3,768901.0408
21028.915,775841.2155
21030.53,798204.7321
21032.145,797726.4307
21033.76,809531.8545
21035.375,784186.5508
21036.99,795743.7186
21038.605,801648.4398
21040.22,792505.1997
21041.835,776802.707
21043.45,795039.2136
21045.065,804077.5749
21046.68,802746.1344
21048.295,798681.8936
21049.91,780668.6673
21051.525,796309.4748
21053.14,791039.3338
21054.755,782146.4213
21056.37,773946.5384
21057.985,795875.8269
21059.6,798510.8146
21061.215,786820.4098
21062.83,779349.8234
21064.445,785872.6064
21066.06,800562.2744
21067.675,775017.5205
21069.29,794931.7314
21070.905,782428.8875
21072.52,795423.0255
21074.135,790364.6226
21075.75,807992.0566
21077.365,783743.3577
21078.98,780882.583
21080.595,797168.6203
21082.21,0
21083.825,794076.5226
21085.44,771879.9623
21087.055,785875.7044
21088.67,792697.8532
21090.285,793517.1688
21091.9,760859.7964
21093.515,775252.4658
21095.13,773095.1603
21096.745,784215.5319
21098.36,770450.4768
21099.975,790473.89
21101.59,782555.3781
21103.205,767168.7716
21104.82,754767.5263
21106.435,778572.8405
21108.05,798643.7727
21109.665,787560.661
21111.28,772440.1529
21112.895,770331.3817
21114.51,759801.0316
21116.125,762943.6273
21117.74,762497.5129
21119.355,776688.0842
21120.97,773276.98
21122.585,774353.4404
21124.2,774523.9243
21125.815,795465.4234
21127.43,791814.7845
21129.045,778928.9041
21130.66,778270.0735
21132.275,784655.6325
21133.89,786305.6779
21135.505,786831.3514
21137.12,778953.6157
21138.735,786459.5894
21140.35,794571.3499
21141.965,806184.6353
21143.58,782510.1649
21145.195,770777.3194
21146.81,779862.534
21148.425,799111.7908
21150.04,797563.5579
21151.655,802382.9635
21153.27,807499.0424
21154.885,800416.623
21156.5,778541.4549
21158.115,793007.2792
21159.73,806305.2906
21161.345,803542.7672
21162.96,793358.9413
21164.575,802034.2972
21166.19,832775.4515
21167.805,780336.0861
21169.42,794057.0326
21171.035,806668.7125
21172.65,799517.2052
21174.265,806201.3713
21175.88,783363.2129
21177.495,801041.2955
21179.11,811248.9553
21180.725,789599.2749
21182.34,792676.498
21183.955,787834.5937
21185.57,819333.7914
21187.185,796326.7687
21188.8,805278.4041
21190.415,789280.6664
21192.03,797277.0528
21193.645,801389.7982
21195.26,798570.1344
21196.875,794002.8843
21198.49,790151.4397
21200.105,829114.8975
21201.72,812616.4359
21203.335,783399.1729
21204.95,802066.0956
21206.565,821672.3495
21208.18,811333.1931
21209.795,51.6919
21211.41,803352.5832
21213.025,813976.4038
21214.64,809780.6182
21216.255,787007.0272
21217.87,789616.1969
21219.485,801710.7348
21221.1,803976.7871
21222.715,797824.4533
21224.33,808014.4363
21225.945,833538.5305
21227.56,805184.0355
21229.175,796330.4878
21230.79,822818.7421
21232.405,809883.7286
21234.02,823546.5826
21235.635,801708.1445
21237.25,810105.3502
21238.865,822923.0631
21240.48,811204.2145
21242.095,795955.4158
21243.71,801731.6213
21245.325,818142.6969
21246.94,800779.0984
21248.555,793086.8681
21250.17,804812.8425
21251.785,814920.1274
21253.4,800604.953
21255.015,787148.1004
21256.63,794875.7589
21258.245,818181.5226
21259.86,803923.5592
21261.475,801555.4621
21263.09,806069.529
21264.705,819497.9211
21266.32,796755.3252
21267.935,789728.9398
21269.55,57.7038
21271.165,812726.3076
21272.78,815638.1904
21274.395,822982.9667
21276.01,805384.8096
21277.625,798687.4722
21279.24,812679.7295
21280.855,779885.7041
21282.47,792907.979
21284.085,805358.1399
21285.7,811430.1967
21287.315,808290.0222
21288.93,794090.0974
21290.545,806160.6731
21292.16,813863.0714
21293.775,802545.2356
21295.39,808495.4731
21297.005,805426.5399
21298.62,810228.0491
21300.235,815299.9357
21301.85,807501.4839
21303.465,802416.4355
21305.08,804531.492
21306.695,801908.9633
21308.31,799650.8197
21309.925,811499.5005
21311.54,801241.9413
21313.155,828861.4607
21314.77,820144.8097
21316.385,807238.1674
21318,806739.277
21319.615,809621.1633
21321.23,813701.4427
21322.845,807332.5788
21324.46,808432.1069
21326.075,811297.975
21327.69,831300.0722
21329.305,830263.449
21330.92,808815.625
21332.535,811066.9627
21334.15,822435.41
21335.765,823803.0467
21337.38,796172.1096
21338.995,820627.0292
21340.61,812272.5467
21342.225,832978.3213
21343.84,790825.5986
21345.455,789223.7808
21347.07,826233.8052
21348.685,823745.778
21350.3,821623.9825
21351.915,815310.0777
21353.53,827239.5505
21355.145,826977.5319
21356.76,815996.9094
21358.375,797045.3003
21359.99,835906.6556
21361.605,817285.9373
21363.22,832286.4725
21364.835,807515.0066
21366.45,822653.6416
21368.065,823988.6432
21369.68,799202.1967
21371.295,798625.7351
21372.91,820923.7043
21374.525,833351.0187
21376.14,823516.7033
21377.755,817111.7863
21379.37,812236.4863
21380.985,829362.3223
21382.6,797614.1378
21384.215,793632.8331
21385.83,820827.3496
21387.445,836031.6176
21389.06,821694.0654
21390.675,803113.188
21392.29,819918.8088
21393.905,824369.9875
21395.52,812676.0885
21397.135,809787.0039
21398.75,804146.3784
21400.365,840618.6998
21401.98,835655.7478
21403.595,805967.4116
21405.21,806257.3978
21406.825,828595.0369
21408.44,824086.5171
21410.055,832600.817
21411.67,818189.7362
21413.285,833022.3463
21414.9,830745.6183
21416.515,808200.1555
21418.13,811778.1695
21419.745,816734.9329
21421.36,829058.1662
21422.975,818724.8079
21424.59,805293.9091
21426.205,815636.3382
21427.82,839201.7273
21429.435,821939.4112
21431.05,813827.223
21432.665,820427.6423
21434.28,825634.6867
21435.895,832299.123
21437.51,811582.2357
21439.125,812527.7872
21440.74,835873.0367
21442.355,825685.0602
21443.97,813363.9393
21445.585,809972.7529
21447.2,822938.237
21448.815,830943.711
21450.43,824240.702
21452.045,816445.1103
21453.66,850207.9986
21455.275,839753.5331
21456.89,821032.3878
21458.505,820391.0983
21460.12,831314.4372
21461.735,807898.3369
21463.35,831650.9625
21464.965,831986.9858
21466.58,831012.388
21468.195,829383.7741
21469.81,813337.2938
21471.425,822534.7994
21473.04,806762.62
21474.655,815409.2979
21476.27,831898.6049
21477.885,818670.2747
21479.5,829110.6465
21481.115,831995.3407
21482.73,830282.8349
21484.345,801790.1006
21485.96,813545.3685
21487.575,830963.3553
21489.19,839902.9724
21490.805,824568.9913
21492.42,826857.6316
21494.035,837770.8583
21495.65,819585.3611
21497.265,806960.3891
21498.88,821222.1255
21500.495,817245.9159
21502.11,835273.8401
21503.725,821526.6646
21505.34,806281.4381
21506.955,820724.9031
21508.57,841153.4982
21510.185,804167.7689
21511.8,816701.3605
21513.415,809867.6676
21515.03,835275.5528
21516.645,817109.3503
21518.26,807323.4354
21519.875,803291.3556
21521.49,814687.659
21523.105,815577.3495
21524.72,806197.2803
21526.335,803180.1542
21527.95,819322.6619
21529.565,817490.6091
21531.18,809804.095
21532.795,794486.1823
21534.41,798984.257
21536.025,798791.0494
21537.64,802686.6603
21539.255,798413.8445
21540.87,821462.3798
21542.485,816080.9352
21544.1,794481.9054
21545.715,780329.5256
21547.33,788366.4465
21548.945,799526.8748
21550.56,817940.3143
21552.175,804320.838
21553.79,796088.7142
21555.405,800104.6382
21557.02,818800.6777
21558.635,814262.2581
21560.25,805221.0146
21561.865,798191.7152
21563.48,823506.1224
21565.095,811376.4817
21566.71,799652.7666
21568.325,812191.5985
21569.94,810736.4084
21571.555,804286.2169
21573.17,806419.8577
21574.785,799473.8776
21576.4,823772.8048
21578.015,825987.4924
21579.63,820594.4294
21581.245,799794.4646
21582.86,806797.9292
21584.475,816467.3022
21586.09,804122.3902
21587.705,783403.8516
21589.32,799215.2136
21590.935,811738.0068
21592.55,815815.2013
21594.165,788595.2163
21595.78,793282.1212
21597.395,804840.1779
21599.01,786113.85
21600.625,774267.0678
21602.24,788164.3093
21603.855,800968.029
21605.47,815068.172
21607.085,805357.2008
21608.7,792689.5186
21610.315,32.4195
21611.93,795416.9485
21613.545,785772.1942
21615.16,790619.5954
21616.775,823437.5997
21618.39,797978.2384
21620.005,815727.0026
21621.62,791479.3229
21623.235,814396.239
21624.85,821583.9612
21626.465,821230.3614
21628.08,806305.8782
21629.695,801176.485
21631.31,816129.3264
21632.925,61.2202
21634.54,806013.1845
21636.155,806965.462
21637.77,816285.9734
21639.385,797679.5941
21641,803984.2737
21642.615,804884.095
21644.23,811295.1578
21645.845,804926.1656
21647.46,806314.6181
21649.075,796166.0344
21650.69,805197.9338
21652.305,812310.0167
21653.92,812986.5856
21655.535,812460.808
21657.15,812291.1404
21658.765,827399.4814
21660.38,815994.2875
21661.995,816628.9048
21663.61,805057.4482
21665.225,832115.7859
21666.84,830528.3815
21668.455,821654.5201
21670.07,797276.2569
21671.685,836102.4015
21673.3,822297.7807
21674.915,793346.4618
21676.53,797322.5598
21678.145,830290.8793
21679.76,829861.0769
21681.375,823981.2645
21682.99,816871.3088
21684.605,832129.4146
21686.22,843106.5374
21687.835,817210.7648
21689.45,806308.1078
21691.065,822220.8881
21692.68,815386.7266
21694.295,815586.0745
21695.91,812071.5959
21697.525,822899.5434
21699.14,831768.0642
21700.755,813641.1542
21702.37,801280.1142
21703.985,804516.729
21705.6,823946.1226
21707.215,815055.3653
21708.83,808224.1958
21710.445,818211.1694
21712.06,814239.9082
21713.675,824681.9964
21715.29,807052.4184
21716.905,813023.3825
21718.52,817143.4917
21720.135,837336.6394
21721.75,808352.2856
21723.365,804907.5719
21724.98,809590.9251
21726.595,811607.494
21728.21,798527.8742
21729.825,798029.1902
21731.44,810880.0868
21733.055,842853.5674
21734.67,810382.9239
21736.285,816779.6961
21737.9,810855.4626
21739.515,817008.2538
21741.13,796822.5257
21742.745,811181.4535
21744.36,797623.2496
21745.975,822033.8691
21747.59,827601.7414
21749.205,818713.4275
21750.82,816753.1416
21752.435,815008.0712
21754.05,823718.8294
21755.665,797601.5709
21757.28,812443.1682
21758.895,812235.735
21760.51,824312.9103
21762.125,814720.7795
21763.74,800253.5885
21765.355,808012.5767
21766.97,819089.9313
21768.585,794981.177
21770.2,799312.2823
21771.815,809085.3608
21773.43,825800.2354
21775.045,815603.9039
21776.66,815083.2474
21778.275,794311.4531
21779.89,818602.1313
21781.505,814502.6613
21783.12,800622.5742
21784.735,804304.3103
21786.35,804759.0103
21787.965,832614.3788
21789.58,802432.2417
21791.195,796179.492
21792.81,813087.2879
21794.425,809017.7139
21796.04,801126.649
21797.655,798490.3595
21799.27,827457.8993
21800.885,815899.2531
21802.5,802875.9777
21804.115,816099.713
21805.73,807707.7959
21807.345,806297.8822
21808.96,800270.6964
21810.575,810371.7331
21812.19,827488.5447
21813.805,827167.3421
21815.42,803606.39
21817.035,826501.3783
21818.65,821717.572
21820.265,824599.4452
21821.88,799685.3088
21823.495,797798.9644
21825.11,809667.178
21826.725,841681.42
21828.34,817331.4591
21829.955,814135.2952
21831.57,818765.6846
21833.185,820212.4231
21834.8,810492.4368
21836.415,796910.8545
21838.03,801715.6571
21839.645,822106.7245
21841.26,826553.8586
21842.875,802606.2755
21844.49,829548.4859
21846.105,826587.0052
21847.72,817221.4479
21849.335,803113.5636
21850.95,802918.1431
21852.565,818291.6546
21854.18,824926.405
21855.795,806140.3891
21857.41,807472.7483
21859.025,810794.8411
21860.64,822367.3168
21862.255,793582.6251
21863.87,791766.5849
21865.485,816342.4964
21867.1,827620.1286
21868.715,826634.818
21870.33,811124.434
21871.945,809729.1569
21873.56,815479.8568
21875.175,793859.1408
21876.79,800238.3401
21878.405,805341.4244
21880.02,818406.0005
21881.635,829712.0969
21883.25,808908.03
21884.865,829016.4118
21886.48,811135.3273
21888.095,826913.6916
21889.71,798334.5289
21891.325,791332.0462
21892.94,816908.5706
21894.555,816309.1137
21896.17,805742.9727
21897.785,811037.6635
21899.4,823535.8567
21901.015,796214.8236
21902.63,796234.3489
21904.245,821056.8558
21905.86,812521.1244
21907.475,805428.3827
21909.09,815762.8511
21910.705,822489.6569
21912.32,809062.6017
21913.935,807220.8884
21915.55,818072.3277
21917.165,837625.867
21918.78,823296.4392
21920.395,808773.7423
21922.01,824295.6722
21923.625,809197.0772
21925.24,821723.9447
21926.855,792404.5885
21928.47,785983.6942
21930.085,819770.2937
21931.7,816885.3447
21933.315,808581.7954
21934.93,804611.1999
21936.545,835129.6038
21938.16,822056.061
21939.775,805956.84
21941.39,792656.7998
21943.005,836401.427
21944.62,839973.9479
21946.235,830072.0024
21947.85,815704.3012
21949.465,814390.5562
21951.08,839021.3338
21952.695,817767.9001
21954.31,801586.5166
21955.925,821564.7799
21957.54,835608.822
21959.155,825668.2052
21960.77,797358.4491
21962.385,812770.8774
21964,803781.348
21965.615,822395.8461
21967.23,820375.3535
21968.845,815253.5454
21970.46,815012.8782
21972.075,821863.9207
21973.69,831991.047
21975.305,829397.1815
21976.92,820948.0403
21978.535,831845.8084
21980.15,809829.6379
21981.765,805100.27
21983.38,846650.4601
21984.995,831828.9832
21986.61,826371.3267
21988.225,812950.9343
21989.84,816160.9779
21991.455,821342.0258
21993.07,829514.9749
21994.685,813058.1766
21996.3,804553.3529
21997.915,821679.7468
21999.53,823667.1561
22001.145,808471.1725
22002.76,789163.3974
22004.375,807957.5563
22005.99,815006.8086
22007.605,822371.7128
22009.22,809198.0162
22010.835,823668.6735
22012.45,829889.9967
22014.065,805860.9205
22015.68,798248.9895
22017.295,814923.1789
22018.91,829822.1955
22020.525,813593.5161
22022.14,801599.9054
22023.755,811199.7478
22025.37,814914.8165
22026.985,809014.7089
22028.6,793337.4021
22030.215,794631.0434
22031.83,820630.6572
22033.445,820176.7661
22035.06,808159.5875
22036.675,803169.1829
22038.29,841947.007
22039.905,823773.3589
22041.52,789031.7689
22043.135,805347.9979
22044.75,831854.8979
22046.365,819370.8392
22047.98,809441.0488
22049.595,813845.6846
22051.21,823999.5606
22052.825,817248.0024
22054.44,799521.6681
22056.055,780350.3006
22057.67,814903.2705
22059.285,814506.2576
22060.9,792419.8461
22062.515,817574.6218
22064.13,814720.151
22065.745,808210.0613
22067.36,791593.0885
22068.975,768126.6835
22070.59,805399.2714
22072.205,798633.6549
22073.82,796228.0264
22075.435,796715.0082
22077.05,802255.4372
22078.665,817528.9233
22080.28,787936.2499
22081.895,787636.1384
22083.51,811289.3355
22085.125,794659.9465
22086.74,828207.9633
22088.355,803916.6603
22089.97,794371.8198
22091.585,823233.2329
22093.2,797852.5326
22094.815,805359.6424
22096.43,797164.3117
22098.045,810052.1986
22099.66,806743.8032
22101.275,786639.2595
22102.89,782745.7964
22104.505,804728.2086
22106.12,800967.4712
22107.735,801907.2283
22109.35,792932.7594
22110.965,806292.1175
22112.58,797911.4804
22114.195,798970.8683
22115.81,797989.4088
22117.425,779071.5486
22119.04,809531.8322
22120.655,797408.0992
22122.27,799426.8308
22123.885,805977.3658
22125.5,818635.8506
22127.115,812626.5779
22128.73,790623.4614
22130.345,786649.753
22131.96,818698.2535
22133.575,812966.8985
22135.19,812401.4398
22136.805,804268.5511
22138.42,806508.5064
22140.035,799574.8513
22141.65,775465.0928
22143.265,783394.2023
22144.88,792662.3227
22146.495,808986.611
22148.11,783769.782
22149.725,800262.3284
22151.34,783161.6596
22152.955,798101.618
22154.57,773584.9612
22156.185,780552.0361
22157.8,788552.1992
22159.415,795205.7906
22161.03,784042.5878
22162.645,761151.6962
22164.26,773789.791
22165.875,779349.459
22167.49,791092.5822
22169.105,779403.0364
22170.72,769901.9512
22172.335,784011.2451
22173.95,781383.0335
22175.565,779282.5783
22177.18,779969.9735
22178.795,799479.2703
22180.41,770623.4581
22182.025,781894.753
22183.64,793300.9511
22185.255,804919.592
22186.87,800672.174
22188.485,781945.9614
22190.1,776704.6788
22191.715,814100.3542
22193.33,783819.3503
22194.945,778961.7327
22196.56,783698.7099
22198.175,782911.6221
22199.79,804511.0946
22201.405,787282.4903
22203.02,776341.0393
22204.635,778006.2772
22206.25,788869.2122
22207.865,772629.4276
22209.48,759189.7684
22211.095,787713.0904
22212.71,804160.511
22214.325,787298.423
22215.94,794064.5806
22217.555,798791.9792
22219.17,787489.0421
22220.785,779003.5745
22222.4,791504.544
22224.015,787772.7375
22225.63,804208.997
22227.245,807306.532
22228.86,797604.2822
22230.475,803478.9845
22232.09,793402.0197
22233.705,805035.0982
22235.32,792788.7965
22236.935,797770.1544
22238.55,798959.339
22240.165,809152.1894
22241.78,807705.451
22243.395,797638.4329
22245.01,789120.6258
22246.625,804854.6081
22248.24,798613.462
22249.855,796048.5813
22251.47,786182.9027
22253.085,804250.3275
22254.7,810353.9037
22256.315,791720.6539
22257.93,801572.0121
22259.545,819379.7539
22261.16,804795.6825
22262.775,825670.5036
22264.39,791288.4155
22266.005,805977.7414
22267.62,821684.8717
22269.235,803937.6956
22270.85,780128.1546
22272.465,807847.2512
22274.08,803935.3191
22275.695,826055.8701
22277.31,802231.4396
22278.925,801702.3482
22280.54,829041.9881
22282.155,813085.9732
22283.77,783446.4856
22285.385,808047.6516
22287,818842.0268
22288.615,815408.9185
22290.23,806067.5169
22291.845,788450.026
22293.46,795474.7211
22295.075,812141.0763
22296.69,775732.2679
22298.305,789269.2041
22299.92,783635.6561
22301.535,815222.0892
22303.15,795660.6914
22304.765,790302.3983
22306.38,789704.6391
22307.995,815207.1049
22309.61,798153.9663
22311.225,786878.0318
22312.84,796018.2687
22314.455,799041.9032
22316.07,805379.9264
22317.685,809051.145
22319.3,799774.7534
22320.915,788163.9411
22322.53,797275.1411
22324.145,795586.6849
22325.76,793083.1657
22327.375,785216.5558
22328.99,800640.1153
22330.605,800418.4193
22332.22,788348.037
22333.835,798807.0732
22335.45,800794.1608
22337.065,801959.6287
22338.68,798734.7049
22340.295,808239.0332
22341.91,798746.1375
22343.525,806577.1871
22345.14,796338.6698
22346.755,800746.5562
22348.37,807461.2915
22349.985,793458.7789
22351.6,787252.4827
22353.215,788228.7429
22354.83,814058.3581
22356.445,808407.36
22358.06,813396.6191
22359.675,804579.6544
22361.29,821096.8771
22362.905,841231.99
22364.52,779834.8936
22366.135,794416.7559
22367.75,812901.7268
22369.365,846855.0854
22370.98,821503.1598
22372.595,792905.3292
22374.21,816468.2505
22375.825,834880.9275
22377.44,797755.092
22379.055,832485.7479
22380.67,792354.5144
22382.285,820538.3489
22383.9,809758.5118
22385.515,793810.5283
22387.13,795676.6687
22388.745,790706.6727
22390.36,790677.9537
22391.975,796013.419
22393.59,790052.7643
22395.205,806483.9026
22396.82,809895.7487
22398.435,797335.227
22400.05,790458.5115
22401.665,786391.6506
22403.28,797278.1573
22404.895,779308.0913
22406.51,787736.8388
22408.125,801517.1367
22409.74,799464.3938
22411.355,799111.2646
22412.97,786664.3412
22414.585,787580.3425
22416.2,806887.1413
22417.815,785360.5299
22419.43,794281.9977
22421.045,784528.7961
22422.66,805555.3623
22424.275,803586.0948
22425.89,795828.0345
22427.505,70.4046
22429.12,792231.3766
22430.735,803895.5246
22432.35,790606.7403
22433.965,781665.3175
22435.58,797250.9111
22437.195,789608.9967
22438.81,783463.2606
22440.425,783197.88
22442.04,789537.3778
22443.655,795414.7394
22445.27,761995.2958
22446.885,795114.295
22448.5,771157.0236
22450.115,783833.3825
22451.73,782390.0712
22453.345,762418.0728
22454.96,774574.6101
22456.575,781845.0025
22458.19,786698.5012
22459.805,752615.4126
22461.42,756061.5433
22463.035,787997.5185
22464.65,809993.2247
22466.265,786184.2304
22467.88,769261.7942
22469.495,798213.472
22471.11,782405.9257
22472.725,755827.4719
22474.34,773063.7747
22475.955,767577.7972
22477.57,769949.8905
22479.185,774178.3225
22480.8,759770.4847
22482.415,774549.7181
22484.03,796671.344
22485.645,763769.4477
22487.26,779749.979
22488.875,765089.7607
22490.49,767729.6725
22492.105,779210.0482
22493.72,758526.2201
22495.335,764354.627
22496.95,772086.384
22498.565,770543.1031
22500.18,778075.8097
22501.795,767769.4819
22503.41,786233.2519
22505.025,790908.8099
22506.64,778570.1348
22508.255,759761.5588
22509.87,779253.0411
22511.485,782364.1862
22513.1,769168.7199
22514.715,759796.6151
22516.33,768729.3687
22517.945,801843.7338
22519.56,778681.9275
22521.175,780592.4926
22522.79,773051.5091
22524.405,778677.1894
22526.02,761068.55
22527.635,781794.7053
22529.25,773666.233
22530.865,794215.9073
22532.48,806548.6542
22534.095,770879.4294
22535.71,782687.1163
22537.325,799018.5993
22538.94,789234.2743
22540.555,771261.6309
22542.17,767713.2601
22543.785,768036.5435
22545.4,783117.0712
22547.015,789847.6816
22548.63,795471.8091
22550.245,763053.5939
22551.86,788494.6219
22553.475,789431.4409
22555.09,783018.4219
22556.705,768639.396
22558.32,780591.4364
22559.935,784199.8596
22561.55,783162.024
22563.165,774963.2141
22564.78,764289.4682
22566.395,792833.5318
22568.01,788707.9443
22569.625,769298.4107
22571.24,785963.36
22572.855,784093.4336
22574.47,785255.5543
22576.085,766670.8872
22577.7,749035.1634
22579.315,783540.1903
22580.93,784512.4004
22582.545,778380.9197
22584.16,771935.894
22585.775,778947.1222
22587.39,780970.0471
22589.005,787837.171
22590.62,775350.23
22592.235,782986.3483
22593.85,807795.0089
22595.465,813517.9476
22597.08,798611.7884
22598.695,792170.4186
22600.31,796861.7623
22601.925,835669.1998
22603.54,792958.5328
22605.155,794456.0576
22606.77,807614.3607
22608.385,804011.0029
22610,801663.6881
22611.615,804391.8321
22613.23,793583.369
22614.845,784347.6532
22616.46,822727.9661
22618.075,787908.7843
22619.69,796027.3805
22621.305,786668.7966
22622.92,807433.3257
22624.535,806838.4972
22626.15,787759.8508
22627.765,791713.0297
22629.38,805382.1802
22630.995,800335.7807
22632.61,801845.5525
22634.225,801417.6692
22635.84,802144.7547
22637.455,811046.1152
22639.07,786220.6256
22640.685,810278.8912
22642.3,804038.5522
22643.915,816789.3695
22645.53,806354.2266
22647.145,803197.5169
22648.76,801426.0371
22650.375,805858.6667
22651.99,805036.2251
22653.605,811550.7498
22655.22,807223.7057
22656.835,818414.2364
22658.45,814320.187
22660.065,823686.594
22661.68,802270.8324
22663.295,808509.0776
22664.91,832492.3232
22666.525,823179.7949
22668.14,817741.1858
22669.755,811902.9269
22671.37,808806.7922
22672.985,830526.6577
22674.6,812078.4911
22676.215,820012.6977
22677.83,841443.2539
22679.445,808161.09
22681.06,808866.0971
22682.675,815774.2316
22684.29,814634.6673
22685.905,832299.4968
22687.52,819345.4229
22689.135,819652.5059
22690.75,826867.7829
22692.365,832255.6095
22693.98,825139.5712
22695.595,800112.8202
22697.21,820680.6587
22698.825,828718.5764
22700.44,824191.8608
22702.055,810052.762
22703.67,825083.4146
22705.285,830298.4663
22706.9,811370.559
22708.515,821662.0792
22710.13,816171.1812
22711.745,837086.7749
22713.36,835995.3005
22714.975,823909.7312
22716.59,818935.7836
22718.205,838636.8804
22719.82,832301.6037
22721.435,803799.0881
22723.05,813049.1615
22724.665,818379.221
22726.28,824495.4423
22727.895,820892.2183
22729.51,804406.6695
22731.125,822176.6939
22732.74,819810.5382
22734.355,816824.1208
22735.97,801129.8102
22737.585,807310.8518
22739.2,830979.2527
22740.815,836178.2527
22742.43,828717.8604
22744.045,828347.5117
22745.66,828906.6126
22747.275,838647.848
22748.89,805415.4235
22750.505,806834.7409
22752.12,827528.5753
22753.735,817876.5836
22755.35,822533.0923
22756.965,799833.1434
22758.58,809160.6653
22760.195,829528.5738
22761.81,810259.9219
22763.425,804089.0744
22765.04,823545.8165
22766.655,835924.087
22768.27,818271.4859
22769.885,805544.2645
22771.5,823854.7851
22773.115,846199.8159
22774.73,810283.3988
22776.345,809942.7025
22777.96,807280.238
22779.575,823355.1415
22781.19,824389.7155
22782.805,814532.1482
22784.42,807368.0479
22786.035,812564.7496
22787.65,835609.2478
22789.265,802495.4665
22790.88,809304.6951
22792.495,811815.4052
22794.11,844072.5328
22795.725,834534.1728
22797.34,799685.1229
22798.955,818628.0163
22800.57,841242.5336
22802.185,837433.723
22803.8,825839.6282
22805.415,812308.3097
22807.03,818360.0044
22808.645,836000.2897
22810.26,823715.7072
22811.875,806045.3548
22813.49,825386.4586
22815.105,825963.7422
22816.72,804760.8884
22818.335,812665.8312
22819.95,816261.695
22821.565,829091.6847
22823.18,823938.2009
22824.795,803790.0879
22826.41,822098.9646
22828.025,812467.4466
22829.64,820306.9758
22831.255,803024.3236
22832.87,801894.2728
22834.485,817632.4726
22836.1,820326.4193
22837.715,816582.0218
22839.33,815207.5307
22840.945,814813.6828
22842.56,827182.0903
22844.175,794289.0696
22845.79,792316.7748
22847.405,824561.33
22849.02,812640.24
22850.635,819638.0906
22852.25,810059.1477
22853.865,817586.192
22855.48,824770.1021
22857.095,810245.979
22858.71,809526.6924
22860.325,828881.9549
22861.94,833950.6095
22863.555,808975.6434
22865.17,836024.8339
22866.785,831185.5627
22868.4,816316.7006
22870.015,808283.7331
22871.63,798903.3664
22873.245,826141.2943
22874.86,843627.3463
22876.475,826730.7412
22878.09,832858.8041
22879.705,833395.6461
22881.32,839679.0227
22882.935,814336.3093
22884.55,814035.6752
22886.165,804951.5206
22887.78,815927.3584
22889.395,824090.3199
22891.01,812307.8559
22892.625,820763.0184
22894.24,812821.7585
22895.855,826651.1579
22897.47,818056.7744
22899.085,816680.1169
22900.7,820237.0826
22902.315,849115.2057
22903.93,828499.3257
22905.545,806819.3196
22907.16,827017.1795
22908.775,826868.7406
22910.39,812015.6419
22912.005,827803.1087
22913.62,809673.3758
22915.235,839884.9868
22916.85,823454.8378
22918.465,829702.6206
22920.08,823215.0372
22921.695,820970.2582
22923.31,827940.182
22924.925,809602.7928
22926.54,816161.9262
22928.155,831685.2918
22929.77,850166.9508
22931.385,835669.78
22933,815592.5234
22934.615,820299.8649
22936.23,814002.8244
22937.845,826957.0117
22939.46,798588.358
22941.075,807216.1298
22942.69,815182.4472
22944.305,828401.396
22945.92,825368.2629
22947.535,817502.1513
22949.15,817127.3694
22950.765,830160.8277
22952.38,821677.785
22953.995,811860.2985
22955.61,806926.5824
22957.225,827283.6535
22958.84,834261.1011
22960.455,821983.226
22962.07,813410.5174
22963.685,825244.1488
22965.3,826637.7505
22966.915,810909.0103
22968.53,817197.3593
22970.145,829607.8578
22971.76,839539.7793
22973.375,843528.8346
22974.99,845570.3197
22976.605,804958.8454
22978.22,821369.0321
22979.835,826243.765
22981.45,831151.7188
22983.065,823661.12
22984.68,818298.1668
22986.295,830604.0375
22987.91,830274.2158
22989.525,816945.6612
22991.14,815941.9038
22992.755,811083.6782
22994.37,826928.6089
22995.985,814721.5382
22997.6,828005.205
22999.215,819334.6114
23000.83,809248.9141
23002.445,821135.5521
23004.06,815269.5078
23005.675,837670.8236
23007.29,831725.4693
23008.905,812431.7878
23010.52,814462.4428
23012.135,829570.5198
23013.75,839888.4679
23015.365,821250.1601
23016.98,811602.5309
23018.595,823749.8002
23020.21,814821.4409
23021.825,815072.2463
23023.44,816124.631
23025.055,829373.1337
23026.67,835629.7475
23028.285,839300.3506
23029.9,798506.9096
23031.515,823805.7282
23033.13,823464.4145
23034.745,820236.1343
23036.36,838605.4948
23037.975,829447.5345
23039.59,819569.2388
23041.205,826199.1376
23042.82,820150.4925
23044.435,809158.5751
23046.05,804084.0834
23047.665,831659.1985
23049.28,806472.3083
23050.895,794394.8485
23052.51,796959.9468
23054.125,816769.2119
23055.74,791360.834
23057.355,787719.3497
23058.97,801467.3192
23060.585,811386.0602
23062.2,816575.6063
23063.815,792773.7006
23065.43,823952.4265
23067.045,800974.7234
23068.66,802308.401
23070.275,801368.0191
23071.89,791909.1866
23073.505,809594.6368
23075.12,790996.5437
23076.735,795466.4703
23078.35,814411.0076
23079.965,792836.3862
23081.58,788902.7177
23083.195,805881.3923
23084.81,814520.3159
23086.425,788699.8441
23088.04,800706.5274
23089.655,800046.2147
23091.27,812340.744
23092.885,814606.1473
23094.5,793323.2174
23096.115,801097.1825
23097.73,815435.473
23099.345,839827.9246
23100.96,809862.6468
23102.575,793854.6779
23104.19,816469.1989
23105.805,814114.2005
23107.42,785073.1563
23109.035,807872.4184
23110.65,803790.4487
23112.265,816616.1966
23113.88,818791.3837
23115.495,810356.0831
23117.11,798922.2855
23118.725,801059.1472
23120.34,806434.5073
23121.955,778972.9161
23123.57,785112.3687
23125.185,810823.9301
23126.8,826065.4003
23128.415,806174.7797
23130.03,802135.0478
23131.645,815998.9959
23133.26,818472.1615
23134.875,797240.5906
23136.49,799035.7667
23138.105,813545.9357
23139.72,828385.6902
23141.335,811121.429
23142.95,794643.5619
23144.565,804568.0025
23146.18,799950.4812
23147.795,832605.4585
23149.41,797778.5223
23151.025,796600.8669
23152.64,823257.6544
23154.255,815221.5555
23155.87,799926.1917
23157.485,815445.3044
23159.1,808419.224
23160.715,803886.0465
23162.33,809532.2339
23163.945,806123.298
23165.56,828627.5233
23167.175,826395.843
23168.79,807666.1419
23170.405,800242.0592
23172.02,815014.2059
23173.635,806111.4656
23175.25,806929.3866
23176.865,814789.4416
23178.48,801672.2421
23180.095,815794.9954
23181.71,811640.4658
23183.325,809363.2339
23184.94,797184.6366
23186.555,806579.6882
23188.17,809055.2025
23189.785,812923.7011
23191.4,814086.3183
23193.015,810721.571
23194.63,810744.6722
23196.245,822255.5985
23197.86,797584.199
23199.475,812398.9741
23201.09,831483.9449
23202.705,827656.0106
23204.32,810690.5815
23205.935,791685.6943
23207.55,815812.4826
23209.165,813881.2002
23210.78,820688.3182
23212.395,802950.5403
23214.01,809057.3429
23215.625,834580.3939
23217.24,830418.6325
23218.855,805668.9736
23220.47,818544.288
23222.085,828901.1083
23223.7,847080.2142
23225.315,805811.713
23226.93,817522.4539
23228.545,827927.074
23230.16,829036.5229
23231.775,804659.844
23233.39,811232.952
23235.005,832734.8537
23236.62,818291.0224
23238.235,804660.4074
23239.85,805103.0872
23241.465,839777.354
23243.08,840505.0625
23244.695,824595.6146
23246.31,803656.3488
23247.925,818303.8477
23249.54,830458.2801
23251.155,803756.4541
23252.77,798466.7432
23254.385,799847.6479
23256,826364.623
23257.615,805875.7579
23259.23,796624.2973
23260.845,806162.1756
23262.46,802161.6766
23264.075,805846.0831
23265.69,801457.0359
23267.305,809447.4345
23268.92,813208.6945
23270.535,809648.2086
23272.15,799922.4019
23273.765,786227.0689
23275.38,808055.9973
23276.995,794949.3451
23278.61,794974.1293
23280.225,788492.9204
23281.84,803087.5485
23283.455,820771.206
23285.07,810176.9077
23286.685,786994.2706
23288.3,789574.7363
23289.915,804847.8021
23291.53,796682.4232
23293.145,784345.2842
23294.76,787870.8271
23296.375,790408.0693
23297.99,809205.9045
23299.605,792362.2465
23301.22,778703.6136
23302.835,774092.6714
23304.45,796457.8263
23306.065,803520.6386
23307.68,788416.5206
23309.295,781374.8125
23310.91,804193.983
23312.525,796826.5703
23314.14,770544.2727
23315.755,785157.6935
23317.37,785330.089
23318.985,803430.2717
23320.6,811872.8765
23322.215,787493.9625
23323.83,800083.4393
23325.445,791108.0016
23327.06,805339.1706
23328.675,788084.0435
23330.29,786978.0516
23331.905,798851.4849
23333.52,794908.844
23335.135,784811.809
23336.75,813232.0244
23338.365,791053.5836
23339.98,808582.7234
23341.595,803233.5234
23343.21,803785.002
23344.825,810437.7399
23346.44,818808.8337
23348.055,807600.838
23349.67,803056.4679
23351.285,791589.044
23352.9,839172.4597
23354.515,800004.8508
23356.13,821485.4848
23357.745,800355.8639
23359.36,808878.6156
23360.975,822246.258
23362.59,792984.4067
23364.205,786390.8863
23365.82,0
23367.435,828431.2102
23369.05,792430.9142
23370.665,808819.0652
23372.28,820950.4484
23373.895,816772.6781
23375.51,792954.4827
23377.125,798836.5285
23378.74,822813.2415
23380.355,817701.5141
23381.97,831375.2818
23383.585,818207.7553
23385.2,816253.3494
23386.815,805754.2416
23388.43,792179.9916
23390.045,801149.8934
23391.66,816375.31
23393.275,815494.4617
23394.89,810108.5431
23396.505,794507.9391
23398.12,807183.0298
23399.735,816036.3617
23401.35,800764.7501
23402.965,798868.2209
23404.58,798779.4588
23406.195,823102.6067
23407.81,818498.3199
23409.425,799632.3115
23411.04,810448.0344
23412.655,812962.8949
23414.27,801715.0936
23415.885,799520.2883
23417.5,806904.2325
23419.115,805524.4937
23420.73,819172.6294
23422.345,817641.4244
23423.96,800389.3359
23425.575,811302.2948
23427.19,821095.9287
23428.805,815786.9398
23430.42,811002.9178
23432.035,810161.7635
23433.65,828726.2377
23435.265,825758.8008
23436.88,809536.8344
23438.495,839773.3987
23440.11,797576.3888
23441.725,860490.8067
23443.34,793205.6936
23444.955,799316.0014
23446.57,830087.2805
23448.185,820069.7897
23449.8,825078.6634
23451.415,806734.4478
23453.03,806279.9356
23454.645,35.4487
23456.26,796866.0393
23457.875,818836.9056
23459.49,808371.8053
23461.105,832065.3102
23462.72,803140.1738
23464.335,795792.8908
23465.95,822434.2719
23467.565,809323.9713
23469.18,799994.1231
23470.795,807720.4762
23472.41,828726.4292
23474.025,828247.914
23475.64,817830.8721
23477.255,787359.0742
23478.87,802792.4373
23480.485,829801.6381
23482.1,790189.9659
23483.715,794857.8495
23485.33,795099.0913
23486.945,807662.6292
23488.56,795460.5792
23490.175,803243.1559
23491.79,799810.6427
23493.405,815418.2609
23495.02,802111.1953
23496.635,793197.3051
23498.25,807356.1152
23499.865,781302.3029
23501.48,782653.0381
23503.095,800321.0903
23504.71,799539.9587
23506.325,778887.4175
23507.94,789705.6414
23509.555,813846.7594
23511.17,802522.51
23512.785,802419.0389
23514.4,798676.3651
23516.015,799903.4345
23517.63,813498.7068
23519.245,786864.2246
23520.86,784574.9019
23522.475,803101.1083
23524.09,807269.499
23525.705,798008.1772
23527.32,779038.7461
23528.935,797832.654
23530.55,800253.4025
23532.165,786066.3533
23533.78,773588.0592
23535.395,783062.8875
23537.01,799149.9433
23538.625,799689.9577
23540.24,796312.0782
23541.855,778576.4127
23543.47,808725.8495
23545.085,799998.2717
23546.7,798710.9026
23548.315,793764.3482
23549.93,774645.9408
23551.545,831661.8911
23553.16,792126.2356
23554.775,776802.8037
23556.39,771722.8542
23558.005,779302.442
23559.62,809428.653
23561.235,807004.7134
23562.85,787499.8387
23564.465,793360.7822
23566.08,792008.9666
23567.695,787858.0706
23569.31,769998.6331
23570.925,773482.7898
23572.54,789808.4691
23574.155,785460.8621
23575.77,770995.6441
23577.385,796477.3405
23579,806435.2586
23580.615,810988.4207
23582.23,783654.062
23583.845,793894.6601
23585.46,817256.5916
23587.075,796679.1541
23588.69,800526.0131
23590.305,784686.066
23591.92,784262.1026
23593.535,791025.9246
23595.15,779311.1224
23596.765,770758.5733
23598.38,789410.8222
23599.995,786440.4546
23601.61,789621.796
23603.225,789581.479
23604.84,784129.6986
23606.455,790581.6716
23608.07,767352.3263
23609.685,786496.4011
23611.3,774621.6885
23612.915,797535.5233
23614.53,791970.3064
23616.145,778568.2121
23617.76,771210.9358
23619.375,782580.6829
23620.99,769910.9701
23622.605,775682.8447
23624.22,756748.3881
23625.835,800261.406
23627.45,780389.4144
23629.065,778567.4831
23630.68,15.4771
23632.295,777622.4356
23633.91,771952.6541
23635.525,761874.845
23637.14,788562.8768
23638.755,788287.4192
23640.37,772578.288
23641.985,40.3579
23643.6,773960.9927
23645.215,800900.1553
23646.83,776460.2851
23648.445,767130.5689
23650.06,779991.323
23651.675,789954.5166
23653.29,783216.2784
23654.905,768737.5804
23656.52,789987.8659
23658.135,787169.7642
23659.75,794995.1422
23661.365,770152.541
23662.98,769449.5664
23664.595,791972.3315
23666.21,808205.6505
23667.825,772223.0388
23669.44,774781.1415
23671.055,779608.4167
23672.67,786688.2959
23674.285,770694.3461
23675.9,764409.6103
23677.515,786166.0068
23679.13,821386.6997
23680.745,786352.7989
23682.36,786580.412
23683.975,814811.429
23685.59,797697.8177
23687.205,797705.8138
23688.82,778259.5856
23690.435,789242.1551
23692.05,802987.5045
23693.665,790884.1039
23695.28,791187.531
23696.895,790679.4525
23698.51,790930.9014
23700.125,800532.0511
23701.74,777421.5814
23703.355,781292.2799
23704.97,816985.0113
23706.585,816359.3774
23708.2,797005.6918
23709.815,788692.2962
23711.43,800000.7505
23713.045,817356.3065
23714.66,783567.0683
23716.275,811354.4367
23717.89,815880.07
23719.505,816655.5839
23721.12,819886.7539
23722.735,785981.4851
23724.35,794983.771
23725.965,810306.1504
23727.58,789395.7263
23729.195,800453.9163
23730.81,796211.8743
23732.425,821744.8051
23734.04,809423.74
23735.655,786193.3422
23737.27,792642.8085
23738.885,787438.5627
23740.5,800826.9726
23742.115,802993.3621
23743.73,790721.1846
23745.345,785297.6509
23746.96,790735.2075
23748.575,794348.051
23750.19,799238.458
23751.805,778807.6705
23753.42,788507.1962
23755.035,784799.5992
23756.65,796976.4243
23758.265,777677.6308
23759.88,789784.3526
23761.495,786992.0838
23763.11,805165.9718
23764.725,774733.1613
23766.34,773215.8323
23767.955,783849.966
23769.57,796195.858
23771.185,808083.8981
23772.8,771510.5508
23774.415,797594.7724
23776.03,793385.0829
23777.645,782712.6294
23779.26,780018.2661
23780.875,764744.0882
23782.49,790589.0355
23784.105,784130.2454
23785.72,772157.4338
23787.335,781630.9474
23788.95,782640.4638
23790.565,779780.0833
23792.18,777913.0727
23793.795,778172.0434
23795.41,810533.3804
23797.025,793535.5784
23798.64,768159.1848
23800.255,792702.8237
23801.87,796140.8133
23803.485,781583.8579
23805.1,790690.4723
23806.715,791816.049
23808.33,780446.9546
23809.945,791515.917
23811.56,803959.2943
23813.175,765892.9094
23814.79,768626.5074
23816.405,801902.0829
23818.02,802198.1239
23819.635,778854.323
23821.25,781938.3093
23822.865,792941.2278
23824.48,780256.0844
23826.095,792953.9435
23827.71,783540.711
23829.325,817202.1011
23830.94,805867.2095
23832.555,785253.8138
23834.17,788738.8185
23835.785,792424.681
23837.4,778585.889
23839.015,772299.1578
23840.63,795003.8375
23842.245,806095.3768
23843.86,798563.9979
23845.475,796534.6668
23847.09,808845.112
23848.705,801485.7288
23850.32,809201.0213
23851.935,799731.9836
23853.55,805981.2002
23855.165,800225.7156
23856.78,810269.8761
23858.395,796981.7035
23860.01,810176.5321
23861.625,785637.5216
23863.24,800770.9163
23864.855,805940.3662
23866.47,782693.8591
23868.085,794098.4654
23869.7,807892.0776
23871.315,797904.2672
23872.93,785968.6449
23874.545,792904.7769
23876.16,802258.0015
23877.775,793133.2398
23879.39,802007.5215
23881.005,780962.2909
23882.62,805935.6708
23884.235,805245.7466
23885.85,791925.9394
23887.465,798112.4275
23889.08,796112.8307
23890.695,791334.4246
23892.31,784996.5966
23893.925,793543.5745
23895.54,801162.3524
23897.155,793337.5862
23898.77,780187.5729
23900.385,795337.9714
23902,800381.4198
23903.615,785294.3707
23905.23,781593.5611
23906.845,810993.527
23908.46,805154.8144
23910.075,795566.769
23911.69,785875.63
23913.305,794810.721
23914.92,810624.506
23916.535,801667.9651
23918.15,793671.5118
23919.765,792649.9882
23921.38,795174.5892
23922.995,825615.9164
23924.61,809033.1147
23926.225,795544.5269
23927.84,804977.0411
23929.455,799472.7618
23931.07,792764.6799
23932.685,805121.3536
23934.3,798927.9126
23935.915,815583.3484
23937.53,810215.5976
23939.145,802912.7504
23940.76,803237.7093
23942.375,789723.7851
23943.99,799522.7838
23945.605,813164.292
23947.22,805889.4684
23948.835,815371.0171
23950.45,807586.9397
23952.065,804357.6498
23953.68,780556.3652
23955.295,802945.8505
23956.91,800959.661
23958.525,805081.9013
23960.14,796585.2206
23961.755,800608.4508
23963.37,834494.4769
23964.985,832227.374
23966.6,786794.6364
23968.215,795817.9948
23969.83,816097.6266
23971.445,809268.0712
23973.06,802262.0107
23974.675,814441.997
23976.29,820203.6999
23977.905,806958.1353
23979.52,795239.3016
23981.135,812420.2176
23982.75,809344.3892
23984.365,810043.7469
23985.98,803277.7139
23987.595,810593.842
23989.21,813518.8123
23990.825,802085.4517
23992.44,795036.7962
23994.055,794095.8769
23995.67,817093.3805
23997.285,815837.3932
23998.9,812012.6071
24000.515,817016.9398
24002.13,806298.0681
24003.745,827979.6771
24005.36,817800.7138
24006.975,805280.0089
24008.59,791373.4752
24010.205,830068.2907
24011.82,792829.3199
24013.435,793523.1194
24015.05,795142.2775
24016.665,818363.0094
24018.28,788218.9858
24019.895,798802.2067
24021.51,0
24023.125,790281.2663
24024.74,812710.7989
24026.355,788868.2062
24027.97,784725.0646
24029.585,778977.6059
24031.2,798009.57
24032.815,805300.2315
24034.43,799337.2692
24036.045,803759.7772
24037.66,798570.3259
24039.275,809205.1532
24040.89,786578.692
24042.505,773960.9146
24044.12,794454.6796
24045.735,794726.4051
24047.35,796346.48
24048.965,785860.0321
24050.58,792232.6523
24052.195,795797.5397
24053.81,784554.1902
24055.425,784691.8938
24057.04,808330.4991
24058.655,817471.1228
24060.27,809722.5834
24061.885,796966.2692
24063.5,799091.7392
24065.115,796574.7272
24066.73,797054.5981
24068.345,783102.2505
24069.96,798580.4512
24071.575,805056.6969
24073.19,812814.9302
24074.805,807102.6971
24076.42,797142.183
24078.035,795659.5608
24079.65,800287.0604
24081.265,792137.0973
24082.88,800129.7478
24084.495,796227.8404
24086.11,818700.5129
24087.725,799743.3269
24089.34,797246.3088
24090.955,802842.3589
24092.57,802598.5751
24094.185,791567.9845
24095.8,789863.5138
24097.415,794664.6995
24099.03,807081.5298
24100.645,796365.6334
24102.26,805489.7982
24103.875,788620.3649
24105.49,805401.713
24107.105,803765.3558
24108.72,795928.4523
24110.335,776370.0781
24111.95,794897.9824
24113.565,804065.4097
24115.18,804482.0279
24116.795,784685.8838
24118.41,810422.3818
24120.025,810281.5206
24121.64,782411.2106
24123.255,783276.8329
24124.87,790051.8308
24126.485,816652.2348
24128.1,823069.6628
24129.715,804089.4761
24131.33,773986.582
24132.945,790062.5214
24134.56,809949.8394
24136.175,808983.3159
24137.79,782726.8438
24139.405,790810.8709
24141.02,802225.4593
24142.635,789153.8244
24144.25,795694.1968
24145.865,806429.6241
24147.48,810177.8468
24149.095,785484.2609
24150.71,782416.131
24152.325,794591.4628
24153.94,810629.5008
24155.555,802551.997
24157.17,804282.1482
24158.785,793962.2233
24160.4,820890.0054
24162.015,815295.2403
24163.63,798872.1259
24165.245,796054.716
24166.86,789881.7393
24168.475,812663.1906
24170.09,786252.9335
24171.705,789059.7514
24173.32,816061.9678
24174.935,791370.3381
24176.55,795729.8519
24178.165,790041.5345
24179.78,818524.1323
24181.395,803221.6223
24183.01,785883.3583
24184.625,785901.9464
24186.24,791550.1775
24187.855,778189.7073
24189.47,783593.9463
24191.085,784207.5377
24192.7,798249.3614
24194.315,784576.9065
24195.93,773475.9616
24197.545,772956.4506
24199.16,760465.2735
24200.775,789678.1293
24202.39,789268.8843
24204.005,790711.6433
24205.62,764735.432
24207.235,790161.7193
24208.85,773651.0869
24210.465,773671.1031
24212.08,774717.6489
24213.695,778577.7107
24215.31,785303.4825
24216.925,788695.0576
24218.54,776879.8246
24220.155,795296.3658
24221.77,792990.7496
24223.385,787466.5861
24225,778186.8343
24226.615,798259.217
24228.23,812269.4264
24229.845,809011.9567
24231.46,800272.4871
24233.075,806736.5509
24234.69,817126.553
24236.305,801385.854
24237.92,801408.9292
24239.535,796227.6545
24241.15,803613.447
24242.765,808687.5353
24244.38,805732.6429
24245.995,798292.8935
24247.61,816357.3337
24249.225,806423.2384
24250.84,801134.0872
24252.455,810628.227
24254.07,817145.1988
24255.685,833025.3048
24257.3,812251.8871
24258.915,809323.4766
24260.53,810080.5586
24262.145,822112.9633
24263.76,809089.8348
24265.375,824054.5309
24266.99,795402.0368
24268.605,827168.1083
24270.22,808055.9136
24271.835,791635.0679
24273.45,809727.2713
24275.065,808646.1267
24276.68,803842.0978
24278.295,793561.4467
24279.91,796589.3377
24281.525,819992.2129
24283.14,815870.5174
24284.755,814799.4944
24286.37,793183.682
24287.985,816038.6378
24289.6,815923.8848
24291.215,798092.601
24292.83,803613.0584
24294.445,801711.1067
24296.06,806915.0681
24297.675,807879.7432
24299.29,802223.8843
24300.905,777750.6834
24302.52,788680.1384
24304.135,796440.2015
24305.75,816020.7694
24307.365,809028.9828
24308.98,776850.4232
24310.595,812283.228
24312.21,797147.3898
24313.825,789312.515
24315.44,773149.5987
24317.055,770816.2808
24318.67,809820.9984
24320.285,798852.2287
24321.9,802533.0295
24323.515,797260.4841
24325.13,813573.5408
24326.745,811891.5948
24328.36,802115.7456
24329.975,787038.3792
24331.59,817004.9196
24333.205,805407.5278
24334.82,804489.4958
24336.435,802439.8659
24338.05,803936.4348
24339.665,809112.3726
24341.28,789595.9277
24342.895,780813.7274
24344.51,809155.7579
24346.125,805586.7888
24347.74,803148.3559
24349.355,817506.908
24350.97,814150.3204
24352.585,807794.6631
24354.2,806001.0304
24355.815,783957.1209
24357.43,820163.5168
24359.045,797144.3197
24360.66,805673.8568
24362.275,813647.5399
24363.89,804256.278
24365.505,798428.3881
24367.12,792877.3466
24368.735,801115.2127
24370.35,804385.0707
24371.965,811788.9233
24373.58,807352.2492
24375.195,782420.1402
24376.81,776851.1819
24378.425,798846.4641
24380.04,777569.7395
24381.655,792732.995
24383.27,784407.834
24384.885,809611.7725
24386.5,812572.7605
24388.115,806256.972
24389.73,769593.8678
24391.345,800470.0405
24392.96,804903.5887
24394.575,788257.4618
24396.19,784923.3023
24397.805,806339.0638
24399.42,803008.1455
24401.035,799794.2787
24402.65,779253.9672
24404.265,777200.354
24405.88,792429.5158
24407.495,788808.6447
24409.11,798266.4693
24410.725,796992.4406
24412.34,779494.3852
24413.955,791344.7488
24415.57,798365.5835
24417.185,770880.8557
24418.8,777221.2777
24420.415,785118.6949
24422.03,793707.2152
24423.645,791454.1017
24425.26,763442.4043
24426.875,781902.5947
24428.49,794095.2892
24430.105,795934.9607
24431.72,765255.7816
24433.335,771957.7047
24434.95,799683.1238
24436.565,792678.1382
24438.18,770081.4577
24439.795,771164.8783
24441.41,776652.496
24443.025,785497.7463
24444.64,766672.6668
24446.255,766326.5276
24447.87,770391.3635
24449.485,802447.1181
24451.1,791609.8468
24452.715,769796.0701
24454.33,766837.6222
24455.945,769584.8229
24457.56,796834.4269
24459.175,787232.9685
24460.79,764888.3933
24462.405,786820.2052
24464.02,787066.8007
24465.635,775410.3736
24467.25,0
24468.865,782794.9184
24470.48,790859.4722
24472.095,791458.6948
24473.71,769046.9656
24475.325,776466.5815
24476.94,782945.5273
24478.555,783613.6446
24480.17,779334.1511
24481.785,767576.5048
24483.4,780798.3285
24485.015,759950.3073
24486.63,771642.9473
24488.245,768198.1127
24489.86,776426.3148
24491.475,780451.2836
24493.09,796402.7817
24494.705,752011.4909
24496.32,770473.3847
24497.935,775806.4213
24499.55,781493.4687
24501.165,777563.8131
24502.78,775642.2599
24504.395,775907.4137
24506.01,773991.9933
24507.625,756398.2954
24509.24,770313.53
24510.855,780372.5334
24512.47,765005.8055
24514.085,791285.47
24515.7,769595.4912
24517.315,785980.3712
24518.93,791348.0626
24520.545,791863.1627
24522.16,771502.2535
24523.775,777762.5883
24525.39,792892.9166
24527.005,793256.0317
24528.62,768993.7544
24530.235,787652.6903
24531.85,813687.5444
24533.465,799405.909
24535.08,773401.0792
24536.695,791341.3347
24538.31,787859.8148
24539.925,787252.2986
24541.54,797451.2409
24543.155,801791.8188
24544.77,807066.5046
24546.385,792800.0263
24548,797075.6519
24549.615,775778.264
24551.23,802418.667
24552.845,761880.8217
24554.46,774025.4262
24556.075,754360.3305
24557.69,771738.1862
24559.305,806241.0579
24560.92,783207.0364
24562.535,768564.9543
24564.15,756252.5101
24565.765,777775.7558
24567.38,764439.2441
24568.995,760710.2883
24570.61,766803.1684
24572.225,789571.3816
24573.84,765846.6084
24575.455,747743.443
24577.07,758946.3621
24578.685,770086.6347
24580.3,754693.6834
24581.915,741296.5391
24583.53,754307.5098
24585.145,774162.1816
24586.76,771717.4429
24588.375,761115.076
24589.99,761412.8556
24591.605,761960.1409
24593.22,765624.2411
24594.835,731409.0461
24596.45,733607.7527
24598.065,771505.1395
24599.68,755745.3466
24601.295,754238.9667
24602.91,733040.2839
24604.525,748489.4792
24606.14,764720.7657
24607.755,744128.6173
24609.37,739444.2041
24610.985,765983.6277
24612.6,771739.7036
24614.215,765344.1941
24615.83,750792.968
24617.445,771490.529
24619.06,773143.0271
24620.675,774851.8491
24622.29,739093.3844
24623.905,768639.0352
24625.52,777121.5294
24627.135,765020.7768
24628.75,765323.0826
24630.365,763687.3224
24631.98,768438.3857
24633.595,764847.3344
24635.21,760548.8233
24636.825,760031.0398
24638.44,774153.4342
24640.055,770817.3631
24641.67,768467.6774
24643.285,769623.5611
24644.9,780235.1923
24646.515,777735.2101
24648.13,760983.6874
24649.745,766575.202
24651.36,781726.5489
24652.975,772234.9437
24654.59,770159.6482
24656.205,747447.6828
24657.82,769569.2919
24659.435,775794.4979
24661.05,756462.3794
24662.665,769554.475
24664.28,782512.1695
24665.895,774467.8029
24667.51,778521.2137
24669.125,774814.8719
24670.74,771521.7342
24672.355,771317.0066
24673.97,775855.4652
24675.585,768200.4576
24677.2,757910.7951
24678.815,766921.3468
24680.43,769848.7401
24682.045,757118.1324
24683.66,750886.8346
24685.275,742061.3085
24686.89,753350.9089
24688.505,741940.9433
24690.12,744860.3182
24691.735,737555.3958
24693.35,752376.8132
24694.965,747210.9969
24696.58,733197.6765
24698.195,752018.2038
24699.81,746692.0308
24701.425,743027.6889
24703.04,745445.5421
24704.655,734920.6777
24706.27,740400.9259
24707.885,764766.1091
24709.5,13.8927
24711.115,726859.4115
24712.73,728424.0605
24714.345,747845.3484
24715.96,766888.8567
24717.575,765033.3493
24719.19,752122.482
24720.805,761270.1888
24722.42,773830.8537
24724.035,747773.3316
24725.65,746273.2146
24727.265,754912.2591
24728.88,771589.9277
24730.495,757282.2474
24732.11,762200.1033
24733.725,770078.7204
24735.34,756481.9884
24736.955,757108.2471
24738.57,736929.1855
24740.185,750541.6084
24741.8,758298.7353
24743.415,757913.7983
24745.03,739248.2908
24746.645,749018.7677
24748.26,769583.2256
24749.875,754047.5331
24751.49,738892.2104
24753.105,734827.2035
24754.72,752886.1748
24756.335,750549.1191
24757.95,747880.5162
24759.565,743642.6787
24761.18,755515.4946
24762.795,756016.3189
24764.41,744010.8443
24766.025,735657.5687
24767.64,771231.1082
24769.255,757202.7514
24770.87,756531.8263
24772.485,745861.2156
24774.1,742833.4789
24775.715,775783.4949
24777.33,743255.103
24778.945,735579.2275
24780.56,769824.75
24782.175,761411.7715
24783.79,785228.3491
24785.405,751640.0264
24787.02,764354.627
24788.635,787849.5055
24790.25,756256.0173
24791.865,774643.1533
24793.48,766995.0744
24795.095,779916.8274
24796.71,769302.9443
24798.325,756580.74
24799.94,767066.6096
24801.555,784784.6558
24803.17,773027.519
24804.785,760696.8103
24806.4,755843.3711
24808.015,757497.9612
24809.63,777553.1709
24811.245,769550.9381
24812.86,758330.0037
24814.475,755176.6653
24816.09,766999.8944
24817.705,773252.2796
24819.32,751514.7092
24820.935,742535.6788
24822.55,783313.6446
24824.165,764498.1548
24825.78,769767.9815
24827.395,739291.6798
24829.01,750779.6834
24830.625,750936.4772
24832.24,736336.0064
24833.855,743764.6877
24835.47,748685.9522
24837.085,777255.1997
24838.7,767102.3632
24840.315,757985.698
24841.93,760821.9359
24843.545,774750.3621
24845.16,765724.2107
24846.775,749686.4963
24848.39,765142.0662
24850.005,761553.4751
24851.62,769424.336
24853.235,781346.4933
24854.85,750561.885
24856.465,763515.4178
24858.08,764327.4924
24859.695,755782.229
24861.31,749782.4604
24862.925,770383.7374
24864.54,783098.0591
24866.155,757408.9109
24867.77,755885.4156
24869.385,753274.0517
24871,758043.2419
24872.615,759160.6477
24874.23,729055.1708
24875.845,746745.8686
24877.46,763692.2688
24879.075,770750.897
24880.69,766910.9445
24882.305,747069.271
24883.92,761598.6994
24885.535,791285.1018
24887.15,741629.3081
24888.765,743161.5433
24890.38,735639.4864
24891.995,753854.9056
24893.61,756452.8399
24895.225,740044.1538
24896.84,742512.678
24898.455,752607.7103
24900.07,745860.866
24901.685,757065.6651
24903.3,749396.6811
24904.915,752757.873
24906.53,758325.7639
24908.145,761637.7408
24909.76,753012.7862
24911.375,751531.6646
24912.99,754272.3234
24914.605,769070.3364
24916.22,748281.2947
24917.835,753858.6228
24919.45,753459.862
24921.065,773833.71
24922.68,746741.8482
24924.295,758697.2748
24925.91,759760.7537
24927.525,778718.0438
24929.14,747859.3322
24930.755,748821.0711
24932.37,763165.8291
24933.985,764796.2022
24935.6,747892.369
24937.215,741515.8605
24938.83,746863.8573
24940.445,771609.3861
24942.06,759666.5951
24943.675,750368.9079
24945.29,759873.4612
24946.905,763149.9299
24948.52,765286.3081
24950.135,754181.9063
24951.75,751778.8328
24953.365,766215.1329
24954.98,793280.5109
24956.595,753649.1069
24958.21,767796.4379
24959.825,782317.9056
24961.44,772610.1273
24963.055,766329.9194
24964.67,764074.1765
24966.285,783009.2059
24967.9,783518.5898
24969.515,781498.5713
24971.13,778870.1013
24972.745,776386.1335
24974.36,798399.4274
24975.975,775693.4869
24977.59,772189.0313
24979.205,777135.4184
24980.82,792198.033
24982.435,787316.4216
24984.05,776680.9732
24985.665,788519.0415
24987.28,784994.7928
24988.895,778312.1701
24990.51,790078.5377
24992.125,783946.1867
24993.74,788094.2488
24995.355,786199.0864
24996.97,761680.2613
24998.585,778057.0393
25000.2,773319.3685
25001.815,768616.5867
25003.43,772124.5532
25005.045,773794.3004
25006.66,789395.4158
25008.275,771290.5544
25009.89,766685.1686
25011.505,781804.4698
25013.12,768754.004
25014.735,776786.2091
25016.35,765081.5043
25017.965,759752.633
25019.58,763784.2646
25021.195,773672.1873
25022.81,771989.2706
25024.425,765065.1495
25026.04,768177.9105
25027.655,765658.8734
25029.27,764730.0486
25030.885,763360.1525
