0,24670111.7612
1.615,24563626.1418
3.23,24530804.1673
4.845,24427725.3657
6.46,24283831.2753
8.075,24208472.0112
9.69,24390641.0559
11.305,24595596.106
12.92,24578824.515
14.535,24526485.5693
16.15,24768045.7873
17.765,24407600.9881
19.38,24391847.0639
20.995,24426779.314
22.61,24509464.9729
24.225,24026681.1383
25.84,23998311.6999
27.455,23876175.581
29.07,24185286.6591
30.685,24525456.2077
32.3,24118279.2666
33.915,24101315.1077
35.53,24150742.3603
37.145,24294693.1392
38.76,24244482.5273
40.375,24181380.6608
41.99,24114155.6745
43.605,24082827.6766
45.22,24269749.6349
46.835,24073164.3974
48.45,24072216.0677
50.065,24011411.9887
51.68,24060474.4452
53.295,23996760.9919
54.91,23904670.5932
56.525,23892557.0841
58.14,23904202.895
59.755,23602247.1735
61.37,23964914.4036
62.985,23876494.8478
64.6,23930626.3104
66.215,24144381.7937
67.83,24333610.3704
69.445,24186821.1146
71.06,24357908.1893
72.675,24296838.3986
74.29,24406435.1296
75.905,24257317.3331
77.52,24339899.7384
79.135,24273602.8386
80.75,24273817.3159
82.365,24412755.3811
83.98,24161154.8835
85.595,24182260.0568
87.21,24174123.8692
88.825,24130355.7781
90.44,24219503.7304
92.055,24141684.682
93.67,24390080.0117
95.285,870504.742
96.9,24603361.6436
98.515,25013466.4893
100.13,25046385.5585
101.745,25263948.5304
103.36,25355290.6614
104.975,25208331.7715
106.59,25128274.3112
108.205,25321175.8581
109.82,25616026.3621
111.435,25536244.0581
113.05,25345211.5673
114.665,25280422.0089
116.28,25252807.4712
117.895,25289662.6599
119.51,25056655.4465
121.125,25120480.3763
122.74,25049298.3171
124.355,25259497.3015
125.97,25146441.7707
127.585,24918872.6402
129.2,25155488.7826
130.815,24978120.0291
132.43,24815401.4654
134.045,24827351.133
135.66,24919282.4636
137.275,24872885.4431
138.89,24782033.431
140.505,24923044.9062
142.12,24749477.0398
143.735,24887421.5548
145.35,24977624.67
146.965,24768181.0978
148.58,24913767.7373
150.195,24652234.8514
151.81,24567492.4387
153.425,24309987.2924
155.04,24096528.6906
156.655,24142264.0353
158.27,24062910.1892
159.885,23880470.1461
161.5,23985896.3071
163.115,23899646.8598
164.73,23684434.576
166.345,23730714.6528
167.96,23383948.2442
169.575,23509365.1013
171.19,23352605.0408
172.805,23479273.1043
174.42,23140543.2316
176.035,23231579.466
177.65,23275902.6228
179.265,23041210.0214
180.88,23191780.5999
182.495,23328177.8713
184.11,22952313.8136
185.725,23059916.8352
187.34,22894698.2167
188.955,22750321.2317
190.57,22677629.8992
192.185,22511880.4133
193.8,22572797.9586
195.415,22449444.5739
197.03,22478973.3326
198.645,22554192.4924
200.26,22520401.51
201.875,22354866.1462
203.49,22311131.1477
205.105,22221560.5578
206.72,22091634.9093
208.335,22187965.1149
209.95,22053147.7967
211.565,21984733.9734
213.18,22144039.9956
214.795,22176821.0228
216.41,22266353.6573
218.025,22207236.7923
219.64,22336231.5984
221.255,22345029.51
222.87,22289346.4637
224.485,22242824.7862
226.1,22225269.4751
227.715,22156733.1965
229.33,22263204.2984
230.945,22225771.8372
232.56,22431599.0348
234.175,22336055.6139
235.79,22323129.7847
237.405,22102954.1696
239.02,22373005.3367
240.635,22042291.491
242.25,21719990.3243
243.865,21820188.6621
245.48,21954719.1051
247.095,22042560.4066
248.71,21827512.3102
250.325,21874659.2088
251.94,21829320.3637
253.555,21635125.2628
255.17,21795283.1652
256.785,21613248.0474
258.4,21988337.9747
260.015,21974153.7073
261.63,21843768.6263
263.245,21799462.8211
264.86,21810848.5362
266.475,21675839.2265
268.09,21778672.8068
269.705,21770256.9758
271.32,21887682.0899
272.935,21793882.6925
274.55,22214564.2488
276.165,22169320.6984
277.78,22043444.3902
279.395,21996885.7634
281.01,21955033.1577
282.625,22082210.5586
284.24,22053562.9588
285.855,21908361.0349
287.47,21932030.8453
289.085,21949930.3375
290.7,22191119.714
292.315,21912833.0089
293.93,21955629.18
295.545,21835558.674
297.16,21830123.9866
298.775,22126848.2515
300.39,21912134.2797
302.005,21967185.5278
303.62,21800247.6736
305.235,21807675.163
306.85,21717681.4818
308.465,22103903.0106
310.08,22032180.5558
311.695,21918999.9067
313.31,21800711.5765
314.925,21769459.7088
316.54,21966949.026
318.155,21837019.8872
319.77,21793260.7089
321.385,21934896.3322
323,21923591.8294
324.615,21929412.3295
326.23,21813344.9686
327.845,21951948.5187
329.46,21856131.7359
331.075,22010478.886
332.69,22031060.5763
334.305,22013466.036
335.92,22049467.9907
337.535,22032841.9173
339.15,22117918.4639
340.765,22366350.6835
342.38,22446061.404
343.995,22541683.6012
345.61,22250841.8173
347.225,22335813.5521
348.84,22634821.9013
350.455,22402614.536
352.07,22454357.5969
353.685,22442823.8465
355.3,22392267.1027
356.915,22576444.0564
358.53,22406177.2012
360.145,22572878.3825
361.76,22560474.6212
363.375,22566840.2848
364.99,22576312.5674
366.605,22459924.3293
368.22,22577529.9336
369.835,22543664.807
371.45,22364942.4583
373.065,22456997.5348
374.68,22454788.5857
376.295,22350599.8648
377.91,22501066.7472
379.525,22440570.7423
381.14,22333413.6305
382.755,22285135.7663
384.37,22073128.098
385.985,22263018.8637
387.6,22311869.2752
389.215,22330905.84
390.83,22126912.6515
392.445,21946277.6662
394.06,21838542.726
395.675,22062490.3363
397.29,22208127.1894
398.905,22049207.404
400.52,22040590.068
402.135,21994027.7258
403.75,22092502.5585
405.365,22022816.3282
406.98,22256416.596
408.595,22178643.8076
410.21,22303975.4024
411.825,22383075.6964
413.44,22426043.6141
415.055,22510668.8526
416.67,22622183.7413
418.285,22484104.7267
419.9,22676741.7112
421.515,22435687.4535
423.13,22711469.2616
424.745,22648282.0918
426.36,22798949.3746
427.975,22785775.8193
429.59,22582631.7199
431.205,22734860.5425
432.82,22897204.4712
434.435,22953989.4743
436.05,22739695.7561
437.665,22879106.3526
439.28,22890735.3736
440.895,22843822.6654
442.51,22923067.6216
444.125,23054689.6071
445.74,22850348.511
447.355,22976766.6338
448.97,23100537.6761
450.585,22943689.5266
452.2,23001433.2599
453.815,23054818.5858
455.43,23118702.4039
457.045,22792975.2957
458.66,22606991.1161
460.275,22970397.1711
461.89,22906367.1809
463.505,22874105.3244
465.12,22696162.231
466.735,22701822.0117
468.35,22641283.9716
469.965,22626996.3596
471.58,22532981.5811
473.195,22461510.1661
474.81,22517073.5595
476.425,22425936.4294
478.04,22397438.4772
479.655,22570914.3013
481.27,22681012.686
482.885,22563043.8439
484.5,22572678.0769
486.115,22433438.6691
487.73,22644864.3863
489.345,22526702.1562
490.96,22634080.0769
492.575,22668000.3392
494.19,22719084.4338
495.805,22766615.0159
497.42,22634447.6214
499.035,22834490.4091
500.65,22993339.9741
502.265,22898798.7671
503.88,23143311.0696
505.495,23033316.0147
507.11,23257286.8025
508.725,23008053.9688
510.34,23182154.1436
511.955,23167039.2737
513.57,23386245.1
515.185,23493747.9827
516.8,23641602.456
518.415,23563015.5903
520.03,23497533.495
521.645,23640747.1579
523.26,23949050.6877
524.875,23300286.6283
526.49,23415741.9691
528.105,23564857.8596
529.72,23382852.1339
531.335,23388660.6585
532.95,23618254.3224
534.565,23491712.0316
536.18,23803567.8484
537.795,23676861.1359
539.41,23754684.5525
541.025,23845538.0225
542.64,23848889.2471
544.255,23766424.8268
545.87,23990937.6802
547.485,23922334.0355
549.1,23797872.7603
550.715,23894473.3245
552.33,24066390.0094
553.945,24086175.1115
555.56,24129412.7091
557.175,24197946.1891
558.79,24250368.7291
560.405,24175440.0465
562.02,24288965.5833
563.635,24274077.1439
565.25,24364324.894
566.865,24208497.9519
568.48,24219247.7126
570.095,24268976.862
571.71,24322843.247
573.325,24420677.4299
574.94,24382134.9937
576.555,24224691.1213
578.17,22196.6291
579.785,24563716.8118
581.4,24445134.343
583.015,24349427.4357
584.63,24334878.0412
586.245,24275257.9345
587.86,24186877.2359
589.475,23962724.9389
591.09,23816987.9916
592.705,23765481.1628
594.32,23532854.2152
595.935,23726045.2481
597.55,23560223.7436
599.165,23850599.9381
600.78,23872936.5135
602.395,23634028.2739
604.01,23686226.3249
605.625,23523701.4858
607.24,23617949.1435
608.855,23658987.8969
610.47,23547718.0267
612.085,23626265.9626
613.7,23680619.3239
615.315,23627999.5447
616.93,23683205.3124
618.545,23380972.3556
620.16,23391564.627
621.775,23236256.0374
623.39,23252093.9669
625.005,23313571.4146
626.62,22981429.3088
628.235,23244162.7059
629.85,23143062.8749
631.465,23100183.4237
633.08,22970556.5107
634.695,23130484.0906
636.31,23115579.5102
637.925,22948791.0303
639.54,22870445.5979
641.155,22979142.3328
642.77,23107761.3844
644.385,22861965.6774
646,23004673.8504
647.615,22831036.8197
649.23,22915541.3788
650.845,22753106.9753
652.46,22686383.7468
654.075,22673237.5141
655.69,22731245.0659
657.305,22737109.1093
658.92,22784078.0802
660.535,22899031.0626
662.15,22711336.932
663.765,22961844.2054
665.38,22807289.2502
666.995,22810735.1671
668.61,22770269.3367
670.225,22830177.7449
671.84,22790121.8327
673.455,22830826.1806
675.07,22809934.6329
676.685,22646952.8976
678.3,22655486.1372
679.915,22745784.2737
681.53,22755783.2991
683.145,22590477.4303
684.76,22583549.0117
686.375,22465597.7257
687.99,22564232.5637
689.605,22653648.0538
691.22,22600970.9817
692.835,22502826.4336
694.45,22441566.4887
696.065,22452005.2799
697.68,22554884.3468
699.295,22447611.0799
700.91,22529638.8695
702.525,22527905.1759
704.14,22536176.1514
705.755,22310806.5979
707.37,22483678.1637
708.985,22553560.0953
710.6,22430719.8973
712.215,22323295.5472
713.83,22473624.936
715.445,22336147.8087
717.06,22343362.3922
718.675,22351506.1035
720.29,22152066.0846
721.905,22235048.2958
723.52,22256447.0183
725.135,22213508.4295
726.75,22232720.4468
728.365,22225902.5341
729.98,22108730.7898
731.595,22198415.0635
733.21,22050011.4937
734.825,22051896.423
736.44,22260765.1421
738.055,22347875.9198
739.67,22156834.6593
741.285,22187659.0974
742.9,22332124.2308
744.515,22229668.3946
746.13,22160973.5947
747.745,22173631.3915
749.36,21978780.6826
750.975,22053885.9652
752.59,22010758.243
754.205,21968519.9715
755.82,22044731.7686
757.435,22129172.2084
759.05,21848559.5863
760.665,22070571.1037
762.28,21984052.8189
763.895,21928447.4981
765.51,22122386.3637
767.125,21963727.8623
768.74,21793361.3572
770.355,21813986.1204
771.97,22030498.1375
773.585,21716995.4348
775.2,21907037.0028
776.815,21986471.7135
778.43,21949018.1501
780.045,21904954.9348
781.66,22008251.2893
783.275,21913269.0482
784.89,21967190.3701
786.505,21834912.5069
788.12,21826065.2706
789.735,21753871.9377
791.35,21723456.3095
792.965,21803503.9086
794.58,21891256.5614
796.195,21956028.7479
797.81,21899402.3257
799.425,21863144.6749
801.04,21637456.1336
802.655,21875498.4496
804.27,21789022.2112
805.885,21832840.527
807.5,21852155.6993
809.115,21725540.4416
810.73,21782096.4369
812.345,21707813.4918
813.96,22024260.7961
815.575,21955607.3861
817.19,22013486.8667
818.805,22077883.269
820.42,22113002.1923
822.035,22027510.4277
823.65,22195893.0064
825.265,22292544.5243
826.88,22186345.2724
828.495,22244875.9968
830.11,22278164.3716
831.725,22362961.9926
833.34,22146677.358
834.955,22210837.1916
836.57,22267022.483
838.185,22516756.8961
839.8,22277667.6029
841.415,22485566.7302
843.03,22441264.3707
844.645,22609575.3008
846.26,22612001.9553
847.875,22825950.7653
849.49,22694506.2518
851.105,22607023.7438
852.72,22731169.0288
854.335,22780752.6457
855.95,22693560.4939
857.565,22877002.6078
859.18,22623930.9502
860.795,22527862.9845
862.41,22640461.8945
864.025,22524789.6255
865.64,22753422.6774
867.255,22649082.3118
868.87,22658353.3497
870.485,22552092.3402
872.1,22689942.2857
873.715,22765089.8787
875.33,22626078.5638
876.945,22532757.6592
878.56,22644162.5367
880.175,22525410.3595
881.79,22646121.0523
883.405,22550349.6984
885.02,22559815.4967
886.635,22635112.3673
888.25,22519134.41
889.865,22595645.4967
891.48,22342346.9716
893.095,22427372.667
894.71,22381940.2715
896.325,22581912.4445
897.94,22573905.8157
899.555,22307807.4147
901.17,22302829.7759
902.785,22417093.7936
904.4,22291607.8354
906.015,22438221.3894
907.63,22440947.8337
909.245,22704118.4138
910.86,22489011.641
912.475,22352604.992
914.09,22370974.1796
915.705,22539714.7689
917.32,22586382.9606
918.935,22630409.009
920.55,22563734.6737
922.165,22694240.0307
923.78,22716262.6167
925.395,22452734.4965
927.01,22606048.1159
928.625,22437636.0391
930.24,22630543.2874
931.855,22589271.0262
933.47,22600562.8431
935.085,22582540.3786
936.7,22657097.2732
938.315,22328698.5645
939.93,22533436.4838
941.545,22467174.2294
943.16,22504771.8207
944.775,22463088.4735
946.39,22260274.2738
948.005,22329333.6393
949.62,22531110.5353
951.235,22218410.2784
952.85,22393913.2876
954.465,22405400.83
956.08,22306863.0031
957.695,22459757.8342
959.31,22407635.2847
960.925,22472875.666
962.54,22506657.1294
964.155,22419581.7353
965.77,22423720.9384
967.385,22481210.93
969,22339307.4212
970.615,22397232.1969
972.23,22735816.0054
973.845,22521673.6958
975.46,22417821.5932
977.075,22520741.0961
978.69,22272046.1308
980.305,22620516.5918
981.92,22531941.4695
983.535,22409708.9699
985.15,22375182.6771
986.765,22358162.4656
988.38,22107297.9999
989.995,22349073.9261
991.61,22313159.0023
993.225,22367692.8983
994.84,22539747.1363
996.455,22377751.5856
998.07,22185777.3684
999.685,22333532.2794
1001.3,22280803.5396
1002.915,22354682.0169
1004.53,22421459.9218
1006.145,22246825.3931
1007.76,22346725.8582
1009.375,22165532.4991
1010.99,22281148.6226
1012.605,22347691.0541
1014.22,22436864.6143
1015.835,22481096.904
1017.45,22278725.5012
1019.065,22239792.581
1020.68,22275015.6579
1022.295,22249186.7977
1023.91,22155412.4577
1025.525,22189338.0197
1027.14,22327614.6492
1028.755,22255015.6044
1030.37,22168702.3038
1031.985,22382370.2524
1033.6,22201556.073
1035.215,22199267.1203
1036.83,22023714.9371
1038.445,22002647.5983
1040.06,22039929.774
1041.675,22014511.5943
1043.29,21834723.0463
1044.905,22144535.4589
1046.52,22051208.853
1048.135,22081136.5993
1049.75,22175869.835
1051.365,22131664.3433
1052.98,22160396.9545
1054.595,22352834.063
1056.21,22255036.4314
1057.825,22248372.7296
1059.44,22204517.0554
1061.055,22312736.6306
1062.67,22199350.2312
1064.285,22296508.9591
1065.9,22326556.7007
1067.515,22415252.3612
1069.13,22341971.9182
1070.745,22462495.5325
1072.36,22609468.343
1073.975,22701985.0425
1075.59,22433165.5099
1077.205,22782478.0215
1078.82,22788608.0927
1080.435,22576298.459
1082.05,22828058.1716
1083.665,22524983.5063
1085.28,22697574.3743
1086.895,22666934.6531
1088.51,22510379.149
1090.125,22724669.7283
1091.74,22792255.8902
1093.355,22817722.1467
1094.97,22987171.4863
1096.585,22974282.93
1098.2,22950733.0925
1099.815,22876613.4404
1101.43,23009687.2484
1103.045,23280663.7648
1104.66,23071759.664
1106.275,22971976.1684
1107.89,23118573.0087
1109.505,22999273.801
1111.12,23035665.5237
1112.735,22965303.9462
1114.35,23075312.8324
1115.965,23146965.4108
1117.58,23116963.762
1119.195,23046936.9711
1120.81,23081075.9504
1122.425,22964205.3925
1124.04,23038858.5413
1125.655,23325230.9211
1127.27,23319878.0392
1128.885,23350447.9881
1130.5,23308775.3371
1132.115,23427310.6904
1133.73,23193067.9132
1135.345,23193495.6069
1136.96,23271296.6958
1138.575,23246903.2605
1140.19,23083244.3427
1141.805,23213333.5166
1143.42,23136282.0548
1145.035,23008852.8331
1146.65,23235113.7005
1148.265,23210156.7925
1149.88,23120678.217
1151.495,23095541.0457
1153.11,23244752.322
1154.725,23196651.4408
1156.34,23044438.2366
1157.955,23128123.6027
1159.57,23134424.9016
1161.185,23168186.0085
1162.8,23263132.163
1164.415,22948710.1025
1166.03,23317867.1624
1167.645,23009846.826
1169.26,23050831.8121
1170.875,22882957.641
1172.49,23108953.2914
1174.105,22994538.5141
1175.72,23102097.362
1177.335,22857922.457
1178.95,22675567.3862
1180.565,22975844.7209
1182.18,22913653.4408
1183.795,22793300.3774
1185.41,23043447.5351
1187.025,22843141.3509
1188.64,22912502.5071
1190.255,22936534.4694
1191.87,22824019.9125
1193.485,22837655.2209
1195.1,22761365.4286
1196.715,22671021.0449
1198.33,22714117.1528
1199.945,22557043.4413
1201.56,22802084.1137
1203.175,22704383.0599
1204.79,22735084.7582
1206.405,22778642.9187
1208.02,22872040.4572
1209.635,22687225.4478
1211.25,22779736.4702
1212.865,22748693.8469
1214.48,22895252.3562
1216.095,22882813.4661
1217.71,22738812.6596
1219.325,22717028.1076
1220.94,22918318.2803
1222.555,22803960.7977
1224.17,22988727.812
1225.785,23149716.4143
1227.4,23104296.7604
1229.015,23082979.6166
1230.63,22695572.7915
1232.245,23054647.7858
1233.86,23224162.0666
1235.475,23250236.1276
1237.09,23188792.5499
1238.705,23269231.4809
1240.32,23081057.0946
1241.935,23147367.597
1243.55,23011726.9743
1245.165,23050930.4447
1246.78,23220924.2785
1248.395,23227326.8412
1250.01,23266405.1376
1251.625,23134973.1353
1253.24,22975274.5817
1254.855,23101645.2859
1256.47,23068030.9294
1258.085,23422329.0405
1259.7,23336787.4752
1261.315,23093128.6596
1262.93,23075288.4388
1264.545,23064926.7056
1266.16,23065664.0466
1267.775,23105400.7924
1269.39,23080939.0408
1271.005,22812644.9939
1272.62,23021326.7684
1274.235,22944675.8563
1275.85,22793800.0469
1277.465,23086563.7355
1279.08,23036962.2185
1280.695,23157213.5959
1282.31,23045040.3452
1283.925,22973759.0658
1285.54,22946513.3316
1287.155,23232120.73
1288.77,23060950.7211
1290.385,23179227.4179
1292,23244172.9892
1293.615,23208565.9851
1295.23,23189133.0602
1296.845,23208030.8483
1298.46,23061407.6544
1300.075,22931348.3523
1301.69,23133431.1561
1303.305,23378312.5651
1304.92,23082850.4948
1306.535,23293908.7325
1308.15,23422864.1011
1309.765,23369783.4203
1311.38,23480138.2431
1312.995,23523908.0394
1314.61,23488295.0494
1316.225,23520807.1126
1317.84,23453237.2404
1319.455,23733866.3529
1321.07,23753905.6635
1322.685,23852830.0173
1324.3,23943676.473
1325.915,24071057.6289
1327.53,23783728.1907
1329.145,23897032.1133
1330.76,23784537.9966
1332.375,24037835.4301
1333.99,23933898.7346
1335.605,24002383.4384
1337.22,23791061.9139
1338.835,23679021.7347
1340.45,23764859.9621
1342.065,23639604.3152
1343.68,23620433.5967
1345.295,23688772.8723
1346.91,23782561.6629
1348.525,23819994.7711
1350.14,23997907.3883
1351.755,23962914.2898
1353.37,23957278.1236
1354.985,23763974.8572
1356.6,23750108.6554
1358.215,23750433.7575
1359.83,23845146.3409
1361.445,23968657.5236
1363.06,24005403.4691
1364.675,23856662.5428
1366.29,23849239.7581
1367.905,23804110.403
1369.52,24015490.1241
1371.135,24060595.8722
1372.75,23923158.7253
1374.365,24106342.787
1375.98,24082857.7419
1377.595,24032169.7192
1379.21,23980551.3544
1380.825,23946247.9198
1382.44,24069828.7558
1384.055,24096240.6829
1385.67,23857168.8956
1387.285,23893627.2015
1388.9,23848971.5361
1390.515,23993685.2806
1392.13,23936638.2887
1393.745,23746357.8461
1395.36,23780093.704
1396.975,23684163.7822
1398.59,23425889.7179
1400.205,23353472.8573
1401.82,23327515.0259
1403.435,23173955.1328
1405.05,23435748.8751
1406.665,23399098.3768
1408.28,23417688.4589
1409.895,23490146.5662
1411.51,23531693.0447
1413.125,23388140.1322
1414.74,23417958.018
1416.355,23557298.2378
1417.97,23518998.4548
1419.585,23511767.8587
1421.2,23691104.4924
1422.815,23456282.8827
1424.43,23527700.7389
1426.045,23496330.4418
1427.66,23631331.5118
1429.275,23795033.9599
1430.89,23611294.3249
1432.505,23591136.2558
1434.12,23730028.9889
1435.735,23701388.3271
1437.35,23802556.9912
1438.965,23917258.3704
1440.58,23983858.2659
1442.195,24102803.0483
1443.81,24107705.3751
1445.425,23810378.5274
1447.04,23947178.5856
1448.655,23921706.3097
1450.27,23960554.7448
1451.885,24042431.9645
1453.5,24052751.391
1455.115,24459725.3598
1456.73,24206387.2393
1458.345,24248957.7295
1459.96,24406699.5043
1461.575,24295165.0605
1463.19,24359018.3373
1464.805,24225688.7384
1466.42,24203437.1316
1468.035,24208989.6142
1469.65,24293074.6394
1471.265,24155647.5211
1472.88,24330166.4154
1474.495,24359758.304
1476.11,24439509.3768
1477.725,24403232.792
1479.34,24299459.343
1480.955,24102222.7559
1482.57,24048587.7719
1484.185,24001355.5831
1485.8,23893975.3342
1487.415,24173915.919
1489.03,24186577.9965
1490.645,23861120.0569
1492.26,23959096.1015
1493.875,24154646.2369
1495.49,23963448.8669
1497.105,24148601.3537
1498.72,24170761.2697
1500.335,24039698.9708
1501.95,24294922.9429
1503.565,24317280.0645
1505.18,24453439.339
1506.795,24451387.1206
1508.41,24317034.1794
1510.025,24359874.0761
1511.64,24116796.2186
1513.255,24068340.5159
1514.87,24081193.3204
1516.485,24179313.1735
1518.1,23897030.728
1519.715,24070148.9338
1521.33,24018968.6352
1522.945,24177832.1542
1524.56,23925270.3231
1526.175,24161475.0875
1527.79,24041852.2672
1529.405,24087561.0109
1531.02,23963075.1933
1532.635,24074679.8724
1534.25,24192877.5437
1535.865,24323277.2185
1537.48,24386217.1829
1539.095,24148783.8113
1540.71,24164115.6762
1542.325,23976634.2563
1543.94,23978858.8592
1545.555,24095466.5506
1547.17,24082004.9617
1548.785,23934277.2207
1550.4,24063305.5898
1552.015,24222476.2142
1553.63,24201191.1198
1555.245,24088926.2061
1556.86,24013199.1147
1558.475,24040009.1964
1560.09,23935091.9247
1561.705,23984963.3764
1563.32,23951673.4842
1564.935,23808571.1899
1566.55,23725506.8329
1568.165,23896373.2176
1569.78,24027606.9023
1571.395,24048140.5046
1573.01,24037917.191
1574.625,24048476.9053
1576.24,23852236.1037
1577.855,24155858.0486
1579.47,24183709.6106
1581.085,24120955.901
1582.7,24226638.2154
1584.315,23988316.587
1585.93,23636913.8979
1587.545,23749048.6354
1589.16,23618824.7591
1590.775,23520324.8038
1592.39,23169833.5025
1594.005,23225421.137
1595.62,23249797.894
1597.235,23165765.4924
1598.85,23136598.1696
1600.465,23114689.3994
1602.08,23193959.7069
1603.695,23063123.6785
1605.31,23354027.274
1606.925,23083968.7281
1608.54,23212720.3064
1610.155,23199847.3834
1611.77,23229982.4031
1613.385,23337871.5784
1615,23415390.6715
1616.615,23430162.4184
1618.23,23533050.4595
1619.845,23678683.8557
1621.46,23692398.6972
1623.075,23689551.4972
1624.69,23783069.5107
1626.305,23402525.3001
1627.92,23530842.0329
1629.535,23625137.6691
1631.15,23706493.6465
1632.765,23508618.9461
1634.38,23535314.5016
1635.995,23547250.9793
1637.61,23383836.2321
1639.225,23344099.8284
1640.84,23389067.0826
1642.455,23523819.3889
1644.07,23481964.9591
1645.685,23536430.4626
1647.3,23550222.5816
1648.915,23366007.8957
1650.53,23525189.9396
1652.145,23593018.7007
1653.76,23641949.3818
1655.375,23710622.4213
1656.99,23602866.2282
1658.605,23468662.4122
1660.22,23608795.2482
1661.835,23630295.5413
1663.45,23633713.3585
1665.065,23542671.1047
1666.68,23738359.2618
1668.295,23520677.4998
1669.91,23612401.7859
1671.525,23630881.113
1673.14,23745529.2661
1674.755,24113655.3299
1676.37,23946350.3998
1677.985,23837139.6229
1679.6,23629182.0721
1681.215,23652937.6247
1682.83,23680824.2467
1684.445,23600166.9929
1686.06,23592443.948
1687.675,23631483.2105
1689.29,23746793.2383
1690.905,23669917.0934
1692.52,23600240.9288
1694.135,23653518.6014
1695.75,23616788.5867
1697.365,23717892.9047
1698.98,23439931.0841
1700.595,23806100.3617
1702.21,23742392.303
1703.825,23699977.7997
1705.44,23732737.1314
1707.055,23742467.3862
1708.67,23811889.9207
1710.285,23958171.5202
1711.9,23797663.3671
1713.515,23884576.3459
1715.13,41778.9078
1716.745,24120588.0998
1718.36,23890916.2715
1719.975,23477868.2858
1721.59,23606152.7069
1723.205,23687598.9211
1724.82,23718347.3983
1726.435,23530671.722
1728.05,23590802.1888
1729.665,23542968.9141
1731.28,23483798.2281
1732.895,23270827.5769
1734.51,23185617.0289
1736.125,23322994.4208
1737.74,23165227.2854
1739.355,23294882.6831
1740.97,23125671.1506
1742.585,23061923.9149
1744.2,23124128.0985
1745.815,23068723.0981
1747.43,22920674.2048
1749.045,22824454.2113
1750.66,23134733.0334
1752.275,22961079.4992
1753.89,22924639.8948
1755.505,23057010.9254
1757.12,23174371.1727
1758.735,23174403.3299
1760.35,23084999.7577
1761.965,23004926.666
1763.58,22887044.9738
1765.195,22672587.3824
1766.81,22773908.225
1768.425,23019727.1932
1770.04,22903547.6398
1771.655,22803509.5286
1773.27,22815782.5391
1774.885,22629681.2726
1776.5,22768558.0024
1778.115,22586996.5985
1779.73,22717095.9348
1781.345,22701120.0041
1782.96,22706539.0266
1784.575,22910082.3946
1786.19,23069354.7477
1787.805,23116874.9237
1789.42,23477279.9564
1791.035,22993154.1637
1792.65,22980355.8479
1794.265,22967059.6588
1795.88,22922517.6028
1797.495,22869121.5435
1799.11,22876102.329
1800.725,22881024.382
1802.34,23039380.9978
1803.955,23083236.0751
1805.57,22908791.2915
1807.185,23066493.5861
1808.8,23177695.9433
1810.415,23052622.4453
1812.03,23204251.1397
1813.645,23222438.9706
1815.26,22648577.3146
1816.875,22828833.851
1818.49,22605292.0789
1820.105,22661517.5181
1821.72,22417743.0494
1823.335,22449152.1405
1824.95,22568136.669
1826.565,22682930.0087
1828.18,22748051.3134
1829.795,22684918.1841
1831.41,22541750.1212
1833.025,22694019.6159
1834.64,22818971.6107
1836.255,22743445.3381
1837.87,22535029.9633
1839.485,22613199.8464
1841.1,22597589.0409
1842.715,22821346.1474
1844.33,22819905.9862
1845.945,22662126.6875
1847.56,22717954.9092
1849.175,22508079.4742
1850.79,22391378.8348
1852.405,22762582.5791
1854.02,22839126.4776
1855.635,22775716.1093
1857.25,22647605.0376
1858.865,22644102.7335
1860.48,22442894.1766
1862.095,22535420.2818
1863.71,22239575.9058
1865.325,22340702.8118
1866.94,22310035.3089
1868.555,22492594.6535
1870.17,22631674.1155
1871.785,22614182.5016
1873.4,22647460.3754
1875.015,22561872.5575
1876.63,22707048.5741
1878.245,22670060.8178
1879.86,22703665.0192
1881.475,22714138.4503
1883.09,22533337.9498
1884.705,22659105.052
1886.32,22682028.1456
1887.935,22505437.4238
1889.55,22573948.485
1891.165,22436593.7536
1892.78,22380221.8913
1894.395,22363366.003
1896.01,22404381.4077
1897.625,22253101.826
1899.24,22148621.5494
1900.855,22183552.8028
1902.47,22371913.3677
1904.085,22182470.3007
1905.7,22529982.9837
1907.315,22580192.8221
1908.93,22416819.7289
1910.545,22201649.9061
1912.16,22178368.8521
1913.775,22312451.7916
1915.39,21953728.0131
1917.005,22090546.5794
1918.62,22133490.8473
1920.235,22237396.2391
1921.85,22379137.3474
1923.465,22272208.5759
1925.08,22252506.1105
1926.695,22199949.7532
1928.31,22276786.5017
1929.925,22312375.8289
1931.54,22235519.3487
1933.155,22186202.7321
1934.77,22225648.1323
1936.385,22352193.6549
1938,22193309.6176
1939.615,22331943.7499
1941.23,22467160.0875
1942.845,22383229.9353
1944.46,22390481.972
1946.075,22366568.1249
1947.69,22268139.8852
1949.305,22283634.1766
1950.92,22321301.9884
1952.535,22158239.2919
1954.15,22333671.9449
1955.765,18468.7314
1957.38,22182222.2735
1958.995,22137026.2254
1960.61,22314773.7216
1962.225,22350616.6064
1963.84,22372911.9499
1965.455,22368735.7528
1967.07,22274713.3465
1968.685,22243908.6234
1970.3,22290266.8814
1971.915,22456523.7279
1973.53,22245961.4183
1975.145,22163931.7394
1976.76,22259177.0292
1978.375,22241778.3446
1979.99,22178880.2555
1981.605,22181519.5592
1983.22,22230580.6211
1984.835,22164846.2271
1986.45,22104630.4346
1988.065,22328252.9856
1989.68,22379378.3902
1991.295,22161117.9853
1992.91,22476633.0618
1994.525,22376985.6726
1996.14,22363657.938
1997.755,22458993.1298
1999.37,22543466.4559
2000.985,22502003.1683
2002.6,22506945.455
2004.215,22527438.6901
2005.83,22515983.556
2007.445,22591616.3215
2009.06,22389291.7422
2010.675,22461297.2844
2012.29,22547841.7015
2013.905,22379568.193
2015.52,22589517.9452
2017.135,22316698.7596
2018.75,22522813.9091
2020.365,22279531.7238
2021.98,22354693.2448
2023.595,22508284.0809
2025.21,22426805.9456
2026.825,22575423.9034
2028.44,22401463.2044
2030.055,22374823.0896
2031.67,22495863.0536
2033.285,22489704.6465
2034.9,22367847.8252
2036.515,22589571.9652
2038.13,22406368.5269
2039.745,22428026.408
2041.36,22501717.5966
2042.975,22466747.6031
2044.59,22604609.7343
2046.205,22472561.8031
2047.82,22474356.2093
2049.435,22634042.6087
2051.05,22484635.5345
2052.665,22570194.7785
2054.28,22710256.4457
2055.895,22646254.6649
2057.51,22465532.9258
2059.125,22512469.7245
2060.74,22721544.7946
2062.355,22574842.1717
2063.97,22499620.879
2065.585,22562277.1164
2067.2,22689505.96
2068.815,22802316.1823
2070.43,22905000.1224
2072.045,22748444.2948
2073.66,22897407.9473
2075.275,22764143.7191
2076.89,22855824.791
2078.505,22968390.9915
2080.12,22742346.8179
2081.735,22986362.943
2083.35,22865755.1803
2084.965,22677790.797
2086.58,22904095.734
2088.195,22929901.4763
2089.81,22801041.3763
2091.425,22810959.1355
2093.04,23009210.76
2094.655,22837906.1008
2096.27,22841452.0635
2097.885,22811600.4398
2099.5,22901585.011
2101.115,22833169.4323
2102.73,22957708.2305
2104.345,22857489.3204
2105.96,22763509.8437
2107.575,22840741.117
2109.19,22620812.2944
2110.805,22595980.8133
2112.42,22577956.3739
2114.035,22508225.0661
2115.65,22709073.1001
2117.265,22607089.0885
2118.88,22524426.3468
2120.495,22502031.9207
2122.11,22462549.9728
2123.725,22570071.6798
2125.34,22397460.5799
2126.955,22513471.0236
2128.57,22630164.3512
2130.185,22329202.8271
2131.8,22563662.5677
2133.415,22246725.853
2135.03,22328566.8486
2136.645,22369289.5391
2138.26,22503553.3611
2139.875,22476746.8721
2141.49,22439764.6089
2143.105,22373647.2008
2144.72,22225650.2168
2146.335,22310867.0873
2147.95,22247125.1457
2149.565,22130475.5585
2151.18,22240080.6073
2152.795,22250225.4421
2154.41,22240648.4165
2156.025,22150684.6946
2157.64,22168793.0147
2159.255,22140726.8621
2160.87,22157428.9783
2162.485,22084377.3126
2164.1,22199223.4115
2165.715,22234812.9748
2167.33,22194080.1367
2168.945,22026542.2287
2170.56,22256895.2116
2172.175,22220525.307
2173.79,22201228.2225
2175.405,22293744.0481
2177.02,22268863.5528
2178.635,22270206.3329
2180.25,22185449.1609
2181.865,22298967.6351
2183.48,22239541.0671
2185.095,22418596.0713
2186.71,22095308.6885
2188.325,22294594.6229
2189.94,22334837.8814
2191.555,22232808.0132
2193.17,22390629.3825
2194.785,22297277.7638
2196.4,22328581.8236
2198.015,22351949.2668
2199.63,22364841.0048
2201.245,22206996.895
2202.86,22378282.0884
2204.475,22273629.4944
2206.09,22388665.2623
2207.705,22474413.8703
2209.32,22292130.2306
2210.935,22445998.7538
2212.55,22470824.4759
2214.165,22321406.9286
2215.78,22371975.3001
2217.395,22437115.0442
2219.01,22324047.7014
2220.625,22516164.4515
2222.24,22183430.5781
2223.855,22407904.749
2225.47,22478751.8821
2227.085,22468245.0869
2228.7,22395176.3523
2230.315,22541427.894
2231.93,22529948.8869
2233.545,22481471.1727
2235.16,22547464.8685
2236.775,22422497.3743
2238.39,22335272.1895
2240.005,22394677.4582
2241.62,22317344.9843
2243.235,22387770.034
2244.85,22498614.3044
2246.465,22392129.1164
2248.08,22429042.8829
2249.695,22397671.7006
2251.31,22597514.2943
2252.925,22450084.3813
2254.54,22522780.4632
2256.155,22378261.7356
2257.77,22552895.2379
2259.385,22474291.9208
2261,22518004.2569
2262.615,22486661.1966
2264.23,22517892.4754
2265.845,22586654.8366
2267.46,22653741.2248
2269.075,22573478.0291
2270.69,22670503.2763
2272.305,22594148.3457
2273.92,22593642.4281
2275.535,22757310.1416
2277.15,22716658.6552
2278.765,22653495.4476
2280.38,22592510.261
2281.995,22702272.6727
2283.61,22643160.2409
2285.225,22556899.3612
2286.84,22641815.4284
2288.455,22589759.278
2290.07,22652138.0738
2291.685,22383047.7362
2293.3,22610505.1372
2294.915,22481139.2535
2296.53,22481526.4758
2298.145,22540303.1057
2299.76,22384296.1923
2301.375,22432518.1602
2302.99,22561000.8321
2304.605,22661668.3633
2306.22,22389696.2231
2307.835,22465327.5195
2309.45,22350802.6008
2311.065,22276573.6944
2312.68,22338361.111
2314.295,22253993.1864
2315.91,22277175.5352
2317.525,22252477.7635
2319.14,22199640.9464
2320.755,22198418.6636
2322.37,22077045.9324
2323.985,21942139.1009
2325.6,22101922.8164
2327.215,22120955.7587
2328.83,22068135.9882
2330.445,22277633.216
2332.06,22373750.0787
2333.675,22524776.1661
2335.29,22459084.0434
2336.905,22512522.3387
2338.52,22580425.8074
2340.135,22635933.9535
2341.75,22489177.3887
2343.365,22682569.5324
2344.98,22475001.6418
2346.595,22616243.7798
2348.21,22421433.8676
2349.825,22531000.9778
2351.44,22422499.5165
2353.055,22518051.6922
2354.67,22517271.2133
2356.285,22519299.728
2357.9,22492926.0371
2359.515,22729917.4561
2361.13,22615932.3268
2362.745,22661351.1401
2364.36,22772803.6891
2365.975,22605262.6199
2367.59,22647079.087
2369.205,22733833.4904
2370.82,22629085.8119
2372.435,22763275.4358
2374.05,22672106.6599
2375.665,22624584.0385
2377.28,22506091.9366
2378.895,22618182.24
2380.51,22841934.0319
2382.125,22941954.9051
2383.74,22722680.2809
2385.355,22925439.5755
2386.97,23002224.4368
2388.585,23056711.2787
2390.2,23000503.6782
2391.815,23020091.6918
2393.43,23043183.6458
2395.045,23087514.741
2396.66,23138073.971
2398.275,23058009.4871
2399.89,23119858.8828
2401.505,22999368.8372
2403.12,22995134.1776
2404.735,22943624.6338
2406.35,23123731.3831
2407.965,23095770.7583
2409.58,22894905.6982
2411.195,23122760.4989
2412.81,23010612.1681
2414.425,22992170.006
2416.04,23100712.8033
2417.655,22998901.7656
2419.27,23032301.0925
2420.885,23040895.0428
2422.5,23082101.8105
2424.115,22890467.2204
2425.73,22950952.2781
2427.345,22921217.9439
2428.96,23117176.4838
2430.575,23266084.1675
2432.19,22890958.3155
2433.805,23000340.9115
2435.42,22854307.3356
2437.035,22937319.8166
2438.65,22918604.1718
2440.265,22849587.7211
2441.88,22866535.2519
2443.495,22856468.6727
2445.11,22930059.2799
2446.725,23122100.8464
2448.34,23023618.8563
2449.955,22894509.2971
2451.57,22705588.4524
2453.185,22888419.5597
2454.8,23017412.2551
2456.415,22883782.2193
2458.03,22814707.9773
2459.645,22937430.3987
2461.26,22832487.2624
2462.875,22655172.542
2464.49,22758344.8903
2466.105,22918362.4019
2467.72,22942113.2684
2469.335,22891614.8459
2470.95,22835578.1514
2472.565,22828207.1051
2474.18,22865611.9611
2475.795,22682349.6085
2477.41,22660463.9916
2479.025,22639682.7749
2480.64,22923726.4299
2482.255,22573146.638
2483.87,22551475.1934
2485.485,22624584.6187
2487.1,22466684.8357
2488.715,22750404.5044
2490.33,22797470.7373
2491.945,22754639.0152
2493.56,22759286.7245
2495.175,22830144.061
2496.79,22863766.4377
2498.405,22901958.7292
2500.02,22768029.3089
2501.635,22831780.0481
2503.25,22773513.981
2504.865,22830206.7484
2506.48,22761849.9372
2508.095,22906389.6331
2509.71,22739702.008
2511.325,22718178.6786
2512.94,22774570.0607
2514.555,22742744.5839
2516.17,22681900.9911
2517.785,22677109.8359
2519.4,22651434.6324
2521.015,22666624.2731
2522.63,22633710.0034
2524.245,22651576.5517
2525.86,22640675.5535
2527.475,22627442.7622
2529.09,22734970.2766
2530.705,22629327.8942
2532.32,22537538.388
2533.935,22546354.3243
2535.55,22483212.483
2537.165,22666124.2298
2538.78,22577813.2738
2540.395,22517466.2861
2542.01,22547726.2139
2543.625,22513342.1491
2545.24,22581155.4313
2546.855,22629678.9668
2548.47,22633585.6662
2550.085,22660562.4662
2551.7,22513925.0913
2553.315,22660447.2315
2554.93,22285224.2606
2556.545,22407801.0193
2558.16,22432028.1101
2559.775,22199904.5493
2561.39,22279742.1955
2563.005,22538739.63
2564.62,22544576.9182
2566.235,22385644.101
2567.85,22581933.1971
2569.465,22571180.9501
2571.08,22422128.8963
2572.695,22654003.7157
2574.31,22456919.3703
2575.925,22278082.1495
2577.54,22449423.7488
2579.155,22341051.1657
2580.77,22483191.5482
2582.385,22333738.078
2584,22342464.4471
2585.615,22431781.9331
2587.23,22305581.499
2588.845,22342821.5372
2590.46,22449285.2976
2592.075,22271783.8352
2593.69,22227062.5498
2595.305,22585926.6317
2596.92,22573972.8786
2598.535,22572914.4764
2600.15,22601045.0607
2601.765,22462486.43
2603.38,22598741.875
2604.995,22535364.6421
2606.61,22673960.8786
2608.225,22779614.0427
2609.84,22797094.4194
2611.455,22663748.9808
2613.07,22636463.7534
2614.685,22624272.9277
2616.3,22626778.7285
2617.915,22677456.6278
2619.53,22634152.1458
2621.145,22696391.0937
2622.76,22687999.2826
2624.375,22776441.0098
2625.99,22492832.4012
2627.605,22544787.4345
2629.22,22726692.4877
2630.835,22650369.0021
2632.45,22581737.9477
2634.065,22847338.8771
2635.68,22765199.8174
2637.295,22794429.4092
2638.91,22564317.5193
2640.525,22543264.4637
2642.14,22718959.3026
2643.755,22406175.8474
2645.37,22636443.6349
2646.985,22643235.869
2648.6,22791275.7919
2650.215,22727749.0564
2651.83,22766348.8152
2653.445,22512169.4977
2655.06,22501944.6946
2656.675,22558472.1811
2658.29,22436365.3613
2659.905,22737379.0664
2661.52,22413515.0079
2663.135,22550353.0475
2664.75,22751564.4197
2666.365,22600740.7392
2667.98,22661529.7242
2669.595,22543146.2593
2671.21,22495875.3248
2672.825,22568541.3526
2674.44,22666332.9926
2676.055,22623058.5145
2677.67,22531073.7291
2679.285,22779542.6359
2680.9,22673181.1603
2682.515,22867097.6331
2684.13,22699335.1337
2685.745,22632264.3639
2687.36,22648079.8988
2688.975,22797578.6974
2690.59,22905016.771
2692.205,22736837.8581
2693.82,22796817.2771
2695.435,22700247.0664
2697.05,22575369.6267
2698.665,22743939.7563
2700.28,22703047.2383
2701.895,22679956.4074
2703.51,22688147.396
2705.125,22672398.5559
2706.74,22562982.7464
2708.355,22723982.0058
2709.97,22612088.6291
2711.585,22766932.8453
2713.2,22703348.0583
2714.815,22801486.652
2716.43,22802348.1666
2718.045,22803134.7169
2719.66,22738774.1724
2721.275,22972287.3108
2722.89,22701216.3365
2724.505,22885314.566
2726.12,22760107.1634
2727.735,22724680.5156
2729.35,22760499.678
2730.965,22771363.4889
2732.58,22434252.2257
2734.195,22752652.2233
2735.81,22605446.4851
2737.425,22606186.9911
2739.04,22759713.0867
2740.655,22817192.5774
2742.27,22682675.4879
2743.885,22733910.0315
2745.5,22793467.5661
2747.115,22702938.1308
2748.73,22812447.7827
2750.345,22732005.6885
2751.96,22678477.6232
2753.575,23031475.367
2755.19,22681671.4906
2756.805,22744240.3792
2758.42,22696803.6153
2760.035,22762367.2614
2761.65,22758693.1587
2763.265,22833548.93
2764.88,22622802.2773
2766.495,22674058.3471
2768.11,22642208.4655
2769.725,22710314.9194
2771.34,22770469.7501
2772.955,22873646.4237
2774.57,23015027.7753
2776.185,22837739.0347
2777.8,22859257.293
2779.415,22938638.9469
2781.03,22849256.7019
2782.645,22887897.0027
2784.26,23013451.0206
2785.875,22824350.1023
2787.49,22905913.9295
2789.105,22976304.6611
2790.72,23036885.3483
2792.335,23029312.7263
2793.95,23120710.1047
2795.565,22918695.4164
2797.18,22935154.2379
2798.795,22899761.6775
2800.41,22929325.7714
2802.025,23081134.6268
2803.64,22974193.7793
2805.255,23103747.584
2806.87,22949367.1238
2808.485,23142520.2311
2810.1,23041554.6934
2811.715,22968585.7686
2813.33,22975172.5945
2814.945,23051318.4574
2816.56,23008964.5997
2818.175,22919625.1933
2819.79,23039993.6278
2821.405,23216906.9282
2823.02,22938580.3579
2824.635,23054773.9788
2826.25,23092069.0561
2827.865,23223788.5975
2829.48,23150081.7422
2831.095,23093966.039
2832.71,23060682.6534
2834.325,23225335.1308
2835.94,23250601.7977
2837.555,23034655.2951
2839.17,23198662.035
2840.785,23305616.2136
2842.4,23203835.7488
2844.015,23004971.8402
2845.63,23214984.3578
2847.245,23120516.3708
2848.86,23198213.2242
2850.475,23461074.1477
2852.09,23434011.0253
2853.705,23449361.1492
2855.32,23455094.996
2856.935,23475678.226
2858.55,23530944.6078
2860.165,23484886.1024
2861.78,23402405.2213
2863.395,23521187.4583
2865.01,23561964.9778
2866.625,23408741.1024
2868.24,23429943.4429
2869.855,23494599.1191
2871.47,23403246.0892
2873.085,23603437.4348
2874.7,23517901.0614
2876.315,23572355.7739
2877.93,23655608.6822
2879.545,23507883.0277
2881.16,23518060.2541
2882.775,23420054.2632
2884.39,23518226.3792
2886.005,23449282.7449
2887.62,23654896.0863
2889.235,23510294.6681
2890.85,23436700.4422
2892.465,23411103.3307
2894.08,23427956.7458
2895.695,23591269.5932
2897.31,23611174.0155
2898.925,23543338.3851
2900.54,23409765.9173
2902.155,23506740.3616
2903.77,23569717.3051
2905.385,23651332.9674
2907,23603006.4535
2908.615,23569584.3247
2910.23,23746622.4904
2911.845,23715818.3493
2913.46,23594950.1709
2915.075,23524042.9593
2916.69,23650790.5058
2918.305,23614551.9954
2919.92,23484704.6787
2921.535,23618031.652
2923.15,23829191.9085
2924.765,23672704.2744
2926.38,23567699.5181
2927.995,23706064.9189
2929.61,23640626.5343
2931.225,23709856.6979
2932.84,23590991.6569
2934.455,23657251.4269
2936.07,23352620.2073
2937.685,23504410.2272
2939.3,23593353.6621
2940.915,23433810.2493
2942.53,23558751.5609
2944.145,23511336.6375
2945.76,23682289.2962
2947.375,23618913.3259
2948.99,23709823.1869
2950.605,23378471.4342
2952.22,23416412.4963
2953.835,23548274.3122
2955.45,23381757.5336
2957.065,23445404.1712
2958.68,23623875.7628
2960.295,23501856.0129
2961.91,23555397.0523
2963.525,23528902.7173
2965.14,23178676.9565
2966.755,23488206.0252
2968.37,23393486.3661
2969.985,23215834.9605
2971.6,23235078.8227
2973.215,23305799.402
2974.83,23494715.8098
2976.445,23545483.4753
2978.06,23265401.7763
2979.675,23430388.3802
2981.29,23481442.8521
2982.905,23300127.1009
2984.52,23388188.6535
2986.135,23585901.9484
2987.75,23275931.9609
2989.365,23327240.2973
2990.98,23335540.8415
2992.595,23427519.9627
2994.21,23413165.6503
2995.825,23365870.4003
2997.44,23461373.1658
2999.055,23479528.713
3000.67,23519989.3552
3002.285,23523366.5095
3003.9,23447122.1163
3005.515,23581161.6166
3007.13,23511132.4417
3008.745,23874025.1204
3010.36,23765012.4269
3011.975,23671294.1171
3013.59,23755519.8268
3015.205,23734471.4964
3016.82,23794687.2963
3018.435,23925881.034
3020.05,23812648.3434
3021.665,23954491.8128
3023.28,23923798.4286
3024.895,23851333.4707
3026.51,23999197.8889
3028.125,24045754.6524
3029.74,23912936.5535
3031.355,23937695.685
3032.97,24153002.555
3034.585,23936801.3344
3036.2,23961583.9055
3037.815,23808557.816
3039.43,23978524.874
3041.045,23881373.1864
3042.66,23999606.5593
3044.275,23982578.5804
3045.89,23973159.5685
3047.505,24014398.8933
3049.12,23965388.5675
3050.735,23958321.9543
3052.35,23832416.9457
3053.965,24039559.6716
3055.58,23981125.5697
3057.195,24054037.8861
3058.81,23870919.5428
3060.425,24044658.8917
3062.04,23984692.9303
3063.655,23877344.7792
3065.27,23852778.6713
3066.885,24024752.5207
3068.5,24165735.1393
3070.115,23986064.3884
3071.73,23903780.356
3073.345,24056456.3436
3074.96,23928514.7461
3076.575,24093456.3804
3078.19,23798009.8615
3079.805,24199743.6022
3081.42,24316858.8402
3083.035,24127986.7475
3084.65,24109562.9448
3086.265,23978775.7036
3087.88,24155510.2879
3089.495,24326217.3646
3091.11,24167330.4357
3092.725,24139627.4557
3094.34,24147172.3387
3095.955,24099566.9114
3097.57,24277939.0987
3099.185,24133666.0163
3100.8,24130116.6488
3102.415,24291964.6327
3104.03,24191263.1833
3105.645,24235964.7853
3107.26,24256690.3269
3108.875,24311131.911
3110.49,24416079.4563
3112.105,24515661.5157
3113.72,24235962.0313
3115.335,24528356.061
3116.95,24237299.3275
3118.565,24306018.1232
3120.18,24353728.2192
3121.795,24571434.6165
3123.41,24416766.4089
3125.025,24432350.4554
3126.64,24382027.5654
3128.255,24474749.0874
3129.87,24507038.443
3131.485,24275311.4655
3133.1,24269447.6136
3134.715,24378636.9945
3136.33,24259567.8823
3137.945,24454404.0309
3139.56,24542720.3052
3141.175,24495701.5207
3142.79,24456362.3047
3144.405,24486225.1973
3146.02,24400609.2145
3147.635,24360105.9364
3149.25,24573302.4435
3150.865,24400976.7367
3152.48,24494107.6172
3154.095,24493134.0552
3155.71,24303667.4184
3157.325,24443741.1671
3158.94,24289336.0362
3160.555,24232700.3107
3162.17,24464597.5619
3163.785,24547291.2317
3165.4,24433703.5374
3167.015,24573890.1555
3168.63,24498354.5033
3170.245,24447443.0181
3171.86,24462658.3634
3173.475,24574063.345
3175.09,24275728.0446
3176.705,24471062.323
3178.32,24560229.1573
3179.935,24626740.8262
3181.55,24762324.7585
3183.165,24720052.8086
3184.78,24541811.3981
3186.395,24334984.2032
3188.01,24528942.4862
3189.625,24672832.413
3191.24,24545100.8633
3192.855,24555551.0536
3194.47,24781453.4306
3196.085,24674920.6622
3197.7,24813943.4859
3199.315,24888834.4494
3200.93,24804870.4477
3202.545,24744059.9048
3204.16,24590448.3013
3205.775,24777832.5725
3207.39,24699222.0887
3209.005,24785258.5482
3210.62,24888745.3879
3212.235,24876047.2945
3213.85,24620525.5818
3215.465,24761022.2582
3217.08,24657713.7385
3218.695,24704387.243
3220.31,24762707.8172
3221.925,24783165.2057
3223.54,24862579.9335
3225.155,24794016.2024
3226.77,24850888.9095
3228.385,24899914.2827
3230,24693561.0732
3231.615,24661332.5009
3233.23,24810290.3274
3234.845,24846321.2093
3236.46,24817672.5831
3238.075,24564643.7473
3239.69,24666058.8842
3241.305,24900695.5799
3242.92,24910362.3327
3244.535,24709262.835
3246.15,24842438.7994
3247.765,24634005.6622
3249.38,24762409.7996
3250.995,24865766.4835
3252.61,24763236.507
3254.225,24773746.0468
3255.84,24772611.1016
3257.455,24717942.1983
3259.07,24949328.5817
3260.685,24993672.7905
3262.3,24647762.128
3263.915,24863116.7049
3265.53,24845712.2445
3267.145,24878070.7253
3268.76,24966093.0711
3270.375,24879409.2209
3271.99,25010744.9579
3273.605,24908927.0026
3275.22,24698393.6612
3276.835,24690513.0265
3278.45,24784677.4265
3280.065,24965187.9965
3281.68,24884415.2123
3283.295,24993655.8574
3284.91,25113069.4835
3286.525,24829384.7707
3288.14,24752222.1541
3289.755,24925256.5944
3291.37,24855968.3253
3292.985,24911606.8521
3294.6,25020944.538
3296.215,24913753.5936
3297.83,24897529.3064
3299.445,24798774.4156
3301.06,24822516.6836
3302.675,24865295.161
3304.29,24909935.7771
3305.905,24851971.4487
3307.52,24807075.4043
3309.135,24787306.6273
3310.75,24671607.3371
3312.365,24751401.4921
3313.98,24659941.8931
3315.595,24672986.2335
3317.21,24607657.3635
3318.825,24831411.0689
3320.44,24720083.7199
3322.055,24443589.3048
3323.67,24452096.8565
3325.285,24716360.6291
3326.9,24593723.896
3328.515,24560423.8191
3330.13,24333256.2128
3331.745,24411430.8656
3333.36,24488944.8821
3334.975,24423760.109
3336.59,24474515.15
3338.205,24305890.9818
3339.82,24446078.5407
3341.435,24360403.77
3343.05,24314702.5333
3344.665,24318443.4646
3346.28,24451005.8674
3347.895,24325475.676
3349.51,24279521.2573
3351.125,24221832.7156
3352.74,24286497.604
3354.355,24490471.427
3355.97,24249192.0221
3357.585,24234255.1747
3359.2,24168027.9766
3360.815,24265674.8355
3362.43,24241963.7058
3364.045,24307553.4452
3365.66,24385356.6409
3367.275,24200531.5081
3368.89,24411469.4699
3370.505,24313757.2291
3372.12,24427317.3815
3373.735,24503939.5542
3375.35,24348244.99
3376.965,24398678.41
3378.58,24348098.5204
3380.195,24304953.2906
3381.81,24349543.3751
3383.425,24224109.3562
3385.04,24243046.0033
3386.655,24254670.7157
3388.27,24296812.7554
3389.885,24265329.4941
3391.5,24175809.7909
3393.115,24279457.655
3394.73,24477552.1993
3396.345,24338363.8176
3397.96,24319371.3708
3399.575,24276931.8267
3401.19,24428976.1053
3402.805,24393580.8282
3404.42,24292992.5587
3406.035,24118396.2995
3407.65,24163631.8519
3409.265,24230901.1682
3410.88,24177731.5821
3412.495,24294198.6058
3414.11,24101235.6936
3415.725,24232736.4548
3417.34,24207471.7869
3418.955,24138994.988
3420.57,24250279.3329
3422.185,24262395.9178
3423.8,24431749.7266
3425.415,24321996.4322
3427.03,24173795.4757
3428.645,24366862.4151
3430.26,24276979.383
3431.875,24232118.1755
3433.49,24352479.0007
3435.105,24121388.6638
3436.72,24141291.8847
3438.335,24375228.6109
3439.95,24023523.7536
3441.565,24138199.231
3443.18,24401974.9192
3444.795,24268498.2184
3446.41,24289689.6936
3448.025,24335665.6404
3449.64,24459288.4186
3451.255,24436949.9167
3452.87,24407599.4298
3454.485,24367072.8868
3456.1,24374826.9844
3457.715,24350223.3898
3459.33,24337283.2328
3460.945,24328673.7813
3462.56,24525528.5722
3464.175,24267331.3298
3465.79,24139314.2715
3467.405,24073825.2996
3469.02,24037114.2654
3470.635,23871026.9451
3472.25,23917257.9687
3473.865,23958101.467
3475.48,24011586.4613
3477.095,24136129.1311
3478.71,24027371.8398
3480.325,23676659.5342
3481.94,23667634.8834
3483.555,23725293.1925
3485.17,23613516.5103
3486.785,23625904.5658
3488.4,23797241.8546
3490.015,23760255.0876
3491.63,23920887.0256
3493.245,23752229.8001
3494.86,23960800.2301
3496.475,24132459.6141
3498.09,24033079.2679
3499.705,23915414.0519
3501.32,23824723.6313
3502.935,23860411.6599
3504.55,23684986.8133
3506.165,23898778.4575
3507.78,23844168.9408
3509.395,23904522.1915
3511.01,23993859.5338
3512.625,23913105.5776
3514.24,23801119.6361
3515.855,23740248.4011
3517.47,23689157.4838
3519.085,23475499.1138
3520.7,23464280.2174
3522.315,23446747.6114
3523.93,23873389.0043
3525.545,23533731.8372
3527.16,23746315.9727
3528.775,23664221.8231
3530.39,23942548.8582
3532.005,24069900.6499
3533.62,24043316.5914
3535.235,23836915
3536.85,23874022.7625
3538.465,24007645.2096
3540.08,24057980.393
3541.695,24097898.2334
3543.31,23836958.5321
3544.925,23781929.7493
3546.54,23860669.0593
3548.155,23689251.3076
3549.77,23756143.7704
3551.385,23605564.2102
3553,23857224.0183
3554.615,23926791.6761
3556.23,23981523.094
3557.845,23899665.0184
3559.46,24151947.4702
3561.075,24243111.4764
3562.69,24260964.9781
3564.305,24208073.5051
3565.92,24211115.7276
3567.535,24210269.8241
3569.15,24306524.6805
3570.765,24388382.5218
3572.38,24379012.4235
3573.995,24448980.8579
3575.61,24331664.643
3577.225,24345737.9898
3578.84,24318271.8724
3580.455,24312250.5442
3582.07,24164255.1465
3583.685,24542929.1424
3585.3,24394609.7509
3586.915,24464885.789
3588.53,24329817.1075
3590.145,24498209.0193
3591.76,24587315.6542
3593.375,24590525.7387
3594.99,24460596.0773
3596.605,24495967.7065
3598.22,24276593.0681
3599.835,24432455.5239
3601.45,24353415.459
3603.065,24218999.2242
3604.68,24377069.5803
3606.295,24486332.5066
3607.91,24307096.2925
3609.525,24380591.8541
3611.14,24396183.6754
3612.755,24387854.7023
3614.37,24344717.5169
3615.985,24425031.3576
3617.6,24449004.1619
3619.215,24432720.0008
3620.83,24555158.8848
3622.445,24438104.4988
3624.06,24356477.6606
3625.675,24298911.9647
3627.29,24306398.7552
3628.905,24296034.3573
3630.52,24418334.9946
3632.135,24347175.1237
3633.75,24329899.5285
3635.365,24107090.0376
3636.98,24240883.584
3638.595,24174833.6088
3640.21,24264575.352
3641.825,24294106.344
3643.44,24172931.6516
3645.055,24112173.5259
3646.67,24207947.1298
3648.285,24005578.1091
3649.9,24112220.3959
3651.515,24060525.3021
3653.13,23934799.9134
3654.745,24203899.8741
3656.36,24025340.3666
3657.975,24120162.2397
3659.59,24097455.2095
3661.205,24195786.7394
3662.82,24188192.4277
3664.435,23959729.7742
3666.05,24127936.255
3667.665,24108191.4625
3669.28,24230769.9171
3670.895,24146720.2347
3672.51,24192906.378
3674.125,24292162.651
3675.74,24066910.2754
3677.355,24205724.7398
3678.97,24222742.9504
3680.585,24170852.8992
3682.2,24117261.7374
3683.815,24091526.5169
3685.43,24138952.2499
3687.045,24108662.6064
3688.66,24299690.9132
3690.275,24142886.4763
3691.89,24154502.0601
3693.505,24115097.0085
3695.12,24315266.3146
3696.735,24236277.7519
3698.35,24191192.9516
3699.965,24114598.2855
3701.58,24167249.9449
3703.195,24302960.3324
3704.81,24134967.2298
3706.425,24252605.1699
3708.04,24210205.5467
3709.655,24269955.6325
3711.27,24276189.8648
3712.885,24286090.1553
3714.5,24088719.9128
3716.115,24266629.3222
3717.73,24164974.686
3719.345,24292346.3117
3720.96,24238448.4983
3722.575,24080388.6375
3724.19,24107961.0786
3725.805,24060815.8667
3727.42,23980505.4848
3729.035,23931654.136
3730.65,23947385.1002
3732.265,24013985.5517
3733.88,23787482.2282
3735.495,23759793.1094
3737.11,23838603.3781
3738.725,23881746.1273
3740.34,23956309.0506
3741.955,23911663.3059
3743.57,23962909.0403
3745.185,23982783.2801
3746.8,23985390.5233
3748.415,23761885.974
3750.03,23705575.1087
3751.645,23799008.6725
3753.26,23609694.4392
3754.875,23576243.2381
3756.49,23690259.3661
3758.105,23766130.8425
3759.72,23630310.23
3761.335,23564012.9248
3762.95,23650024.5463
3764.565,23473457.5022
3766.18,23715708.9945
3767.795,23741528.8675
3769.41,23748171.6921
3771.025,23667947.3591
3772.64,23566919.0615
3774.255,23575231.8101
3775.87,23644861.6718
3777.485,23601596.1381
3779.1,23682956.7087
3780.715,23639470.1521
3782.33,23612605.7399
3783.945,23455675.0206
3785.56,23430065.9299
3787.175,23420517.6938
3788.79,23440639.2859
3790.405,23476144.8327
3792.02,23615076.2315
3793.635,23523022.4083
3795.25,23463241.333
3796.865,23574822.5092
3798.48,23553345.2039
3800.095,23490026.6009
3801.71,23692779.6268
3803.325,23593340.9093
3804.94,23471969.2641
3806.555,23244547.6186
3808.17,23379791.2116
3809.785,23212721.5374
3811.4,23257717.3748
3813.015,23236181.9212
3814.63,23301700.7185
3816.245,23181361.2336
3817.86,23222490.2757
3819.475,23004092.5687
3821.09,23179081.6326
3822.705,23114587.6725
3824.32,23031673.3109
3825.935,23274451.2187
3827.55,23205013.6237
3829.165,23148218.5065
3830.78,23218122.1689
3832.395,23239002.6876
3834.01,23277032.3426
3835.625,23129189.8411
3837.24,23113273.8531
3838.855,23254194.5393
3840.47,23275156.2704
3842.085,23345549.0382
3843.7,23453193.0667
3845.315,23423926.8789
3846.93,23403310.0449
3848.545,23331873.2436
3850.16,23305386.5067
3851.775,23304908.6292
3853.39,23132081.9531
3855.005,23269969.3221
3856.62,23197756.6666
3858.235,23119720.9187
3859.85,23292532.1922
3861.465,23323422.2818
3863.08,23328675.4935
3864.695,23268282.8574
3866.31,23343105.6254
3867.925,23399785.9449
3869.54,23584224.9024
3871.155,23245290.3653
3872.77,23466198.6187
3874.385,23463965.2908
3876,23611570.8777
3877.615,23531150.3265
3879.23,23740312.7751
3880.845,23602289.5713
3882.46,23550130.2678
3884.075,23592519.2431
3885.69,23675582.5365
3887.305,23585026.0669
3888.92,23578690.8572
3890.535,23550060.1905
3892.15,23668523.4024
3893.765,23634971.2016
3895.38,23502368.3832
3896.995,23451256.386
3898.61,23416662.8499
3900.225,23416291.776
3901.84,23407878.4777
3903.455,23433378.3586
3905.07,23450924.5598
3906.685,23578791.9333
3908.3,23563871.4165
3909.915,23396439.5719
3911.53,23286656.2532
3913.145,23491840.8801
3914.76,23572430.2974
3916.375,23397805.4011
3917.99,23539741.2959
3919.605,23540789.3832
3921.22,23701230.1794
3922.835,23876833.4167
3924.45,23860500.1467
3926.065,23610509.437
3927.68,23848050.0342
3929.295,23803367.8162
3930.91,23705856.2956
3932.525,23544562.853
3934.14,23730393.0895
3935.755,23811560.4003
3937.37,23848660.3825
3938.985,23823031.482
3940.6,23858403.8104
3942.215,23867872.5505
3943.83,23811284.7735
3945.445,23715344.7507
3947.06,23779054.1762
3948.675,23848049.4447
3950.29,23856562.5508
3951.905,23590685.1094
3953.52,23482900.1863
3955.135,23599864.4937
3956.75,23798924.8066
3958.365,23493831.9713
3959.98,23651037.8302
3961.595,23807657.6339
3963.21,23854068.4801
3964.825,23793091.8326
3966.44,23837577.8639
3968.055,23869857.0496
3969.67,23869884.1526
3971.285,24131189.6578
3972.9,23923770.2136
3974.515,23665778.8572
3976.13,23677572.5677
3977.745,23606261.2714
3979.36,23475818.124
3980.975,23677291.1838
3982.59,23722332.9093
3984.205,23718307.8716
3985.82,23828281.6235
3987.435,23821902.1229
3989.05,23800564.3101
3990.665,23903676.6636
3992.28,23904741.9387
3993.895,23935975.0751
3995.51,23767161.8201
3997.125,23790592.2799
3998.74,23911053.7664
4000.355,23643519.7917
4001.97,23699123.4612
4003.585,23557923.2636
4005.2,23681992.3887
4006.815,23799412.4746
4008.43,23478334.8757
4010.045,23537779.2899
4011.66,23506364.0772
4013.275,23406085.5107
4014.89,23413262.5554
4016.505,23481831.6402
4018.12,23595859.5299
4019.735,23658783.6174
4021.35,23704207.2489
4022.965,23632518.1247
4024.58,23543593.4155
4026.195,23724416.1005
4027.81,23692383.6609
4029.425,23710197.8163
4031.04,23841416.1113
4032.655,23907581.2226
4034.27,23922355.5543
4035.885,24016938.6328
4037.5,24058266.4445
4039.115,23849828.7662
4040.73,24067386.1203
4042.345,24051354.0627
4043.96,24117220.3735
4045.575,23969470.9799
4047.19,24177596.0448
4048.805,24278012.4209
4050.42,24205315.4669
4052.035,24281449.5978
4053.65,24279296.2754
4055.265,24325810.0163
4056.88,24337312.2827
4058.495,24527835.5347
4060.11,24357551.5622
4061.725,24326292.7602
4063.34,24202176.7558
4064.955,24129776.1924
4066.57,24384350.6037
4068.185,24277838.5154
4069.8,24262128.09
4071.415,24327691.1484
4073.03,24253656.807
4074.645,24274435.7254
4076.26,24253738.5772
4077.875,24166372.9551
4079.49,24360293.0243
4081.105,24241735.6037
4082.72,24229711.7473
4084.335,24275733.1398
4085.95,24386084.7418
4087.565,24235675.0482
4089.18,24165421.5312
4090.795,24076269.8225
4092.41,24232997.6366
4094.025,24167549.4985
4095.64,24253841.6913
4097.255,24253495.7251
4098.87,24024514.2858
4100.485,23987459.4313
4102.1,24027973.2325
4103.715,23949209.7651
4105.33,23983707.4672
4106.945,23845953.9563
4108.56,23896971.3617
4110.175,23949622.6436
4111.79,23832562.9263
4113.405,23791227.7563
4115.02,23652775.2503
4116.635,23836146.5654
4118.25,23659740.2705
4119.865,23631703.0581
4121.48,23602211.4496
4123.095,23586044.0536
4124.71,23612167.5193
4126.325,23628982.7149
4127.94,23686943.3837
4129.555,23652274.6064
4131.17,23754117.9092
4132.785,23663932.5825
4134.4,23672780.8137
4136.015,23564591.5343
4137.63,23927368.1861
4139.245,23729812.7246
4140.86,23477773.4151
4142.475,23656445.0891
4144.09,23594719.9767
4145.705,23786469.8276
4147.32,23717901.2839
4148.935,23676031.0385
4150.55,23552732.6762
4152.165,23386918.5206
4153.78,23460575.8821
4155.395,23617661.5543
4157.01,23584956.289
4158.625,23568446.6776
4160.24,23424775.6443
4161.855,23742434.0333
4163.47,23577362.5835
4165.085,23785465.4565
4166.7,23849981.4709
4168.315,23894744.0886
4169.93,23816751.9398
4171.545,23837603.4588
4173.16,23676472.2418
4174.775,23766220.5065
4176.39,23638271.493
4178.005,23552368.7429
4179.62,23828892.5352
4181.235,23888737.0157
4182.85,23670347.6359
4184.465,23754866.3982
4186.08,23766744.2628
4187.695,23754962.9463
4189.31,23698041.2269
4190.925,23654791.9067
4192.54,23826022.5743
4194.155,23633956.3203
4195.77,23679162.2501
4197.385,23723682.964
4199,23874437.1064
4200.615,23523002.6468
4202.23,23597362.425
4203.845,23644305.4179
4205.46,23608740.4471
4207.075,23693335.8715
4208.69,23575001.8632
4210.305,23698126.1025
4211.92,23965666.1022
4213.535,23821779.0948
4215.15,24102897.0915
4216.765,23793519.6192
4218.38,23708552.7974
4219.995,23870305.2002
4221.61,23817365.4847
4223.225,23858535.8015
4224.84,23633512.0748
4226.455,23656396.0396
4228.07,23506379.6249
4229.685,23439311.795
4231.3,23498044.4037
4232.915,23452177.3226
4234.53,23366989.1358
4236.145,23343009.9272
4237.76,23538168.8665
4239.375,23571019.3796
4240.99,23641816.3121
4242.605,23940451.5418
4244.22,23868722.3554
4245.835,23832965.7912
4247.45,23760983.2889
4249.065,23859642.3085
4250.68,23910857.5147
4252.295,23833835.3576
4253.91,23818397.1038
4255.525,23559600.3617
4257.14,23598312.5566
4258.755,23825067.4926
4260.37,23909167.3662
4261.985,24062947.2389
4263.6,23968227.976
4265.215,23992751.4629
4266.83,23940952.9594
4268.445,24004876.1889
4270.06,23844136.103
4271.675,23849124.5922
4273.29,23989473.3782
4274.905,24131285.741
4276.52,24089232.7349
4278.135,24009789.0575
4279.75,24218195.1494
4281.365,24007206.4032
4282.98,24211882.4142
4284.595,24287539.2144
4286.21,24035759.7664
4287.825,24190821.9632
4289.44,24219058.7411
4291.055,24465355.8991
4292.67,24218310.0884
4294.285,24178992.0918
4295.9,23944835.0104
4297.515,24098539.5005
4299.13,24109888.5117
4300.745,24205922.9906
4302.36,24147278.5806
4303.975,24352246.668
4305.59,24257427.0133
4307.205,24110490.3135
4308.82,24317266.1458
4310.435,24373230.6114
4312.05,24335757.1602
4313.665,24326375.4639
4315.28,24184360.5716
4316.895,24341567.8158
4318.51,24145385.7296
4320.125,24154898.2343
4321.74,24396926.7587
4323.355,24166792.4705
4324.97,24133747.1208
4326.585,24194571.9469
4328.2,24310796.3415
4329.815,24211418.7364
4331.43,24190994.6284
4333.045,24263037.1942
4334.66,24175514.6332
4336.275,24256301.7304
4337.89,24107311.1925
4339.505,24037805.0357
4341.12,23911663.2687
4342.735,23817929.7515
4344.35,23815548.3604
4345.965,23961245.1841
4347.58,23891000.5688
4349.195,24036296.8353
4350.81,23873083.2025
4352.425,24016831.9893
4354.04,23866714.4241
4355.655,23881776.0382
4357.27,23868129.671
4358.885,23835079.0625
4360.5,23671607.8666
4362.115,23618620.7214
4363.73,23730689.9226
4365.345,23671055.3969
4366.96,23770529.3456
4368.575,23858200.2971
4370.19,23743967.5348
4371.805,23900360.8895
4373.42,23685148.0366
4375.035,23926834.6615
4376.65,23893296.0113
4378.265,23683919.4815
4379.88,23845321.5146
4381.495,23741911.9208
4383.11,23845013.3103
4384.725,23726165.0034
4386.34,23946629.7457
4387.955,23951499.575
4389.57,23904497.2605
4391.185,23819344.2248
4392.8,23833510.6479
4394.415,23695986.1708
4396.03,23732433.5779
4397.645,23808126.7268
4399.26,23858216.8657
4400.875,23676849.0414
4402.49,23745245.2993
4404.105,23689948.3297
4405.72,23608786.5157
4407.335,23660879.5112
4408.95,23624726.7876
4410.565,23698029.6437
4412.18,23735887.9594
4413.795,23570364.2327
4415.41,23688255.907
4417.025,23810268.3972
4418.64,23656968.2057
4420.255,23776753.0639
4421.87,23753741.3477
4423.485,23941863.674
4425.1,23834639.3375
4426.715,23975056.332
4428.33,23982396.9541
4429.945,23880460.9302
4431.56,24085255.458
4433.175,24076056.8813
4434.79,23889447.4266
4436.405,23832763.0645
4438.02,24191521.4046
4439.635,24095602.3129
4441.25,23994703.9089
4442.865,23989325.9677
4444.48,23972327.1392
4446.095,23998507.5351
4447.71,23806422.7135
4449.325,24111722.201
4450.94,23946628.7676
4452.555,23983872.7834
4454.17,24041442.4959
4455.785,24180390.069
4457.4,24239762.4999
4459.015,23989189.2942
4460.63,24162487.7968
4462.245,23977549.6645
4463.86,23959887.204
4465.475,24241981.0555
4467.09,24252278.3868
4468.705,24431833.5701
4470.32,24424606.4682
4471.935,24351539.5169
4473.55,24324594.3925
4475.165,24333833.7047
4476.78,24103435.8098
4478.395,24193265.9971
4480.01,24447547.5882
4481.625,24177573.5963
4483.24,24320851.412
4484.855,24313608.2007
4486.47,24328455.1424
4488.085,24299217.9171
4489.7,24138340.2466
4491.315,24116064.4191
4492.93,24151816.8998
4494.545,24191314.7784
4496.16,24028933.3592
4497.775,24214541.2266
4499.39,24080351.9448
4501.005,24105752.9831
4502.62,24020663.8714
4504.235,24160225.9174
4505.85,24185017.5668
4507.465,24207367.4511
4509.08,24043049.195
4510.695,23948630.9083
4512.31,24014279.7981
4513.925,24118983.6656
4515.54,24119282.2467
4517.155,23846613.3764
4518.77,24237492.6951
4520.385,24111503.8689
4522,24242081.2482
4523.615,24080698.3202
4525.23,24017343.1713
4526.845,24092582.6542
4528.46,24093989.5312
4530.075,24091661.8143
4531.69,24160268.9883
4533.305,24220636.0537
4534.92,24087608.039
4536.535,24190140.6803
4538.15,24157638.4059
4539.765,24063283.0334
4541.38,24023385.4939
4542.995,24028436.0773
4544.61,24098290.0451
4546.225,24355004.9516
4547.84,24241961.6752
4549.455,24328584.9987
4551.07,24469600.5278
4552.685,24169772.7216
4554.3,24225559.0494
4555.915,24094791.1216
4557.53,24366150.8401
4559.145,24434799.5436
4560.76,24447364.4594
4562.375,24325374.1778
4563.99,24560028.7773
4565.605,24479570.1201
4567.22,24376720.1144
4568.835,24257875.5824
4570.45,24499088.3837
4572.065,24513574.1925
4573.68,24421364.1408
4575.295,24507002.0236
4576.91,24522068.798
4578.525,24502104.1448
4580.14,24520484.4135
4581.755,24761065.9819
4583.37,24547108.1512
4584.985,24406380.5648
4586.6,24539114.1748
4588.215,24282955.2823
4589.83,24449317.7496
4591.445,24376149.3132
4593.06,24421930.8492
4594.675,24348798.542
4596.29,24183074.6306
4597.905,24296541.7775
4599.52,24269683.3288
4601.135,24373028.7587
4602.75,24234959.0976
4604.365,24276745.1908
4605.98,24290345.1863
4607.595,24188940.5392
4609.21,24290444.6613
4610.825,24288426.7702
4612.44,24396416.3279
4614.055,24262797.6149
4615.67,24359311.0107
4617.285,24149254.4644
4618.9,24318440.6715
4620.515,24377183.6862
4622.13,24280399.8797
4623.745,24250845.7939
4625.36,24040209.3811
4626.975,23955099.3402
4628.59,23978870.9946
4630.205,24024058.2005
4631.82,24078920.4138
4633.435,24186893.0235
4635.05,24201202.9409
4636.665,24268601.9666
4638.28,24118104.4835
4639.895,24215481.6699
4641.51,24282498.9682
4643.125,24265045.0326
4644.74,24317516.5384
4646.355,24318069.7742
4647.97,24407017.4973
4649.585,24180672.2359
4651.2,24409804.9387
4652.815,24359591.8888
4654.43,24259118.4244
4656.045,24442317.1283
4657.66,24483466.5808
4659.275,24456379.169
4660.89,24482401.2796
4662.505,24308718.1953
4664.12,24271906.3119
4665.735,24248572.6977
4667.35,24442308.6301
4668.965,24271221.8511
4670.58,24321005.8052
4672.195,24449877.7821
4673.81,24533026.3583
4675.425,24519346.4019
4677.04,24603514.6588
4678.655,24645740.5532
4680.27,24592527.4201
4681.885,24758987.2741
4683.5,24507724.1144
4685.115,24523685.799
4686.73,24636545.199
4688.345,24628165.9045
4689.96,24308962.7359
4691.575,24406646.9105
4693.19,24627438.5549
4694.805,24304780.6794
4696.42,24277374.4266
4698.035,24587955.3202
4699.65,24469944.7572
4701.265,24486890.3169
4702.88,24417018.1776
4704.495,24489541.4512
4706.11,24695463.3298
4707.725,24344719.9827
4709.34,24323209.6535
4710.955,24301286.8009
4712.57,24259241.9472
4714.185,24233552.5237
4715.8,24405306.1127
4717.415,24420744.3962
4719.03,24420255.4897
4720.645,24300970.3346
4722.26,24252065.3228
4723.875,24263113.6832
4725.49,24291708.4773
4727.105,24191533.0826
4728.72,24240242.0807
4730.335,24306658.5944
4731.95,24267619.9381
4733.565,24318039.7071
4735.18,24347388.394
4736.795,24467548.4729
4738.41,24512146.2375
4740.025,24525244.6035
4741.64,24331595.2519
4743.255,24353708.9244
4744.87,24493696.0942
4746.485,24507822.2356
4748.1,24573758.9677
4749.715,24576375.94
4751.33,24583201.8898
4752.945,24646699.3186
4754.56,24683436.0723
4756.175,24597165.8148
4757.79,24524398.2834
4759.405,24706684.6845
4761.02,24728756.3628
4762.635,24713134.744
4764.25,24613561.8392
4765.865,24686483.4199
4767.48,24737154.0966
4769.095,24717426.3617
4770.71,24676773.9233
4772.325,24797795.0314
4773.94,24639901.1191
4775.555,24691738.0503
4777.17,24486830.1473
4778.785,24629583.5763
4780.4,24502327.5535
4782.015,24476773.5483
4783.63,24627119.727
4785.245,24675428.8876
4786.86,24597551.8805
4788.475,24538875.7149
4790.09,24592661.0272
4791.705,24980924.1507
4793.32,24737766.1687
4794.935,24630588.9366
4796.55,24615218.6087
4798.165,24529647.8
4799.78,24680861.9813
4801.395,24717638.6224
4803.01,24754365.1076
4804.625,24750897.6088
4806.24,24558322.0398
4807.855,24601645.6325
4809.47,24567193.8539
4811.085,24576497.5735
4812.7,24692636.847
4814.315,24744625.3115
4815.93,24709296.9057
4817.545,24568644.4843
4819.16,24583118.1987
4820.775,24545321.3003
4822.39,24660952.2072
4824.005,24446919.2301
4825.62,24619919.0196
4827.235,24475694.1666
4828.85,24719969.3629
4830.465,24518914.9129
4832.08,24485644.0811
4833.695,24679245.6868
4835.31,24426670.8425
4836.925,24579510.8837
4838.54,24365555.9595
4840.155,24527991.4843
4841.77,24374447.5146
4843.385,24443465.849
4845,24388767.0626
4846.615,24591879.0885
4848.23,24236155.4342
4849.845,24308141.1683
4851.46,24214960.8535
4853.075,24336297.95
4854.69,24286724.2538
4856.305,24284209.8005
4857.92,24317438.6993
4859.535,24264415.4006
4861.15,24176562.6034
4862.765,24198997.4432
4864.38,24212831.047
4865.995,24296789.5742
4867.61,24284311.4921
4869.225,24207893.0168
4870.84,23981462.1248
4872.455,24132909.0013
4874.07,24217606.6564
4875.685,24156313.154
4877.3,24298348.6315
4878.915,24202816.5948
4880.53,24252843.7804
4882.145,24243364.9726
4883.76,24323177.4683
4885.375,24176339.0218
4886.99,24175691.4284
4888.605,24262949.7096
4890.22,24093678.1024
4891.835,24128950.6918
4893.45,24211537.0058
4895.065,24135392.4763
4896.68,24066215.4457
4898.295,24042870.7634
4899.91,24117295.5459
4901.525,24180153.5691
4903.14,24093831.7462
4904.755,24080258.2382
4906.37,23990023.769
4907.985,24000091.7131
4909.6,23982736.6983
4911.215,23980472.249
4912.83,23914508.4083
4914.445,24017900.3104
4916.06,23952683.0824
4917.675,23830282.4141
4919.29,23763617.2055
4920.905,23941343.2146
4922.52,23621547.9046
4924.135,23855649.4727
4925.75,23785862.6461
4927.365,23642269.0131
4928.98,23538791.3075
4930.595,23865832.6795
4932.21,23756176.9764
4933.825,23574576.7264
4935.44,23575859.694
4937.055,23624120.7274
4938.67,23586072.1069
4940.285,23617354.9361
4941.9,23469087.0822
4943.515,23625984.5173
4945.13,23526761.4913
4946.745,23464259.6098
4948.36,23577915.9216
4949.975,23631054.2839
4951.59,23505462.5766
4953.205,23622125.9431
4954.82,23505330.0778
4956.435,23684252.3714
4958.05,23535154.3884
4959.665,23521292.1512
4961.28,23627463.2494
4962.895,23463278.1113
4964.51,23427150.1086
4966.125,23387956.8601
4967.74,23504988.8367
4969.355,23464638.6427
4970.97,23296295.0644
4972.585,23391132.0948
4974.2,23413842.6469
4975.815,23469309.6559
4977.43,23576349.9096
4979.045,23394773.566
4980.66,23565592.2625
4982.275,23589421.6691
4983.89,23414056.7485
4985.505,23587908.2191
4987.12,23630475.3528
4988.735,23563219.6224
4990.35,23632767.6303
4991.965,23492348.0269
4993.58,23561748.1185
4995.195,23687060.7625
4996.81,23487034.6662
4998.425,23640162.9828
5000.04,23640054.0334
5001.655,23621131.2343
5003.27,23735589.1626
5004.885,23731152.866
5006.5,23689742.187
5008.115,23646485.0567
5009.73,23677538.6941
5011.345,23488796.2401
5012.96,23652210.1859
5014.575,23592001.2272
5016.19,23729831.0821
5017.805,23607316.332
5019.42,23736001.3178
5021.035,23754478.2833
5022.65,23551180.3485
5024.265,23577815.0167
5025.88,23588909.0533
5027.495,23457145.8905
5029.11,23680883.269
5030.725,23761631.1574
5032.34,23622907.9822
5033.955,23635275.949
5035.57,23611333.6767
5037.185,23408656.065
5038.8,23287113.9024
5040.415,23416197.1098
5042.03,23338339.4774
5043.645,23328029.5124
5045.26,23178577.4183
5046.875,23095364.2691
5048.49,23260593.6489
5050.105,23176090.6295
5051.72,23316630.137
5053.335,23268631.2169
5054.95,23424136.7165
5056.565,23357503.1799
5058.18,23474406.9123
5059.795,23242243.2558
5061.41,23267878.4491
5063.025,23254299.3568
5064.64,23219434.7015
5066.255,23083760.3
5067.87,23208688.5557
5069.485,23069278.2159
5071.1,22900019.5902
5072.715,22998005.7954
5074.33,22915099.7794
5075.945,22926961.5068
5077.56,23029020.0103
5079.175,22905156.0795
5080.79,23173994.7934
5082.405,23118522.7338
5084.02,23188182.01
5085.635,23148404.8933
5087.25,23100774.9905
5088.865,23170862.1742
5090.48,23075152.3158
5092.095,23171099.5127
5093.71,23180747.8672
5095.325,23311962.1307
5096.94,23233365.3368
5098.555,23173971.6717
5100.17,23223301.1527
5101.785,23279688.135
5103.4,23325821.6232
5105.015,23479314.4645
5106.63,23742055.5527
5108.245,23454186.4552
5109.86,23542132.2506
5111.475,23731909.0052
5113.09,23868145.7952
5114.705,23908128.7236
5116.32,24204907.5478
5117.935,23892472.8407
5119.55,23954181.522
5121.165,23995482.7867
5122.78,23985549.9949
5124.395,24010179.8595
5126.01,23910637.6875
5127.625,23911190.2205
5129.24,23990902.0177
5130.855,23974865.6422
5132.47,23833537.0982
5134.085,23839556.3474
5135.7,24004299.8592
5137.315,24029584.7293
5138.93,23883872.2909
5140.545,23810628.2878
5142.16,24008101.8862
5143.775,24059001.9092
5145.39,24003021.2691
5147.005,23833566.3954
5148.62,23732217.7469
5150.235,23977761.5141
5151.85,24025053.6568
5153.465,24193845.9101
5155.08,24178024.3912
5156.695,24188358.2645
5158.31,24150015.6504
5159.925,24134206.2911
5161.54,24300077.2411
5163.155,24205305.8195
5164.77,24178890.3891
5166.385,24259663.3518
5168,24371203.4839
5169.615,24100822.7536
5171.23,24245354.2563
5172.845,24122592.6988
5174.46,24449832.9985
5176.075,24378094.6798
5177.69,24141784.4749
5179.305,24214978.0246
5180.92,24409027.8683
5182.535,24471769.8851
5184.15,24422866.2959
5185.765,24468505.2022
5187.38,24390658.3237
5188.995,24459938.4591
5190.61,24590337.4254
5192.225,24581332.7369
5193.84,24435461.5298
5195.455,24524703.7132
5197.07,24719999.4821
5198.685,24652925.5901
5200.3,24511609.2206
5201.915,24467775.6788
5203.53,24586031.1823
5205.145,24479897.1189
5206.76,24470034.8098
5208.375,24435600.5538
5209.99,24407682.351
5211.605,24446655.6626
5213.22,24363864.9259
5214.835,24249646.3315
5216.45,24343651.5072
5218.065,24236818.9081
5219.68,24442864.1421
5221.295,24403897.7164
5222.91,24469156.92
5224.525,24540831.986
5226.14,24523641.3111
5227.755,24476141.6794
5229.37,24467794.0568
5230.985,24213737.3378
5232.6,24318100.6112
5234.215,24226786.2545
5235.83,24511658.3054
5237.445,24116041.6135
5239.06,24193270.0249
5240.675,24038775.4029
5242.29,24207136.6358
5243.905,24183708.6957
5245.52,24292190.5331
5247.135,24291291.1599
5248.75,24432082.6016
5250.365,24338641.9567
5251.98,24361705.4
5253.595,24184550.6143
5255.21,24140941.3625
5256.825,24297042.9793
5258.44,24289304.7845
5260.055,24291278.0501
5261.67,24340289.8616
5263.285,24231121.198
5264.9,24244958.4987
5266.515,24145913.2887
5268.13,24290389.7449
5269.745,24282396.4938
5271.36,24139947.3176
5272.975,24276677.7076
5274.59,24216707.5398
5276.205,24052136.3435
5277.82,24141866.5091
5279.435,23956261.1801
5281.05,24255082.1179
5282.665,24093859.3531
5284.28,24022055.5893
5285.895,23947383.0584
5287.51,24176882.3053
5289.125,24035588.1723
5290.74,23874862.1409
5292.355,23896153.9037
5293.97,23903740.9614
5295.585,24026059.5601
5297.2,23830044.6887
5298.815,23985792.252
5300.43,23997617.8557
5302.045,23765101.6985
5303.66,24022409.2932
5305.275,23854078.901
5306.89,23891223.8268
5308.505,24030654.3688
5310.12,23876142.4214
5311.735,23957254.4328
5313.35,23823030.7679
5314.965,23843558.308
5316.58,23835015.3226
5318.195,23758704.6809
5319.81,23814980.9287
5321.425,23898779.0154
5323.04,23893491.733
5324.655,23897270.8354
5326.27,24092744.1062
5327.885,23875968.3374
5329.5,24077717.435
5331.115,24140951.1066
5332.73,23873403.6966
5334.345,23846684.363
5335.96,23990821.8579
5337.575,23998949.2925
5339.19,24031052.8117
5340.805,24172832.9614
5342.42,24107551.2292
5344.035,24031385.2181
5345.65,23800361.1408
5347.265,23948638.274
5348.88,23984221.0462
5350.495,23985042.7124
5352.11,23884208.9464
5353.725,23882956.3324
5355.34,23930906.997
5356.955,23779707.3073
5358.57,23847278.9888
5360.185,23689975.111
5361.8,23943318.2504
5363.415,23837990.2944
5365.03,23759726.0669
5366.645,23683049.3888
5368.26,23681158.4904
5369.875,23749942.4485
5371.49,23690124.0836
5373.105,23801255.9302
5374.72,23890506.7084
5376.335,23642005.8007
5377.95,23641288.5707
5379.565,23606149.092
5381.18,23585203.1634
5382.795,23757661.6479
5384.41,23793197.1726
5386.025,23716218.7484
5387.64,23729936.411
5389.255,23958371.6193
5390.87,24018286.2161
5392.485,23939209.4194
5394.1,23808132.9079
5395.715,23669859.6108
5397.33,23889852.8187
5398.945,23643970.9158
5400.56,23841117.6585
5402.175,23841842.7841
5403.79,23886631.1287
5405.405,23854722.1951
5407.02,23773339.758
5408.635,23825394.4691
5410.25,23630121.4704
5411.865,23526546.7667
5413.48,23415530.9507
5415.095,23329294.353
5416.71,23439915.7037
5418.325,23272302.3853
5419.94,23093249.1587
5421.555,23289073.039
5423.17,23272621.3917
5424.785,23487089.9358
5426.4,23167973.7255
5428.015,23390006.2372
5429.63,23584698.0342
5431.245,23674263.806
5432.86,23569792.5017
5434.475,23678604.8042
5436.09,23634196.3292
5437.705,23480286.8177
5439.32,23582369.5065
5440.935,23511808.7559
5442.55,23322544.1076
5444.165,23551601.4148
5445.78,23373497.4718
5447.395,23265078.1191
5449.01,23473924.0178
5450.625,23472109.2606
5452.24,23589759.7508
5453.855,23446035.6032
5455.47,23380236.7905
5457.085,23420270.269
5458.7,23509517.8953
5460.315,23456097.699
5461.93,23411573.6937
5463.545,23558987.8526
5465.16,23304015.4242
5466.775,23307330.1681
5468.39,23409010.5238
5470.005,23208057.5868
5471.62,23413957.8853
5473.235,23365590.0075
5474.85,23426552.8162
5476.465,23411348.7379
5478.08,23464999.173
5479.695,23518434.9393
5481.31,23503241.2318
5482.925,23649979.4465
5484.54,23686144.9601
5486.155,23644012.7278
5487.77,23633135.9261
5489.385,23702289.1544
5491,23659886.2473
5492.615,23791536.2582
5494.23,23445627.3381
5495.845,23663241.0237
5497.46,23810445.0455
5499.075,23811465.9164
5500.69,23559780.3944
5502.305,23826220.5572
5503.92,23784179.0284
5505.535,23495964.225
5507.15,23481439.4622
5508.765,23531014.1978
5510.38,23592321.7474
5511.995,23601946.5134
5513.61,23655286.0013
5515.225,23669195.5642
5516.84,23757812.4447
5518.455,23566782.7488
5520.07,23556656.5579
5521.685,23423957.9892
5523.3,23624216.8292
5524.915,23479999.0555
5526.53,23575487.4206
5528.145,23306560.6587
5529.76,23539227.146
5531.375,23677534.0898
5532.99,23684308.039
5534.605,23594480.3844
5536.22,23758604.7615
5537.835,23669028.5112
5539.45,23654183.6541
5541.065,23535880.321
5542.68,23567345.1225
5544.295,23646261.2129
5545.91,23597074.2871
5547.525,23619067.7991
5549.14,23689249.4982
5550.755,23823254.7102
5552.37,23836412.0018
5553.985,23620092.6419
5555.6,23901190.7823
5557.215,23703106.6849
5558.83,23832124.8507
5560.445,23847606.6143
5562.06,23657778.7071
5563.675,23639524.2261
5565.29,23881665.9768
5566.905,23657689.7702
5568.52,23552061.5706
5570.135,23666176.5953
5571.75,23487934.8074
5573.365,23469003.0731
5574.98,23270151.3836
5576.595,23363954.8646
5578.21,23466548.9065
5579.825,23516262.9228
5581.44,23434426.6449
5583.055,23563793.57
5584.67,23527570.9178
5586.285,23360723.0233
5587.9,23405472.4233
5589.515,23456227.6205
5591.13,23586907.2864
5592.745,23622000.6167
5594.36,23610353.6287
5595.975,23704648.8873
5597.59,23427695.1531
5599.205,23598291.3967
5600.82,23827493.4293
5602.435,23764425.5573
5604.05,23710336.8235
5605.665,23838252.8522
5607.28,24140886.1524
5608.895,24135143.9023
5610.51,24299355.7138
5612.125,24220073.15
5613.74,24140146.5186
5615.355,24084825.2726
5616.97,24198046.2145
5618.585,24249095.634
5620.2,24212231.7035
5621.815,24131474.1398
5623.43,24211387.1779
5625.045,24225956.4472
5626.66,24214784.207
5628.275,24407495.3561
5629.89,24385849.9359
5631.505,24280458.3069
5633.12,24438102.4458
5634.735,24280550.9164
5636.35,24334124.7174
5637.965,24363105.923
5639.58,24379076.0686
5641.195,24396073.7851
5642.81,24323615.0418
5644.425,24564658.3653
5646.04,24285405.3895
5647.655,24491073.359
5649.27,24344787.8731
5650.885,24493595.7117
5652.5,24618239.8443
5654.115,24471689.1563
5655.73,24393906.0251
5657.345,24490128.8154
5658.96,24457058.5421
5660.575,24308537.9934
5662.19,24583303.3024
5663.805,42584.645
5665.42,24526797.5317
5667.035,24533179.9667
5668.65,24610435.6931
5670.265,24513387.2758
5671.88,24739118.6036
5673.495,24585916.9573
5675.11,24527170.1714
5676.725,24493785.3193
5678.34,24575530.4381
5679.955,24451060.1627
5681.57,24673693.286
5683.185,24724882.306
5684.8,24606439.8039
5686.415,24353310.4239
5688.03,24684428.89
5689.645,24569789.2015
5691.26,24392206.6365
5692.875,24407041.5748
5694.49,24620753.6264
5696.105,24504159.7514
5697.72,24439393.8446
5699.335,24467348.2511
5700.95,24561974.7409
5702.565,24479045.9528
5704.18,24587639.2314
5705.795,24568314.5735
5707.41,24582778.9826
5709.025,24738477.422
5710.64,24735645.1877
5712.255,24631917.7794
5713.87,24578655.727
5715.485,24507298.31
5717.1,24381752.6992
5718.715,24385023.4386
5720.33,24418313.4945
5721.945,24308404.7787
5723.56,24537955.8439
5725.175,24414016.4245
5726.79,24388980.0113
5728.405,24372008.8976
5730.02,24552736.3883
5731.635,24290843.6137
5733.25,24462617.5611
5734.865,24345387.9548
5736.48,24540055.334
5738.095,24323125.4194
5739.71,24441623.0498
5741.325,24294163.4528
5742.94,24473198.809
5744.555,24357918.8352
5746.17,24375829.7935
5747.785,24466047.1938
5749.4,24390903.5337
5751.015,24380917.2761
5752.63,24489297.9835
5754.245,24405372.6568
5755.86,24522613.5598
5757.475,24501838.5633
5759.09,24669245.4974
5760.705,24572188.5615
5762.32,24523701.8526
5763.935,24493914.5992
5765.55,24533612.7221
5767.165,24433531.7407
5768.78,24550141.9054
5770.395,24584635.4458
5772.01,24529716.3804
5773.625,24609950.9911
5775.24,24739993.1667
5776.855,24460832.6126
5778.47,24650130.4018
5780.085,24707641.6128
5781.7,24710131.9309
5783.315,24659124.0725
5784.93,24603613.9367
5786.545,24700022.1319
5788.16,24744209.2159
5789.775,24718537.2945
5791.39,24897679.0675
5793.005,24677857.8832
5794.62,24612973.6809
5796.235,24831729.6012
5797.85,24879265.1446
5799.465,24960008.0885
5801.08,24962813.4932
5802.695,24830919.3341
5804.31,24688115.2732
5805.925,24642011.681
5807.54,24966815.2511
5809.155,24922902.8735
5810.77,24889614.1305
5812.385,25018757.2862
5814,24827939.8342
5815.615,24786054.1285
5817.23,24943691.1863
5818.845,25085263.2835
5820.46,24853163.4469
5822.075,24887909.247
5823.69,24825516.9992
5825.305,24970215.8822
5826.92,24775196.9228
5828.535,144381.2247
5830.15,24862071.3084
5831.765,24860160.4495
5833.38,24957055.4387
5834.995,24944854.8077
5836.61,24851445.2638
5838.225,24962801.1811
5839.84,24695657.2162
5841.455,24992647.5404
5843.07,24914930.6688
5844.685,24848656.6918
5846.3,24974556.8154
5847.915,24944233.9175
5849.53,24858242.952
5851.145,24863234.7196
5852.76,25025718.9982
5854.375,25000070.8308
5855.99,25029744.4376
5857.605,24939660.0678
5859.22,25013625.7731
5860.835,24824419.2302
5862.45,25013746.4804
5864.065,24847931.8823
5865.68,24994299.2054
5867.295,24816719.9709
5868.91,25018375.7113
5870.525,24940046.6356
5872.14,25061899.0535
5873.755,25069882.8916
5875.37,24916832.1518
5876.985,25041406.3131
5878.6,24988927.3579
5880.215,25004784.8258
5881.83,25008618.0672
5883.445,25034980.9931
5885.06,24977239.5267
5886.675,24941935.9051
5888.29,25056367.8479
5889.905,25035291.8882
5891.52,24942977.8447
5893.135,24918931.8745
5894.75,24932478.5789
5896.365,24962039.3702
5897.98,25053014.3955
5899.595,24936316.9583
5901.21,24940594.6722
5902.825,25083377.1901
5904.44,25131850.0007
5906.055,24926390.2956
5907.67,25019162.8437
5909.285,25067047.2952
5910.9,25203732.9815
5912.515,24972327.9728
5914.13,24965890.8967
5915.745,24917086.4068
5917.36,25046470.3914
5918.975,24884461.9708
5920.59,24894379.9959
5922.205,25089642.1496
5923.82,24987668.7598
5925.435,24888249.6718
5927.05,24805176.4652
5928.665,25177988.0913
5930.28,24936455.5136
5931.895,25040705.9327
5933.51,24787588.8703
5935.125,52163.5544
5936.74,24975957.952
5938.355,24820302.1298
5939.97,24929832.7053
5941.585,24837569.1022
5943.2,24847132.9213
5944.815,24930910.1196
5946.43,24980046.8226
5948.045,24995143.2773
5949.66,24955227.6721
5951.275,24815913.6981
5952.89,24893361.1221
5954.505,24981922.5303
5956.12,24784745.475
5957.735,25023234.586
5959.35,24934354.8836
5960.965,24934105.5843
5962.58,24934499.1106
5964.195,24964635.9824
5965.81,24917828.1958
5967.425,24864822.0236
5969.04,24964291.4833
5970.655,24972085.8365
5972.27,25046961.8584
5973.885,24855260.8339
5975.5,24998193.3621
5977.115,25001335.9187
5978.73,24830674.8362
5980.345,24750428.7204
5981.96,24974839.9956
5983.575,24931361.9206
5985.19,24908160.476
5986.805,24841502.3486
5988.42,24739828.7784
5990.035,24780833.632
5991.65,24863069.3997
5993.265,24993125.7246
5994.88,24908102.032
5996.495,24945866.8754
5998.11,24910083.0686
5999.725,25000099.0365
6001.34,25082494.0285
6002.955,24837713.53
6004.57,24934904.1363
6006.185,24833317.7996
6007.8,24813999.0606
6009.415,24888001.7821
6011.03,24945210.8248
6012.645,25108601.1933
6014.26,25124923.2372
6015.875,25024865.1543
6017.49,24925138.232
6019.105,24946762.6057
6020.72,24916209.9823
6022.335,25020671.2245
6023.95,24915985.7796
6025.565,24837188.3214
6027.18,24951132.3768
6028.795,24858557.2463
6030.41,24919069.4684
6032.025,24868358.3761
6033.64,24867778.2009
6035.255,25118769.2558
6036.87,24897957.3683
6038.485,24826272.6922
6040.1,24752124.2318
6041.715,24854503.0639
6043.33,25157012.7985
6044.945,25150439.9341
6046.56,25020846.4056
6048.175,25027400.5332
6049.79,24985558.0919
6051.405,24942994.1474
6053.02,24970666.5786
6054.635,24986594.6295
6056.25,25118473.0587
6057.865,24846642.4826
6059.48,24921985.0275
6061.095,24918448.6917
6062.71,24932834.3041
6064.325,24986809.3261
6065.94,25135032.8018
6067.555,25148888.9695
6069.17,25130177.4418
6070.785,24921796.0299
6072.4,25131495.0398
6074.015,25038743.8152
6075.63,25004586.3035
6077.245,24984786.4403
6078.86,24998933.3343
6080.475,25084291.5736
6082.09,24917289.9145
6083.705,24918965.6365
6085.32,25075029.6233
6086.935,25006274.0271
6088.55,25066300.4519
6090.165,25070174.8211
6091.78,24892897.8348
6093.395,24907431.4491
6095.01,24985015.6005
6096.625,24984903.4955
6098.24,24971591.5151
6099.855,25100235.0365
6101.47,24852272.014
6103.085,24999983.9301
6104.7,25105589.2796
6106.315,25012778.2517
6107.93,25059349.066
6109.545,24978648.4734
6111.16,25001727.6579
6112.775,24850033.5054
6114.39,24893864.3955
6116.005,25204068.8374
6117.62,25399580.1862
6119.235,25167844.4354
6120.85,24952418.8273
6122.465,24936266.1776
6124.08,25041939.8266
6125.695,24861284.8268
6127.31,25064181.7749
6128.925,25126857.0987
6130.54,25097924.2378
6132.155,24992927.1503
6133.77,25035318.1265
6135.385,25038976.9325
6137,24970095.954
6138.615,25006462.333
6140.23,25003973.7665
6141.845,25062138.4692
6143.46,25156356.8335
6145.075,25008383.676
6146.69,25012264.5202
6148.305,24717990.3607
6149.92,24833058.5871
6151.535,24851411.2823
6153.15,24942129.7375
6154.765,25020812.0299
6156.38,24936660.8902
6157.995,24964288.8037
6159.61,24893645.9333
6161.225,24985365.1371
6162.84,24868682.647
6164.455,24864246.1942
6166.07,24863099.5115
6167.685,25038473.3579
6169.3,25026385.6018
6170.915,24993179.1013
6172.53,25139429.4119
6174.145,25067106.3881
6175.76,25178315.4806
6177.375,25022473.1284
6178.99,25060707.4812
6180.605,25075001.2131
6182.22,25011749.2341
6183.835,25007553.4671
6185.45,25110774.0261
6187.065,25014956.0142
6188.68,24998929.7863
6190.295,24916249.271
6191.91,24883179.801
6193.525,25106218.2457
6195.14,25166146.7334
6196.755,25105244.5313
6198.37,25028880.1095
6199.985,25112460.9687
6201.6,25010276.0584
6203.215,24913401.6842
6204.83,24887679.6144
6206.445,24877510.7188
6208.06,24966318.0306
6209.675,24898468.4257
6211.29,24983514.2935
6212.905,25071262.3495
6214.52,24941084.0993
6216.135,25176370.3594
6217.75,24988812.1251
6219.365,25036680.8633
6220.98,25029762.2781
6222.595,24919808.5127
6224.21,24861131.2928
6225.825,24920159.8978
6227.44,24896965.9844
6229.055,24903815.5727
6230.67,24920082.5366
6232.285,24990318.6538
6233.9,25050724.0426
6235.515,25144076.1207
6237.13,24953547.9558
6238.745,24858658.3242
6240.36,24988806.394
6241.975,25008117.2317
6243.59,25094538.485
6245.205,24942449.5306
6246.82,24905186.3168
6248.435,24966334.6476
6250.05,24943363.9308
6251.665,24899654.5105
6253.28,24921987.1697
6254.895,25060972.1775
6256.51,24920228.8853
6258.125,24718243.2656
6259.74,24719272.3315
6261.355,25130387.3222
6262.97,25033456.9642
6264.585,25027711.6366
6266.2,25088436.0579
6267.815,24841689.4606
6269.43,24877320.9699
6271.045,24938710.3956
6272.66,24789344.397
6274.275,24801834.8526
6275.89,24857319.042
6277.505,24964497.9347
6279.12,24910529.0082
6280.735,25010857.7231
6282.35,25189141.3566
6283.965,24906664.1116
6285.58,24783914.1986
6287.195,24915592.6421
6288.81,24889158.4245
6290.425,24882877.1493
6292.04,24931393.0197
6293.655,24948215.8712
6295.27,24876121.0556
6296.885,24837114.1809
6298.5,24993352.8282
6300.115,25069906.9394
6301.73,24762077.6442
6303.345,24817948.2247
6304.96,24924224.8545
6306.575,24840443.9984
6308.19,24917637.7775
6309.805,24800171.0279
6311.42,24873835.9968
6313.035,24891457.4876
6314.65,24959284.7555
6316.265,24994006.3349
6317.88,25063429.206
6319.495,24959552.2356
6321.11,24997002.5596
6322.725,24868741.0704
6324.34,25066949.4715
6325.955,25031336.5262
6327.57,25037145.5584
6329.185,25001657.0879
6330.8,25208357.1916
6332.415,25138797.74
6334.03,24991396.3507
6335.645,25076502.3156
6337.26,25131313.5845
6338.875,24984487.4129
6340.49,24972784.006
6342.105,25063428.9568
6343.72,25284246.6536
6345.335,25127980.5073
6346.95,24905855.8454
6348.565,25179985.1015
6350.18,25101183.355
6351.795,25263739.02
6353.41,25195791.2605
6355.025,25174027.6564
6356.64,25304639.4728
6358.255,25071885.6571
6359.87,25042921.8755
6361.485,25243621.2345
6363.1,25040367.8676
6364.715,25157334.2094
6366.33,25329688.7671
6367.945,25165138.3327
6369.56,25258023.1514
6371.175,25132813.2087
6372.79,25085388.4277
6374.405,25220204.8701
6376.02,25042822.2165
6377.635,25166996.0939
6379.25,25230636.1283
6380.865,25270219.5669
6382.48,25074591.9104
6384.095,25262413.1786
6385.71,25055330.0514
6387.325,25216493.1486
6388.94,25137882.6722
6390.555,25282674.7133
6392.17,25036590.3366
6393.785,25289981.101
6395.4,25158055.1175
6397.015,25350713.9052
6398.63,25259920.2143
6400.245,25231659.2455
6401.86,25377129.953
6403.475,25284302.6262
6405.09,25415538.8435
6406.705,25224059.6247
6408.32,25269397.3726
6409.935,25147871.6151
6411.55,25204140.0546
6413.165,25175000.3518
6414.78,25217884.1916
6416.395,25230388.1029
6418.01,25149126.9441
6419.625,25029752.0097
6421.24,24993438.8772
6422.855,25067236.6201
6424.47,24882575.9853
6426.085,25187071.3478
6427.7,25213372.9568
6429.315,25128966.9782
6430.93,25109403.8399
6432.545,25114100.7828
6434.16,25080737.2188
6435.775,25146684.8739
6437.39,25148043.873
6439.005,25112679.1167
6440.62,25114834.7115
6442.235,25387974.0378
6443.85,25021687.5227
6445.465,25087705.0115
6447.08,24931366.2886
6448.695,25029289.8529
6450.31,24985848.0261
6451.925,25027109.1244
6453.54,79165.0102
6455.155,24912285.5986
6456.77,25040066.367
6458.385,25000585.9347
6460,25143720.5908
6461.615,24954362.3957
6463.23,25101198.873
6464.845,24891358.6523
6466.46,25175235.92
6468.075,24983795.0787
6469.69,24965954.4172
6471.305,25021664.9589
6472.92,24978128.9438
6474.535,25117079.0069
6476.15,24939108.3643
6477.765,24892426.6908
6479.38,25017715.8282
6480.995,24832061.9034
6482.61,24772481.6507
6484.225,25043200.3009
6485.84,24828534.6832
6487.455,25195557.8195
6489.07,24893656.7633
6490.685,24923085.4185
6492.3,24898279.7164
6493.915,24814141.2792
6495.53,25179219.2702
6497.145,25054541.5244
6498.76,24897842.0295
6500.375,24873248.9264
6501.99,24933846.9055
6503.605,25090630.4616
6505.22,24731009.6287
6506.835,24970788.6527
6508.45,24857898.6984
6510.065,24904331.8741
6511.68,24816037.4105
6513.295,24965502.4247
6514.91,24887609.3604
6516.525,24759238.0907
6518.14,24602638.809
6519.755,25049413.7582
6521.37,24862910.4153
6522.985,24772749.3576
6524.6,24835261.6339
6526.215,24776798.3612
6527.83,25049533.1602
6529.445,24831888.3513
6531.06,25039245.1881
6532.675,24829358.5008
6534.29,24763477.6428
6535.905,24966697.6343
6537.52,24841713.8617
6539.135,24719929.7656
6540.75,24965829.232
6542.365,24722356.7176
6543.98,24649444.5333
6545.595,24964173.7066
6547.21,24717190.7005
6548.825,24633188.0071
6550.44,24864690.0622
6552.055,25057836.4082
6553.67,24802054.1553
6555.285,24551277.1035
6556.9,24771624.9356
6558.515,24635607.3442
6560.13,24789525.3799
6561.745,24752827.807
6563.36,24653876.6348
6564.975,24512991.1778
6566.59,24677279.3035
6568.205,24555189.2383
6569.82,24583668.0167
6571.435,24726065.7744
6573.05,24629578.7303
6574.665,24740271.7353
6576.28,24656233.6043
6577.895,24761663.3654
6579.51,24720250.4736
6581.125,24707735.9665
6582.74,24605956.4612
6584.355,24678879.2023
6585.97,24793093.3504
6587.585,24779061.8789
6589.2,24556245.0019
6590.815,24774834.3507
6592.43,24848442.0584
6594.045,24713676.7277
6595.66,24582420.654
6597.275,24629965.9117
6598.89,24772722.9464
6600.505,24583187.8892
6602.12,24662912.017
6603.735,24682475.5235
6605.35,24528143.4526
6606.965,24695894.0024
6608.58,24666626.0574
6610.195,24715898.0726
6611.81,24724763.6423
6613.425,24677613.5379
6615.04,24610315.4785
6616.655,24891842.6496
6618.27,24809221.3871
6619.885,24703840.6662
6621.5,24810075.4969
6623.115,24710811.8303
6624.73,24708229.0198
6626.345,24522246.7127
6627.96,24566083.2093
6629.575,24621919.3286
6631.19,24733285.3302
6632.805,24577293.1055
6634.42,24517006.1962
6636.035,24696820.2183
6637.65,24667990.9829
6639.265,24604477.7217
6640.88,24741987.5567
6642.495,24658952.7815
6644.11,24542960.2844
6645.725,24663323.9361
6647.34,24730111.3861
6648.955,24672897.6722
6650.57,24542603.8284
6652.185,24542830.5303
6653.8,24608426.1421
6655.415,24485238.2298
6657.03,24655456.5154
6658.645,24487518.7308
6660.26,24463211.8893
6661.875,24771931.8884
6663.49,24616576.1425
6665.105,24527846.4949
6666.72,24561961.9732
6668.335,24539777.6915
6669.95,24667675.928
6671.565,24653810.7898
6673.18,24646810.5683
6674.795,24605777.2337
6676.41,24626134.2156
6678.025,24676942.2018
6679.64,24580850.047
6681.255,24532881.3707
6682.87,24592396.699
6684.485,24570127.1866
6686.1,24547422.4697
6687.715,24470088.1009
6689.33,24407654.3442
6690.945,24453461.2818
6692.56,24608319.3368
6694.175,24551019.0606
6695.79,24736460.3826
6697.405,24492737.4979
6699.02,24300009.8193
6700.635,24627741.6771
6702.25,24559479.6065
6703.865,24427064.603
6705.48,24362098.4223
6707.095,24626764.1915
6708.71,24336516.8139
6710.325,24528198.1458
6711.94,24419313.146
6713.555,24295258.8899
6715.17,24339315.4684
6716.785,24466686.7929
6718.4,24439363.6622
6720.015,24559662.8655
6721.63,24177027.1385
6723.245,24438378.9634
6724.86,24393983.5462
6726.475,24400553.9411
6728.09,24405879.64
6729.705,24307988.67
6731.32,24202827.6945
6732.935,24229278.4955
6734.55,24164222.0353
6736.165,24229269.4636
6737.78,24379650.667
6739.395,24278293.8569
6741.01,24397056.7173
6742.625,24360286.7241
6744.24,24472519.4173
6745.855,24328899.6501
6747.47,24235404.4106
6749.085,24259003.9224
6750.7,24427981.9135
6752.315,24239074.5617
6753.93,24339757.6257
6755.545,24319162.3086
6757.16,24334883.0397
6758.775,24234610.3867
6760.39,24364651.5804
6762.005,24234155.5324
6763.62,23949390.6029
6765.235,23969634.2673
6766.85,23999357.6022
6768.465,23901668.4329
6770.08,23801767.1588
6771.695,23921582.4969
6773.31,23791489.4792
6774.925,24167426.887
6776.54,57894.6937
6778.155,23961307.5312
6779.77,23938255.379
6781.385,23887225.1204
6783,23976493.5997
6784.615,23968731.7979
6786.23,24012926.2289
6787.845,24075974.1944
6789.46,23922602.5291
6791.075,23896822.7722
6792.69,24108873.7067
6794.305,24044639.8313
6795.92,24179890.5204
6797.535,23994314.9386
6799.15,24075876.0248
6800.765,24112856.1681
6802.38,24112217.0766
6803.995,24099338.4912
6805.61,24101939.6723
6807.225,24152322.0829
6808.84,24338759.1346
6810.455,24215926.9717
6812.07,24315488.0795
6813.685,24325630.019
6815.3,24149796.3867
6816.915,24240576.6461
6818.53,24443298.4706
6820.145,24266412.3718
6821.76,24316646.0943
6823.375,24375208.7174
6824.99,24177032.2597
6826.605,24410773.292
6828.22,24456892.0581
6829.835,24300234.1019
6831.45,24362362.187
6833.065,24328609.9465
6834.68,24242553.7943
6836.295,24360410.9646
6837.91,24375601.987
6839.525,24413241.6377
6841.14,24519163.7435
6842.755,24451760.1582
6844.37,24408203.5318
6845.985,24332802.3329
6847.6,24533917.1887
6849.215,24495025.5673
6850.83,24485466.1479
6852.445,24691216.7746
6854.06,24616772.7177
6855.675,24570851.0532
6857.29,24590597.9284
6858.905,24535508.7268
6860.52,24464723.1152
6862.135,24375107.5539
6863.75,24501105.4603
6865.365,24497351.5827
6866.98,24661662.8395
6868.595,24726264.901
6870.21,24514938.9526
6871.825,24601875.8396
6873.44,24423129.1177
6875.055,24397004.157
6876.67,24542681.1635
6878.285,24470887.0099
6879.9,24343437.1211
6881.515,24686437.831
6883.13,24509918.267
6884.745,24429589.7711
6886.36,24649783.0353
6887.975,24438955.9885
6889.59,24501454.7012
6891.205,24421345.6866
6892.82,24726532.6377
6894.435,24556418.5131
6896.05,24640094.641
6897.665,24406016.7747
6899.28,24569072.4792
6900.895,24458995.9982
6902.51,24503800.2773
6904.125,24565170.0047
6905.74,24564428.5988
6907.355,24472248.6068
6908.97,24453349.1283
6910.585,24580422.7494
6912.2,24365194.6928
6913.815,24599900.073
6915.43,24731630.1358
6917.045,24624439.8459
6918.66,24624361.6108
6920.275,24530340.2346
6921.89,24506909.9757
6923.505,24661080.814
6925.12,24579582.6309
6926.735,24588677.7829
6928.35,24580027.1293
6929.965,24915069.2223
6931.58,24671360.5279
6933.195,24644326.0612
6934.81,24554819.5628
6936.425,24559662.0398
6938.04,24791635.6499
6939.655,24587696.8943
6941.27,24549835.529
6942.885,24544518.133
6944.5,24281891.4687
6946.115,24513571.3437
6947.73,24571886.5792
6949.345,24391320.3044
6950.96,24471107.804
6952.575,24499184.0373
6954.19,24664329.1756
6955.805,24354283.4968
6957.42,24237454.6151
6959.035,24317877.8776
6960.65,24444591.437
6962.265,24305571.9902
6963.88,24484593.0316
6965.495,24487569.4074
6967.11,24458750.7398
6968.725,24244290.7329
6970.34,24321541.8048
6971.955,24167058.6507
6973.57,24277152.1764
6975.185,24234046.6667
6976.8,24108985.7523
6978.415,24167268.5311
6980.03,24324444.8695
6981.645,24282611.501
6983.26,24294927.9451
6984.875,91434.7963
6986.49,24220427.6293
6988.105,24165869.347
6989.72,24167158.174
6991.335,24318973.7982
6992.95,24136332.0363
6994.565,24160260.8807
6996.18,24171001.5965
6997.795,24199503.3943
6999.41,24192798.7675
7001.025,24197868.1473
7002.64,23936882.5746
7004.255,24220810.1544
7005.87,24183651.0979
7007.485,24275773.3805
7009.1,24127188.0468
7010.715,24118916.9839
7012.33,24129192.8057
7013.945,24336922.0628
7015.56,24308851.9679
7017.175,24277656.1267
7018.79,24011824.8022
7020.405,24299273.1979
7022.02,24387625.7652
7023.635,24073379.7523
7025.25,24481305.7719
7026.865,24495841.0449
7028.48,24409163.8872
7030.095,24679372.832
7031.71,24653070.6074
7033.325,24605776.1905
7034.94,24481167.5587
7036.555,24518178.63
7038.17,24604637.1506
7039.785,24624075.1056
7041.4,24853862.442
7043.015,24649129.841
7044.63,24855811.0238
7046.245,24718485.3851
7047.86,24717871.2767
7049.475,24789060.365
7051.09,24566133.2313
7052.705,24598643.0332
7054.32,24645761.1477
7055.935,24697788.9789
7057.55,24751143.3302
7059.165,24711056.9623
7060.78,24593146.3279
7062.395,24887436.8124
7064.01,24765350.4124
7065.625,24738346.0129
7067.24,24867785.561
7068.855,24789239.0979
7070.47,24807461.4905
7072.085,24850685.0261
7073.7,24877657.2795
7075.315,24810144.2613
7076.93,24980380.7817
7078.545,24768971.9771
7080.16,24843259.7459
7081.775,24800339.3696
7083.39,24757968.1475
7085.005,24783717.1491
7086.62,24693226.8054
7088.235,24808455.6042
7089.85,24840382.2891
7091.465,24867671.2412
7093.08,24751446.0061
7094.695,24872495.253
7096.31,24842290.9482
7097.925,24854470.0586
7099.54,25164075.7335
7101.155,24887175.1174
7102.77,24889644.9396
7104.385,24921970.7796
7106,24854172.6714
7107.615,24970001.0629
7109.23,24900126.5378
7110.845,25000177.2624
7112.46,24944473.1026
7114.075,24819828.5795
7115.69,24700362.4377
7117.305,25110890.6908
7118.92,24820537.6776
7120.535,24648237.8409
7122.15,24930519.1596
7123.765,24799869.3786
7125.38,24794642.065
7126.995,24771906.9537
7128.61,24883445.9682
7130.225,24948500.6358
7131.84,24893957.4755
7133.455,24827018.8772
7135.07,24917550.3041
7136.685,24715764.1066
7138.3,24840523.3828
7139.915,24716306.4455
7141.53,24971593.7726
7143.145,24732007.9246
7144.76,24801807.4465
7146.375,24827743.1604
7147.99,24984705.2261
7149.605,24711378.5535
7151.22,24816808.0914
7152.835,24823745.7147
7154.45,24911193.6425
7156.065,24744813.4704
7157.68,24812118.4231
7159.295,24882032.6627
7160.91,24714709.7582
7162.525,24723507.0097
7164.14,24743072.4167
7165.755,24671314.4091
7167.37,24948948.5205
7168.985,24852929.1933
7170.6,24932124.7356
7172.215,24814934.3864
7173.83,24775106.3644
7175.445,25025992.401
7177.06,24766870.1681
7178.675,24743438.6279
7180.29,25016331.8181
7181.905,24776268.3456
7183.52,24787022.1527
7185.135,24894988.5943
7186.75,24846319.4558
7188.365,24910363.2327
7189.98,24918218.7746
7191.595,24722467.839
7193.21,24691005.9514
7194.825,24655562.9563
7196.44,24592616.5057
7198.055,24585554.7348
7199.67,24588606.2068
7201.285,24628076.8431
7202.9,24602014.6944
7204.515,24597441.2148
7206.13,24381898.1238
7207.745,24527031.326
7209.36,24442467.3393
7210.975,24354095.5257
7212.59,24538131.0194
7214.205,24303912.4537
7215.82,24325239.7544
7217.435,24206188.8473
7219.05,24336232.239
7220.665,24281556.1317
7222.28,24345686.0357
7223.895,24340801.2408
7225.51,24272126.3882
7227.125,24087909.3611
7228.74,24088154.2012
7230.355,24224685.1744
7231.97,24388999.8416
7233.585,24353407.2825
7235.2,24255294.6425
7236.815,24190926.0722
7238.43,24186396.5933
7240.045,24426548.9004
7241.66,24283470.0514
7243.275,24204243.4751
7244.89,24283289.7342
7246.505,24160360.7313
7248.12,23878563.6813
7249.735,23952611.1828
7251.35,24099290.34
7252.965,24232827.056
7254.58,24112950.4958
7256.195,24142012.7221
7257.81,24130294.1116
7259.425,24027401.8884
7261.04,24132136.0052
7262.655,23908875.6673
7264.27,23880863.1293
7265.885,23743156.0069
7267.5,23697533.2266
7269.115,23878819.6378
7270.73,23696395.7505
7272.345,23670234.1045
7273.96,23820489.7546
7275.575,23620984.5267
7277.19,23809477.2686
7278.805,23722825.1536
7280.42,23605086.0632
7282.035,23666826.2286
7283.65,23766269.3495
7285.265,23716015.2221
7286.88,23709842.2343
7288.495,23552813.6225
7290.11,23700591.9583
7291.725,23705695.6301
7293.34,23812856.3178
7294.955,23915701.3604
7296.57,23607445.4501
7298.185,23706086.0472
7299.8,23823513.5508
7301.415,23672643.1026
7303.03,23919499.2871
7304.645,23663669.424
7306.26,23804145.7642
7307.875,23643157.4391
7309.49,23532387.986
7311.105,23610792.6693
7312.72,23600224.0533
7314.335,23641869.4656
7315.95,23693234.1836
7317.565,23494552.1096
7319.18,23728915.3244
7320.795,23758582.7983
7322.41,23608095.0518
7324.025,23392777.2457
7325.64,23521984.4798
7327.255,23512846.2474
7328.87,23539883.7916
7330.485,23610575.1294
7332.1,23506063.4245
7333.715,23463578.7398
7335.33,23374814.9861
7336.945,23227399.9924
7338.56,23537988.1364
7340.175,23234459.5745
7341.79,23268750.8327
7343.405,23340910.0093
7345.02,23307529.6945
7346.635,22973238.0263
7348.25,23242422.7809
7349.865,23044958.7443
7351.48,23087002.2424
7353.095,23044658.2497
7354.71,22978674.0135
7356.325,23228311.5624
7357.94,23114293.0411
7359.555,23063400.7465
7361.17,23109525.9522
7362.785,22936356.7425
7364.4,23101398.1326
7366.015,22954159.7704
7367.63,22991697.0359
7369.245,22830228.6019
7370.86,22919011.7042
7372.475,9420.2095
7374.09,22813046.4456
7375.705,22912207.6842
7377.32,22859280.3738
7378.935,22782128.7471
7380.55,22879713.2515
7382.165,22831186.0043
7383.78,22704724.0872
7385.395,22664532.3086
7387.01,22619505.5227
7388.625,22793379.2038
7390.24,22632661.9923
7391.855,23173045.3387
7393.47,22959980.1254
7395.085,23098245.1512
7396.7,23046627.6269
7398.315,23088638.7093
7399.93,22867202.5491
7401.545,22753555.1371
7403.16,22737262.5523
7404.775,22653235.2365
7406.39,22746469.4356
7408.005,22794884.0626
7409.62,22907726.868
7411.235,23004092.4683
7412.85,23348845.3837
7414.465,23061164.7446
7416.08,23090814.1399
7417.695,23251574.4764
7419.31,23127773.9917
7420.925,22906671.9375
7422.54,23074272.8286
7424.155,22944740.7807
7425.77,22904365.9923
7427.385,23001851.6279
7429,23173746.3868
7430.615,23159580.6815
7432.23,23324831.8831
7433.845,23357720.7068
7435.46,23224527.653
7437.075,23324625.4689
7438.69,23386096.9065
7440.305,23379701.9754
7441.92,23397839.8773
7443.535,23417147.9647
7445.15,23455879.6124
7446.765,23698380.0915
7448.38,23748747.4248
7449.995,23586030.4306
7451.61,23708055.0023
7453.225,23602112.8858
7454.84,23576539.0187
7456.455,23538179.4919
7458.07,23470252.4646
7459.685,23605733.716
7461.3,23492731.863
7462.915,23691533.6291
7464.53,23772767.0787
7466.145,23632958.5377
7467.76,23838698.3269
7469.375,23486351.375
7470.99,23767961.365
7472.605,23784184.3169
7474.22,23615176.7497
7475.835,23875355.8283
7477.45,23923111.0166
7479.065,23771554.207
7480.68,23934425.0999
7482.295,23939345.3082
7483.91,23744665.9646
7485.525,23828223.1182
7487.14,23844625.32
7488.755,24014619.9942
7490.37,24142619.7289
7491.985,24048171.7023
7493.6,23952960.2824
7495.215,24101384.4597
7496.83,24270366.726
7498.445,24326268.3071
7500.06,24408440.1712
7501.675,24243154.473
7503.29,24316000.1745
7504.905,24095901.2957
7506.52,24355807.7563
7508.135,24177320.0405
7509.75,24358320.6458
7511.365,24210898.9836
7512.98,24175399.7016
7514.595,24174097.9917
7516.21,24264563.8618
7517.825,24093604.3153
7519.44,24101892.4936
7521.055,24126589.687
7522.67,23918738.6812
7524.285,23965964.1552
7525.9,23767047.6658
7527.515,23719265.9732
7529.13,23847280.5843
7530.745,23863568.9256
7532.36,23703821.57
7533.975,23808678.8469
7535.59,23782919.1974
7537.205,23605797.6586
7538.82,23897703.9943
7540.435,24071620.1942
7542.05,24106628.6693
7543.665,24224478.4218
7545.28,24251475.4909
7546.895,24231359.1093
7548.51,24124079.4716
7550.125,24045400.571
7551.74,24303074.5387
7553.355,24228172.9145
7554.97,24185638.4049
7556.585,24410023.2243
7558.2,24257413.7901
7559.815,24248916.5812
7561.43,24119265.5275
7563.045,24121394.9491
7564.66,24338582.3896
7566.275,24422900.2216
7567.89,24372248.5941
7569.505,24312621.356
7571.12,24336875.996
7572.735,24463967.0318
7574.35,24316969.4502
7575.965,24429498.415
7577.58,24298075.6509
7579.195,24325363.9391
7580.81,24234102.033
7582.425,24510104.0271
7584.04,24517187.142
7585.655,24416473.3284
7587.27,24552951.2188
7588.885,24569925.345
7590.5,24432099.676
7592.115,24533087.3051
7593.73,24525007.5271
7595.345,24562775.6433
7596.96,24699018.8822
7598.575,24625493.6104
7600.19,24610423.0351
7601.805,24605270.3751
7603.42,24682869.6801
7605.035,24666731.0961
7606.65,24711919.189
7608.265,24535315.9543
7609.88,24628457.6053
7611.495,24657335.3825
7613.11,24625508.3604
7614.725,24731859.112
7616.34,24609762.3896
7617.955,24548140.5587
7619.57,24546138.8997
7621.185,24440162.4317
7622.8,24795360.6709
7624.415,24689048.838
7626.03,24702158.7779
7627.645,24629480.4008
7629.26,24747544.7533
7630.875,24826299.1852
7632.49,25050614.7734
7634.105,25072502.9174
7635.72,24866402.0716
7637.335,24762409.4704
7638.95,24697055.2399
7640.565,24694782.2645
7642.18,24561475.2833
7643.795,24685730.0198
7645.41,24576726.7802
7647.025,24348961.7346
7648.64,24292346.466
7650.255,24501488.7366
7651.87,24455448.3638
7653.485,24429608.7888
7655.1,24421554.0329
7656.715,24624325.5949
7658.33,24603471.0114
7659.945,24668936.4098
7661.56,24798055.845
7663.175,24753040.6478
7664.79,24755472.4868
7666.405,24666176.7129
7668.02,24606028.2847
7669.635,24655687.167
7671.25,24605038.9239
7672.865,24894224.8923
7674.48,24758565.2539
7676.095,24716095.9719
7677.71,24638731.2161
7679.325,24759644.6524
7680.94,24935150.8916
7682.555,24701291.8353
7684.17,24830743.1358
7685.785,24730174.9364
7687.4,24876401.1267
7689.015,24820271.5215
7690.63,24934529.2167
7692.245,24731126.9963
7693.86,24846653.2159
7695.475,24506536.661
7697.09,24664998.4643
7698.705,24414365.0183
7700.32,24674752.0379
7701.935,24851739.0287
7703.55,24886609.2459
7705.165,19966.2356
7706.78,24732847.0966
7708.395,24727582.7351
7710.01,24752212.2055
7711.625,24779557.6062
7713.24,24680877.3486
7714.855,24626743.4165
7716.47,24646355.2045
7718.085,24648513.4436
7719.7,24714055.1413
7721.315,24735522.7379
7722.93,24790383.3855
7724.545,24729581.7239
7726.16,24745721.9982
7727.775,24999823.7854
7729.39,24797983.752
7731.005,24815912.0319
7732.62,24871493.4444
7734.235,24889865.5292
7735.85,24751251.1676
7737.465,24834730.5677
7739.08,24736104.0214
7740.695,24562133.0707
7742.31,24566024.5832
7743.925,24642984.0752
7745.54,24712779.2401
7747.155,24732614.1912
7748.77,24660373.3598
7750.385,24650351.4898
7752,24517049.4085
7753.615,24639812.171
7755.23,24460664.2095
7756.845,24592571.9861
7758.46,24585420.0102
7760.075,24496888.2563
7761.69,24538024.4949
7763.305,24487339.6892
7764.92,24506213.7792
7766.535,24724743.3973
7768.15,24632095.2124
7769.765,24930464.6375
7771.38,24775314.4019
7772.995,24780048.8278
7774.61,24584107.1112
7776.225,24571176.4714
7777.84,24577571.6555
7779.455,24570150.589
7781.07,24696295.1919
7782.685,24721596.6808
7784.3,24767480.6076
7785.915,24706412.8029
7787.53,24613364.641
7789.145,24721221.7166
7790.76,24635687.266
7792.375,24689909.8151
7793.99,24624059.993
7795.605,24876420.4531
7797.22,24666105.2763
7798.835,24582602.563
7800.45,24753884.4669
7802.065,24540698.4142
7803.68,24604878.225
7805.295,24504451.7255
7806.91,24668504.4392
7808.525,24363168.3705
7810.14,24480800.3898
7811.755,24419965.1465
7813.37,24323621.6711
7814.985,24540864.8387
7816.6,24450232.9494
7818.215,24372998.541
7819.83,24465310.4256
7821.445,24467707.2361
7823.06,24556149.9006
7824.675,24374026.5581
7826.29,24474773.9087
7827.905,24640568.0648
7829.52,24574040.7607
7831.135,24874230.7597
7832.75,24689689.5993
7834.365,24629513.6998
7835.98,24642607.7312
7837.595,24561368.9894
7839.21,24688316.9622
7840.825,24702752.247
7842.44,24389659.509
7844.055,24577168.599
7845.67,24501748.8808
7847.285,24518860.0077
7848.9,24348234.7402
7850.515,24473991.7153
7852.13,24512215.9782
7853.745,24515624.5515
7855.36,24450656.7306
7856.975,24489046.8712
7858.59,24313358.9573
7860.205,24341174.7601
7861.82,24526468.5469
7863.435,24393875.3443
7865.05,24565940.2171
7866.665,24362194.3474
7868.28,24399335.9464
7869.895,24590976.7474
7871.51,24644187.3144
7873.125,24383513.0793
7874.74,24506273.3574
7876.355,24454936.4993
7877.97,24473335.4193
7879.585,24605650.9552
7881.2,24620502.7112
7882.815,24539728.1846
7884.43,24541804.9492
7886.045,24644646.9105
7887.66,24510912.1836
7889.275,24474219.2875
7890.89,24636147.6655
7892.505,24719488.3652
7894.12,24639611.8134
7895.735,24685553.0609
7897.35,24416036.2886
7898.965,24520933.0662
7900.58,24645246.5422
7902.195,24749252.4857
7903.81,24545862.1832
7905.425,24721208.6179
7907.04,24531827.331
7908.655,24694283.7069
7910.27,24785679.6274
7911.885,24777212.6159
7913.5,24670426.2322
7915.115,24540420.1171
7916.73,24445092.2594
7918.345,24726254.612
7919.96,24657269.387
7921.575,24491211.3026
7923.19,24365928.9637
7924.805,24477523.1419
7926.42,24457224.2414
7928.035,24465727.9475
7929.65,24447237.6917
7931.265,24354262.852
7932.88,24316532.6429
7934.495,24313254.8892
7936.11,24462215.3396
7937.725,24486998.3644
7939.34,24454649.2912
7940.955,24569717.5957
7942.57,24512176.1949
7944.185,24310900.7313
7945.8,24218228.0449
7947.415,24752062.1506
7949.03,24660427.5248
7950.645,24755125.1779
7952.26,24741504.9114
7953.875,24798807.7407
7955.49,24709544.4849
7957.105,24579675.3092
7958.72,24632686.9838
7960.335,24893279.1958
7961.95,24683011.181
7963.565,24628679.755
7965.18,24522493.1854
7966.795,24746872.5897
7968.41,24556875.7569
7970.025,24392392.696
7971.64,24663476.3117
7973.255,24568048.6554
7974.87,24573090.8114
7976.485,24745905.9601
7978.1,24749788.1897
7979.715,24806215.1282
7981.33,24863443.8265
7982.945,24739145.4426
7984.56,24787239.7019
7986.175,24836651.7694
7987.79,24988989.6865
7989.405,25039872.7503
7991.02,25085436.778
7992.635,24927705.32
7994.25,25115170.8779
7995.865,24960139.9643
7997.48,24898823.6451
7999.095,24722490.1741
8000.71,24763830.3704
8002.325,24664698.2895
8003.94,24718235.0185
8005.555,24799298.1627
8007.17,24814748.6951
8008.785,24922211.7406
8010.4,24923216.7067
8012.015,24921404.9918
8013.63,24885661.6266
8015.245,24842611.6766
8016.86,24859113.9484
8018.475,24908296.2197
8020.09,24838032.9214
8021.705,24988038.7106
8023.32,24915440.3725
8024.935,24708943.9922
8026.55,24769729.8346
8028.165,24682028.2637
8029.78,24613326.1501
8031.395,24644768.6499
8033.01,24624378.3114
8034.625,24679743.8446
8036.24,24878518.1878
8037.855,24724204.2401
8039.47,24754389.6983
8041.085,24810105.4636
8042.7,24800888.3769
8044.315,24582635.094
8045.93,24769378.7992
8047.545,24744190.4548
8049.16,24711972.8427
8050.775,24594079.2382
8052.39,24609476.9536
8054.005,24580739
8055.62,24615285.8278
8057.235,24414627.9667
8058.85,24588016.8324
8060.465,24633208.1014
8062.08,24680328.5999
8063.695,24678559.2326
8065.31,24520424.2086
8066.925,24696546.1647
8068.54,24681004.1404
8070.155,24801533.0693
8071.77,24774351.6273
8073.385,24691077.4884
8075,24729660.1766
8076.615,24531248.411
8078.23,24513110.2376
8079.845,24505893.6031
8081.46,24335903.6223
8083.075,24374606.1438
8084.69,24577240.0859
8086.305,24458897.0588
8087.92,24463591.2606
8089.535,24585156.7345
8091.15,24572590.0707
8092.765,24545020.8541
8094.38,24348243.0933
8095.995,24434714.9859
8097.61,24279966.3564
8099.225,24497911.818
8100.84,24183800.1913
8102.455,24312932.6583
8104.07,24284746.7169
8105.685,24109631.486
8107.3,24235960.8318
8108.915,24129330.9966
8110.53,24216534.4712
8112.145,24330244.3493
8113.76,24239481.1457
8115.375,24266454.9853
8116.99,24330079.4106
8118.605,24490744.4542
8120.22,24111078.7414
8121.835,24164316.1733
8123.45,24204799.9781
8125.065,24408953.1254
8126.68,24481625.5389
8128.295,24500526.769
8129.91,24339234.8531
8131.525,24388087.1763
8133.14,24563203.9227
8134.755,24468073.0494
8136.37,24512148.7665
8137.985,24559494.0515
8139.6,24534663.4072
8141.215,24560275.3318
8142.83,24524303.7213
8144.445,24526630.1347
8146.06,24415802.2656
8147.675,24499796.5185
8149.29,24444143.3421
8150.905,24527977.7273
8152.52,24490215.982
8154.135,24375787.364
8155.75,24307399.7531
8157.365,24391242.999
8158.98,24295091.623
8160.595,24287432.3403
8162.21,24389617.1837
8163.825,24324797.5116
8165.44,24328277.1403
8167.055,24281454.8269
8168.67,24328255.0879
8170.285,24145643.17
8171.9,24121952.0212
8173.515,24051091.4677
8175.13,24172475.6741
8176.745,24031559.2054
8178.36,24142114.6647
8179.975,24176935.5722
8181.59,23998262.1242
8183.205,24098818.7311
8184.82,24054277.7815
8186.435,23890822.2152
8188.05,23756436.3228
8189.665,23668940.4334
8191.28,24008307.3074
8192.895,24210999.8012
8194.51,24198396.9189
8196.125,24292345.1364
8197.74,24298936.8233
8199.355,24369720.6832
8200.97,24359102.4896
8202.585,24368883.0323
8204.2,24426901.9553
8205.815,24183022.4237
8207.43,24208119.7819
8209.045,24387794.7838
8210.66,24387708.4335
8212.275,24298879.6476
8213.89,24288358.9746
8215.505,24309156.9012
8217.12,24478306.1572
8218.735,24584943.4846
8220.35,24557131.9793
8221.965,24290330.9086
8223.58,24466426.1802
8225.195,24399106.3696
8226.81,24390528.4655
8228.425,24441613.687
8230.04,24655700.8347
8231.655,24497319.684
8233.27,24560141.1241
8234.885,24514729.6226
8236.5,24598262.8251
8238.115,24401834.9041
8239.73,24515388.853
8241.345,24677244.2863
8242.96,24407543.751
8244.575,24437333.0313
8246.19,24329322.336
8247.805,24548024.2343
8249.42,24712572.2848
8251.035,24462425.4543
8252.65,24477349.8854
8254.265,24372105.1035
8255.88,24753761.2807
8257.495,24837959.7982
8259.11,24797421.6925
8260.725,24701617.1233
8262.34,24623026.5218
8263.955,24862936.1013
8265.57,24495827.79
8267.185,24481797.8024
8268.8,24636591.037
8270.415,24719109.8028
8272.03,24814281.0693
8273.645,24801740.6755
8275.26,24701155.6676
8276.875,24496716.348
8278.49,24832591.0227
8280.105,24856986.3306
8281.72,24656607.9809
8283.335,24666611.313
8284.95,24706159.7864
8286.565,24481635.8129
8288.18,24390326.2911
8289.795,24229722.9995
8291.41,24165590.4698
8293.025,24326614.2808
8294.64,24451343.2667
8296.255,24351591.246
8297.87,24662973.0216
8299.485,24709005.8
8301.1,24613187.3734
8302.715,24620679.2628
8304.33,24602373.856
8305.945,24634643.954
8307.56,24886241.1603
8309.175,24913084.1114
8310.79,24843266.935
8312.405,24882510.5085
8314.02,24862118.0464
8315.635,24716261.2267
8317.25,24730975.3944
8318.865,24786478.6609
8320.48,24843849.7508
8322.095,24828579.5337
8323.71,24724123.8237
8325.325,24957525.917
8326.94,24809683.5922
8328.555,24896748.8405
8330.17,24852083.604
8331.785,24750875.9599
8333.4,24704119.8521
8335.015,24655327.0867
8336.63,24775718.5946
8338.245,24924910.5482
8339.86,24924197.8259
8341.475,24990865.6806
8343.09,24978300.8577
8344.705,24932058.7586
8346.32,24822890.1545
8347.935,24754368.6668
8349.55,24821232.6784
8351.165,24800397.2315
8352.78,25043410.6518
8354.395,24933122.507
8356.01,25039887.0316
8357.625,25112752.5691
8359.24,24866931.5424
8360.855,25072715.5276
8362.47,24733341.3976
8364.085,24836404.0248
8365.7,24805020.6122
8367.315,25011707.2789
8368.93,24862351.6919
8370.545,24978887.2067
8372.16,24564726.3171
8373.775,24864804.1886
8375.39,25089461.1518
8377.005,24787336.9938
8378.62,24641068.4893
8380.235,24696556.5224
8381.85,24853535.4171
8383.465,24594461.1682
8385.08,24722830.2604
8386.695,24807087.9359
8388.31,24763491.5374
8389.925,24883238.3602
8391.54,24754705.7109
8393.155,24781120.6523
8394.77,25089777.0603
8396.385,24814492.9395
8398,24866117.6045
8399.615,24809587.0944
8401.23,24531379.7866
8402.845,24600611.291
8404.46,24638002.3082
8406.075,24758056.93
8407.69,24937393.0189
8409.305,24853699.6325
8410.92,24778920.0991
8412.535,24720438.3777
8414.15,24984559.597
8415.765,24977355.2951
8417.38,24974790.5055
8418.995,24892443.0251
8420.61,24854697.6903
8422.225,25077856.491
8423.84,24836758.2995
8425.455,24908709.141
8427.07,24915948.9493
8428.685,24637390.6452
8430.3,24726266.4128
8431.915,24892940.426
8433.53,24901714.6916
8435.145,24897529.8383
8436.76,25029992.8182
8438.375,24783071.0918
8439.99,24891763.9923
8441.605,24956400.3235
8443.22,24855776.1237
8444.835,24915021.5192
8446.45,24918435.5038
8448.065,24932293.3041
8449.68,25044038.6417
8451.295,24945740.766
8452.91,25043585.0259
8454.525,24897622.5556
8456.14,25091245.5666
8457.755,24805288.6335
8459.37,24733875.9784
8460.985,24896955.7382
8462.6,24784885.518
8464.215,24813915.6447
8465.83,24584537.5124
8467.445,24811964.7422
8469.06,24659884.5667
8470.675,24675654.7694
8472.29,24703587.633
8473.905,24814067.8808
8475.52,24800644.3625
8477.135,24683746.5509
8478.75,24638359.7665
8480.365,24640473.3837
8481.98,24594477.5844
8483.595,24599921.9339
8485.21,24514600.4766
8486.825,24680578.3956
8488.44,24715756.6423
8490.055,24873874.8968
8491.67,24911630.2025
8493.285,24883217.4588
8494.9,24987754.4332
8496.515,24889511.2154
8498.13,24888252.6842
8499.745,24965866.8285
8501.36,24786559.7189
8502.975,24998940.0975
8504.59,24850569.7003
8506.205,24975397.0864
8507.82,24967422.8901
8509.435,24711265.9984
8511.05,24956746.4423
8512.665,24915052.6407
8514.28,24577530.087
8515.895,24457802.7188
8517.51,24543833.0901
8519.125,24596181.4266
8520.74,24819494.228
8522.355,24884764.1129
8523.97,24900978.3436
8525.585,24858114.6614
8527.2,24628735.5379
8528.815,24619857.5781
8530.43,24401596.0648
8532.045,24618161.6966
8533.66,24656148.1318
8535.275,24719754.1772
8536.89,24810618.9013
8538.505,25112066.9795
8540.12,24895088.9619
8541.735,24826669.9003
8543.35,24981038.7402
8544.965,24795786.0104
8546.58,24629990.35
8548.195,24719360.3089
8549.81,24576059.3529
8551.425,24796127.2422
8553.04,24794632.6463
8554.655,25060872.5724
8556.27,24935891.3473
8557.885,25028484.0115
8559.5,24892940.2456
8561.115,24909184.0581
8562.73,24966713.3773
8564.345,24887655.4402
8565.96,24677656.0807
8567.575,24812328.8763
8569.19,24922527.7234
8570.805,24971928.059
8572.42,25154441.1918
8574.035,24923702.7792
8575.65,25043023.1301
8577.265,25040346.1425
8578.88,25052070.3968
8580.495,25146702.7033
8582.11,25096834.7066
8583.725,24780075.2614
8585.34,24988121.3864
8586.955,24824365.2734
8588.57,24522364.8854
8590.185,23603.2942
8591.8,24660831.4553
8593.415,24950702.5707
8595.03,24961241.5547
8596.645,24737809.5335
8598.26,24812805.0894
8599.875,24722521.9371
8601.49,24785696.0119
8603.105,24817678.0874
8604.72,24881831.9313
8606.335,24849809.0573
8607.95,24937426.6582
8609.565,24832850.1348
8611.18,24719944.6495
8612.795,24729491.463
8614.41,24864708.7322
8616.025,24859268.9013
8617.64,24865789.7373
8619.255,25010313.3573
8620.87,25145455.9914
8622.485,25053449.9328
8624.1,25220960.1316
8625.715,25202423.361
8627.33,25161045.8881
8628.945,25236563.1343
8630.56,25255233.6831
8632.175,25149299.44
8633.79,25345249.5617
8635.405,25285391.7222
8637.02,25279438.1989
8638.635,25178276.3909
8640.25,25165304.9841
8641.865,25362568.1256
8643.48,25107373.1421
8645.095,25146903.8977
8646.71,25230186.9624
8648.325,25287180.9217
8649.94,25319278.0644
8651.555,25228176.6434
8653.17,24960733.6176
8654.785,25002156.0898
8656.4,25146840.6375
8658.015,25129047.7126
8659.63,25169799.9571
8661.245,25005960.7741
8662.86,25185554.348
8664.475,25224071.9684
8666.09,25307840.743
8667.705,25234687.7055
8669.32,25197181.898
8670.935,25233562.9897
8672.55,25502932.0893
8674.165,25346869.9918
8675.78,25446621.5662
8677.395,25357558.8484
8679.01,25454420.4624
8680.625,25380302.1491
8682.24,25244205.153
8683.855,25315277.4185
8685.47,25455771.6477
8687.085,25405206.3816
8688.7,25291436.8936
8690.315,25137646.1927
8691.93,25426698.2491
8693.545,25287771.8358
8695.16,25258936.8543
8696.775,25267901.7037
8698.39,25349400.0486
8700.005,25335231.3011
8701.62,25287735.7307
8703.235,25210510.7929
8704.85,25100204.0824
8706.465,25023986.3496
8708.08,25111243.0093
8709.695,25262957.4663
8711.31,25126240.4521
8712.925,25146422.3755
8714.54,24890534.0574
8716.155,25110292.2157
8717.77,25052729.735
8719.385,25043553.8951
8721,24806377.7648
8722.615,24788307.2011
8724.23,24829594.1937
8725.845,24790153.195
8727.46,24923545.0555
8729.075,25185859.4394
8730.69,25126108.1876
8732.305,25029040.5388
8733.92,24978734.5745
8735.535,24941359.7186
8737.15,24964861.7285
8738.765,25214079.2358
8740.38,25137503.0666
8741.995,24895140.5459
8743.61,24993950.5074
8745.225,24969856.6239
8746.84,25146659.16
8748.455,25242054.6571
8750.07,25064897.4297
8751.685,25022780.7061
8753.3,25026076.1051
8754.915,24949718.651
8756.53,24978875.5324
8758.145,24785480.9006
8759.76,24764126.5452
8761.375,24787254.9094
8762.99,25008853.5406
8764.605,24785664.5074
8766.22,24918312.511
8767.835,24904163.657
8769.45,24957871.2455
8771.065,24891889.7279
8772.68,25094250.0087
8774.295,24942248.63
8775.91,24966298.085
8777.525,25236164.2824
8779.14,25000606.3749
8780.755,34828.8719
8782.37,24791453.7484
8783.985,24800103.1226
8785.6,24986183.7834
8787.215,24739708.8706
8788.83,24996703.2384
8790.445,24960904.2744
8792.06,25004669.8905
8793.675,24981549.8348
8795.29,25108888.0945
8796.905,24871858.5678
8798.52,24829960.444
8800.135,24773352.0594
8801.75,24841848.3334
8803.365,24832741.7079
8804.98,24794256.2447
8806.595,24789331.5159
8808.21,25207192.5754
8809.825,24901774.1992
8811.44,25035599.0698
8813.055,25059867.0447
8814.67,24750878.3773
8816.285,24740289.4233
8817.9,24872046.7472
8819.515,24885935.8661
8821.13,24817094.6282
8822.745,24832849.2292
8824.36,24990764.2177
8825.975,24880311.1324
8827.59,24745715.6757
8829.205,24869657.8305
8830.82,24787073.5843
8832.435,24817839.2065
8834.05,24866961.5779
8835.665,25018613.089
8837.28,24823192.875
8838.895,24853791.7808
8840.51,24943157.4311
8842.125,25033052.0966
8843.74,24995041.3328
8845.355,24962367.6187
8846.97,25124793.6634
8848.585,25073822.1778
8850.2,24841300.5628
8851.815,24828348.6032
8853.43,24887414.6317
8855.045,24999503.2169
8856.66,24923217.5398
8858.275,25016578.9193
8859.89,24927036.9294
8861.505,24875533.6672
8863.12,24997568.6134
8864.735,24880945.3035
8866.35,24857332.0682
8867.965,24871258.3893
8869.58,24789896.8444
8871.195,24975107.3511
8872.81,24899148.7156
8874.425,24890966.4501
8876.04,25045676.7822
8877.655,25196474.0366
8879.27,25150484.1561
8880.885,25067240.3206
8882.5,25180605.5974
8884.115,25173846.6046
8885.73,24970194.2091
8887.345,25029996.9575
8888.96,24911994.4761
8890.575,24828356.6792
8892.19,24910478.4693
8893.805,24756741.0855
8895.42,24749104.1677
8897.035,24819316.4138
8898.65,25025925.8364
8900.265,24868818.811
8901.88,24924635.5258
8903.495,24911745.1936
8905.11,24783006.1432
8906.725,25060692.8261
8908.34,25168924.1928
8909.955,25317894.032
8911.57,25096540.9269
8913.185,25154335.147
8914.8,25334507.7822
8916.415,25035041.4882
8918.03,25104183.5127
8919.645,25106523.8448
8921.26,25102829.0657
8922.875,25101001.0165
8924.49,25229738.9066
8926.105,24942346.1375
8927.72,24948658.5938
8929.335,24995013.4655
8930.95,25198641.2294
8932.565,25052043.0093
8934.18,24941201.9243
8935.795,25069803.4924
8937.41,25085238.4622
8939.025,25000964.5101
8940.64,25128644.2118
8942.255,25061088.4034
8943.87,24978412.4142
8945.485,25236341.4086
8947.1,25052069.2513
8948.715,25107203.4318
8950.33,25384744.6883
8951.945,25058250.2333
8953.56,25087820.1291
8955.175,25035391.7054
8956.79,25213748.1459
8958.405,25145580.8233
8960.02,25078818.7152
8961.635,25281218.7868
8963.25,25252914.4476
8964.865,25296190.4115
8966.48,25198484.8762
8968.095,25068372.7033
8969.71,24937150.2913
8971.325,24944303.2659
8972.94,25033908.9083
8974.555,25040886.3187
8976.17,25052909.115
8977.785,24886475.107
8979.4,25083624.9087
8981.015,25002146.2528
8982.63,24952655.9613
8984.245,25072130.1401
8985.86,24870158.6306
8987.475,24778434.4655
8989.09,24734999.3647
8990.705,24787143.3808
8992.32,24828037.6802
8993.935,24851080.8433
8995.55,24995794.9877
8997.165,24975098.1519
8998.78,25001417.7242
9000.395,25012552.9444
9002.01,25193323.1454
9003.625,25077680.315
9005.24,25124835.005
9006.855,25036877.4591
9008.47,25147800.9353
9010.085,25108556.0768
9011.7,24847698.2443
9013.315,24897816.9273
9014.93,24929030.0884
9016.545,24903915.3712
9018.16,25227906.7775
9019.775,25190900.8088
9021.39,25196098.2003
9023.005,24972125.4339
9024.62,25238818.2301
9026.235,24909093.6893
9027.85,25095726.9035
9029.465,25104612.363
9031.08,24795803.4883
9032.695,24788092.7797
9034.31,24882175.7702
9035.925,25176137.4782
9037.54,25118727.7245
9039.155,24962487.3144
9040.77,24963581.3959
9042.385,24900777.2775
9044,24968022.0123
9045.615,25027142.3937
9047.23,24924616.5676
9048.845,25200828.8698
9050.46,25168912.5296
9052.075,24982621.1888
9053.69,25027801.0104
9055.305,24925127.7739
9056.92,24955490.535
9058.535,25009130.8894
9060.15,25017530.1369
9061.765,25050769.0736
9063.38,25012711.3003
9064.995,24724725.5567
9066.61,24881904.9337
9068.225,24948721.2961
9069.84,25156096.5387
9071.455,24859977.2816
9073.07,24878886.9894
9074.685,25057506.1403
9076.3,25059899.5274
9077.915,25031358.1453
9079.53,24927528.8855
9081.145,24873836.2646
9082.76,24887404.3632
9084.375,24893422.3814
9085.99,24935796.3316
9087.605,24698408.2717
9089.22,24777934.9782
9090.835,133.7689
9092.45,24850610.815
9094.065,24751275.5612
9095.68,24851957.5653
9097.295,24819092.7615
9098.91,24823746.823
9100.525,24637276.8888
9102.14,24716044.6017
9103.755,24941779.167
9105.37,24687025.4203
9106.985,24772163.2411
9108.6,24825013.9676
9110.215,24945082.6383
9111.83,24754344.8422
9113.445,24823542.7351
9115.06,24952333.1167
9116.675,24990888.5884
9118.29,25127994.2717
9119.905,24961218.9946
9121.52,25074211.4345
9123.135,24924589.4144
9124.75,24984684.507
9126.365,24925462.7037
9127.98,24881508.659
9129.595,25080964.804
9131.21,25210936.5266
9132.825,24885479.3159
9134.44,24997790.0806
9136.055,24874747.273
9137.67,24929007.0448
9139.285,25077768.5378
9140.9,25013653.1717
9142.515,25077857.1456
9144.13,25119519.225
9145.745,25122673.1101
9147.36,25018482.0945
9148.975,24912196.5278
9150.59,24863067.847
9152.205,24774911.128
9153.82,24912745.9088
9155.435,24832628.0873
9157.05,25091192.5526
9158.665,6991.5913
9160.28,25066351.7923
9161.895,25075442.9166
9163.51,25011064.0406
9165.125,24955792.8594
9166.74,24968581.3902
9168.355,24862659.5671
9169.97,24888107.3192
9171.585,24764275.436
9173.2,24918935.1566
9174.815,24843345.4528
9176.43,24789051.64
9178.045,24702279.2732
9179.66,24870954.9139
9181.275,24907175.8013
9182.89,24911059.7844
9184.505,24600960.4984
9186.12,24886251.9605
9187.735,24873245.4081
9189.35,24741639.2958
9190.965,24689975.5968
9192.58,24705086.8387
9194.195,24707370.1291
9195.81,24745910.133
9197.425,25059758.655
9199.04,24723884.6702
9200.655,24857044.5365
9202.27,25035987.7519
9203.885,25110612.6875
9205.5,24840122.065
9207.115,24799557.0051
9208.73,24954143.5337
9210.345,24800956.5704
9211.96,25106355.068
9213.575,24936193.8391
9215.19,24991903.5589
9216.805,24854846.4956
9218.42,24773985.9999
9220.035,24793705.9563
9221.65,24964230.4509
9223.265,24909795.9944
9224.88,24906012.4961
9226.495,24803625.1677
9228.11,24678231.6275
9229.725,24995221.544
9231.34,24768639.2993
9232.955,24918792.8728
9234.57,24816876.2347
9236.185,24653384.3514
9237.8,24948736.4886
9239.415,24571102.5541
9241.03,24623176.0485
9242.645,24656766.6473
9244.26,24746121.832
9245.875,24754756.6627
9247.49,24471665.1773
9249.105,24382633.9901
9250.72,24421722.7093
9252.335,24543059.7426
9253.95,24520662.9028
9255.565,24396650.0738
9257.18,24404651.9514
9258.795,24370282.2796
9260.41,24635489.2105
9262.025,24379331.7164
9263.64,24601505.2547
9265.255,24838709.0514
9266.87,24567096.4727
9268.485,24308018.7502
9270.1,24581627.9262
9271.715,24544638.8069
9273.33,24662970.645
9274.945,24617165.9855
9276.56,24563926.0934
9278.175,24311613.6284
9279.79,24296120.8117
9281.405,24404073.6748
9283.02,24457730.8954
9284.635,24510267.4298
9286.25,24562738.0877
9287.865,24674090.0813
9289.48,24505253.7139
9291.095,24617269.1089
9292.71,24479965.1061
9294.325,24556776.7041
9295.94,24446160.7107
9297.555,24250048.4693
9299.17,24454791.5917
9300.785,24423183.943
9302.4,24290268.8665
9304.015,24377233.1578
9305.63,24420949.6091
9307.245,24467037.6796
9308.86,24530284.2565
9310.475,24632303.6833
9312.09,24521082.4349
9313.705,24605274.7005
9315.32,24391626.6026
9316.935,24628178.8619
9318.55,24563566.9875
9320.165,24349687.022
9321.78,24372035.796
9323.395,24553607.8608
9325.01,24591494.3933
9326.625,24619026.867
9328.24,24539604.7065
9329.855,24593891.4827
9331.47,24724250.5486
9333.085,24715021.9494
9334.7,24668577.6182
9336.315,24734595.9103
9337.93,24537768.5608
9339.545,24653796.5865
9341.16,24620297.251
9342.775,24476360.6307
9344.39,24664689.0364
9346.005,24542466.6993
9347.62,24735975.6899
9349.235,24691540.1343
9350.85,24815143.6643
9352.465,24864400.0537
9354.08,24688636.136
9355.695,24547779.7699
9357.31,24508431.4663
9358.925,24469921.3956
9360.54,24739941.5231
9362.155,24554183.3722
9363.77,24512900.1006
9365.385,24529630.1677
9367,24562947.957
9368.615,24420760.552
9370.23,24516240.882
9371.845,24542419.9334
9373.46,24579354.7705
9375.075,24541082.4828
9376.69,24517031.0994
9378.305,24552533.9182
9379.92,24532766.7962
9381.535,24509123.6313
9383.15,24440777.6873
9384.765,24517545.8499
9386.38,24483536.5744
9387.995,24565638.8875
9389.61,24358543.7048
9391.225,24621807.0655
9392.84,24451839.0851
9394.455,24525332.1141
9396.07,24542959.2374
9397.685,24591378.9801
9399.3,24563734.8309
9400.915,24708022.2355
9402.53,24531160.1249
9404.145,24459938.5093
9405.76,24495831.02
9407.375,24565583.536
9408.99,24636422.3197
9410.605,24569528.8416
9412.22,24634328.7597
9413.835,24465586.3183
9415.45,24366133.2506
9417.065,24481139.3474
9418.68,24537749.7904
9420.295,24549527.0532
9421.91,24789378.8508
9423.525,24513399.1546
9425.14,24668834.5955
9426.755,24553068.2368
9428.37,24550042.7949
9429.985,24612421.8026
9431.6,24824872.6676
9433.215,24552888.7378
9434.83,24623397.7445
9436.445,24894819.9105
9438.06,24802127.0703
9439.675,24868355.4362
9441.29,24847179.9829
9442.905,25037261.2208
9444.52,24992661.0017
9446.135,24965051.7526
9447.75,24908129.0309
9449.365,25106226.1005
9450.98,24969566.461
9452.595,24730690.0886
9454.21,24609639.4452
9455.825,24688707.7289
9457.44,24789063.1618
9459.055,24777615.4733
9460.67,24593871.0165
9462.285,24612856.0158
9463.9,24787779.337
9465.515,24660586.6562
9467.13,24652877.0056
9468.745,24579967.5306
9470.36,24594428.6892
9471.975,24605371.2671
9473.59,24830229.3503
9475.205,24751653.5881
9476.82,24943220.3026
9478.435,24709943.9895
9480.05,24865260.5733
9481.665,24703613.2353
9483.28,24909999.6305
9484.895,24781830.219
9486.51,24764994.2595
9488.125,24750207.7329
9489.74,24772486.7644
9491.355,24676235.9841
9492.97,24700421.5901
9494.585,24687554.7757
9496.2,24714637.4736
9497.815,24798014.3565
9499.43,24940999.9359
9501.045,25064073.7608
9502.66,24928873.5754
9504.275,24694173.5451
9505.89,24497448.7147
9507.505,24710406.5722
9509.12,24846744.6892
9510.735,25116012.5677
9512.35,24799061.9454
9513.965,24674699.9871
9515.58,24724908.9552
9517.195,24868296.2075
9518.81,24581176.7018
9520.425,24632865.4582
9522.04,24735812.8116
9523.655,24832543.0741
9525.27,24569762.8126
9526.885,24568453.1065
9528.5,24558110.8465
9530.115,24606755.9467
9531.73,24611439.2236
9533.345,24915000.813
9534.96,24767714.0076
9536.575,24751764.9977
9538.19,24705252.5436
9539.805,24728441.73
9541.42,24728051.9284
9543.035,24872412.4173
9544.65,25024818.1002
9546.265,24962053.5103
9547.88,24858327.1451
9549.495,24895232.5938
9551.11,24775002.3353
9552.725,24770684.2264
9554.34,24745936.3081
9555.955,40045.4448
9557.57,24521662.7942
9559.185,24493465.2157
9560.8,24438648.8385
9562.415,24543352.2616
9564.03,24594361.6375
9565.645,24565750.8215
9567.26,24471559.7797
9568.875,24436521.1408
9570.49,24586935.5986
9572.105,24617393.9742
9573.72,24409841.0586
9575.335,24264106.6236
9576.95,24530111.3329
9578.565,24309809.5637
9580.18,24196833.1215
9581.795,24004391.1838
9583.41,24026910.7374
9585.025,24270928.7891
9586.64,24061326.9688
9588.255,24355670.2628
9589.87,24224614.2418
9591.485,24436008.0155
9593.1,24232487.9515
9594.715,24442478.3851
9596.33,24503718.0255
9597.945,24627200.9821
9599.56,24428986.8406
9601.175,24481425.423
9602.79,24644201.9193
9604.405,24865697.4699
9606.02,24659210.3799
9607.635,24855148.1003
9609.25,24984854.7863
9610.865,24860397.6914
9612.48,24981549.8348
9614.095,24957127.4109
9615.71,24736024.8677
9617.325,24736007.1647
9618.94,24714203.7457
9620.555,24704530.3003
9622.17,24528569.6121
9623.785,24557135.7802
9625.4,24600933.9533
9627.015,24530266.0719
9628.63,24552044.7366
9630.245,24585136.7927
9631.86,24599369.7822
9633.475,24557070.9599
9635.09,24718648.4772
9636.705,24529049.7675
9638.32,24771168.9823
9639.935,24750810.4403
9641.55,24610627.9542
9643.165,24558205.0013
9644.78,24544931.6401
9646.395,24599270.4281
9648.01,24642256.8744
9649.625,24705664.4868
9651.24,24580566.6454
9652.855,24797336.0749
9654.47,24864484.7675
9656.085,24785439.3675
9657.7,24901682.8281
9659.315,24700526.1826
9660.93,24623290.3739
9662.545,24876017.657
9664.16,24811077.3928
9665.775,24796407.3394
9667.39,24845474.1324
9669.005,24893498.2401
9670.62,24692568.6163
9672.235,24950770.7791
9673.85,24774858.8001
9675.465,24671751.0899
9677.08,24724397.6616
9678.695,24801147.5038
9680.31,24675026.4336
9681.925,24889982.523
9683.54,24528625.0454
9685.155,24695742.6589
9686.77,24783845.6722
9688.385,24768690.1952
9690,24498393.3606
9691.615,24681433.1916
9693.23,24383948.1126
9694.845,24359545.082
9696.46,24545949.625
9698.075,24502352.5031
9699.69,24543656.559
9701.305,24266335.0366
9702.92,24490826.189
9704.535,24493469.5113
9706.15,24499656.4327
9707.765,24460393.8304
9709.38,24702390.363
9710.995,24439660.8207
9712.61,24655794.348
9714.225,24668609.463
9715.84,24567564.0836
9717.455,24546554.7033
9719.07,24530108.6811
9720.685,24547103.3368
9722.3,24467702.0498
9723.915,24485762.1777
9725.53,24274441.3059
9727.145,24429302.0684
9728.76,24360777.3414
9730.375,24298875.8057
9731.99,24355336.8671
9733.605,24456118.8222
9735.22,24411033.2112
9736.835,24493829.3796
9738.45,24386853.1113
9740.065,24526298.3475
9741.68,24281974.1222
9743.295,24362447.548
9744.91,24308410.5024
9746.525,24489152.9829
9748.14,24483837.8965
9749.755,24349463.9015
9751.37,24602132.0954
9752.985,24146965.6586
9754.6,24416076.6484
9756.215,24329101.5233
9757.83,24237474.6332
9759.445,24325814.7619
9761.06,24261721.7179
9762.675,24286885.9495
9764.29,24412335.0922
9765.905,24304554.1225
9767.52,24332089.5138
9769.135,24150879.0375
9770.75,24510981.4297
9772.365,24280408.1919
9773.98,24246533.5073
9775.595,24342059.6566
9777.21,24343365.227
9778.825,24486890.3169
9780.44,24436656.4791
9782.055,24363022.6187
9783.67,24506077.9927
9785.285,24522729.7578
9786.9,24437099.3133
9788.515,24480310.9831
9790.13,24569075.0231
9791.745,24465498.7612
9793.36,24602082.3896
9794.975,24605629.6093
9796.59,24627649.4655
9798.205,24617230.8839
9799.82,24551920.9963
9801.435,24508167.3688
9803.05,24140275.8598
9804.665,24258035.3515
9806.28,24242250.3319
9807.895,24110390.2584
9809.51,24341479.1597
9811.125,24389065.216
9812.74,24291947.2086
9814.355,24547754.8966
9815.97,24579778.9905
9817.585,24416953.2625
9819.2,24439759.3418
9820.815,24546489.4609
9822.43,24585989.6956
9824.045,24499454.5038
9825.66,24515675.3768
9827.275,24580807.0931
9828.89,24539153.285
9830.505,24817819.4413
9832.12,24446715.2073
9833.735,24328274.3566
9835.35,24470237.6667
9836.965,24401976.1167
9838.58,24200432.0927
9840.195,24085831.5813
9841.81,24331688.5476
9843.425,24171414.7262
9845.04,24200808.7936
9846.655,24173027.4391
9848.27,24376868.8973
9849.885,24337044.3526
9851.5,24292022.0464
9853.115,24136992.5833
9854.73,24247577.7174
9856.345,24384690.0802
9857.96,24214523.4604
9859.575,24249056.4197
9861.19,24119017.4054
9862.805,24205548.826
9864.42,24321739.9142
9866.035,24218719.1252
9867.65,24282013.4722
9869.265,24325057.3843
9870.88,24255134.044
9872.495,24333515.2356
9874.11,24339320.4018
9875.725,24518473.6743
9877.34,24299765.4999
9878.955,24433719.4533
9880.57,24364103.8972
9882.185,24267934.4482
9883.8,24491050.8305
9885.415,24432871.8036
9887.03,24172219.3086
9888.645,24374263.7368
9890.26,106485.1917
9891.875,24186735.9898
9893.49,24299529.2548
9895.105,24139888.1447
9896.72,24276556.6116
9898.335,24127463.6178
9899.95,24303520.9879
9901.565,23997582.7139
9903.18,24072102.0046
9904.795,24247081.9603
9906.41,24172353.812
9908.025,24471493.1556
9909.64,24242717.3272
9911.255,24246241.6633
9912.87,24301237.9802
9914.485,24615994.2881
9916.1,24264151.9205
9917.715,24271549.0916
9919.33,24110669.0278
9920.945,24238323.5177
9922.56,24137850.4494
9924.175,24040351.4622
9925.79,24372731.6541
9927.405,24277807.2935
9929.02,24121927.622
9930.635,24501410.3193
9932.25,24399082.5543
9933.865,24289389.9484
9935.48,24290992.1065
9937.095,24400239.498
9938.71,24403931.7537
9940.325,24441277.8181
9941.94,24368130.5266
9943.555,24261426.1493
9945.17,24262126.0035
9946.785,24323524.4611
9948.4,24358409.8504
9950.015,24293303.8759
9951.63,24564231.3764
9953.245,24314447.7112
9954.86,24472176.6086
9956.475,24640437.0462
9958.09,24525337.2669
9959.705,24416969.2491
9961.32,24150558.7777
9962.935,24241944.9727
9964.55,24287042.9721
9966.165,24340616.4644
9967.78,24425784.2482
9969.395,24373755.6583
9971.01,24479961.6752
9972.625,24380195.8752
9974.24,24294196.2758
9975.855,24297143.1572
9977.47,24370831.3575
9979.085,24324752.2575
9980.7,24419426.5899
9982.315,24469932.9937
9983.93,24438709.0118
9985.545,24229989.4922
9987.16,24304024.1441
9988.775,24411217.1415
9990.39,24209476.4454
9992.005,24045550.637
9993.62,24138361.7337
9995.235,23923134.3633
9996.85,24156909.9461
9998.465,24183954.7203
10000.08,24124999.7685
10001.695,24022301.692
10003.31,24066033.2131
10004.925,24013804.1299
10006.54,23936474.8358
10008.155,24092813.2649
10009.77,24109222.6371
10011.385,23871301.0173
10013,23838983.5007
10014.615,24035463.4948
10016.23,24224488.5303
10017.845,24094909.5696
10019.46,24437156.0817
10021.075,24154378.1413
10022.69,24194218.6093
10024.305,24166154.5171
10025.92,24077152.9878
10027.535,24338551.7125
10029.15,24321005.2863
10030.765,24270594.4451
10032.38,24401363.0776
10033.995,24291774.034
10035.61,24194810.0962
10037.225,24466554.5377
10038.84,24415057.6426
10040.455,24353480.6568
10042.07,24424665.191
10043.685,24587350.7124
10045.3,24260654.4494
10046.915,24301511.6749
10048.53,24357248.1667
10050.145,24244357.171
10051.76,24386059.5039
10053.375,24391000.2975
10054.99,24425258.9614
10056.605,24496408.2199
10058.22,24451761.724
10059.835,24525074.0824
10061.45,24309683.8653
10063.065,24340595.9089
10064.68,24357500.0823
10066.295,24294502.7395
10067.91,24252830.8304
10069.525,24110494.4231
10071.14,24488097.9855
10072.755,24310773.8353
10074.37,24217081.2878
10075.985,24084740.2352
10077.6,24414887.5102
10079.215,24284763.3636
10080.83,24214110.7659
10082.445,24422440.6961
10084.06,24352349.8138
10085.675,24174298.2135
10087.29,24506280.0816
10088.905,24533236.0508
10090.52,24312561.4542
10092.135,24359870.926
10093.75,24405373.131
10095.365,24472921.7764
10096.98,24421022.5036
10098.595,24254660.081
10100.21,24403740.0337
10101.825,24447328.8601
10103.44,24408778.2121
10105.055,24363841.1775
10106.67,24400961.2652
10108.285,24232575.9623
10109.9,24234521.0983
10111.515,24262450.1461
10113.13,24416303.7017
10114.745,24356432.0978
10116.36,24445986.3273
10117.975,24382018.7381
10119.59,24205032.8668
10121.205,24389030.9482
10122.82,24178318.7846
10124.435,24349166.7634
10126.05,24341564.2436
10127.665,24177124.0101
10129.28,24147081.3303
10130.895,24286612.1395
10132.51,24531356.3674
10134.125,24422900.1955
10135.74,24384365.6159
10137.355,24455663.4528
10138.97,24286908.134
10140.585,24102837.2213
10142.2,24363672.5439
10143.815,24266345.2456
10145.43,24168764.3357
10147.045,24305465.8097
10148.66,23897728.9942
10150.275,24121871.2068
10151.89,24258240.8452
10153.505,23978836.2507
10155.12,24181108.3942
10156.735,24271906.3491
10158.35,24338268.4876
10159.965,24273924.5452
10161.58,24299483.5246
10163.195,24333549.3938
10164.81,24400859.4082
10166.425,24256886.4113
10168.04,24117364.5596
10169.655,24158218.4212
10171.27,24328177.4589
10172.885,24314833.4644
10174.5,24153913.0037
10176.115,24196620.29
10177.73,24347905.7888
10179.345,24234028.9302
10180.96,24442046.3475
10182.575,24104813.8433
10184.19,24356095.0927
10185.805,24504667.2125
10187.42,24264436.6925
10189.035,24269298.6596
10190.65,24218483.4807
10192.265,24300248.2234
10193.88,24277600.1392
10195.495,24170134.3713
10197.11,24107276.5285
10198.725,24479956.2862
10200.34,24421555.4443
10201.955,24485605.2165
10203.57,24257234.782
10205.185,24332555.1796
10206.8,24258824.7451
10208.415,24246368.3342
10210.03,24233420.8004
10211.645,24159996.1583
10213.26,24136811.8849
10214.875,24345266.7398
10216.49,24347555.1923
10218.105,24213269.6191
10219.72,24373939.5087
10221.335,24195951.8455
10222.95,24333619.6179
10224.565,24291055.123
10226.18,24294774.4947
10227.795,24335993.8256
10229.41,24484040.48
10231.025,24334561.2179
10232.64,24282420.4504
10234.255,24162177.8575
10235.87,24111188.602
10237.485,24286151.4462
10239.1,24156823.6256
10240.715,24246922.697
10242.33,24404834.9408
10243.945,24143519.2694
10245.56,24120762.9016
10247.175,24342887.8331
10248.79,24111084.6102
10250.405,24367567.4723
10252.02,24188716.1952
10253.635,24010554.6749
10255.25,24270379.5513
10256.865,24250999.0175
10258.48,24290700.6065
10260.095,24019251.8471
10261.71,23963242.2612
10263.325,24185333.9327
10264.94,24047891.9473
10266.555,24186294.6414
10268.17,24107185.4438
10269.785,24150342.705
10271.4,24139868.2698
10273.015,24235669.2241
10274.63,24262199.2997
10276.245,24124052.5415
10277.86,23869370.4769
10279.475,24227117.6698
10281.09,23877418.4826
10282.705,24035855.3623
10284.32,23873161.4786
10285.935,23948937.8313
10287.55,24023241.2948
10289.165,23949631.1809
10290.78,24057712.2305
10292.395,24173409.8824
10294.01,24266904.9527
10295.625,24092919.8173
10297.24,24080575.5115
10298.855,24219355.2823
10300.47,24442155.2318
10302.085,24175690.7702
10303.7,23863992.32
10305.315,23854000.7737
10306.93,23870656.2691
10308.545,23982191.5701
10310.16,24131903.2988
10311.775,24042585.9634
10313.39,23896886.6312
10315.005,24021427.6106
10316.62,24116817.3859
10318.235,24111247.1054
10319.85,23910802.9275
10321.465,24129078.9675
10323.08,23911467.4725
10324.695,24128830.1035
10326.31,23993706.5781
10327.925,23903665.7926
10329.54,23826617.2503
10331.155,23727514.2994
10332.77,23974970.7367
10334.385,23931247.6059
10336,23958042.0134
10337.615,23902199.0249
10339.23,23807536.8335
10340.845,24039546.9597
10342.46,23989592.2967
10344.075,23841269.8314
10345.69,23980499.6234
10347.305,23729554.5237
10348.92,23755103.6736
10350.535,23831625.1142
10352.15,23834369.9216
10353.765,23889695.7105
10355.38,23774382.3559
10356.995,23706155.1333
10358.61,23643000.7586
10360.225,23743104.8134
10361.84,23880983.6377
10363.455,23683033.8504
10365.07,23938273.0931
10366.685,24024813.8543
10368.3,23854154.689
10369.915,24056217.0079
10371.53,23992556.1912
10373.145,24025966.4709
10374.76,23924353.6746
10376.375,23655998.4373
10377.99,23830620.0087
10379.605,23541528.686
10381.22,23636195.9576
10382.835,23773018.4699
10384.45,23839089.3149
10386.065,23660664.9857
10387.68,23758446.7831
10389.295,23887381.9551
10390.91,23617055.1909
10392.525,23952104.1531
10394.14,24130649.7252
10395.755,24160686.5363
10397.37,24229930.4662
10398.985,24239208.0442
10400.6,24233595.1168
10402.215,24118790.7927
10403.83,24111662.342
10405.445,24114845.6043
10407.06,24145523.9447
10408.675,23900992.0146
10410.29,23862359.5499
10411.905,23809724.9463
10413.52,23826946.5345
10415.135,23812250.3376
10416.75,23551964.9371
10418.365,23610494.3374
10419.98,23796254.6919
10421.595,23576822.0968
10423.21,23513280.8549
10424.825,23488112.471
10426.44,23724894.7348
10428.055,23257448.9017
10429.67,23164679.2879
10431.285,23360132.9572
10432.9,23110856.9762
10434.515,23223592.396
10436.13,23459332.0898
10437.745,23467837.4657
10439.36,23481353.4206
10440.975,23474908.4916
10442.59,23486132.2805
10444.205,23589397.6994
10445.82,23687871.7995
10447.435,23687108.7204
10449.05,23751443.3316
10450.665,23711816.4928
10452.28,23675726.0512
10453.895,23747370.5963
10455.51,23687825.7904
10457.125,23739044.6524
10458.74,23475790.9001
10460.355,23594150.202
10461.97,23538294.7173
10463.585,23568024.3022
10465.2,23546409.3211
10466.815,23365398.0085
10468.43,23451480.5497
10470.045,23318480.8226
10471.66,23304537.4511
10473.275,23203919.148
10474.89,23427448.6507
10476.505,23232711.4322
10478.12,23187647.1912
10479.735,23311299.9807
10481.35,23429186.6436
10482.965,23312743.1154
10484.58,23432968.5186
10486.195,23453889.9772
10487.81,23332420.1197
10489.425,23275577.6546
10491.04,23197004.0419
10492.655,23252303.6576
10494.27,23283306.5627
10495.885,23451577.7839
10497.5,23276379.9219
10499.115,23255189.8004
10500.73,23445601.8306
10502.345,23332564.5401
10503.96,23419162.4287
10505.575,23458184.7097
10507.19,23474655.3338
10508.805,23734215.8207
10510.42,23904168.7127
10512.035,23604297.5826
10513.65,23392150.1447
10515.265,23193210.9836
10516.88,23127288.2093
10518.495,23393911.7669
10520.11,23424281.5497
10521.725,23349069.5864
10523.34,23799779.1042
10524.955,23680683.6645
10526.57,23602019.6998
10528.185,23675088.0513
10529.8,23845176.3355
10531.415,23833430.5829
10533.03,23926428.3676
10534.645,23802486.4974
10536.26,23945999.4686
10537.875,24038486.8839
10539.49,24133996.5055
10541.105,23780870.7241
10542.72,23945689.8119
10544.335,23939575.5209
10545.95,23992980.744
10547.565,23974703.7866
10549.18,23926664.1963
10550.795,23820120.8265
10552.41,23716787.9058
10554.025,23704342.8866
10555.64,23778765.8877
10557.255,23753830.6267
10558.87,23756299.9394
10560.485,23636663.191
10562.1,23388921.0314
10563.715,23455149.8008
10565.33,23504150.8771
10566.945,23621729.9921
10568.56,23544616.9809
10570.175,23373213.412
10571.79,23437070.9844
10573.405,23300595.0223
10575.02,23573908.3768
10576.635,23520629.4304
10578.25,23712395.5467
10579.865,23617544.6869
10581.48,23636414.1224
10583.095,23839398.8041
10584.71,23784337.7692
10586.325,23810144.7555
10587.94,23728342.0611
10589.555,23986083.2331
10591.17,24173917.5926
10592.785,23868663.8576
10594.4,24019149.7185
10596.015,24089115.6091
10597.63,24068216.2289
10599.245,24006388.4301
10600.86,24029535.9755
10602.475,24124394.0746
10604.09,24098342.0363
10605.705,24212393.0626
10607.32,24209067.1167
10608.935,24301504.3315
10610.55,24243750.7928
10612.165,24356439.1846
10613.78,24333300.0611
10615.395,24285111.1932
10617.01,24300368.9493
10618.625,24262790.132
10620.24,24469307.0846
10621.855,24381356.882
10623.47,24503712.4301
10625.085,24643407.5625
10626.7,24480682.7098
10628.315,24266606.7732
10629.93,24475217.2208
10631.545,24463982.8938
10633.16,24338152.9665
10634.775,24345098.6343
10636.39,24207778.1372
10638.005,24343862.8883
10639.62,24162010.9198
10641.235,23887099.8088
10642.85,23793955.6771
10644.465,23794980.3657
10646.08,23782252.181
10647.695,23663544.2649
10649.31,23861237.0823
10650.925,23985428.263
10652.54,23830315.0046
10654.155,23885312.7329
10655.77,23875977.2187
10657.385,23868262.5473
10659,24074664.5143
10660.615,23778370.3476
10662.23,23630056.9829
10663.845,23759346.0392
10665.46,23690668.3861
10667.075,23847024.7246
10668.69,23656733.8387
10670.305,23864303.8752
10671.92,24025236.8935
10673.535,24193419.2652
10675.15,24353876.1727
10676.765,24246009.4292
10678.38,24192570.9721
10679.995,24198807.3931
10681.61,24065794.0261
10683.225,23976868.6903
10684.84,24090022.6473
10686.455,23891344.735
10688.07,23769914.6515
10689.685,23830255.0917
10691.3,23848127.7152
10692.915,23782024.3931
10694.53,23816360.4294
10696.145,23893886.983
10697.76,23997418.3777
10699.375,23947316.9643
10700.99,23921168.3184
10702.605,23976392.1889
10704.22,24182627.9435
10705.835,24345482.9576
10707.45,24245423.8334
10709.065,24195315.5155
10710.68,24470996.7105
10712.295,24225115.0717
10713.91,24320850.5343
10715.525,24171097.9809
10717.14,24156776.6384
10718.755,24312773.2759
10720.37,24256660.7898
10721.985,24321677.6359
10723.6,24261471.5075
10725.215,24301640.0789
10726.83,24196520.6272
10728.445,24075666.6521
10730.06,23948356.1555
10731.675,23955251.4331
10733.29,24025625.0568
10734.905,24125322.4104
10736.52,23928858.2168
10738.135,24081919.6193
10739.75,23947538.4966
10741.365,23974834.7736
10742.98,24159303.5787
10744.595,24345950.5071
10746.21,24192506.7338
10747.825,24014309.1865
10749.44,24045767.8329
10751.055,23731074.0544
10752.67,23596312.3052
10754.285,23725465.2459
10755.9,23592051.7476
10757.515,23572713.4052
10759.13,23459405.5198
10760.745,23538622.8654
10762.36,23791040.5327
10763.975,23733030.9
10765.59,23702984.8024
10767.205,23740610.618
10768.82,23808338.2213
10770.435,23736992.5232
10772.05,23773400.0001
10773.665,24094497.1001
10775.28,24027814.3467
10776.895,23967742.6585
10778.51,24039804.0505
10780.125,23880660.4938
10781.74,23907940.9979
10783.355,23906746.5154
10784.97,23938066.2531
10786.585,24318459.784
10788.2,23995218.2726
10789.815,24577277.8088
10791.43,24504176.4186
10793.045,24606211.7929
10794.66,24357079.7246
10796.275,24354280.6108
10797.89,24345737.7481
10799.505,24537349.7558
10801.12,24635730.4839
10802.735,24590303.2691
10804.35,24444060.3298
10805.965,24559625.3508
10807.58,24540725.878
10809.195,24529807.8518
10810.81,24595715.6195
10812.425,24367813.0599
10814.04,24469615.6385
10815.655,24500235.5164
10817.27,24495718.8387
10818.885,24551601.9433
10820.5,24533911.5598
10822.115,24508540.8137
10823.73,24442051.7644
10825.345,24421052.0147
10826.96,24453136.4028
10828.575,24492531.4222
10830.19,24325744.5824
10831.805,24357405.5036
10833.42,24600285.75
10835.035,24679392.136
10836.65,24610926.2638
10838.265,24590875.5245
10839.88,24664661.3272
10841.495,24685970.8692
10843.11,24629971.1947
10844.725,24454804.9805
10846.34,24378828.2682
10847.955,24354843.9366
10849.57,24564790.6167
10851.185,24575345.989
10852.8,24544594.0567
10854.415,24407966.0891
10856.03,24344686.3489
10857.645,24446435.9544
10859.26,24499577.1525
10860.875,24450504.13
10862.49,24495397.8648
10864.105,365824.5963
10865.72,24450735.7821
10867.335,24447179.5584
10868.95,24390272.2747
10870.565,24278417.8315
10872.18,24397360.3509
10873.795,24453647.2743
10875.41,24426960.9887
10877.025,24202900.6578
10878.64,24179178.3206
10880.255,24366699.4735
10881.87,24592137.016
10883.485,24650449.9327
10885.1,24654372.1315
10886.715,24520962.5401
10888.33,24555696.9876
10889.945,24441144.9213
10891.56,24045122.6272
10893.175,24335854.4409
10894.79,24225311.4052
10896.405,24245344.423
10898.02,24287756.7581
10899.635,24313793.0441
10901.25,24295810.1844
10902.865,24423363.8213
10904.48,24252470.2034
10906.095,24184133.1872
10907.71,24076881.6194
10909.325,23890286.7158
10910.94,23854785.0554
10912.555,24248644.4095
10914.17,24162153.25
10915.785,24154781.724
10917.4,24113152.2313
10919.015,24254247.0703
10920.63,24161357.2308
10922.245,24300500.5946
10923.86,24182100.8864
10925.475,24004880.6946
10927.09,23927556.9978
10928.705,23791850.1341
10930.32,23660862.3978
10931.935,23731764.0511
10933.55,24120826.264
10935.165,23717295.7537
10936.78,23647655.9954
10938.395,23871703.7911
10940.01,24040903.4949
10941.625,24147960.6389
10943.24,24008905.3176
10944.855,23913731.6355
10946.47,23964441.4744
10948.085,24419245.0454
10949.7,24127160.981
10951.315,24084046.735
10952.93,24482079.2217
10954.545,24445365.5283
10956.16,24421722.9715
10957.775,24441990.4381
10959.39,24293711.6035
10961.005,24404233.0944
10962.62,24285744.1927
10964.235,24297493.5343
10965.85,24106642.6382
10967.465,24212647.762
10969.08,24003828.0142
10970.695,23869253.9386
10972.31,23839478.9323
10973.925,24114863.8167
10975.54,24080777.6394
10977.155,23879113.7764
10978.77,24252904.9337
10980.385,24293683.5707
10982,24130144.2353
10983.615,24086522.0317
10985.23,24208632.4869
10986.845,24106482.4098
10988.46,24219794.5702
10990.075,24305618.2001
10991.69,24295678.4387
10993.305,24276166.5069
10994.92,23927230.8004
10996.535,24052513.9817
10998.15,24015895.9643
10999.765,24109537.9672
11001.38,24207717.3187
11002.995,24387862.9476
11004.61,24471837.928
11006.225,24529872.6368
11007.84,24657974.0612
11009.455,24332418.3592
11011.07,24308404.3956
11012.685,24371371.7401
11014.3,24541256.6765
11015.915,24460207.107
11017.53,24349413.3161
11019.145,24439942.7161
11020.76,24569166.8256
11022.375,24463773.7107
11023.99,24376695.3823
11025.605,24275682.452
11027.22,24388369.0084
11028.835,24086493.6308
11030.45,24329318.5741
11032.065,24578299.0497
11033.68,24369278.2432
11035.295,24455067.4881
11036.91,24345301.3182
11038.525,24226422.1688
11040.14,24434088.1303
11041.755,24320686.397
11043.37,24557573.3797
11044.985,24519966.8588
11046.6,24318264.1925
11048.215,24462474.2601
11049.83,24388562.1138
11051.445,24272115.1435
11053.06,24328388.5518
11054.675,24390113.149
11056.29,24512094.9324
11057.905,24608211.0717
11059.52,24525019.3929
11061.135,24514867.4006
11062.75,24452374.3242
11064.365,24346701.8672
11065.98,24360147.2985
11067.595,24499947.8657
11069.21,24551795.5991
11070.825,24468515.2178
11072.44,24609812.2163
11074.055,24491880.0112
11075.67,24687184.9867
11077.285,24561052.908
11078.9,24685986.6996
11080.515,24527432.4132
11082.13,24335778.9058
11083.745,24478519.2751
11085.36,24398455.7694
11086.975,24617889.7275
11088.59,24536020.9
11090.205,24367754.0005
11091.82,24294790.0034
11093.435,24157713.5895
11095.05,23926186.0975
11096.665,23974938.0532
11098.28,24044932.8282
11099.895,24146108.077
11101.51,24254219.0078
11103.125,24443734.3612
11104.74,24210885.9091
11106.355,24193990.8493
11107.97,24240697.0206
11109.585,24155737.0251
11111.2,24058967.6376
11112.815,24080496.8542
11114.43,24255826.6795
11116.045,24210523.3482
11117.66,24521738.9931
11119.275,24310254.4266
11120.89,24261583.33
11122.505,24511617.9568
11124.12,24169071.428
11125.735,24076476.3632
11127.35,24255809.7055
11128.965,24437943.5897
11130.58,24579144.4624
11132.195,24656835.077
11133.81,24483079.5463
11135.425,24074664.215
11137.04,23895662.6412
11138.655,23790579.2927
11140.27,23900253.0093
11141.885,23802709.4244
11143.5,24091909.0382
11145.115,24038906.2876
11146.73,24001936.0205
11148.345,24095872.5563
11149.96,24076758.437
11151.575,23952283.1872
11153.19,23984697.2073
11154.805,23855678.0615
11156.42,23748654.6852
11158.035,23692492.5787
11159.65,23756435.4711
11161.265,23640141.6649
11162.88,23696155.1596
11164.495,23886033.3416
11166.11,23947527.3933
11167.725,24019602.6631
11169.34,24039362.6686
11170.955,23845384.8919
11172.57,23948304.5752
11174.185,23849078.8323
11175.8,23947732.1487
11177.415,23815629.3644
11179.03,23644655.0939
11180.645,23587075.6523
11182.26,23554008.1069
11183.875,23477818.6468
11185.49,23496668.3748
11187.105,23562604.7015
11188.72,23552772.7161
11190.335,23286050.5073
11191.95,23553636.6499
11193.565,23614269.28
11195.18,23803499.3833
11196.795,23745114.9315
11198.41,23764224.5823
11200.025,23873416.1333
11201.64,23930101.8455
11203.255,23820469.8462
11204.87,23930547.6401
11206.485,23736012.0958
11208.1,23772257.4475
11209.715,24049921.0385
11211.33,24104929.2918
11212.945,24246897.8645
11214.56,24187357.6758
11216.175,24024024.1111
11217.79,23964802.7634
11219.405,23829234.2022
11221.02,23922182.4261
11222.635,24012283.7996
11224.25,24189073.9045
11225.865,24115247.4799
11227.48,24201066.9257
11229.095,24203439.6457
11230.71,24168062.6294
11232.325,24182061.5085
11233.94,24148583.8535
11235.555,24224440.42
11237.17,24250994.1045
11238.785,24179108.7007
11240.4,24145472.6675
11242.015,24349071.8035
11243.63,24219303.5402
11245.245,24335617.7234
11246.86,24380347.6836
11248.475,24083654.6425
11250.09,24121426.5689
11251.705,23960799.9474
11253.32,24065409.0576
11254.935,23939859.5417
11256.55,24214512.4853
11258.165,24022844.0848
11259.78,23893859.7071
11261.395,23828209.3073
11263.01,24032710.2023
11264.625,24210249.5549
11266.24,24141319.1978
11267.855,24019212.3967
11269.47,24005705.7563
11271.085,23858455.8928
11272.7,23744481.0282
11274.315,23997774.5715
11275.93,24164581.0891
11277.545,24354207.5991
11279.16,24345723.6136
11280.775,24188493.5192
11282.39,24234939.3641
11284.005,24023665.8253
11285.62,23851153.3971
11287.235,24099462.3952
11288.85,24228745.8151
11290.465,24268858.8565
11292.08,24306581.2184
11293.695,24600592.039
11295.31,24446411.4102
11296.925,24607489.1501
11298.54,24591499.2374
11300.155,24782090.6011
11301.77,24812254.6429
11303.385,24766213.9427
11305,24620298.9785
11306.615,24529168.0798
11308.23,24600103.2162
11309.845,24831602.7684
11311.46,24905948.0049
11313.075,24908173.305
11314.69,24787854.0799
11316.305,24686947.4287
11317.92,24660798.2678
11319.535,24605837.2267
11321.15,24577182.0641
11322.765,24674578.2068
11324.38,24748715.4001
11325.995,24804998.6881
11327.61,24646729.2147
11329.225,24979249.7267
11330.84,24881469.0394
11332.455,24782651.8424
11334.07,24997618.481
11335.685,24911094.2643
11337.3,24832897.4047
11338.915,24709905.9505
11340.53,24769771.9423
11342.145,24813386.2335
11343.76,24666305.0984
11345.375,24566778.7047
11346.99,24692998.071
11348.605,24616472.2455
11350.22,24675211.5504
11351.835,24636025.1804
11353.45,24516411.9181
11355.065,24621155.5038
11356.68,24584567.256
11358.295,24850117.6316
11359.91,24880110.5777
11361.525,24852500.0325
11363.14,24780526.3296
11364.755,25120302.3464
11366.37,25032644.8506
11367.985,25021899.9526
11369.6,25062994.0853
11371.215,25262070.7511
11372.83,25167222.4332
11374.445,25012136.5829
11376.06,25026747.6308
11377.675,25038234.766
11379.29,24882798.6799
11380.905,24980221.0534
11382.52,24884400.2764
11384.135,25036506.5599
11385.75,25108903.2406
11387.365,24933201.3019
11388.98,24955669.5932
11390.595,24940212.5562
11392.21,24717375.8042
11393.825,24893205.0089
11395.44,24977580.8961
11397.055,25062720.8108
11398.67,25051797.167
11400.285,24972083.6237
11401.9,24641966.5162
11403.515,24885393.8211
11405.13,24927992.5467
11406.745,25050714.4603
11408.36,25051649.6021
11409.975,25129982.0603
11411.59,25159012.6519
11413.205,25207524.4313
11414.82,25015129.8397
11416.435,25156296.9596
11418.05,24955372.5574
11419.665,25095814.972
11421.28,24957015.6294
11422.895,25094800.8308
11424.51,24995341.3458
11426.125,24899078.4858
11427.74,25087369.9794
11429.355,25085352.3449
11430.97,24919855.5743
11432.585,24813416.1016
11434.2,25141265.4144
11435.815,25162747.205
11437.43,25138276.336
11439.045,24806298.5032
11440.66,24861506.3852
11442.275,24769049.885
11443.89,24646846.0263
11445.505,24551687.4066
11447.12,24732772.3407
11448.735,24710209.1638
11450.35,24560211.8095
11451.965,24722235.2088
11453.58,24482449.7471
11455.195,24389531.806
11456.81,24509630.2351
11458.425,24558689.3333
11460.04,24709584.5006
11461.655,24644213.4615
11463.27,24373493.2065
11464.885,24514498.7404
11466.5,24536762.8992
11468.115,24585746.7077
11469.73,24586425.8261
11471.345,24705925.2688
11472.96,24529867.0786
11474.575,24668709.8603
11476.19,24718185.7254
11477.805,24744168.5214
11479.42,24752030.5047
11481.035,24704040.2632
11482.65,24728702.2404
11484.265,24803201.7585
11485.88,24560603.3906
11487.495,24579577.6975
11489.11,24638842.092
11490.725,24843964.4201
11492.34,24638659.72
11493.955,24396160.0275
11495.57,24235841.6121
11497.185,24300643.8267
11498.8,24397991.6694
11500.415,24571308.6652
11502.03,24567424.2749
11503.645,24607115.0786
11505.26,24590725.6073
11506.875,24396544.8696
11508.49,24322647.1385
11510.105,24398739.4332
11511.72,24678479.5414
11513.335,24755227.2377
11514.95,24673616.5608
11516.565,24421884.6486
11518.18,24397443.6961
11519.795,24401734.583
11521.41,24363814.6696
11523.025,24275460.823
11524.64,24285586.3389
11526.255,24265432.4762
11527.87,24427817.0603
11529.485,24499638.754
11531.1,24374677.7571
11532.715,24561813.5919
11534.33,24639133.7946
11535.945,24517846.8484
11537.56,24865143.3024
11539.175,24749785.9471
11540.79,24406114.1502
11542.405,24383425.7472
11544.02,24158109.7451
11545.635,24244059.5141
11547.25,24325478.51
11548.865,24278341.7442
11550.48,24490021.7088
11552.095,24319247.7477
11553.71,24176684.8597
11555.325,23920566.061
11556.94,23868125.7213
11558.555,24139415.6581
11560.17,24179488.9572
11561.785,23927068.0337
11563.4,23907522.7862
11565.015,24173021.3955
11566.63,23911234.8981
11568.245,23972075.8205
11569.86,24325994.2572
11571.475,24266945.4575
11573.09,24182919.661
11574.705,24030659.4715
11576.32,24549330.5486
11577.935,24138785.0128
11579.55,24215121.3274
11581.165,24193448.5309
11582.78,24287777.3582
11584.395,24346193.7999
11586.01,24262785.8922
11587.625,24262390.91
11589.24,24134329.1128
11590.855,24437999.7687
11592.47,24383142.1243
11594.085,24834371.1959
11595.7,24845458.1607
11597.315,24708398.4716
11598.93,24601204.4682
11600.545,24685194.6487
11602.16,24591907.5341
11603.775,24429341.45
11605.39,24429145.1425
11607.005,24001512.4848
11608.62,24129706.2917
11610.235,24103137.701
11611.85,24000556.3599
11613.465,23999974.0369
11615.08,23862523.4622
11616.695,24015710.9721
11618.31,23878435.5339
11619.925,23944622.2532
11621.54,23960280.031
11623.155,24145016.3887
11624.77,24008564.6957
11626.385,24077501.922
11628,24087655.3089
11629.615,24062307.3088
11631.23,24033325.0823
11632.845,24117551.534
11634.46,24122583.9887
11636.075,24091225.6894
11637.69,23851681.7353
11639.305,23992676.5006
11640.92,24020833.6784
11642.535,24200339.7137
11644.15,24344177.006
11645.765,24751710.7693
11647.38,24672251.7413
11648.995,24654412.878
11650.61,24543998.2613
11652.225,24699683.3752
11653.84,24655715.0045
11655.455,24513398.9184
11657.07,24479756.4251
11658.685,24578516.7737
11660.3,24286711.3374
11661.915,24615693.2691
11663.53,24618695.7047
11665.145,24507342.4874
11666.76,24524563.8022
11668.375,24634819.4439
11669.99,24778312.1087
11671.605,24519433.1966
11673.22,24603606.4576
11674.835,24490401.6715
11676.45,24545287.6908
11678.065,24341221.3698
11679.68,24191838.585
11681.295,24259266.1009
11682.91,24023823.2161
11684.525,24014713.2694
11686.14,24131084.3829
11687.755,24140949.9016
11689.37,27577.9231
11690.985,24040379.0821
11692.6,23894173.9977
11694.215,23906735.425
11695.83,23812865.0261
11697.445,23992252.1653
11699.06,24024961.118
11700.675,24143464.3494
11702.29,24110033.8991
11703.905,24021892.6497
11705.52,24048572.0549
11707.135,23889499.5444
11708.75,23779204.1641
11710.365,24013523.1215
11711.98,23952592.6077
11713.595,23974589.7439
11715.21,24095444.3029
11716.825,24265062.4008
11718.44,24239950.2925
11720.055,24170823.243
11721.67,24191563.2669
11723.285,24238380.1076
11724.9,24174733.4756
11726.515,23962190.3581
11728.13,24170798.0479
11729.745,24060116.76
11731.36,24171052.0444
11732.975,24232769.2573
11734.59,24089059.7369
11736.205,24250442.122
11737.82,24401070.8673
11739.435,24411831.7854
11741.05,24628263.8844
11742.665,24624049.7487
11744.28,24700634.5723
11745.895,24460954.748
11747.51,24209428.6586
11749.125,24278151.9432
11750.74,24319775.5281
11752.355,24140621.4895
11753.97,24250586.4308
11755.585,24439866.8407
11757.2,24380704.6826
11758.815,24342345.4979
11760.43,24249250.8528
11762.045,24541962.565
11763.66,24674348.6746
11765.275,24682659.4148
11766.89,24659874.3057
11768.505,24537085.6434
11770.12,24475394.4735
11771.735,24705940.4595
11773.35,24427964.0097
11774.965,24547873.789
11776.58,24150353.6615
11778.195,24355431.2599
11779.81,24583885.313
11781.425,24688145.2045
11783.04,24768970.4672
11784.655,24734426.1181
11786.27,24450840.5605
11787.885,24631022.9937
11789.5,24646602.6925
11791.115,24580125.2133
11792.73,24714773.6803
11794.345,24789624.2264
11795.96,24686486.1646
11797.575,24918491.1937
11799.19,24984401.68
11800.805,24983661.6557
11802.42,24646520.3477
11804.035,24791352.6296
11805.65,24746757.0166
11807.265,24550319.8758
11808.88,24533350.0694
11810.495,24740250.4657
11812.11,24440408.8132
11813.725,24311821.9245
11815.34,24437795.9393
11816.955,24301950.4422
11818.57,24389886.5661
11820.185,24662972.4525
11821.8,24712236.6409
11823.415,24639492.7722
11825.03,24583869.1758
11826.645,24466677.9786
11828.26,24596806.5714
11829.875,24452405.4308
11831.49,24453240.1771
11833.105,24684216.7056
11834.72,24585517.6646
11836.335,24565218.0872
11837.95,24296686.8877
11839.565,24129356.4446
11841.18,24158474.5096
11842.795,23982801.0203
11844.41,24126521.4674
11846.025,24064169.3303
11847.64,24167037.2566
11849.255,24265918.7792
11850.87,24379818.488
11852.485,24470664.4901
11854.1,24541032.7044
11855.715,24530942.4177
11857.33,24607688.0015
11858.945,24772730.9108
11860.56,24573594.9346
11862.175,24525451.0214
11863.79,24723742.3363
11865.405,24655426.5431
11867.02,24615557.5458
11868.635,24509252.0967
11870.25,24584653
11871.865,24590272.9547
11873.48,24473725.8363
11875.095,24638103.1927
11876.71,24701640.7601
11878.325,24689998.9658
11879.94,24725392.1175
11881.555,24845816.3163
11883.17,24822508.0924
11884.785,24924835.6119
11886.4,24940412.3764
11888.015,25025837.8311
11889.63,24947796.0323
11891.245,24903392.991
11892.86,24882699.2904
11894.475,24912994.9923
11896.09,24883365.9739
11897.705,24861110.5959
11899.32,25068566.4577
11900.935,25108455.6795
11902.55,25059756.0294
11904.165,25069243.882
11905.78,25130264.136
11907.395,25251595.5033
11909.01,24890036.9707
11910.625,24798380.9973
11912.24,24946017.5662
11913.855,24816853.5017
11915.47,24804943.4389
11917.085,24905211.8893
11918.7,24931189.9974
11920.315,24903578.7009
11921.93,24811096.1
11923.545,24837594.9649
11925.16,24964361.2928
11926.775,24968152.4228
11928.39,24939149.492
11930.005,24776794.0675
11931.62,24908342.1172
11933.235,24873556.2939
11934.85,24829471.8685
11936.465,24826568.166
11938.08,24916867.1486
11939.695,25141291.2678
11941.31,24974521.3276
11942.925,24890744.1498
11944.54,24745191.4452
11946.155,24843720.0413
11947.77,24777644.1365
11949.385,24834576.8421
11951,24663328.36
11952.615,24808816.3186
11954.23,24779564.4047
11955.845,24656445.1435
11957.46,24678306.5155
11959.075,24740973.4751
11960.69,24762477.4669
11962.305,25237475.8815
11963.92,25137046.9218
11965.535,24856660.3043
11967.15,24769423.6758
11968.765,24811296.8537
11970.38,24721975.5556
11971.995,24623595.2087
11973.61,24586761.403
11975.225,24297961.1377
11976.84,24617898.1067
11978.455,24652906.539
11980.07,24893540.6453
11981.685,24673665.0617
11983.3,24660086.7635
11984.915,24402568.6431
11986.53,24577802.5339
11988.145,24373841.6106
11989.76,24919494.7651
11991.375,24642550.0404
11992.99,24810172.0505
11994.605,24684807.0767
11996.22,24674525.7599
11997.835,24934997.1883
11999.45,24662633.6716
12001.065,24827418.5362
12002.68,24946568.7603
12004.295,24803152.1419
12005.91,24604916.2101
12007.525,24456964.6997
12009.14,24722751.0974
12010.755,24515523.2839
12012.37,24898790.5748
12013.985,24963085.5254
12015.6,25007742.143
12017.215,25070623.061
12018.83,24710303.7351
12020.445,24824589.2641
12022.06,24749168.6459
12023.675,24698158.0966
12025.29,24793983.067
12026.905,24817097.6685
12028.52,24834127.7877
12030.135,24505276.3205
12031.75,24537634.4925
12033.365,24749733.7847
12034.98,25044598.8286
12036.595,24975639.7451
12038.21,24962934.8644
12039.825,24895180.1805
12041.44,24903309.722
12043.055,24926803.0124
12044.67,24881996.9146
12046.285,24716259.4081
12047.9,24680481.0647
12049.515,24800920.1789
12051.13,24883680.5063
12052.745,24744354.6943
12054.36,24837849.7646
12055.975,24794601.8558
12057.59,24829181.038
12059.205,24940406.013
12060.82,24809632.672
12062.435,24837482.8896
12064.05,24866055.7483
12065.665,24585378.4603
12067.28,24546443.476
12068.895,24589110.2556
12070.51,24338161.7232
12072.125,24630195.0329
12073.74,24477279.756
12075.355,24403590.1536
12076.97,24632315.8559
12078.585,24641810.0273
12080.2,24516047.414
12081.815,24719937.1871
12083.43,24727589.8423
12085.045,24812397.2669
12086.66,24862392.8643
12088.275,24725066.4799
12089.89,24629476.3953
12091.505,24771037.1493
12093.12,24552811.624
12094.735,24596910.5074
12096.35,24281282.9149
12097.965,24004502.7719
12099.58,24074322.4197
12101.195,24108680.0677
12102.81,23978427.015
12104.425,24202913.9685
12106.04,24065255.5551
12107.655,24282276.8817
12109.27,24149242.513
12110.885,24106281.9573
12112.5,24346957.0333
12114.115,24556309.9356
12115.73,24812509.3311
12117.345,24858162.08
12118.96,24636656.7202
12120.575,24942793.1538
12122.19,24850328.7765
12123.805,24556714.74
12125.42,24653832.2788
12127.035,24435332.7464
12128.65,24468631.2
12130.265,24375172.311
12131.88,24225392.0541
12133.495,24409299.0973
12135.11,24633898.7713
12136.725,24485228.8911
12138.34,24152471.6263
12139.955,24100366.7724
12141.57,23879926.539
12143.185,23992584.2295
12144.8,24254762.2207
12146.415,24073577.9882
12148.03,23962341.6588
12149.645,23921729.7401
12151.26,23734138.3145
12152.875,23740775.5809
12154.49,23869899.7171
12156.105,23962635.0034
12157.72,24278101.0417
12159.335,24276084.3239
12160.95,24492321.5529
12162.565,24536943.6125
12164.18,24261683.7533
12165.795,24437833.4186
12167.41,24347416.5793
12169.025,24128973.2798
12170.64,24100701.427
12172.255,23828308.3508
12173.87,23919072.2052
12175.485,23821271.5538
12177.1,23756613.4118
12178.715,23709182.3716
12180.33,23680542.1041
12181.945,23742383.7082
12183.56,23703987.2915
12185.175,23960553.9731
12186.79,24103645.9245
12188.405,24030592.8548
12190.02,24073727.3439
12191.635,24316803.565
12193.25,24241744.9386
12194.865,24187632.0474
12196.48,24241368.0945
12198.095,24478189.0332
12199.71,24810487.2467
12201.325,24999516.8679
12202.94,24948641.6458
12204.555,24743013.0039
12206.17,24623190.6163
12207.785,24547217.9727
12209.4,24736424.9916
12211.015,24848725.3986
12212.63,24743072.4632
12214.245,24685053.6424
12215.86,24740198.8296
12217.475,24970626.3453
12219.09,24978293.3247
12220.705,25182693.7071
12222.32,25212051.411
12223.935,25038694.669
12225.55,25450485.2393
12227.165,24962485.3768
12228.78,24965283.1592
12230.395,24896511.2026
12232.01,25119281.5145
12233.625,25065094.1017
12235.24,25181063.7319
12236.855,25203560.3591
12238.47,25003735.4944
12240.085,24890930.3469
12241.7,24947269.1277
12243.315,25159721.4674
12244.93,25245361.1669
12246.545,25020907.3916
12248.16,25163233.3928
12249.775,24998351.889
12251.39,24992634.0102
12253.005,25215307.4134
12254.62,24896603.39
12256.235,24852778.3798
12257.85,24919407.1727
12259.465,24985314.2598
12261.08,24916497.5288
12262.695,24892825.5149
12264.31,24766705.6013
12265.925,24764865.7997
12267.54,24904224.0813
12269.155,25280249.5985
12270.77,25205121.6721
12272.385,25179143.6031
12274,24992965.0369
12275.615,24981362.0013
12277.23,24925717.8084
12278.845,25145788.5336
12280.46,24987591.2016
12282.075,24895563.719
12283.69,25027942.4109
12285.305,25147393.7135
12286.92,24956981.157
12288.535,24811240.9443
12290.15,24861870.5751
12291.765,24985352.9868
12293.38,25005608.3329
12294.995,25205590.0119
12296.61,25026936.37
12298.225,25062251.0857
12299.84,25091458.9523
12301.455,5196.0545
12303.07,25018292.4126
12304.685,25266906.9745
12306.3,24992203.3432
12307.915,24857455.5518
12309.53,24917005.6705
12311.145,24951028.61
12312.76,24885297.9351
12314.375,25049961.103
12315.99,24847341.0426
12317.605,24922902.8958
12319.22,24864852.7955
12320.835,24976185.4275
12322.45,24913042.5337
12324.065,24969841.4239
12325.68,24607717.0329
12327.295,24640425.6025
12328.91,24658741.5622
12330.525,24689109.4855
12332.14,24615969.9651
12333.755,24793330.5886
12335.37,24884654.4699
12336.985,24915931.3096
12338.6,24616231.3142
12340.215,24407955.8281
12341.83,24183841.704
12343.445,24378658.9819
12345.06,24310120.3881
12346.675,24405088.7978
12348.29,24623891.9209
12349.905,24743014.6664
12351.52,24767811.6528
12353.135,24724046.5109
12354.75,24683768.1868
12356.365,24724904.8754
12357.98,24793360.3712
12359.595,24990365.7525
12361.21,25003395.9957
12362.825,24951332.1189
12364.44,24985651.5828
12366.055,25120806.2966
12367.67,24978120.548
12369.285,25216626.6943
12370.9,25046380.2756
12372.515,24785059.9515
12374.13,24954672.2532
12375.745,25004453.2524
12377.36,25009582.9618
12378.975,25014434.1806
12380.59,24970200.9965
12382.205,24694774.4525
12383.82,24907975.1491
12385.435,24985155.0782
12387.05,25147185.8953
12388.665,24970479.7678
12390.28,24725573.3013
12391.895,24910263.1516
12393.51,24728790.7608
12395.125,24649647.18
12396.74,24804597.7627
12398.355,24758001.8593
12399.97,24775999.9079
12401.585,24592247.3545
12403.2,24643322.7873
12404.815,24419726.3518
12406.43,24642020.5753
12408.045,24479541.6206
12409.66,24431393.8303
12411.275,24471152.6843
12412.89,24540437.5635
12414.505,24513079.8953
12416.12,24687149.5102
12417.735,24931640.2009
12419.35,24772904.1301
12420.965,24891354.0592
12422.58,24903547.0345
12424.195,24775773.1985
12425.81,24626461.1158
12427.425,24773342.6799
12429.04,24762254.6161
12430.655,24949275.0098
12432.27,25048137.552
12433.885,24932598.6243
12435.5,24663348.5994
12437.115,24689305.0213
12438.73,25020178.4167
12440.345,25076060.0858
12441.96,24989578.5179
12443.575,24930779.3298
12445.19,24877227.8899
12446.805,24881655.4894
12448.42,24927324.4313
12450.035,25160990.3246
12451.65,24916427.048
12453.265,24968050.3221
12454.88,25100203.5543
12456.495,25144348.1511
12458.11,24946784.8553
12459.725,24920067.2176
12461.34,24964190.9186
12462.955,25303629.4078
12464.57,24993742.5349
12466.185,24899667.9086
12467.8,25033940.517
12469.415,25068559.8712
12471.03,24880564.2809
12472.645,25163477.582
12474.26,25181282.4043
12475.875,25069185.3879
12477.49,25063982.916
12479.105,25138982.0962
12480.72,25136103.5459
12482.335,24978417.6861
12483.95,25245186.1606
12485.565,24945504.2308
12487.18,25147984.583
12488.795,25206828.1772
12490.41,25078072.9579
12492.025,25253361.5215
12493.64,25236301.7406
12495.255,25133018.6931
12496.87,25350038.0504
12498.485,25138855.587
12500.1,25030717.0251
12501.715,25226289.8099
12503.33,25102754.3656
12504.945,25143426.7348
12506.56,25245870.1156
12508.175,25491921.1394
12509.79,25410892.5661
12511.405,25309975.6502
12513.02,25569035.1919
12514.635,25525344.5736
12516.25,25427695.4497
12517.865,25382130.3379
12519.48,25265103.4732
12521.095,25177921.5248
12522.71,25332159.322
12524.325,25322702.8493
12525.94,25383482.5589
12527.555,25468436.6279
12529.17,25380132.8665
12530.785,25523279.2043
12532.4,25364633.7812
12534.015,25175824.2122
12535.63,25185468.2413
12537.245,25350307.1985
12538.86,25461045.0447
12540.475,25332825.0869
12542.09,25308989.8319
12543.705,25235133.5577
12545.32,25167953.8255
12546.935,25095576.3075
12548.55,25159097.1724
12550.165,25168819.6747
12551.78,25200795.6396
12553.395,25266879.6093
12555.01,25207485.1353
12556.625,25293008.1422
12558.24,25321124.7036
12559.855,25466383.2844
12561.47,25387027.8726
12563.085,25293996.5155
12564.7,25116577.5745
12566.315,25382826.5939
12567.93,25132194.9219
12569.545,25080651.7816
12571.16,25097684.9634
12572.775,24965774.9702
12574.39,25083635.0526
12576.005,25049716.9492
12577.62,25162434.4783
12579.235,25085751.7808
12580.85,24903769.4223
12582.465,24955734.1105
12584.08,24911403.6512
12585.695,25102401.7496
12587.31,25030786.3679
12588.925,25096086.861
12590.54,25319476.1553
12592.155,25269203.8693
12593.77,25352774.5661
12595.385,25230621.5215
12597,25304544.3919
12598.615,25274365.6467
12600.23,25412063.8358
12601.845,25179165.8787
12603.46,25288559.6172
12605.075,25182082.7767
12606.69,25221237.1307
12608.305,24883036.3085
12609.92,24895958.4037
12611.535,25121900.6812
12613.15,25232574.4119
12614.765,25183615.791
12616.38,25132583.7955
12617.995,25217001.5729
12619.61,25212323.2777
12621.225,25294004.6362
12622.84,25313300.352
12624.455,25200447.4605
12626.07,25063831.3457
12627.685,25146615.029
12629.3,24930645.5144
12630.915,24962855.6344
12632.53,24989155.8469
12634.145,25268160.7898
12635.76,25145135.4341
12637.375,25406944.0454
12638.99,25154947.2508
12640.605,25156911.9363
12642.22,24928386.945
12643.835,25184772.612
12645.45,25099076.9362
12647.065,25306444.9117
12648.68,24991627.4728
12650.295,25150687.039
12651.91,25299146.9366
12653.525,25032502.8253
12655.14,25255525.4731
12656.755,25114625.9245
12658.37,25088208.3853
12659.985,25110100.3916
12661.6,24931072.6298
12663.215,24875185.5513
12664.83,24944896.0451
12666.445,25041836.7329
12668.06,25127125.5012
12669.675,25328159.8699
12671.29,25157273.0282
12672.905,25300282.0473
12674.52,25321967.5538
12676.135,25119299.4444
12677.75,25213684.0323
12679.365,25143900.973
12680.98,25142381.9854
12682.595,25301449.6741
12684.21,25434221.0926
12685.825,25221093.2719
12687.44,25538104.339
12689.055,25554375.6264
12690.67,25405280.5406
12692.285,25237411.8217
12693.9,25567768.1068
12695.515,25410967.1082
12697.13,25447689.3165
12698.745,25260795.6829
12700.36,25338820.902
12701.975,25560993.4548
12703.59,25403637.8405
12705.205,25448202.1293
12706.82,25372342.5429
12708.435,25574527.5645
12710.05,25584004.8827
12711.665,25464472.5408
12713.28,25600304.4111
12714.895,25508377.0841
12716.51,25432977.5904
12718.125,25477467.6105
12719.74,25337724.6243
12721.355,25541771.6785
12722.97,25526256.2905
12724.585,25570509.6731
12726.2,25484418.9109
12727.815,25368990.5261
12729.43,25156575.0596
12731.045,25380243.2664
12732.66,25339773.7429
12734.275,25254444.4327
12735.89,25221713.6823
12737.505,25271415.8011
12739.12,25231655.9429
12740.735,25233381.0436
12742.35,25231507.8183
12743.965,25265039.1661
12745.58,25249553.9847
12747.195,25294802.6172
12748.81,25340958.3438
12750.425,25356955.3284
12752.04,25264149.325
12753.655,25366342.78
12755.27,25205020.8304
12756.885,25262494.8279
12758.5,25453338.1277
12760.115,25425328.7323
12761.73,25648621.445
12763.345,25634470.6218
12764.96,25883242.0575
12766.575,25853786.714
12768.19,25894479.6275
12769.805,25915901.3433
12771.42,25798514.0841
12773.035,25756791.0857
12774.65,25766793.8822
12776.265,25613610.2308
12777.88,25614484.3978
12779.495,25439335.0069
12781.11,25519119.6726
12782.725,25521712.6641
12784.34,25411427.7048
12785.955,25352861.0427
12787.57,25356543.8798
12789.185,25518643.32
12790.8,25431479.9727
12792.415,25370564.1066
12794.03,25406913.6826
12795.645,25424419.749
12797.26,25376040.0834
12798.875,25129493.8345
12800.49,24843049.5271
12802.105,24935526.1514
12803.72,24980653.3867
12805.335,24891343.9842
12806.95,24934475.1986
12808.565,24989586.9342
12810.18,24978642.1807
12811.795,24878910.7043
12813.41,24581069.5747
12815.025,24336769.1517
12816.64,24452952.9969
12818.255,24587017.4989
12819.87,24710209.5636
12821.485,24744832.0009
12823.1,24858757.4608
12824.715,25077536.4395
12826.33,25270352.8597
12827.945,25167770.7692
12829.56,24976395.5812
12831.175,24979466.2234
12832.79,25201745.0497
12834.405,25184604.7203
12836.02,24998429.1814
12837.635,25043241.9047
12839.25,25023873.7444
12840.865,25001816.3047
12842.48,25104930.6907
12844.095,25191078.0261
12845.71,25357059.3574
12847.325,25240571.1013
12848.94,25046725.3604
12850.555,25106860.3497
12852.17,25189323.3455
12853.785,25023675.8135
12855.4,24861380.0341
12857.015,25047676.6877
12858.63,25025857.8511
12860.245,25195155.0346
12861.86,25255005.2741
12863.475,25344351.7245
12865.09,25101568.186
12866.705,25100120.0045
12868.32,25010590.0385
12869.935,25156849.0072
12871.55,25001086.6418
12873.165,24886664.9154
12874.78,24878890.2567
12876.395,24685389.2881
12878.01,24657981.7058
12879.625,24427344.3692
12881.24,24833432.1194
12882.855,24843109.9031
12884.47,24742435.3633
12886.085,25011046.5571
12887.7,24819700.248
12889.315,24670439.3607
12890.93,24702442.1999
12892.545,24673151.0773
12894.16,24875801.4764
12895.775,24800205.041
12897.39,24631772.9071
12899.005,24619886.9943
12900.62,24723487.41
12902.235,24839948.7881
12903.85,24758976.8085
12905.465,24490431.7404
12907.08,24918456.4665
12908.695,24653348.687
12910.31,24500415.034
12911.925,24413665.0897
12913.54,24622011.4955
12915.155,24752271.1552
12916.77,24619364.1901
12918.385,24662405.9339
12920,24991976.1187
12921.615,24842682.1611
12923.23,24631404.2487
12924.845,24786491.0307
12926.46,24877594.3689
12928.075,25115298.6664
12929.69,25241767.8079
12931.305,25158210.7175
12932.92,25067628.8893
12934.535,25148497.7566
12936.15,25022120.5849
12937.765,25063567.3783
12939.38,25028327.491
12940.995,24990004.8355
12942.61,24865842.7346
12944.225,24838243.8599
12945.84,24636959.0781
12947.455,24938941.116
12949.07,24912095.2323
12950.685,25059944.9507
12952.3,25327802.5436
12953.915,25353032.9715
12955.53,25350558.8482
12957.145,25291727.3057
12958.76,25102648.2464
12960.375,24998910.7668
12961.99,25132518.964
12963.605,25274500.4494
12965.22,25339628.324
12966.835,25329960.5781
12968.45,25388161.3655
12970.065,25393546.6445
12971.68,25501008.9945
12973.295,25271326.7917
12974.91,25303209.792
12976.525,25386311.5558
12978.14,25284569.5763
12979.755,25135194.6946
12981.37,25330896.075
12982.985,25059910.5211
12984.6,25189734.3032
12986.215,25052593.5358
12987.83,25036862.9657
12989.445,25213951.3245
12991.06,25142974.3351
12992.675,25050813.5467
12994.29,25061083.1892
12995.905,25091636.1083
12997.52,25146282.5706
12999.135,25042245.9166
13000.75,25117842.9488
13002.365,25140213.4797
13003.98,24931208.8421
13005.595,25167501.9037
13007.21,25090751.7733
13008.825,24925359.8573
13010.44,24861689.8842
13012.055,24994207.0738
13013.67,24960740.0107
13015.285,25247946.3112
13016.9,24920042.1954
13018.515,25071653.7001
13020.13,25108244.4602
13021.745,24970693.7708
13023.36,25016496.807
13024.975,25137654.3655
13026.59,25343135.2937
13028.205,25264624.1267
13029.82,25423172.2375
13031.435,25277734.9201
13033.05,25260821.977
13034.665,25357697.5005
13036.28,25292333.9201
13037.895,25004005.9628
13039.51,25184068.6333
13041.125,25088202.4496
13042.74,25227238.0447
13044.355,24954308.1618
13045.97,25155919.154
13047.585,25013310.389
13049.2,25352826.879
13050.815,25316434.9722
13052.43,25139010.3056
13054.045,25026689.0716
13055.66,25105237.1117
13057.275,25106913.0792
13058.89,25112915.1759
13060.505,25031296.5736
13062.12,24823235.3714
13063.735,25183540.546
13065.35,25488137.6094
13066.965,25271238.7716
13068.58,25223850.8154
13070.195,25242776.0896
13071.81,25177394.9587
13073.425,25150376.4322
13075.04,25187368.8243
13076.655,25083283.9149
13078.27,25176057.2571
13079.885,25151440.1249
13081.5,25038208.6728
13083.115,24935217.2479
13084.73,24961371.4148
13086.345,25319831.2501
13087.96,25130915.4485
13089.575,25145219.923
13091.19,25230494.0491
13092.805,25278227.7242
13094.42,25379344.386
13096.035,25342518.6582
13097.65,25437634.0786
13099.265,25287879.61
13100.88,25345898.135
13102.495,25644400.1928
13104.11,25510676.6288
13105.725,25438334.0835
13107.34,25422146.8796
13108.955,25417319.3143
13110.57,25371660.6687
13112.185,25238124.6352
13113.8,25356089.7637
13115.415,25288794.2891
13117.03,25238581.5275
13118.645,25205613.1169
13120.26,25157216.1128
13121.875,25124991.9402
13123.49,24989639.9259
13125.105,25061169.5525
13126.72,25098705.0831
13128.335,25043595.1902
13129.95,25058898.7379
13131.565,25120167.6496
13133.18,24848279.5241
13134.795,25078253.3402
13136.41,25009321.6722
13138.025,24920254.7871
13139.64,25120862.6783
13141.255,25124010.2334
13142.87,25296943.9678
13144.485,25037119.2122
13146.1,25371917.3857
13147.715,25131415.9994
13149.33,25156083.2448
13150.945,25061181.117
13152.56,24987302.1098
13154.175,25041210.067
13155.79,24890793.9672
13157.405,24940322.7236
13159.02,25062674.772
13160.635,25134674.9307
13162.25,25268581.9062
13163.865,25129782.175
13165.48,25333669.8003
13167.095,25072073.8644
13168.71,24913764.9852
13170.325,24920097.1862
13171.94,24915617.3648
13173.555,25099840.2123
13175.17,25118041.7947
13176.785,25182097.9265
13178.4,25239352.7775
13180.015,25293039.5463
13181.63,24845384.076
13183.245,25190956.2086
13184.86,25136080.9096
13186.475,24895131.0771
13188.09,25102782.5899
13189.705,25139760.8848
13191.32,25199543.7006
13192.935,25134681.5805
13194.55,25163841.5004
13196.165,25335304.6754
13197.78,25030917.8365
13199.395,25003757.0504
13201.01,24937234.3208
13202.625,25003939.2346
13204.24,42219.5235
13205.855,25162003.642
13207.47,25230558.5012
13209.085,25281357.5467
13210.7,25010753.179
13212.315,24817743.5288
13213.93,24750457.3334
13215.545,25012721.8217
13217.16,24962785.598
13218.775,24719757.7401
13220.39,24921076.7582
13222.005,24900569.7885
13223.62,25075706.8505
13225.235,24900897.6185
13226.85,24876394.2724
13228.465,24848986.677
13230.08,24962399.0544
13231.695,24964845.0241
13233.31,24823179.4248
13234.925,24923899.2522
13236.54,25179573.9169
13238.155,25002202.1621
13239.77,25102266.8538
13241.385,25149830.51
13243,25132047.2194
13244.615,25055697.2798
13246.23,25057899.5884
13247.845,24891100.0107
13249.46,25118411.9202
13251.075,25097996.1691
13252.69,25057535.2665
13254.305,25099854.9549
13255.92,25104681.5923
13257.535,25182242.8601
13259.15,25256373.1396
13260.765,25161408.0548
13262.38,25191368.5423
13263.995,25216826.3063
13265.61,25111506.1418
13267.225,25192522.1835
13268.84,25116817.033
13270.455,25167482.3803
13272.07,25052745.4892
13273.685,25006925.2317
13275.3,24993832.2063
13276.915,25378674.305
13278.53,25188920.2556
13280.145,25091752.2913
13281.76,25097283.8149
13283.375,25371857.2552
13284.99,25277081.9453
13286.605,25325358.2196
13288.22,25264628.1489
13289.835,25155676.4265
13291.45,25415698.1255
13293.065,25575986.139
13294.68,25601538.69
13296.295,25555289.147
13297.91,25361952.2749
13299.525,25848786.106
13301.14,25730576.9222
13302.755,25383861.2068
13304.37,25428444.4464
13305.985,25535719.7848
13307.6,25526269.9898
13309.215,25536779.3734
13310.83,25462559.7499
13312.445,25409234.5991
13314.06,25530116.6461
13315.675,25442122.1471
13317.29,25340243.6559
13318.905,25664197.7651
13320.52,25569253.0015
13322.135,25399937.0216
13323.75,25415603.7792
13325.365,25303662.2493
13326.98,25350372.9374
13328.595,25216266.0078
13330.21,25207232.7417
13331.825,25194028.8869
13333.44,25392397.3677
13335.055,25317224.0905
13336.67,25343771.7892
13338.285,25356901.7844
13339.9,25496549.3382
13341.515,25156167.4454
13343.13,25232126.1609
13344.745,25264332.6621
13346.36,25265977.9879
13347.975,25395166.5985
13349.59,25292262.9967
13351.205,25291877.7157
13352.82,25509464.5233
13354.435,25435167.1778
13356.05,25370022.9746
13357.665,25553232.1849
13359.28,25438058.4827
13360.895,25332755.9338
13362.51,25297415.0783
13364.125,25397184.9638
13365.74,25339947.4476
13367.355,25165298.3008
13368.97,25235038.9473
13370.585,25246423.1209
13372.2,25046329.5971
13373.815,25035120.4894
13375.43,25166059.3902
13377.045,25051645.4813
13378.66,25192227.8235
13380.275,25123591.2574
13381.89,24960716.558
13383.505,25170934.8353
13385.12,25071071.7639
13386.735,25059647.0409
13388.35,24830415.5846
13389.965,25226461.1975
13391.58,25351811.8472
13393.195,25429452.5086
13394.81,25266041.023
13396.425,25406063.9892
13398.04,25459189.2695
13399.655,25350460.0836
13401.27,25294282.6655
13402.885,25171299.4845
13404.5,25232038.5908
13406.115,25435114.9411
13407.73,25155995.9517
13409.345,25210401.7636
13410.96,25278182.3809
13412.575,25276490.5216
13414.19,25220245.1555
13415.805,25245515.0227
13417.42,25158441.4863
13419.035,25365446.0343
13420.65,25323058.6061
13422.265,25285008.3752
13423.88,25369223.4352
13425.495,25263430.1686
13427.11,25175035.6126
13428.725,25456892.2482
13430.34,25352895.3106
13431.955,25415901.5607
13433.57,25209336.5219
13435.185,25519663.3094
13436.8,25319418.3585
13438.415,25039294.6708
13440.03,25116009.3544
13441.645,25247980.2778
13443.26,25307669.1657
13444.875,24893783.3487
13446.49,24978134.1487
13448.105,24873119.2262
13449.72,25075539.4237
13451.335,24884917.5336
13452.95,25078101.9316
13454.565,24893221.862
13456.18,24893264.7564
13457.795,24982856.4224
13459.41,24855143.6225
13461.025,25100062.2152
13462.64,25403022.185
13464.255,25386605.6405
13465.87,25344524.3618
13467.485,25422524.951
13469.1,7058.7658
13470.715,25201445.5723
13472.33,25208771.7828
13473.945,25202509.2073
13475.56,25209467.2578
13477.175,25157212.0925
13478.79,25292017.8703
13480.405,25239735.9925
13482.02,25507077.1054
13483.635,25209669.5159
13485.25,25433506.5628
13486.865,25392368.2545
13488.48,25359387.6303
13490.095,25295316.1014
13491.71,25388346.6626
13493.325,25339956.5687
13494.94,25038055.929
13496.555,24824259.9502
13498.17,24947393.4203
13499.785,25072249.6276
13501.4,25252071.6848
13503.015,25271340.6993
13504.63,25084393.6966
13506.245,25123800.4813
13507.86,25116233.5794
13509.475,25287864.2128
13511.09,25359950.296
13512.705,25347499.553
13514.32,25305175.7383
13515.935,25302275.7121
13517.55,25533128.8108
13519.165,25381487.3413
13520.78,25395570.9585
13522.395,25340164.2288
13524.01,25315240.3595
13525.625,25232807.2169
13527.24,25221367.0057
13528.855,24855789.6966
13530.47,24791104.4033
13532.085,24830388.5002
13533.7,24834964.7971
13535.315,24895861.6511
13536.93,25029877.3585
13538.545,24824158.6324
13540.16,24720634.0009
13541.775,24719697.1856
13543.39,25182341.078
13545.005,25525093.8016
13546.62,25524535.0652
13548.235,25344256.5879
13549.85,25634671.8552
13551.465,25575523.071
13553.08,25539882.0371
13554.695,25427939.8955
13556.31,25205989.8941
13557.925,25165250.1384
13559.54,24987764.817
13561.155,25295326.7231
13562.77,25118608.5383
13564.385,25156987.066
13566,25199233.964
13567.615,25100754.7465
13569.23,25185169.3478
13570.845,25133845.1086
13572.46,25153459.6635
13574.075,25115977.3608
13575.69,25337267.0068
13577.305,25079172.8691
13578.92,25017701.0671
13580.535,24880083.4635
13582.15,24883997.841
13583.765,25018009.0241
13585.38,24987348.3513
13586.995,25054539.3933
13588.61,24908996.0144
13590.225,24953416.3663
13591.84,24834591.9937
13593.455,24746382.8018
13595.07,24843634.0778
13596.685,25102277.1446
13598.3,25187325.4632
13599.915,25027554.7869
13601.53,25158376.5823
13603.145,25206013.6387
13604.76,25000595.9465
13606.375,25178282.1221
13607.99,25181483.634
13609.605,25244454.11
13611.22,24919076.5849
13612.835,24607389.0169
13614.45,24643712.8046
13616.065,24253933.081
13617.68,24279125.7358
13619.295,24466986.3112
13620.91,24641239.2261
13622.525,24805513.3215
13624.14,24832993.2386
13625.755,24753179.9154
13627.37,24845843.9604
13628.985,24529248.9313
13630.6,24623356.6484
13632.215,24553283.0079
13633.83,24604760.5431
13635.445,24692087.8063
13637.06,24424900.8467
13638.675,24464270.0647
13640.29,24634842.9077
13641.905,24872525.9244
13643.52,24742886.8332
13645.135,24817761.784
13646.75,25056428.8153
13648.365,24919884.1594
13649.98,24942130.3326
13651.595,24621492.3899
13653.21,24778347.5127
13654.825,24707883.9963
13656.44,24674155.7217
13658.055,24887119.5093
13659.67,24857632.9235
13661.285,24704205.9011
13662.9,24677859.7242
13664.515,24456434.0165
13666.13,24410648.8321
13667.745,24690496.2942
13669.36,24667468.2958
13670.975,24538612.8577
13672.59,24638643.5475
13674.205,24710850.1204
13675.82,24576814.3801
13677.435,24516266.0083
13679.05,24646497.4232
13680.665,24754988.2943
13682.28,25000072.6941
13683.895,24974400.6352
13685.51,24895628.4891
13687.125,24726709.8643
13688.74,24892207.2262
13690.355,25149374.1048
13691.97,25163707.8245
13693.585,25145951.4584
13695.2,25125378.2477
13696.815,25385967.6871
13698.43,25371941.9671
13700.045,25404563.134
13701.66,25009805.2138
13703.275,25035691.3576
13704.89,25027357.8639
13706.505,25255441.6147
13708.12,25248336.6538
13709.735,25077532.6571
13711.35,25243932.9254
13712.965,25291471.2749
13714.58,25561417.5595
13716.195,25391235.565
13717.81,25238132.6238
13719.425,25072637.9768
13721.04,25004059.2892
13722.655,25005940.0661
13724.27,25123786.5217
13725.885,24933594.5418
13727.5,25124277.8623
13729.115,24835156.1935
13730.73,24754611.2177
13732.345,24804929.3286
13733.96,24680873.8898
13735.575,24786856.7268
13737.19,24847402.7203
13738.805,24979697.0758
13740.42,24984196.932
13742.035,24993369.1625
13743.65,25097015.8421
13745.265,25098373.0188
13746.88,25135585.2957
13748.495,24967556.1066
13750.11,25067065.2808
13751.725,25148296.564
13753.34,25137009.991
13754.955,25115525.439
13756.57,25111787.3212
13758.185,24784859.4768
13759.8,24900427.9082
13761.415,25218427.9325
13763.03,25008278.0682
13764.645,25006603.3243
13766.26,24910606.3936
13767.875,24726046.6879
13769.49,25000733.0402
13771.105,25122720.7203
13772.72,25002659.9396
13774.335,24931438.7926
13775.95,24949864.0625
13777.565,24782398.0784
13779.18,25084072.799
13780.795,25203954.9434
13782.41,25383260.796
13784.025,25136905.9416
13785.64,25381264.2172
13787.255,25254868.543
13788.87,25137699.5471
13790.485,25020393.4816
13792.1,24606561.0319
13793.715,24534231.7303
13795.33,24914230.8294
13796.945,25087183.1835
13798.56,25047984.005
13800.175,25146925.2956
13801.79,25263726.9534
13803.405,25048204.2896
13805.02,24842674.6318
13806.635,24728250.724
13808.25,25126241.512
13809.865,25245606.602
13811.48,25182900.6326
13813.095,25557145.2123
13814.71,25504758.478
13816.325,25225083.7275
13817.94,25373196.0484
13819.555,25223247.1857
13821.17,25132248.7932
13822.785,25189287.8355
13824.4,24872709.6484
13826.015,24881459.7044
13827.63,24973459.396
13829.245,24827596.4267
13830.86,24861081.6836
13832.475,25056881.7096
13834.09,24880654.6273
13835.705,24932429.3584
13837.32,24748520.6676
13838.935,24676041.2926
13840.55,24592068.9434
13842.165,24342748.6957
13843.78,24458478.0102
13845.395,24209557.9348
13847.01,24302250.5705
13848.625,24415470.3297
13850.24,24352584.8837
13851.855,24371371.5709
13853.47,24395698.1255
13855.085,24440550.7381
13856.7,24492656.611
13858.315,24527159.6836
13859.93,24702379.4846
13861.545,24742041.454
13863.16,24978202.9169
13864.775,24670061.4808
13866.39,24565759.4907
13868.005,24319644.543
13869.62,24205356.6467
13871.235,24182341.9162
13872.85,24125007.8761
13874.465,24051447.1743
13876.08,23990339.0935
13877.695,24140222.6097
13879.31,23905075.7472
13880.925,23911024.9582
13882.54,24103326.3286
13884.155,24066148.8662
13885.77,24098621.8304
13887.385,24053376.4279
13889,24151150.5919
13890.615,24428222.0898
13892.23,24290292.0886
13893.845,23973540.3493
13895.46,24141698.4427
13897.075,24650796.745
13898.69,24510003.2077
13900.305,24391749.3537
13901.92,24031640.215
13903.535,23844825.3819
13905.15,23567102.6572
13906.765,23671537.6499
13908.38,23426516.7297
13909.995,23296150.763
13911.61,23294303.6627
13913.225,23742705.2641
13914.84,23730960.1604
13916.455,23776995.8324
13918.07,23796231.4419
13919.685,23533030.1085
13921.3,23441497.6448
13922.915,23519771.3504
13924.53,23560823.327
13926.145,23409800.3916
13927.76,23318044.7293
13929.375,23325088.9702
13930.99,23641821.2623
13932.605,23792100.4115
13934.22,23780342.5606
13935.835,23819661.0723
13937.45,24109434.1874
13939.065,24198300.2481
13940.68,24179990.1608
13942.295,23971147.0589
13943.91,23934372.7832
13945.525,23802076.8693
13947.14,23894127.8492
13948.755,23891185.838
13950.37,24080181.3419
13951.985,23976439.628
13953.6,24118259.2727
13955.215,24152174.5961
13956.83,24207590.7909
13958.445,24342342.2381
13960.06,24423195.8069
13961.675,24365377.4405
13963.29,24375675.0154
13964.905,24654182.7415
13966.52,24565573.5428
13968.135,24427948.343
13969.75,24068282.3472
13971.365,24301250.1435
13972.98,24404101.1962
13974.595,24038117.5411
13976.21,23915086.7537
13977.825,24135635.3024
13979.44,24102016.271
13981.055,23964163.9658
13982.67,24149105.3579
13984.285,24101962.0241
13985.9,24014708.2951
13987.515,24141244.7078
13989.13,24214109.8956
13990.745,24293644.455
13992.36,24309233.6041
13993.975,24420792.7
13995.59,24362301.0114
13997.205,24565372.5436
13998.82,24263236.2241
14000.435,24244131.0939
14002.05,24548484.035
14003.665,24712009.9464
14005.28,24760118.9055
14006.895,24367906.1938
14008.51,24570313.7649
14010.125,24612886.148
14011.74,24378890.5781
14013.355,24124574.615
14014.97,24058937.1483
14016.585,23895190.8836
14018.2,23816753.0742
14019.815,23873688.093
14021.43,24236428.0113
14023.045,23887348.2266
14024.66,24120213.0241
14026.275,24146008.6206
14027.89,24101784.0165
14029.505,24026256.6821
14031.12,23987470.4249
14032.735,24045872.3175
14034.35,24320232.0467
14035.965,24441762.7674
14037.58,24328585.1512
14039.195,24089250.2835
14040.81,24015206.3301
14042.425,24339278.3703
14044.04,24318609.4447
14045.655,24236419.0928
14047.27,24018323.7605
14048.885,23779021.1654
14050.5,23846168.069
14052.115,23912436.8988
14053.73,23848259.8291
14055.345,23649690.2989
14056.96,23525709.5807
14058.575,23616155.2692
14060.19,23552198.3036
14061.805,23432515.9664
14063.42,23440052.7714
14065.035,23555436.3651
14066.65,23690492.662
14068.265,23731854.7769
14069.88,23600394.05
14071.495,23685122.1367
14073.11,23841047.5459
14074.725,24060263.3672
14076.34,23782026.7734
14077.955,23680536.1572
14079.57,23399622.2261
14081.185,23480665.3634
14082.8,23525494.1551
14084.415,23568860.8839
14086.03,23456607.5515
14087.645,23517189.531
14089.26,23534419.4927
14090.875,23652958.673
14092.49,23637411.1407
14094.105,23465415.501
14095.72,23519253.195
14097.335,23659842.4641
14098.95,23883431.6436
14100.565,24012359.5578
14102.18,23908538.242
14103.795,24159303.1156
14105.41,23953648.0402
14107.025,24114784.027
14108.64,24164778.7931
14110.255,24035862.86
14111.87,23819377.9534
14113.485,23879920.3411
14115.1,23627095.5263
14116.715,23461707.8818
14118.33,23527755.605
14119.945,23546567.9503
14121.56,23622536.3653
14123.175,23552244.997
14124.79,23661443.274
14126.405,23326923.7547
14128.02,23584509.8436
14129.635,23533036.6356
14131.25,23608123.4137
14132.865,23413421.8466
14134.48,23121493.4956
14136.095,23155983.5271
14137.71,22957642.7258
14139.325,22847004.1277
14140.94,22995825.4239
14142.555,23008766.401
14144.17,23298498.8346
14145.785,23232111.9046
14147.4,23523172.4018
14149.015,23686967.5617
14150.63,23668950.6888
14152.245,23667197.0087
14153.86,23661376.5123
14155.475,23831582.9005
14157.09,23903722.3602
14158.705,24003061.6865
14160.32,24088717.8654
14161.935,24097029.0779
14163.55,23890057.4086
14165.165,23852811.0312
14166.78,23953176.6433
14168.395,23878628.0684
14170.01,23930319.59
14171.625,23946185.8405
14173.24,23848907.0319
14174.855,23800041.4724
14176.47,23806796.9078
14178.085,23748383.1568
14179.7,23893302.3468
14181.315,23600378.2568
14182.93,23747912.6191
14184.545,23869345.875
14186.16,23910885.9826
14187.775,23929123.1624
14189.39,23740162.1624
14191.005,24014624.8291
14192.62,23720780.8364
14194.235,23695503.7783
14195.85,23614512.7662
14197.465,23816157.9519
14199.08,23898574.2171
14200.695,23969978.5451
14202.31,24085592.7439
14203.925,24100287.4532
14205.54,24132251.0614
14207.155,23896969.0001
14208.77,23756842.6056
14210.385,23853285.779
14212,23746452.6109
14213.615,23657727.2049
14215.23,23620460.8708
14216.845,23568030.5001
14218.46,23768792.6488
14220.075,23594836.1654
14221.69,23585753.6657
14223.305,23641325.866
14224.92,23746303.8317
14226.535,23724820.9774
14228.15,23624209.0823
14229.765,23754300.7889
14231.38,23793533.2163
14232.995,23797227.9563
14234.61,23545024.7178
14236.225,23800806.4147
14237.84,23811299.3171
14239.455,24005755.2967
14241.07,24024465.2531
14242.685,24059671.0324
14244.3,24018939.4216
14245.915,23977800.8102
14247.53,24060519.6286
14249.145,24025452.0402
14250.76,24183967.8078
14252.375,24275130.6983
14253.99,24193403.2526
14255.605,24262485.6189
14257.22,24055108.2211
14258.835,24140491.3133
14260.45,24189509.572
14262.065,24194565.3008
14263.68,24011781.2514
14265.295,23959425.5344
14266.91,23993854.6246
14268.525,23926727.9529
14270.14,23877439.6313
14271.755,23693428.5553
14273.37,23692701.9775
14274.985,23636276.4075
14276.6,23918038.801
14278.215,23964290.5382
14279.83,23995402.5749
14281.445,23891112.2387
14283.06,24191972.9694
14284.675,24429283.3855
14286.29,24167129.734
14287.905,24123457.6312
14289.52,24224952.3031
14291.135,24031455.5985
14292.75,23868431.1567
14294.365,23691229.3131
14295.98,23939033.9779
14297.595,23722871.5067
14299.21,23812385.767
14300.825,23981223.7318
14302.44,23851249.7498
14304.055,23762820.6266
14305.67,24043178.8449
14307.285,24073584.3851
14308.9,23811298.7574
14310.515,24003832.1945
14312.13,24036711.5251
14313.745,23774260.0308
14315.36,23854636.5273
14316.975,24203688.5173
14318.59,24085976.9147
14320.205,24282279.6264
14321.82,24046659.7344
14323.435,23773353.2398
14325.05,23943790.5157
14326.665,23831017.2651
14328.28,24117550.4778
14329.895,23883451.4516
14331.51,23766130.3851
14333.125,23788355.7833
14334.74,24038377.5923
14336.355,24462635.7252
14337.97,24030418.3338
14339.585,24018418.6684
14341.2,24227836.1512
14342.815,24082938.3833
14344.43,24067728.6594
14346.045,23921568.4833
14347.66,24036905.2143
14349.275,23917020.8291
14350.89,23863682.5444
14352.505,23849172.9555
14354.12,23868261.3386
14355.735,23503344.013
14357.35,23750447.6521
14358.965,101439.4412
14360.58,23793104.3288
14362.195,23890014.0494
14363.81,23971538.4392
14365.425,24250058.9126
14367.04,2208.6088
14368.655,24266009.756
14370.27,24278920.7534
14371.885,24154535.6492
14373.5,24017531.1164
14375.115,23810553.1804
14376.73,23884580.3179
14378.345,24071781.2948
14379.96,24009823.5801
14381.575,24062845.4228
14383.19,24119286.5795
14384.805,24097299.6709
14386.42,24170842.2886
14388.035,24312138.4298
14389.65,24317700.822
14391.265,24436988.7628
14392.88,1380.6611
14394.495,24514551.4178
14396.11,24468975.2342
14397.725,24133160.9671
14399.34,24191968.0694
14400.955,24109080.8945
14402.57,24101649.6507
14404.185,23959359.2451
14405.8,23732187.438
14407.415,23696095.6036
14409.03,23842510.3379
14410.645,24002252.9498
14412.26,24200641.5788
14413.875,24054763.0414
14415.49,24007799.4856
14417.105,24123202.5618
14418.72,24245012.9687
14420.335,24467589.0559
14421.95,24478423.0153
14423.565,24713482.6684
14425.18,24674281.7158
14426.795,24960698.1708
14428.41,24909997.8788
14430.025,24849135.936
14431.64,24739272.7439
14433.255,24698236.0361
14434.87,25037304.3569
14436.485,24974297.5805
14438.1,25173597.9321
14439.715,25167393.594
14441.33,24891255.7372
14442.945,24861301.4271
14444.56,24855436.3237
14446.175,25173518.2018
14447.79,25359116.2917
14449.405,25416997.6784
14451.02,25572591.0437
14452.635,25474006.224
14454.25,25582772.0878
14455.865,25398568.5555
14457.48,25155218.7233
14459.095,25028893.9595
14460.71,25192800.6926
14462.325,171118.5384
14463.94,25297626.0354
14465.555,25185438.905
14467.17,24918681.506
14468.785,25300259.2194
14470.4,25332299.5305
14472.015,25358937.9567
14473.63,25323414.1677
14475.245,25340475.1536
14476.86,25274240.2644
14478.475,25188031.2123
14480.09,25036828.2256
14481.705,24773183.9223
14483.32,24836049.419
14484.935,24644380.9943
14486.55,24946345.4074
14488.165,24875317.6391
14489.78,25014971.5396
14491.395,24957491.2884
14493.01,24870660.249
14494.625,24875811.3395
14496.24,24917313.4713
14497.855,25048250.3024
14499.47,24732589.1598
14501.085,24896733.6331
14502.7,25043210.7981
14504.315,24907959.6404
14505.93,24759477.326
14507.545,24887695.0301
14509.16,24768351.9238
14510.775,25258628.6333
14512.39,25172143.1548
14514.005,25180615.7821
14515.62,25089915.1377
14517.235,24919051.5219
14518.85,25033414.6333
14520.465,25086474.7902
14522.08,24986399.7929
14523.695,24876635.2371
14525.31,25138349.6805
14526.925,24900680.8596
14528.54,24927761.4692
14530.155,24952197.6334
14531.77,24776949.396
14533.385,24859742.9406
14535,24996312.5684
14536.615,24984155.4602
14538.23,25076114.5409
14539.845,24950853.4921
14541.46,24935684.2563
14543.075,24873526.9669
14544.69,24989922.3233
14546.305,24852151.4851
14547.92,25096488.6046
14549.535,25268905.9409
14551.15,25203469.5106
14552.765,25244266.0719
14554.38,25190844.6949
14555.995,24873206.7294
14557.61,25190406.5784
14559.225,24911583.0536
14560.84,25051318.304
14562.455,25209820.4819
14564.07,25016554.2282
14565.685,25287899.5444
14567.3,25095601.0824
14568.915,25247141.487
14570.53,25128447.4487
14572.145,25173771.9751
14573.76,25076454.9155
14575.375,25107886.7825
14576.99,24846371.7836
14578.605,25011993.5497
14580.22,24983313.9935
14581.835,24942139.5857
14583.45,24658488.2315
14585.065,24829542.7863
14586.68,24416984.0827
14588.295,24375357.0875
14589.91,24253136.3477
14591.525,24515417.8769
14593.14,24595381.7199
14594.755,24441885.8717
14596.37,24308586.6579
14597.985,24290191.9591
14599.6,24381419.2515
14601.215,24256330.9998
14602.83,24370137.2325
14604.445,24380766.3249
14606.06,24358012.1979
14607.675,24452526.525
14609.29,24557118.1033
14610.905,24831872.8649
14612.52,24630457.8381
14614.135,24606395.7102
14615.75,24194004.1656
14617.365,24109933.6561
14618.98,24091879.5271
14620.595,24118700.6639
14622.21,24356062.7402
14623.825,24311198.9888
14625.44,24293005.2483
14627.055,24335623.8971
14628.67,24149413.7909
14630.285,24249292.5049
14631.9,24144002.2439
14633.515,24110926.1148
14635.13,24351682.5463
14636.745,24243629.7359
14638.36,24523279.8993
14639.975,24614978.6593
14641.59,24707710.5706
14643.205,24518085.9071
14644.82,24724529.504
14646.435,24729633.6203
14648.05,24398907.0756
14649.665,24468196.613
14651.28,24551520.3071
14652.895,24583916.6613
14654.51,24552704.7461
14656.125,24547377.66
14657.74,24439667.61
14659.355,24505132.9154
14660.97,24419634.4211
14662.585,24591165.8808
14664.2,24593384.0607
14665.815,24599368.9528
14667.43,24620596.7061
14669.045,24486854.7251
14670.66,24507188.9459
14672.275,24634350.4607
14673.89,24471187.6793
14675.505,24415089.5191
14677.12,24482643.2299
14678.735,24303922.9081
14680.35,24370388.3597
14681.965,24400364.3373
14683.58,24543754.8624
14685.195,24458632.9464
14686.81,24750150.5851
14688.425,24343327.3981
14690.04,24676300.1146
14691.655,24391716.7166
14693.27,24519272.851
14694.885,24366749.3059
14696.5,24426058.4115
14698.115,24577703.5611
14699.73,24546843.148
14701.345,24618276.803
14702.96,24516800.6635
14704.575,24363389.8211
14706.19,24298139.56
14707.805,24284450.133
14709.42,24399766.6879
14711.035,24503875.5707
14712.65,24461378.3786
14714.265,24413570.7136
14715.88,24597914.5605
14717.495,24283226.8143
14719.11,24421974.1154
14720.725,24604479.8416
14722.34,24663008.0258
14723.955,24450751.1346
14725.57,24278664.6129
14727.185,24316769.8141
14728.8,24325162.5662
14730.415,24269308.2735
14732.03,24241874.5123
14733.645,24086319.8071
14735.26,24350991.2907
14736.875,24423542.2623
14738.49,24378624.9223
14740.105,24340147.4403
14741.72,24164664.2204
14743.335,24182600.2213
14744.95,24286386.888
14746.565,23972710.4267
14748.18,23981496.0319
14749.795,23942254.3383
14751.41,23882494.8023
14753.025,23481313.4476
14754.64,23469700.0116
14756.255,23679983.1798
14757.87,23651235.7332
14759.485,23820326.999
14761.1,23659658.0838
14762.715,23844206.9371
14764.33,23613706.4042
14765.945,23486188.5636
14767.56,23592109.219
14769.175,23552206.6716
14770.79,23731517.1061
14772.405,23917519.4276
14774.02,23775854.8101
14775.635,23582248.4812
14777.25,23910324.892
14778.865,23957301.7399
14780.48,24011139.6273
14782.095,24231978.5788
14783.71,24254917.5064
14785.325,24218342.3442
14786.94,24206925.0409
14788.555,24255181.8885
14790.17,24095625.5574
14791.785,24021118.8261
14793.4,23996405.0064
14795.015,24227363.0658
14796.63,24278931.3752
14798.245,24284305.7739
14799.86,24453056.1463
14801.475,24348453.4683
14803.09,24285046.0679
14804.705,24394960.3512
14806.32,23968360.2089
14807.935,24077955.2905
14809.55,24019907.7377
14811.165,24308356.3503
14812.78,24168138.3114
14814.395,24294358.8342
14816.01,24387684.4341
14817.625,24334522.4852
14819.24,23977277.2305
14820.855,24231628.2128
14822.47,24280950.4155
14824.085,24189352.3913
14825.7,24329434.8743
14827.315,24531882.8907
14828.93,24533830.1857
14830.545,24666909.3697
14832.16,24525427.7379
14833.775,24366556.2693
14835.39,24604815.9671
14837.005,24606909.6834
14838.62,24405955.785
14840.235,24576293.811
14841.85,24547957.2179
14843.465,24592765.7795
14845.08,24749911.2326
14846.695,24634728.759
14848.31,24932561.6954
14849.925,24870750.9246
14851.54,24591657.8462
14853.155,24495621.1322
14854.77,24803632.0537
14856.385,24858070.7945
14858,24856149.855
14859.615,24992914.4496
14861.23,25102031.5384
14862.845,24629779.458
14864.46,24802819.0995
14866.075,24980458.63
14867.69,24772650.3085
14869.305,24764685.4081
14870.92,24879176.1389
14872.535,25150407.6392
14874.15,24695412.0861
14875.765,25104103.4347
14877.38,25027334.9096
14878.995,25106013.9403
14880.61,24884744.7847
14882.225,25020205.371
14883.84,25103697.946
14885.455,24930016.0536
14887.07,24964826.728
14888.685,24858807.7989
14890.3,24932451.6395
14891.915,24803762.3917
14893.53,24884961.9843
14895.145,24807431.3508
14896.76,24918273.5775
14898.375,24974032.0734
14899.99,24826215.2989
14901.605,24854357.0015
14903.22,25049602.3821
14904.835,24960071.7931
14906.45,24768938.1612
14908.065,24517695.2092
14909.68,24635585.8794
14911.295,24469457.0669
14912.91,24439942.8369
14914.525,24653719.1454
14916.14,24781041.8463
14917.755,24841751.6478
14919.37,24959401.9576
14920.985,25046454.2598
14922.6,25129680.1803
14924.215,25590325.5303
14925.83,25350064.5565
14927.445,25551466.8342
14929.06,25513074.0177
14930.675,25282215.3626
14932.29,25547492.1049
14933.905,25516633.2929
14935.52,25300127.8735
14937.135,25277694.5827
14938.75,25366196.7827
14940.365,25338798.1131
14941.98,25379653.5256
14943.595,25382215.6133
14945.21,25216322.1719
14946.825,25217866.0274
14948.44,24947678.8711
14950.055,24941747.0209
14951.67,24849242.4512
14953.285,24834255.1765
14954.9,24833320.1928
14956.515,25032934.1507
14958.13,24925238.3708
14959.745,24728064.7687
14961.36,24808918.1422
14962.975,24949794.4911
14964.59,25119828.2903
14966.205,25101438.96
14967.82,24858238.2548
14969.435,25084148.7116
14971.05,24889585.2331
14972.665,25063386.0272
14974.28,24975851.0276
14975.895,24966489.223
14977.51,24992477.7222
14979.125,24642733.5989
14980.74,24738865.8791
14982.355,24850939.3685
14983.97,24564320.0399
14985.585,24666762.16
14987.2,24552625.5254
14988.815,24633474.1143
14990.43,24794567.1212
14992.045,24718554.1737
14993.66,24709595.0275
14995.275,25024446.2154
14996.89,24983256.4403
14998.505,24687907.5815
15000.12,24933255.6381
15001.735,24814966.0062
15003.35,24736420.272
15004.965,24890023.9055
15006.58,24996066.4602
15008.195,24979786.8923
15009.81,25109497.8515
15011.425,24854019.3028
15013.04,25100170.1846
15014.655,25105808.4187
15016.27,25052877.8969
15017.885,25201652.072
15019.5,25132310.5936
15021.115,25386738.2731
15022.73,25132985.4833
15024.345,25174235.376
15025.96,25644704.2745
15027.575,25231351.3778
15029.19,25534859.3079
15030.805,25474856.9736
15032.42,25451282.443
15034.035,25360884.2773
15035.65,25300604.611
15037.265,25061279.6752
15038.88,24786198.8911
15040.495,25088886.0922
15042.11,25172033.1343
15043.725,25112853.1653
15045.34,25186054.3095
15046.955,25075105.2477
15048.57,25214349.8474
15050.185,25049029.7492
15051.8,25181757.5054
15053.415,25303299.6103
15055.03,25454458.931
15056.645,25793333.8879
15058.26,25408741.4938
15059.875,25362561.606
15061.49,25914549.7174
15063.105,25745331.1279
15064.72,25655749.496
15066.335,25768253.6636
15067.95,25981229.3486
15069.565,25965708.7576
15071.18,25867932.0423
15072.795,25829669.2234
15074.41,25669302.2812
15076.025,25477952.4445
15077.64,25414453.0408
15079.255,25569931.5248
15080.87,25598529.4931
15082.485,25803034.4066
15084.1,25867300.9655
15085.715,26031858.3118
15087.33,25870142.334
15088.945,25700154.674
15090.56,25584957.9933
15092.175,25710382.0079
15093.79,25881154.9463
15095.405,26170282.8204
15097.02,25961528.5066
15098.635,26119291.2963
15100.25,25850319.2821
15101.865,25903373.3304
15103.48,25847274.1103
15105.095,25525545.6583
15106.71,25438586.3022
15108.325,25602618.4994
15109.94,25674091.1157
15111.555,25476021.4783
15113.17,25430988.4833
15114.785,25569072.5057
15116.4,25384076.0857
15118.015,25622760.2602
15119.63,25677337.1045
15121.245,25627272.8766
15122.86,25550595.5254
15124.475,25624691.9833
15126.09,25530856.8787
15127.705,25635060.5987
15129.32,25778305.9968
15130.935,25670716.9219
15132.55,25954201.0408
15134.165,25817303.9977
15135.78,25924787.7047
15137.395,25674253.293
15139.01,25147703.1469
15140.625,25692314.823
15142.24,25520146.0979
15143.855,25558668.0214
15145.47,25697412.3156
15147.085,25593563.153
15148.7,25400190.9827
15150.315,25408070.3548
15151.93,25403256.446
15153.545,25446212.2524
15155.16,25576285.7633
15156.775,25572230.3331
15158.39,25512306.1819
15160.005,25248671.7919
15161.62,25413220.7796
15163.235,25509555.7642
15164.85,25583985.8948
15166.465,25599935.2674
15168.08,25714682.8546
15169.695,25566330.5137
15171.31,25223438.3906
15172.925,25507504.3212
15174.54,25449497.4276
15176.155,25188859.1265
15177.77,25240044.8495
15179.385,25053894.4852
15181,25145076.4379
15182.615,25102632.8903
15184.23,25106552.1733
15185.845,24982920.9917
15187.46,24953498.0491
15189.075,24754314.7044
15190.69,24961938.5582
15192.305,24994116.785
15193.92,24967267.2826
15195.535,24892404.8373
15197.15,24856821.2022
15198.765,25018169.1168
15200.38,25015757.2662
15201.995,24926804.8032
15203.61,24759916.0319
15205.225,24936127.453
15206.84,25009118.3039
15208.455,24697369.0024
15210.07,24921044.9989
15211.685,24875217.3571
15213.3,24929399.8198
15214.915,25154711.7383
15216.53,25200661.8094
15218.145,25088337.4551
15219.76,25033378.9578
15221.375,24918690.8949
15222.99,25015042.277
15224.605,24775119.6025
15226.22,25294542.765
15227.835,25512371.3518
15229.45,25377918.1082
15231.065,25311627.0419
15232.68,25280125.9642
15234.295,25288009.5463
15235.91,25357824.0728
15237.525,25231427.9691
15239.14,25147178.1168
15240.755,25035259.134
15242.37,25213768.3165
15243.985,24893674.0163
15245.6,263775.8202
15247.215,24944151.8889
15248.83,24862497.0402
15250.445,24874827.3919
15252.06,24798357.2489
15253.675,24823126.8645
15255.29,24924376.0715
15256.905,25015846.9711
15258.52,24954764.461
15260.135,24951084.4858
15261.75,24696279.9342
15263.365,24718745.0495
15264.98,24753774.4612
15266.595,24884799.6286
15268.21,24898680.4204
15269.825,24597204.5624
15271.44,24883026.769
15273.055,24706699.0682
15274.67,24940890.3301
15276.285,25021870.8245
15277.9,24783607.9599
15279.515,24526778.7502
15281.13,24728788.5795
15282.745,24601024.8204
15284.36,24798095.6283
15285.975,24843198.9757
15287.59,24791982.559
15289.205,24817085.7098
15290.82,24606168.9711
15292.435,24636631.5344
15294.05,24810185.3277
15295.665,24979842.2028
15297.28,24993300.7458
15298.895,24850066.0476
15300.51,24721238.9343
15302.125,24600800.8706
15303.74,24742013.2446
15305.355,24966435.149
15306.97,24839641.733
15308.585,24779443.0763
15310.2,24742403.9145
15311.815,24779363.7775
15313.43,24936458.6712
15315.045,25034070.6374
15316.66,24901161.3014
15318.275,24976948.4991
15319.89,24943056.7883
15321.505,24976905.6866
15323.12,24790012.5458
15324.735,24812777.9418
15326.35,24622229.3404
15327.965,24600928.966
15329.58,24870488.9841
15331.195,24902740.2615
15332.81,24892118.4809
15334.425,24996483.1211
15336.04,24819218.6031
15337.655,25013280.3405
15339.27,25006840.1943
15340.885,25168403.6943
15342.5,24988918.5325
15344.115,24969400.7041
15345.73,24854936.7248
15347.345,24911520.3624
15348.96,24807406.4402
15350.575,25036977.213
15352.19,24996868.7796
15353.805,24864127.0265
15355.42,24917903.0354
15357.035,24884937.2262
15358.65,24797377.517
15360.265,24815698.6779
15361.88,24760757.8036
15363.495,24863123.7229
15365.11,24887124.0541
15366.725,25100672.2195
15368.34,25080184.366
15369.955,24960430.0361
15371.57,24798879.6013
15373.185,25042978.3093
15374.8,24952425.3283
15376.415,25079711.2602
15378.03,25172769.6961
15379.645,25114447.2362
15381.26,25200747.8825
15382.875,25164220.5927
15384.49,24980212.3638
15386.105,24848837.4088
15387.72,25087137.3716
15389.335,24951549.9694
15390.95,24888036.8012
15392.565,24988280.2109
15394.18,24980106.2111
15395.795,25091293.1173
15397.41,24983950.277
15399.025,24412372.1475
15400.64,24652149.8233
15402.255,24551480.4643
15403.87,24510362.5572
15405.485,24756197.7574
15407.1,24887676.3044
15408.715,24727546.1837
15410.33,24827112.2249
15411.945,24844695.3233
15413.56,24901725.0419
15415.175,24783119.0962
15416.79,24799557.1669
15418.405,24831442.9677
15420.02,24983251.9235
15421.635,24906857.3936
15423.25,24829717.5528
15424.865,24960530.4074
15426.48,24858576.8535
15428.095,24813980.7254
15429.71,24896729.6388
15431.325,24907667.683
15432.94,24831678.4634
15434.555,24848255.281
15436.17,24728319.5164
15437.785,24737036.5951
15439.4,24729579.2246
15441.015,24681674.3329
15442.63,24620771.2828
15444.245,24592584.8635
15445.86,24770419.6026
15447.475,24692544.4644
15449.09,24774095.6392
15450.705,24639590.0324
15452.32,24682436.843
15453.935,24769148.4209
15455.55,24631991.691
15457.165,24765927.8504
15458.78,24435899.438
15460.395,24476135.58
15462.01,24622898.644
15463.625,24806999.6071
15465.24,24723131.629
15466.855,24529080.6454
15468.47,24820395.193
15470.085,24914873.6772
15471.7,24521295.4839
15473.315,24717127.7546
15474.93,24578453.3629
15476.545,24507761.7406
15478.16,24644232.9831
15479.775,24638799.0192
15481.39,24709372.5338
15483.005,24812768.4041
15484.62,24669604.6814
15486.235,24640348.4031
15487.85,24603387.8782
15489.465,24717096.4304
15491.08,24467823.8691
15492.695,24536689.5677
15494.31,24755023.4566
15495.925,24623784.978
15497.54,24507755.552
15499.155,24443267.9349
15500.77,24614547.4213
15502.385,24883156.5008
15504,24653258.718
15505.615,24450466.8088
15507.23,24381322.9786
15508.845,24395604.5248
15510.46,24406577.5287
15512.075,24337655.7683
15513.69,24470254.9271
15515.305,24496437.4224
15516.92,24200860.4446
15518.535,24335720.1941
15520.15,24078029.5518
15521.765,24484117.1178
15523.38,24429380.1492
15524.995,24472807.8936
15526.61,24560538.4587
15528.225,24658311.3954
15529.84,24561637.3881
15531.455,24442707.6011
15533.07,24425498.9833
15534.685,24307342.6201
15536.3,24530851.9578
15537.915,24381479.8971
15539.53,24457523.3915
15541.145,24503209.3297
15542.76,24523653.5934
15544.375,24501519.5476
15545.99,24479287.3043
15547.605,24678583.9293
15549.22,24427471.3804
15550.835,24572101.0676
15552.45,24679413.5488
15554.065,24887581.549
15555.68,24801119.2628
15557.295,24791568.4271
15558.91,24710568.1581
15560.525,24714649.1721
15562.14,24722298.9506
15563.755,24495057.388
15565.37,24498039.5247
15566.985,24406982.7757
15568.6,1072.135
15570.215,24640806.2997
15571.83,24540055.4903
15573.445,24738382.2761
15575.06,24738642.2194
15576.675,24599875.4376
15578.29,24694457.0806
15579.905,24535602.5748
15581.52,24517026.562
15583.135,24462997.996
15584.75,24631052.1812
15586.365,24752668.7259
15587.98,24537186.4684
15589.595,24313528.7829
15591.21,24502274.8147
15592.825,24584815.7296
15594.44,24579279.0829
15596.055,24640892.2761
15597.67,24630429.889
15599.285,24738873.9347
15600.9,24492473.7481
15602.515,24604851.2987
15604.13,24702821.6288
15605.745,24429830.0701
15607.36,24550377.6224
15608.975,24583254.0465
15610.59,24379305.0392
15612.205,24287128.8351
15613.82,24453306.6301
15615.435,24290847.4034
15617.05,24437583.1617
15618.665,24560141.483
15620.28,24551617.5171
15621.895,24493995.8022
15623.51,24475198.073
15625.125,24436991.3253
15626.74,24297014.1618
15628.355,24308102.6979
15629.97,24370208.7826
15631.585,24396133.077
15633.2,24509830.3306
15634.815,24434512.4136
15636.43,24565124.8994
15638.045,24622685.2453
15639.66,24452392.2856
15641.275,24698971.1865
15642.89,24563469.5841
15644.505,24592413.0798
15646.12,24479284.4536
15647.735,24631713.6468
15649.35,24593972.2116
15650.965,24451792.1686
15652.58,24721888.707
15654.195,24584185.5602
15655.81,24512178.1865
15657.425,24627236.0774
15659.04,24262158.3747
15660.655,24469794.2579
15662.27,24321276.439
15663.885,24218495.2814
15665.5,24481985.6991
15667.115,24461815.9483
15668.73,24510313.0614
15670.345,24356992.9448
15671.96,24379767.4842
15673.575,24391521.2403
15675.19,24356312.5415
15676.805,24578060.283
15678.42,24275468.5215
15680.035,24415880.5677
15681.65,24479527.6832
15683.265,24291565.5427
15684.88,24420575.4669
15686.495,24316319.5808
15688.11,24402812.1238
15689.725,24498261.7767
15691.34,24429978.972
15692.955,24483934.4464
15694.57,24695810.726
15696.185,24531207.683
15697.8,24601494.4489
15699.415,24568052.0305
15701.03,24618839.7234
15702.645,24479778.9369
15704.26,24445080.2858
15705.875,24332637.0557
15707.49,24337888.1772
15709.105,24044382.7145
15710.72,24233963.0146
15712.335,24339521.0942
15713.95,24229089.1836
15715.565,23990890.3917
15717.18,24264292.6329
15718.795,24108626.8919
15720.41,24140575.4507
15722.025,24212081.8049
15723.64,24054259.6936
15725.255,24101857.0486
15726.87,24129235.6387
15728.485,24251190.2447
15730.1,24345191.5655
15731.715,24154761.3582
15733.33,24316226.0378
15734.945,24237039.6408
15736.56,24210394.1352
15738.175,24329477.0713
15739.79,24291443.3867
15741.405,24110007.499
15743.02,24236500.6956
15744.635,24219135.2766
15746.25,24314359.9811
15747.865,24186323.4868
15749.48,24170334.9763
15751.095,24356447.004
15752.71,24282256.0993
15754.325,24352570.6432
15755.94,24243284.6771
15757.555,24431045.2495
15759.17,24204897.4764
15760.785,24305303.4371
15762.4,24401459.2166
15764.015,24508112.9898
15765.63,24266257.7499
15767.245,24293957.7136
15768.86,24035353.6733
15770.475,24017843.3374
15772.09,24397801.6825
15773.705,24272253.2972
15775.32,24433008.1684
15776.935,24333376.909
15778.55,24326600.6763
15780.165,24526003.095
15781.78,24521657.2043
15783.395,24408447.0869
15785.01,24301256.2782
15786.625,24405187.2835
15788.24,24089680.7461
15789.855,24309782.1539
15791.47,24122110.0368
15793.085,24401103.2608
15794.7,24407395.4125
15796.315,24284350.2879
15797.93,24459843.8841
15799.545,24380014.035
15801.16,24463989.8207
15802.775,24244253.8523
15804.39,24356574.203
15806.005,24335489.5741
15807.62,24443527.8949
15809.235,24406202.3433
15810.85,24366521.0735
15812.465,24301186.2269
15814.08,24531796.6446
15815.695,24605742.8115
15817.31,24506133.5952
15818.925,24599422.216
15820.54,24534429.505
15822.155,24668738.2111
15823.77,24599757.4322
15825.385,24602612.4684
15827,24672591.9913
15828.615,24529515.7531
15830.23,24497102.9492
15831.845,24578768.2151
15833.46,3824.7749
15835.075,24358361.4072
15836.69,24294868.0154
15838.305,24547885.5971
15839.92,24424437.855
15841.535,24499463.1414
15843.15,24344011.8069
15844.765,24473388.7513
15846.38,24522714.2789
15847.995,24450096.9342
15849.61,24450175.2493
15851.225,24341984.2145
15852.84,24283111.2505
15854.455,24416970.1714
15856.07,24247271.8022
15857.685,24544633.6578
15859.3,24547642.5572
15860.915,24516729.8033
15862.53,24568986.8077
15864.145,24127934.4159
15865.76,24247847.4085
15867.375,24444141.8991
15868.99,24408341.0273
15870.605,24297784.4652
15872.22,24276328.7548
15873.835,24239682.859
15875.45,24212872.7382
15877.065,18000.6036
15878.68,24203953.5706
15880.295,24171503.148
15881.91,24254167.4108
15883.525,24362705.9999
15885.14,24321944.004
15886.755,24200215.7968
15888.37,24455151.5436
15889.985,24476842.7274
15891.6,24490366.035
15893.215,24398192.2929
15894.83,24537860.393
15896.445,24332087.3605
15898.06,24333594.4136
15899.675,24368639.5051
15901.29,24368154.7306
15902.905,24498860.54
15904.52,24435517.1268
15906.135,24273897.7676
15907.75,24269787.3987
15909.365,24136633.3008
15910.98,24187373.4355
15912.595,24053047.2664
15914.21,24133509.3396
15915.825,24136823.535
15917.44,24136848.6966
15919.055,24163630.0724
15920.67,24045257.7796
15922.285,24078593.0914
15923.9,24167558.9004
15925.515,24259273.0501
15927.13,24180685.978
15928.745,24186005.916
15930.36,24042141.7179
15931.975,24257558.1361
15933.59,24455316.6702
15935.205,23998354.3692
15936.82,24069818.7998
15938.435,23917815.7661
15940.05,24040750.74
15941.665,24015336.0173
15943.28,24098503.6966
15944.895,24327995.1111
15946.51,24098009.2599
15948.125,24036696.8922
15949.74,24025818.614
15951.355,23944914.1827
15952.97,23983630.1879
15954.585,24099624.0146
15956.2,23885836.5395
15957.815,24038414.7239
15959.43,23787787.7529
15961.045,23895855.5681
15962.66,24367821.3089
15964.275,24277966.7689
15965.89,24239189.8726
15967.505,24285714.306
15969.12,24322869.3589
15970.735,24556704.6984
15972.35,24421067.9139
15973.965,24571843.4655
15975.58,24457501.2256
15977.195,24386209.728
15978.81,24401750.0842
15980.425,24380361.4647
15982.04,24420203.8165
15983.655,24331520.3509
15985.27,24123560.6431
15986.885,24108554.7784
15988.5,23894024.9024
15990.115,23588105.3207
15991.73,23392534.4866
15993.345,23576110.8639
15994.96,23652537.0508
15996.575,23871573.4308
15998.19,23785823.4895
15999.805,23746693.8768
16001.42,23810922.3093
16003.035,23933808.9646
16004.65,23880809.2915
16006.265,23911131.8454
16007.88,23957646.8136
16009.495,24022770.2549
16011.11,24042694.8607
16012.725,24102956.6883
16014.34,24048491.2127
16015.955,23925596.3549
16017.57,24247519.3088
16019.185,24350798.6855
16020.8,24308708.8752
16022.415,24355002.9135
16024.03,24414673.3286
16025.645,24622286.0066
16027.26,24351871.6035
16028.875,24416112.3592
16030.49,24374492.5716
16032.105,24288058.0857
16033.72,24458169.4712
16035.335,24285844.5863
16036.95,24497019.26
16038.565,24511347.4587
16040.18,24381263.5678
16041.795,24410566.3627
16043.41,24093667.6406
16045.025,24196060.4248
16046.64,24203308.9265
16048.255,24264214.5837
16049.87,24201706.4895
16051.485,24223187.5828
16053.1,24152912.5191
16054.715,24165301.8149
16056.33,23963365.6947
16057.945,23903549.4905
16059.56,23884710.4123
16061.175,23953677.5737
16062.79,24006505.9799
16064.405,23927733.9622
16066.02,24103635.2693
16067.635,24273167.465
16069.25,24223237.8688
16070.865,24169059.0694
16072.48,24263479.9893
16074.095,24233355.106
16075.71,24183627.7772
16077.325,24395459.0129
16078.94,24580210.8123
16080.555,24603685.4142
16082.17,24609057.6429
16083.785,24313549.0781
16085.4,24207384.2503
16087.015,24406814.7947
16088.63,24088084.1518
16090.245,24153216.333
16091.86,24021333.6455
16093.475,24071927.24
16095.09,24112580.6473
16096.705,23809443.5233
16098.32,24204191.8947
16099.935,24150960.7537
16101.55,24056613.4834
16103.165,23928198.6164
16104.78,23803943.9357
16106.395,24189076.5116
16108.01,24024389.361
16109.625,24206554.1529
16111.24,24240062.1856
16112.855,24290515.5121
16114.47,24332772.3271
16116.085,24152277.2472
16117.7,24119009.7403
16119.315,24038793.6656
16120.93,24131436.9562
16122.545,23921948.498
16124.16,23880657.5222
16125.775,24111002.9832
16127.39,23825410.6137
16129.005,24090574.9311
16130.62,24159913.2743
16132.235,23911449.1596
16133.85,23937463.1924
16135.465,23755931.2977
16137.08,23712037.9359
16138.695,23638550.3852
16140.31,23658881.2812
16141.925,23928333.4396
16143.54,23924128.8471
16145.155,23896139.1184
16146.77,24011498.6662
16148.385,23909069.9349
16150,23932292.3627
16151.615,23874091.8989
16153.23,24007317.2958
16154.845,24146969.3851
16156.46,24186984.6326
16158.075,24221110.7903
16159.69,24223791.9192
16161.305,24006762.2265
16162.92,24124467.4154
16164.535,23943254.5626
16166.15,23943225.2151
16167.765,23997425.2469
16169.38,23987720.1649
16170.995,24034260.304
16172.61,24309241.2134
16174.225,39355364.8083
16175.84,24225551.1538
16177.455,24359469.7738
16179.07,24314122.2595
16180.685,24589363.3353
16182.3,24492182.0027
16183.915,24521747.0468
16185.53,24362075.163
16187.145,24436225.9217
16188.76,24327101.0246
16190.375,10070.912
16191.99,24435976.0609
16193.605,24249046.1252
16195.22,24164420.3307
16196.835,24215503.6349
16198.45,23889335.29
16200.065,24125504.6002
16201.68,24044922.199
16203.295,24151033.4846
16204.91,24217623.3515
16206.525,24073630.5987
16208.14,23967122.1458
16209.755,24071950.3542
16211.37,24087170.9844
16212.985,24132982.2268
16214.6,24259617.3464
16216.215,23936195.3728
16217.83,24189885.6556
16219.445,24259515.9487
16221.06,24248461.9166
16222.675,24288603.2753
16224.29,24319388.2964
16225.905,24230252.7901
16227.52,24147829.9494
16229.135,24075792.6536
16230.75,24108968.9121
16232.365,23866943.6104
16233.98,23931872.0905
16235.595,24111634.2143
16237.21,24155668.2291
16238.825,23891581.6868
16240.44,24026675.8256
16242.055,24009776.7622
16243.67,23909082.3121
16245.285,24017889.6681
16246.9,23999470.3284
16248.515,23940555.0613
16250.13,24039945.8173
16251.745,24064268.4612
16253.36,24036870.675
16254.975,24174975.8647
16256.59,24146611.6739
16258.205,23936444.1513
16259.82,24069968.1405
16261.435,24086736.8009
16263.05,23909352.085
16264.665,24072547.007
16266.28,23980710.1751
16267.895,24036320.9277
16269.51,24047531.5304
16271.125,23664505.0033
16272.74,23893668.4315
16274.355,23851606.6447
16275.97,23949949.0641
16277.585,24088623.3182
16279.2,24359147.0594
16280.815,24455155.9712
16282.43,24398242.9732
16284.045,24305698.3394
16285.66,24362533.7494
16287.275,24484515.2576
16288.89,24396349.5644
16290.505,24373000.8059
16292.12,24421529.1688
16293.735,24553490.1622
16295.35,24178688.2519
16296.965,24322888.1199
16298.58,24485938.3741
16300.195,24414836.2925
16301.81,24161165.0906
16303.425,24161165.5685
16305.04,24094667.6194
16306.655,24127236.1646
16308.27,24137218.56
16309.885,24171890.1174
16311.5,24329853.8207
16313.115,24270251.1826
16314.73,24268270.3524
16316.345,24255250.0579
16317.96,24216251.3262
16319.575,24158556.4155
16321.19,24197767.3465
16322.805,24227419.8566
16324.42,24230776.1132
16326.035,24278401.0639
16327.65,24155181.476
16329.265,24263004.7803
16330.88,24100655.0405
16332.495,24347809.94
16334.11,24211839.1685
16335.725,24174873.9704
16337.34,24040707.2023
16338.955,24049150.0489
16340.57,23955061.528
16342.185,24149420.9316
16343.8,24130378.407
16345.415,24105865.2871
16347.03,23820240.4888
16348.645,23940556.3277
16350.26,24087353.6205
16351.875,24067546.8564
16353.49,23934511.4389
16355.105,23831657.0242
16356.72,23974159.5919
16358.335,24017453.8427
16359.95,24163488.5082
16361.565,24143447.3121
16363.18,24447672.5744
16364.795,24233847.0863
16366.41,24281086.44
16368.025,24362262.4257
16369.64,24301027.5215
16371.255,24343374.4951
16372.87,24176921.9249
16374.485,24227595.6514
16376.1,24164378.3178
16377.715,23992644.5683
16379.33,23861562.3983
16380.945,23959610.1993
16382.56,24049422.5776
16384.175,24165649.3767
16385.79,24234975.1586
16387.405,23937524.4182
16389.02,24134526.7536
16390.635,23961401.8682
16392.25,24097614.9861
16393.865,24130147.1473
16395.48,23969204.1432
16397.095,24093331.1487
16398.71,24066708.7072
16400.325,24127731.1239
16401.94,24091392.6699
16403.555,24078952.9932
16405.17,24097852.8937
16406.785,23932871.3534
16408.4,23956327.6126
16410.015,23832184.3955
16411.63,23745368.1804
16413.245,23659598.9165
16414.86,23931466.6018
16416.475,24081550.3677
16418.09,23913392.8954
16419.705,23928100.1251
16421.32,23848893.5111
16422.935,23702504.2453
16424.55,23648828.4087
16426.165,23725123.0229
16427.78,23884294.1698
16429.395,23769549.8256
16431.01,23719865.8169
16432.625,23433353.9613
16434.24,23253776.3015
16435.855,23306969.4258
16437.47,23309362.5823
16439.085,23397284.131
16440.7,23402871.96
16442.315,23531770.3612
16443.93,23411096.3388
16445.545,23429638.6193
16447.16,23557201.4071
16448.775,23328687.2012
16450.39,23393318.136
16452.005,23134875.5478
16453.62,22827792.8095
16455.235,22913945.8184
16456.85,22855475.1614
16458.465,22879202.2461
16460.08,22772878.6422
16461.695,22771458.6181
16463.31,22560134.6891
16464.925,22759463.1627
16466.54,22896789.5973
16468.155,22840985.3787
16469.77,22890902.0157
16471.385,22818475.0856
16473,23077841.9
16474.615,23146563.3846
16476.23,23363007.7939
16477.845,23341396.2975
16479.46,23220336.2262
16481.075,23103862.5118
16482.69,23178114.7613
16484.305,23113974.5869
16485.92,23136802.3263
16487.535,23245589.8651
16489.15,23294976.2781
16490.765,23375501.3735
16492.38,23130979.5482
16493.995,23449543.3502
16495.61,23274816.2008
16497.225,23266431.1677
16498.84,23079260.6391
16500.455,23270290.9394
16502.07,23245061.1827
16503.685,23136033.6091
16505.3,23169477.3719
16506.915,23434043.9785
16508.53,23463800.1848
16510.145,23363613.5696
16511.76,23310726.8477
16513.375,23203411.5995
16514.99,23212463.4686
16516.605,23385983.7713
16518.22,23484400.0708
16519.835,23403461.2303
16521.45,23551879.3827
16523.065,23616036.3433
16524.68,23664837.804
16526.295,23743751.7633
16527.91,23535561.7999
16529.525,23908702.7474
16531.14,23694346.4906
16532.755,23449115.4073
16534.37,23481467.8817
16535.985,23403898.8391
16537.6,23531957.3673
16539.215,23277590.5081
16540.83,23394789.8371
16542.445,23220990.1662
16544.06,23174367.5428
16545.675,23232628.0052
16547.29,23053803.5372
16548.905,22819580.8265
16550.52,22759850.4427
16552.135,23086538.2261
16553.75,23299343.2469
16555.365,23495154.5176
16556.98,23575084.1968
16558.595,23344997.0446
16560.21,23364370.5418
16561.825,23311947.7042
16563.44,23203592.8353
16565.055,23463896.2567
16566.67,23630972.6216
16568.285,23818582.4623
16569.9,24064309.1799
16571.515,23956348.2351
16573.13,23958811.7348
16574.745,23946909.2069
16576.36,24152526.327
16577.975,23883267.5808
16579.59,23734261.7796
16581.205,23877402.6448
16582.82,23749217.2337
16584.435,23653473.258
16586.05,23447351.3788
16587.665,23732806.1767
16589.28,23698439.3555
16590.895,23709845.8493
16592.51,23744803.0918
16594.125,23591172.6249
16595.74,23586874.9134
16597.355,23578599.5252
16598.97,23655465.1172
16600.585,23605366.2161
16602.2,23416478.9475
16603.815,23671425.3328
16605.43,23727599.705
16607.045,23848428.4794
16608.66,24002102.7053
16610.275,23737680.6623
16611.89,23851489.8852
16613.505,23834018.3804
16615.12,23925717.3672
16616.735,24174361.8363
16618.35,24102718.6394
16619.965,24243278.8176
16621.58,24080183.5808
16623.195,24094341.9148
16624.81,24124676.684
16626.425,23964254.2136
16628.04,24132943.2784
16629.655,23921426.7183
16631.27,23984377.4384
16632.885,23988406.5485
16634.5,23816377.8906
16636.115,23965178.9437
16637.73,23581629.2684
16639.345,23687244.0959
16640.96,23579159.9445
16642.575,23600486.8659
16644.19,23605691.6529
16645.805,23642550.5012
16647.42,23670226.5752
16649.035,23769386.4768
16650.65,23649391.9409
16652.265,23916764.0917
16653.88,23864990.8929
16655.495,23870479.3363
16657.11,24056040.8338
16658.725,24126542.2888
16660.34,24156117.4043
16661.955,24358666.7682
16663.57,24402387.0353
16665.185,24231496.6085
16666.8,24251130.0602
16668.415,24459001.2979
16670.03,24232639.2875
16671.645,24191768.2753
16673.26,24174828.8409
16674.875,24131345.4326
16676.49,24110201.6587
16678.105,24397054.2869
16679.72,24135082.3101
16681.335,24141550.3106
16682.95,24220037.3164
16684.565,23935723.0982
16686.18,23960435.116
16687.795,24193349.3423
16689.41,24216382.289
16691.025,24023041.839
16692.64,24130101.2758
16694.255,24008353.1119
16695.87,24090999.9954
16697.485,24078347.2677
16699.1,24106980.1789
16700.715,24198116.6655
16702.33,24184695.5665
16703.945,24095064.1952
16705.56,24266606.3641
16707.175,24282001.982
16708.79,23978101.541
16710.405,24053038.8891
16712.02,24090343.2419
16713.635,24057562.4695
16715.25,23797838.1875
16716.865,23945150.493
16718.48,24056242.164
16720.095,23922693.5375
16721.71,24042055.68
16723.325,23799048.7049
16724.94,23919889.5163
16726.555,23991886.5844
16728.17,23914533.1125
16729.785,23670269.7745
16731.4,24003242.8033
16733.015,23824882.2438
16734.63,23637546.8212
16736.245,23611138.4626
16737.86,23679409.5503
16739.475,23350068.0552
16741.09,23435026.5649
16742.705,23596997.045
16744.32,23544510.1086
16745.935,23608019.606
16747.55,23590824.3268
16749.165,23680441.0485
16750.78,23451265.0069
16752.395,23328118.3191
16754.01,23157021.1507
16755.625,23294571.1297
16757.24,23144639.9439
16758.855,23250849.6242
16760.47,23470756.3218
16762.085,23575261.5648
16763.7,23562037.3609
16765.315,23459434.6925
16766.93,23518934.884
16768.545,23528257.3052
16770.16,23733792.391
16771.775,23653550.8553
16773.39,23798357.1964
16775.005,23857638.8643
16776.62,23977563.1593
16778.235,24066992.0883
16779.85,24070308.5449
16781.465,23982168.5414
16783.08,23819924.2364
16784.695,24022616.5554
16786.31,23915155.2336
16787.925,23940161.2209
16789.54,23748729.893
16791.155,23602503.353
16792.77,23887331.8736
16794.385,23610603.575
16796,23735355.1192
16797.615,23571533.4104
16799.23,24003164.9271
16800.845,23744613.2202
16802.46,23802825.7711
16804.075,24024928.1146
16805.69,24031665.4454
16807.305,23959055.95
16808.92,23871700.3044
16810.535,23807208.3062
16812.15,24001700.9115
16813.765,23889492.9801
16815.38,23948918.6686
16816.995,23809859.2656
16818.61,24131975.6019
16820.225,24118539.6637
16821.84,24024407.0491
16823.455,23845084.6
16825.07,23873294.842
16826.685,23954332.6833
16828.3,23879323.5452
16829.915,23925207.9053
16831.53,23764001.0714
16833.145,23785942.8226
16834.76,23830006.1662
16836.375,23945997.5569
16837.99,23938376.7484
16839.605,23898660.8035
16841.22,23710776.489
16842.835,23746424.3196
16844.45,23727377.7672
16846.065,23751115.8679
16847.68,23739109.2533
16849.295,10680.7769
16850.91,23636922.794
16852.525,23783000.7983
16854.14,23860308.2743
16855.755,23658387.5846
16857.37,23665745.7479
16858.985,23867325.5646
16860.6,23909942.3781
16862.215,24061112.8486
16863.83,23982966.6786
16865.445,23899289.898
16867.06,23820301.869
16868.675,23984238.6859
16870.29,24096788.805
16871.905,23823811.5127
16873.52,23790826.3605
16875.135,23837126.3271
16876.75,23716063.7602
16878.365,23596524.7313
16879.98,23582050.6191
16881.595,23367844.6198
16883.21,23263145.2691
16884.825,23203775.1385
16886.44,23373719.7313
16888.055,23396061.0281
16889.67,23573575.128
16891.285,23515174.2042
16892.9,23700457.6018
16894.515,23767357.4117
16896.13,23750575.7177
16897.745,23817395.2432
16899.36,23705997.2349
16900.975,23549567.5817
16902.59,23795040.247
16904.205,23664946.2011
16905.82,23846346.4393
16907.435,23740728.3594
16909.05,23904794.2926
16910.665,23762732.0245
16912.28,23807068.1088
16913.895,23869771.8727
16915.51,23810078.1314
16917.125,23882161.838
16918.74,23870684.0806
16920.355,23727317.7185
16921.97,24009183.0568
16923.585,24020345.5883
16925.2,23904192.0854
16926.815,23888093.1359
16928.43,23890344.9607
16930.045,23804861.8319
16931.66,24154066.2941
16933.275,23894602.1712
16934.89,23976242.281
16936.505,24057314.5909
16938.12,23860920.0489
16939.735,23953480.1039
16941.35,23839906.1629
16942.965,24150242.8228
16944.58,23872229.301
16946.195,23811727.1279
16947.81,24061048.7684
16949.425,23902278.6771
16951.04,23803116.6872
16952.655,23920775.6272
16954.27,24016615.4405
16955.885,24007727.1322
16957.5,23782753.8087
16959.115,23955430.999
16960.73,23750494.0294
16962.345,23915410.4853
16963.96,23987783.8063
16965.575,23610253.9826
16967.19,23819004.5903
16968.805,23937690.7367
16970.42,23881015.7764
16972.035,23696734.0759
16973.65,23741116.9727
16975.265,24041605.6364
16976.88,23810457.8151
16978.495,23738954.1814
16980.11,23791447.5779
16981.725,23742605.8988
16983.34,23687988.2782
16984.955,23479344.0704
16986.57,23449290.2054
16988.185,23410007.5031
16989.8,23385209.0737
16991.415,23400909.4353
16993.03,23696371.2323
16994.645,23413301.3884
16996.26,23523490.3278
16997.875,23209965.9483
16999.49,23002884.3348
17001.105,22990689.4572
17002.72,23106286.0665
17004.335,23207192.6749
17005.95,23304054.5864
17007.565,23346288.9547
17009.18,23346588.5176
17010.795,23243212.3028
17012.41,23388165.7345
17014.025,23608989.7854
17015.64,23427265.9458
17017.255,23379713.1848
17018.87,23389345.932
17020.485,23567761.246
17022.1,23505723.6859
17023.715,23479665.6022
17025.33,23396590.8001
17026.945,23387521.6967
17028.56,23287798.3707
17030.175,23283161.8838
17031.79,23391863.13
17033.405,23667326.3779
17035.02,23555416.5999
17036.635,23830031.9285
17038.25,23675400.3448
17039.865,23976531.542
17041.48,23805643.4414
17043.095,23856515.2326
17044.71,23636599.4455
17046.325,23571781.9788
17047.94,23515386.7252
17049.555,23635944.6371
17051.17,23539539.2033
17052.785,23594487.8635
17054.4,23595200.5598
17056.015,23891601.6212
17057.63,23672590.9681
17059.245,23606287.6771
17060.86,23520456.5123
17062.475,23416385.0884
17064.09,23555026.5325
17065.705,23536899.4328
17067.32,23536030.7626
17068.935,23250467.0024
17070.55,23455670.606
17072.165,23382975.8128
17073.78,23274606.8857
17075.395,23450235.4092
17077.01,23460300.2553
17078.625,23431507.006
17080.24,23413946.9734
17081.855,23313127.8366
17083.47,23248177.3542
17085.085,23374216.5073
17086.7,23534692.1256
17088.315,23505553.0402
17089.93,23573949.075
17091.545,23691440.0359
17093.16,23689239.8062
17094.775,23535765.6293
17096.39,23689124.3298
17098.005,23583794.8489
17099.62,23718894.2224
17101.235,23524517.3371
17102.85,23554278.91
17104.465,23380765.7461
17106.08,23377851.7156
17107.695,23428129.7029
17109.31,23481450.4261
17110.925,23870543.9372
17112.54,23732412.3306
17114.155,23815830.8731
17115.77,23838887.8675
17117.385,23836141.3605
17119,23787498.0009
17120.615,23872891.3486
17122.23,23821872.8423
17123.845,23837332.1425
17125.46,23776503.0506
17127.075,23863844.3144
17128.69,23845785.8136
17130.305,23580031.8503
17131.92,23559979.9245
17133.535,362769.3475
17135.15,23471767.629
17136.765,23257563.056
17138.38,23072567.7554
17139.995,23022683.0228
17141.61,23160745.6138
17143.225,23037028.1453
17144.84,23061622.3287
17146.455,23075108.4191
17148.07,23100040.5839
17149.685,23085406.749
17151.3,23161241.4676
17152.915,23282857.0955
17154.53,23334528.9765
17156.145,23137233.3932
17157.76,23223769.3512
17159.375,23313099.8652
17160.99,23108457.486
17162.605,23318715.8441
17164.22,23186263.5864
17165.835,23326815.0378
17167.45,23362376.0477
17169.065,23417628.0048
17170.68,23632148.7596
17172.295,23985109.7716
17173.91,23892334.4472
17175.525,24168307.726
17177.14,23836032.3906
17178.755,24071152.509
17180.37,23832419.9972
17181.985,23860207.9067
17183.6,23859068.5971
17185.215,23511101.8112
17186.83,23540224.6143
17188.445,23522901.2268
17190.06,23493495.1615
17191.675,23454899.7931
17193.29,23548501.6036
17194.905,23521236.5114
17196.52,23848152.1274
17198.135,24041374.5552
17199.75,24129172.001
17201.365,24127580.487
17202.98,24135309.1329
17204.595,24163423.8032
17206.21,24176305.0496
17207.825,24085414.0724
17209.44,23974000.9719
17211.055,23904900.1682
17212.67,23878905.406
17214.285,23921776.4279
17215.9,23921239.1786
17217.515,23771570.6176
17219.13,23827465.7294
17220.745,23940857.0789
17222.36,23636581.4004
17223.975,23685568.9243
17225.59,23684401.4332
17227.205,23783543.7081
17228.82,23641440.8161
17230.435,23830928.8954
17232.05,23754550.421
17233.665,23665643.6342
17235.28,23667088.8124
17236.895,23768899.8186
17238.51,23697764.0455
17240.125,23760212.0315
17241.74,23737337.2678
17243.355,23749296.4562
17244.97,23557880.2224
17246.585,125106.0179
17248.2,23484877.037
17249.815,23721317.9425
17251.43,23477297.9643
17253.045,23470099.4047
17254.66,23515777.0642
17256.275,23528093.6403
17257.89,23735365.2723
17259.505,23746823.7425
17261.12,23729481.5808
17262.735,23592805.1217
17264.35,23642384.2477
17265.965,23431961.0793
17267.58,23484368.291
17269.195,23581589.4367
17270.81,23405257.8233
17272.425,23544071.0921
17274.04,23671381.5366
17275.655,23493855.2269
17277.27,23624676.8493
17278.885,23448478.7854
17280.5,23334803.0487
17282.115,23198210.3847
17283.73,23380455.1876
17285.345,23238972.6131
17286.96,23255920.8226
17288.575,23285934.0192
17290.19,23078222.268
17291.805,23147743.1822
17293.42,23339116.5534
17295.035,23443997.6847
17296.65,23344655.2623
17298.265,23193889.2819
17299.88,23501223.3407
17301.495,23248134.8244
17303.11,23471390.0094
17304.725,23136954.0547
17306.34,23256630.9305
17307.955,23020694.4903
17309.57,23166733.7155
17311.185,23004978.2742
17312.8,23193254.856
17314.415,23128339.6159
17316.03,22974587.8392
17317.645,23158515.3022
17319.26,22961350.2075
17320.875,22968919.9192
17322.49,22923601.8026
17324.105,23113167.496
17325.72,23210541.3687
17327.335,23230713.8511
17328.95,23447273.9414
17330.565,23444708.4842
17332.18,23353506.2419
17333.795,23596101.6736
17335.41,23595316.5923
17337.025,23614039.2606
17338.64,23721043.7792
17340.255,23564332.9894
17341.87,23606121.1094
17343.485,23441311.7638
17345.1,23807616.071
17346.715,23918502.1051
17348.33,23718235.8027
17349.945,23651799.8102
17351.56,23620216.133
17353.175,23813423.7513
17354.79,23929199.7537
17356.405,23884655.0236
17358.02,23941285.9292
17359.635,23971455.8732
17361.25,23967519.1401
17362.865,23875328.2195
17364.48,23934608.7866
17366.095,23917489.1987
17367.71,23879787.2101
17369.325,23975248.2807
17370.94,23944893.0452
17372.555,23897903.1581
17374.17,23643274.868
17375.785,23967936.7736
17377.4,23815615.7822
17379.015,24023677.4903
17380.63,24007072.2141
17382.245,24121919.5682
17383.86,24079496.0777
17385.475,24109673.0527
17387.09,23914421.5225
17388.705,23715015.4163
17390.32,23708242.2147
17391.935,23657492.0551
17393.55,23648413.096
17395.165,23654633.2049
17396.78,23753193.2461
17398.395,23844103.2242
17400.01,23795101.0991
17401.625,23681308.045
17403.24,23677814.8192
17404.855,23747546.2014
17406.47,23797530.6712
17408.085,23637874.4374
17409.7,23472615.4554
17411.315,23512457.9261
17412.93,23375367.2197
17414.545,23515859.5075
17416.16,23466417.6481
17417.775,23463331.2239
17419.39,23375044.76
17421.005,23604380.9854
17422.62,23431189.3607
17424.235,23600263.3122
17425.85,23574791.715
17427.465,23369430.2985
17429.08,23354687.5086
17430.695,23419799.4969
17432.31,23391597.5708
17433.925,23224106.7374
17435.54,23290240.0504
17437.155,23434136.627
17438.77,23474229.5295
17440.385,23566046.7374
17442,23480114.4352
17443.615,23575271.0522
17445.23,23440450.4631
17446.845,23235865.0383
17448.46,23185271.6279
17450.075,23239314.4772
17451.69,23342595.7321
17453.305,23447131.7023
17454.92,23378286.1297
17456.535,23275585.4405
17458.15,23309226.0539
17459.765,23485849.7213
17461.38,23328546.8086
17462.995,23406476.7757
17464.61,23113859.0733
17466.225,23089235.6465
17467.84,23108526.5908
17469.455,23370877.6041
17471.07,23604873.3079
17472.685,23183353.7622
17474.3,23493708.3928
17475.915,23524509.8338
17477.53,23380675.476
17479.145,23390701.5225
17480.76,23279010.4392
17482.375,23460755.7828
17483.99,23558882.4884
17485.605,23309379.3703
17487.22,23483903.6536
17488.835,23700111.6058
17490.45,23649684.8802
17492.065,23515351.7582
17493.68,23526017.6251
17495.295,23516077.4379
17496.91,23629466.543
17498.525,23742624.3158
17500.14,23646833.4776
17501.755,23805176.7157
17503.37,23512597.8668
17504.985,23346878.649
17506.6,23410455.8564
17508.215,23524130.5518
17509.83,23424331.0659
17511.445,23465260.3176
17513.06,23361680.3142
17514.675,23571893.0723
17516.29,23225341.3436
17517.905,23396990.2527
17519.52,23474711.3659
17521.135,23509754.0363
17522.75,23543254.0228
17524.365,23520438.9786
17525.98,23439089.7922
17527.595,23641224.6988
17529.21,23634804.6227
17530.825,23586178.6667
17532.44,23512729.9547
17534.055,23464482.853
17535.67,23233586.1886
17537.285,23524120.7222
17538.9,23490937.9477
17540.515,23483728.1675
17542.13,23350946.6051
17543.745,23402800.674
17545.36,23440746.9466
17546.975,23318182.6282
17548.59,23360586.0746
17550.205,23404634.8189
17551.82,23504094.1868
17553.435,23487626.246
17555.05,23520142.3221
17556.665,23672496.6627
17558.28,23592789.4865
17559.895,23834976.9414
17561.51,23888393.0541
17563.125,23993774.9167
17564.74,24200000.8696
17566.355,24012688.5594
17567.97,23991341.711
17569.585,23983759.4566
17571.2,24031109.768
17572.815,23957007.4283
17574.43,23871633.3679
17576.045,23815780.4996
17577.66,23971438.5886
17579.275,23942407.2364
17580.89,23964935.5616
17582.505,24049287.1426
17584.12,24099990.4824
17585.735,24241983.9564
17587.35,24223862.4948
17588.965,24081771.4203
17590.58,23826136.9963
17592.195,23855292.881
17593.81,23910990.0879
17595.425,24015110.0573
17597.04,23936286.5839
17598.655,24247164.7514
17600.27,24184468.1765
17601.885,24062026.0402
17603.5,24070644.8433
17605.115,24138534.1887
17606.73,24050913.0249
17608.345,24062718.8039
17609.96,23949906.6663
17611.575,23935382.1229
17613.19,23777742.9676
17614.805,23589557.225
17616.42,23760870.7115
17618.035,23737439.7124
17619.65,23784239.7409
17621.265,23679562.5581
17622.88,23573253.8045
17624.495,23687678.7034
17626.11,23642878.0727
17627.725,23672444.651
17629.34,23522576.8406
17630.955,23704483.5655
17632.57,23489227.3702
17634.185,23350049.27
17635.8,23253459.2364
17637.415,23269500.3166
17639.03,23087779.9116
17640.645,23111953.1441
17642.26,23027489.5547
17643.875,22939384.1705
17645.49,22821759.0149
17647.105,22674440.5914
17648.72,22904448.8577
17650.335,22814350.4967
17651.95,22839115.8335
17653.565,22914037.1132
17655.18,23225259.2852
17656.795,23227707.2911
17658.41,23284334.617
17660.025,23346889.6278
17661.64,23348753.187
17663.255,23377691.5076
17664.87,23497544.3697
17666.485,23705857.9692
17668.1,23690945.8892
17669.715,23548827.576
17671.33,23489572.3453
17672.945,23561263.1115
17674.56,23555745.8153
17676.175,23602640.8354
17677.79,23555746.2654
17679.405,23421955.1215
17681.02,23517327.655
17682.635,23855363.7523
17684.25,23763101.1589
17685.865,23768206.6476
17687.48,23483573.3931
17689.095,23414134.5169
17690.71,23557105.9971
17692.325,23770595.7316
17693.94,23615937.9933
17695.555,23518279.3504
17697.17,23616750.9698
17698.785,23509819.6377
17700.4,23149727.9881
17702.015,23134355.1237
17703.63,23048939.3907
17705.245,23071725.8368
17706.86,23001628.5707
17708.475,23045131.5117
17710.09,22799414.4936
17711.705,22861442.49
17713.32,22834672.2828
17714.935,22962597.8677
17716.55,22992554.5562
17718.165,22986430.032
17719.78,22929598.8581
17721.395,23300202.1748
17723.01,23339524.6603
17724.625,23253756.2778
17726.24,23366728.7834
17727.855,23401399.4352
17729.47,23610472.3314
17731.085,23376897.1025
17732.7,23268430.9876
17734.315,23029279.0982
17735.93,23147765.9803
17737.545,23392588.8692
17739.16,23382604.2108
17740.775,23137945.1039
17742.39,23160470.517
17744.005,23204014.279
17745.62,22884744.808
17747.235,23054828.3485
17748.85,22944784.497
17750.465,22595841.6926
17752.08,22698725.0848
17753.695,22714717.5841
17755.31,22813893.7215
17756.925,22898344.4409
17758.54,23000841.3472
17760.155,22977889.1088
17761.77,22928692.7942
17763.385,23151849.858
17765,23086893.9922
17766.615,22951013.5429
17768.23,23259666.3192
17769.845,23244502.6918
17771.46,23367466.7436
17773.075,23395220.9561
17774.69,23083787.1687
17776.305,23054716.1169
17777.92,22772047.0999
17779.535,22943514.2377
17781.15,22649916.6396
17782.765,22834361.0269
17784.38,22727401.8145
17785.995,22733565.8002
17787.61,22952613.8006
17789.225,23133202.0981
17790.84,23002856.9027
17792.455,22786800.6101
17794.07,22821269.9113
17795.685,22834186.452
17797.3,22795322.114
17798.915,22693593.9157
17800.53,22875794.636
17802.145,22463821.1303
17803.76,22795797.4866
17805.375,22417935.8014
17806.99,22542132.1144
17808.605,22575364.7342
17810.22,22897514.0944
17811.835,22891376.5552
17813.45,23108016.478
17815.065,23298596.411
17816.68,23381210.371
17818.295,23221440.0462
17819.91,23180251.4481
17821.525,23417890.2112
17823.14,23252229.3573
17824.755,23363641.792
17826.37,23511324.2547
17827.985,23452440.0218
17829.6,23444829.9224
17831.215,23268971.4149
17832.83,23343276.6412
17834.445,23360808.5833
17836.06,23360199.399
17837.675,23239973.9493
17839.29,23135156.584
17840.905,23100981.6186
17842.52,23076558.4285
17844.135,22783869.2095
17845.75,22959741.5763
17847.365,23084032.3063
17848.98,22918017.2743
17850.595,22789065.3551
17852.21,22844779.3278
17853.825,22838730.2494
17855.44,22844324.5981
17857.055,22765370.7476
17858.67,22766513.1775
17860.285,22947934.609
17861.9,22988553.728
17863.515,22910482.8755
17865.13,22881563.0575
17866.745,23288703.118
17868.36,23051917.1612
17869.975,23086078.5779
17871.59,22950160.614
17873.205,23115630.7334
17874.82,23286295.5649
17876.435,23451032.0904
17878.05,23301289.6772
17879.665,23200182.0454
17881.28,23150040.8357
17882.895,23258653.9855
17884.51,23376566.9387
17886.125,23398320.5254
17887.74,23435209.9169
17889.355,23128319.0976
17890.97,23111104.4158
17892.585,23111071.7918
17894.2,23248707.2675
17895.815,23396749.0407
17897.43,23627087.1137
17899.045,23710618.0011
17900.66,23715623.046
17902.275,23769394.0582
17903.89,23747017.1528
17905.505,23701125.1333
17907.12,23804815.3635
17908.735,23923429.2532
17910.35,23586218.1339
17911.965,23709708.4282
17913.58,23622107.4331
17915.195,23680176.7612
17916.81,23725530.2819
17918.425,23875663.14
17920.04,23688618.8566
17921.655,23459332.8038
17923.27,23328096.5958
17924.885,23713970.838
17926.5,23777583.7005
17928.115,23796693.7623
17929.73,23662097.7886
17931.345,23763328.2197
17932.96,23772859.0113
17934.575,23568553.031
17936.19,23676472.928
17937.805,23837783.4376
17939.42,23698494.1733
17941.035,23819906.5725
17942.65,24157286.1915
17944.265,23959060.0503
17945.88,23654267.1071
17947.495,24045280.8306
17949.11,24123728.6259
17950.725,24154631.5855
17952.34,24080892.028
17953.955,23976200.9654
17955.57,23974268.4464
17957.185,23932408.1906
17958.8,23896700.434
17960.415,23816458.4353
17962.03,24102378.6999
17963.645,24090027.564
17965.26,24330100.9814
17966.875,24593483.1731
17968.49,24398614.4154
17970.105,24150886.1038
17971.72,24222027.3495
17973.335,24073525.3219
17974.95,23999502.6139
17976.565,24115197.8949
17978.18,24351051.4063
17979.795,24005691.8115
17981.41,23927119.0357
17983.025,23880508.3414
17984.64,24176258.6779
17986.255,24087231.5166
17987.87,24309004.9422
17989.485,24227288.1946
17991.1,24365391.5247
17992.715,24193417.402
17994.33,24267381.5935
17995.945,24168809.6308
17997.56,24256349.9226
17999.175,24232552.6714
18000.79,24205997.8785
18002.405,23987380.5657
18004.02,24176273.8518
18005.635,24373222.4722
18007.25,24217170.6282
18008.865,24111915.5016
18010.48,24221236.7509
18012.095,24117751.3468
18013.71,24200039.5594
18015.325,24114090.4692
18016.94,24575235.6951
18018.555,24535832.3878
18020.17,24506990.9407
18021.785,24435823.3005
18023.4,24540433.7625
18025.015,24415658.0219
18026.63,24496814.4432
18028.245,24613698.9906
18029.86,24579161.6
18031.475,24681734.2161
18033.09,24505637.5016
18034.705,24305266.7946
18036.32,24437985.2605
18037.935,24455178.7229
18039.55,24428006.6307
18041.165,24392942.4229
18042.78,24204902.3931
18044.395,24223161.999
18046.01,24229100.5027
18047.625,24129104.0827
18049.24,24291762.6089
18050.855,24109252.2765
18052.47,24260383.6277
18054.085,24240083.4515
18055.7,24158310.4319
18057.315,24193391.5932
18058.93,24224528.2207
18060.545,23886739.4161
18062.16,23951396.7826
18063.775,23778386.522
18065.39,24023528.5401
18067.005,24047633.7761
18068.62,24084037.2569
18070.235,23941907.1355
18071.85,24268049.8893
18073.465,23967047.468
18075.08,24174054.7236
18076.695,24299582.0736
18078.31,24339218.5318
18079.925,24424587.8447
18081.54,24488075.3734
18083.155,24585789.3678
18084.77,24382685.8754
18086.385,24239101.8748
18088,24443336.8704
18089.615,24367329.7842
18091.23,24434742.3734
18092.845,24429170.306
18094.46,24365280.9538
18096.075,24556199.1918
18097.69,24471693.6415
18099.305,24536882.766
18100.92,24414860.7977
18102.535,24432246.2758
18104.15,24633468.9466
18105.765,24578801.5309
18107.38,24726223.6653
18108.995,24438293.9278
18110.61,24575536.7811
18112.225,24741164.7525
18113.84,24434330.0099
18115.455,24439250.4618
18117.07,24376815.5838
18118.685,24605939.5877
18120.3,24487848.4409
18121.915,24429443.9226
18123.53,24480829.2277
18125.145,24571735.5463
18126.76,24317412.5168
18128.375,24354765.8502
18129.99,24222346.9008
18131.605,24590247.1813
18133.22,24557090.9036
18134.835,24511777.6925
18136.45,24477905.2411
18138.065,24585889.2146
18139.68,24575367.0986
18141.295,24387865.4914
18142.91,24439466.4248
18144.525,24594180.9149
18146.14,24450183.1097
18147.755,24476582.5721
18149.37,24641019.9847
18150.985,24648021.3052
18152.6,24438320.7946
18154.215,24355769.9944
18155.83,24485658.4741
18157.445,24423248.5011
18159.06,24356816.1515
18160.675,24414326.8845
18162.29,24509693.7872
18163.905,24335025.5912
18165.52,24511221.7268
18167.135,24299787.7476
18168.75,24537519.745
18170.365,24633931.5367
18171.98,24435048.231
18173.595,24427881.8119
18175.21,24582375.8852
18176.825,24595756.366
18178.44,24685364.8369
18180.055,24538024.1044
18181.67,24457534.7218
18183.285,24432342.1916
18184.9,24450308.849
18186.515,24297639.3605
18188.13,24759610.3566
18189.745,24540686.0742
18191.36,24772140.9934
18192.975,24440555.824
18194.59,24432103.5383
18196.205,24578532.2805
18197.82,24603392.8804
18199.435,24525372.0908
18201.05,24425797.7262
18202.665,24440424.4521
18204.28,24317330.6314
18205.895,24499181.3725
18207.51,24573982.3373
18209.125,24353768.9322
18210.74,24362576.5192
18212.355,24454121.8734
18213.97,24477838.8253
18215.585,24501855.3719
18217.2,24488349.0718
18218.815,24480564.7917
18220.43,24427908.0855
18222.045,24334980.5845
18223.66,24487449.3137
18225.275,24676562.9309
18226.89,24420087.1109
18228.505,24395486.7909
18230.12,24374284.9747
18231.735,24294347.5932
18233.35,24467113.6274
18234.965,24680802.9386
18236.58,24460215.9362
18238.195,24560675.571
18239.81,24312536.7295
18241.425,24350301.5673
18243.04,24488738.1927
18244.655,24393680.7141
18246.27,24534551.9455
18247.885,24413450.7427
18249.5,24280975.9955
18251.115,24384728.3684
18252.73,24321328.5065
18254.345,24339698.1163
18255.96,24303754.8937
18257.575,24287910.5264
18259.19,24289220.0837
18260.805,24437620.946
18262.42,24323074.7763
18264.035,24331075.0175
18265.65,24288370.5819
18267.265,24429905.1979
18268.88,24510682.6217
18270.495,24514474.436
18272.11,24542623.0004
18273.725,24793845.0937
18275.34,24808905.2034
18276.955,24622231.8675
18278.57,24655482.7649
18280.185,24516338.94
18281.8,24565906.0868
18283.415,24472003.3316
18285.03,24524082.6557
18286.645,24528378.4147
18288.26,24581351.4552
18289.875,24555654.0115
18291.49,24526924.5318
18293.105,24475485.0188
18294.72,24416369.9893
18296.335,24626015.4384
18297.95,24603685.5518
18299.565,24452612.3545
18301.18,24584866.7576
18302.795,24433100.0732
18304.41,24257765.3331
18306.025,24153151.1817
18307.64,24257644.6816
18309.255,24032252.9082
18310.87,24029618.7313
18312.485,23796582.189
18314.1,24010537.6972
18315.715,24004604.1231
18317.33,24025529.87
18318.945,24022162.7908
18320.56,23922305.2348
18322.175,23910549.7846
18323.79,23942476.4918
18325.405,23869280.5117
18327.02,23961078.7577
18328.635,23860688.8022
18330.25,24154681.5963
18331.865,24328165.0259
18333.48,24309403.3442
18335.095,24394827.9008
18336.71,24397223.6476
18338.325,24336369.8404
18339.94,24133977.6236
18341.555,24584223.4226
18343.17,24822240.921
18344.785,24722838.5819
18346.4,24486447.3303
18348.015,24375544.3631
18349.63,24432789.9461
18351.245,24448235.4372
18352.86,24497633.1006
18354.475,24654403.7922
18356.09,24577774.5328
18357.705,24508914.2084
18359.32,24694297.2501
18360.935,24708027.7863
18362.55,24517998.0934
18364.165,24696260.4536
18365.78,24601912.8094
18367.395,24769827.6508
18369.01,24745907.2098
18370.625,24675673.5305
18372.24,24557921.7727
18373.855,24493715.2903
18375.47,24632813.1824
18377.085,24527605.6864
18378.7,24455976.2502
18380.315,24400283.1771
18381.93,24419254.8192
18383.545,24327528.5788
18385.16,24385046.4376
18386.775,24268789.471
18388.39,24553137.0887
18390.005,24580100.0982
18391.62,24633791.9065
18393.235,24479126.6779
18394.85,24612795.7012
18396.465,24564037.8638
18398.08,24441274.3705
18399.695,24584830.9928
18401.31,24539291.5446
18402.925,24675044.1403
18404.54,24766097.5235
18406.155,24506571.0906
18407.77,24640511.2108
18409.385,24476874.4663
18411,24577193.3292
18412.615,24461889.8693
18414.23,24533292.89
18415.845,24575452.1026
18417.46,24305520.4471
18419.075,24289048.207
18420.69,24287048.6549
18422.305,24297467.6121
18423.92,24562133.2362
18425.535,24235400.7826
18427.15,24267273.4753
18428.765,24355214.925
18430.38,24348076.9329
18431.995,24378494.1789
18433.61,24311787.8575
18435.225,24213952.1757
18436.84,24419967.3835
18438.455,24622252.8842
18440.07,24430384.4012
18441.685,24641116.1497
18443.3,24652588.4475
18444.915,24679872.1333
18446.53,24574912.3857
18448.145,24401244.6222
18449.76,24546173.1024
18451.375,24454345.1426
18452.99,24254530.7862
18454.605,24337840.3774
18456.22,24222688.7426
18457.835,24297555.8479
18459.45,24616322.9605
18461.065,24577284.4957
18462.68,24502085.6274
18464.295,24481623.3762
18465.91,24231996.2036
18467.525,23989510.9505
18469.14,24170455.5274
18470.755,24354124.5459
18472.37,24481656.4168
18473.985,24447226.5846
18475.6,24388719.7035
18477.215,24182352.5733
18478.83,24392650.2573
18480.445,24379824.3679
18482.06,24321921.9794
18483.675,24413074.845
18485.29,24361002.206
18486.905,24222275.3043
18488.52,24148614.1847
18490.135,24252059.9189
18491.75,24384688.9142
18493.365,24646285.765
18494.98,24484936.1732
18496.595,24575478.5454
18498.21,24336711.7937
18499.825,24500361.1162
18501.44,24322639.0382
18503.055,24232852.2083
18504.67,24441944.9163
18506.285,24236480.9416
18507.9,24167386.371
18509.515,24421188.2791
18511.13,24312671.6216
18512.745,24361651.1754
18514.36,24443498.0007
18515.975,24578435.7046
18517.59,24682246.1587
18519.205,24427820.9431
18520.82,24662902.4106
18522.435,24583484.3709
18524.05,24453254.9884
18525.665,24585752.3794
18527.28,24270639.6545
18528.895,24085647.9726
18530.51,24082283.7757
18532.125,24262255.6293
18533.74,24330692.2005
18535.355,24272388.8048
18536.97,24453497.8071
18538.585,24371860.4717
18540.2,24471381.3034
18541.815,24462573.1326
18543.43,24387455.3929
18545.045,24388063.307
18546.66,24362880.1769
18548.275,24482739.4637
18549.89,24515284.5432
18551.505,24415346.1487
18553.12,24454211.5001
18554.735,24515171.8115
18556.35,24445100.3559
18557.965,24464956.9783
18559.58,24402768.1118
18561.195,24699130.091
18562.81,24589162.8011
18564.425,24675938.5113
18566.04,24764598.2155
18567.655,24828118.091
18569.27,24778858.1797
18570.885,25024354.8649
18572.5,24392211.8005
18574.115,24292261.6201
18575.73,24399276.9037
18577.345,24748552.5125
18578.96,24602734.0107
18580.575,24700798.3097
18582.19,24644622.171
18583.805,24579003.4635
18585.42,24716592.3035
18587.035,24484296.3323
18588.65,24593634.8978
18590.265,24501824.6688
18591.88,24421853.5382
18593.495,24469501.7036
18595.11,24378620.3254
18596.725,24443953.2232
18598.34,24504985.5309
18599.955,24654914.0371
18601.57,24629828.3866
18603.185,24764530.338
18604.8,24802237.9592
18606.415,24585979.5276
18608.03,24535988.3392
18609.645,24454572.7408
18611.26,24517737.6963
18612.875,24518141.4427
18614.49,211611.9794
18616.105,24490340.7934
18617.72,24450670.3537
18619.335,24553180.6413
18620.95,24360919.4503
18622.565,24855691.9584
18624.18,24474491.4183
18625.795,24635291.023
18627.41,24422838.4063
18629.025,24638126.7031
18630.64,24553633.2585
18632.255,24424422.9655
18633.87,24518079.5307
18635.485,24511652.5222
18637.1,24324491.3454
18638.715,24408403.1921
18640.33,24150961.094
18641.945,24189335.3875
18643.56,24096815.8075
18645.175,24369797.9551
18646.79,24210970.7048
18648.405,24180384.8567
18650.02,24382252.6923
18651.635,24408431.7958
18653.25,24409710.2279
18654.865,24174782.0285
18656.48,24298943.1346
18658.095,24459662.572
18659.71,24412401.3407
18661.325,24336058.4562
18662.94,24602655.3888
18664.555,24345740.5393
18666.17,24452380.0628
18667.785,24550635.4718
18669.4,24336308.5551
18671.015,24181879.4117
18672.63,24372384.1035
18674.245,24536685.4767
18675.86,24613179.0054
18677.475,24485643.8933
18679.09,24530327.6194
18680.705,24543234.2766
18682.32,24585007.1446
18683.935,24609811.9597
18685.55,24606553.378
18687.165,1914.8978
18688.78,24385042.7222
18690.395,24282295.6688
18692.01,24328139.8736
18693.625,24307068.9347
18695.24,24309186.9107
18696.855,24348060.5483
18698.47,24196039.6109
18700.085,24606608.67
18701.7,24393154.7988
18703.315,24542521.0857
18704.93,2155.5334
18706.545,24449200.2853
18708.16,24340156.5093
18709.775,24518650.436
18711.39,24476414.4462
18713.005,24541213.4437
18714.62,24684071.0876
18716.235,24295567.6502
18717.85,24456431.4652
18719.465,24119499.173
18721.08,24088576
18722.695,23995869.7785
18724.31,23866906.2761
18725.925,23801489.5776
18727.54,23957497.6402
18729.155,23664524.9582
18730.77,23721560.8058
18732.385,23849695.9364
18734,24167909.0284
18735.615,24094653.4607
18737.23,24185022.7996
18738.845,24342488.4065
18740.46,24174354.2159
18742.075,24321472.6796
18743.69,24374558.5579
18745.305,24336814.1715
18746.92,24131996.481
18748.535,24224654.9883
18750.15,23976057.7054
18751.765,24031488.2467
18753.38,23656418.079
18754.995,23674234.492
18756.61,23950513.4462
18758.225,23832890.9162
18759.84,24039264.1402
18761.455,23670540.8547
18763.07,23475544.7342
18764.685,23528061.1464
18766.3,23758429.4335
18767.915,23607150.0712
18769.53,23370063.0377
18771.145,23491581.3831
18772.76,23366406.5636
18774.375,23333878.8969
18775.99,23245255.9301
18777.605,23614339.5079
18779.22,23866909.0822
18780.835,24086833.7729
18782.45,23802767.9985
18784.065,23681162.825
18785.68,23472416.8792
18787.295,23486638.7672
18788.91,23413283.3359
18790.525,23159757.8486
18792.14,23147033.7661
18793.755,23266166.5643
18795.37,23426005.4788
18796.985,23658469.7117
18798.6,23888591.342
18800.215,23497370.4865
18801.83,23340436.924
18803.445,23350932.6957
18805.06,23533046.5098
18806.675,23491810.5545
18808.29,23495143.0962
18809.905,23632185.8429
18811.52,23745488.1291
18813.135,23900884.9694
18814.75,23774223.1484
18816.365,24039599.2318
18817.98,24230227.6638
18819.595,24476729.2537
18821.21,24546944.728
18822.825,24622109.9459
18824.44,24677045.4535
18826.055,24627524.2432
18827.67,24423506.4435
18829.285,24568137.0698
18830.9,24411157.0333
18832.515,24510208.4894
18834.13,24181134.4614
18835.745,24423367.745
18837.36,24385378.9407
18838.975,24147126.934
18840.59,24395590.1598
18842.205,24256487.1651
18843.82,24071884.8905
18845.435,24338771.8353
18847.05,24128062.3681
18848.665,24105891.8973
18850.28,24075419.3333
18851.895,24272260.1645
18853.51,24297269.7649
18855.125,24125513.4256
18856.74,24118470.9959
18858.355,24141994.9429
18859.97,24133940.7487
18861.585,24258759.2702
18863.2,24265755.0269
18864.815,24449297.2331
18866.43,24445440.0257
18868.045,24406043.2008
18869.66,24413809.2051
18871.275,24615864.7292
18872.89,24531098.7002
18874.505,24299735.933
18876.12,24541815.7829
18877.735,24422625.2252
18879.35,24145674.8902
18880.965,24065003.0166
18882.58,24185595.3265
18884.195,24241847.4391
18885.81,24358559.829
18887.425,24408431.5485
18889.04,24353494.7224
18890.655,24221954.4048
18892.27,24307686.3066
18893.885,24367151.9402
18895.5,24599957.6225
18897.115,24584673.9088
18898.73,24588183.5228
18900.345,24526972.8114
18901.96,24641325.9817
18903.575,24574316.7445
18905.19,24538506.0635
18906.805,24679661.5426
18908.42,24678079.0772
18910.035,24769134.7978
18911.65,24562529.5629
18913.265,24835034.231
18914.88,24503622.1135
18916.495,24468073.6742
18918.11,24607374.821
18919.725,24574787.1205
18921.34,24521148.2073
18922.955,24693400.7146
18924.57,24575916.753
18926.185,24613637.7592
18927.8,24382201.6494
18929.415,24420072.2939
18931.03,24121361.7281
18932.645,24170129.4732
18934.26,24138502.6433
18935.875,24266232.7463
18937.49,24102131.0278
18939.105,24034825.4745
18940.72,24098920.114
18942.335,24139862.3192
18943.95,24021896.2181
18945.565,273758.9873
18947.18,23974619.0486
18948.795,23905061.2353
18950.41,23862675.2613
18952.025,23777811.137
18953.64,23801930.0445
18955.255,23951353.838
18956.87,23963250.4079
18958.485,23824159.9745
18960.1,23886729.553
18961.715,24001607.3852
18963.33,24190638.7302
18964.945,24239380.953
18966.56,24378849.4745
18968.175,24145401.4949
18969.79,24339382.7508
18971.405,24302841.7728
18973.02,24206874.0928
18974.635,24078771.9879
18976.25,24214697.3752
18977.865,24152197.344
18979.48,24107383.57
18981.095,24085934.37
18982.71,23886295.3751
18984.325,23887763.5579
18985.94,23773811.1252
18987.555,23758132.6301
18989.17,24018958.8353
18990.785,24003630.325
18992.4,23997450.5182
18994.015,24378139.8911
18995.63,24257392.2192
18997.245,24124606.2646
18998.86,23916311.4763
19000.475,24065776.7583
19002.09,24190210.17
19003.705,24464598.209
19005.32,24478576.594
19006.935,24215982.8531
19008.55,24485131.365
19010.165,24613266.9363
19011.78,24650711.7858
19013.395,24547915.7498
19015.01,24348505.7776
19016.625,24233974.1701
19018.24,24128806.9297
19019.855,23847433.4471
19021.47,23590873.0211
19023.085,23883748.1639
19024.7,24041292.058
19026.315,24009003.0632
19027.93,23978263.2701
19029.545,23938698.6223
19031.16,24031651.6847
19032.775,24109464.156
19034.39,24076718.3934
19036.005,24149056.6599
19037.62,24060665.7598
19039.235,23950542.5445
19040.85,24281002.2041
19042.465,24369637.4923
19044.08,24234248.2832
19045.695,24224590.8281
19047.31,24413431.2992
19048.925,24471559.7016
19050.54,24573619.9251
19052.155,24528413.7629
19053.77,24451595.3311
19055.385,24472645.3537
19057,24424228.6608
19058.615,24470732.4121
19060.23,24342343.7239
19061.845,23983385.7755
19063.46,24231161.621
19065.075,24147879.2183
19066.69,24142251.1932
19068.305,24173059.7061
19069.92,24121760.5001
19071.535,24324503.6649
19073.15,24283503.0046
19074.765,24361289.0683
19076.38,24427466.3392
19077.995,24384650.8473
19079.61,24523324.5361
19081.225,24638732.2277
19082.84,24570647.168
19084.455,24722313.0423
19086.07,24753028.8992
19087.685,24557520.9124
19089.3,24730653.9221
19090.915,24628632.8627
19092.53,24539359.9762
19094.145,24600874.1017
19095.76,24750482.3221
19097.375,24659099.7718
19098.99,24661228.5183
19100.605,24551696.3547
19102.22,24436636.5447
19103.835,24356609.5866
19105.45,24384495.9018
19107.065,24068440.9931
19108.68,24482805.6433
19110.295,24497319.684
19111.91,24571087.3467
19113.525,24465302.4072
19115.14,24239645.5805
19116.755,24294548.5589
19118.37,24446757.2481
19119.985,24413163.5811
19121.6,24257296.2328
19123.215,24120975.9172
19124.83,24011019.3737
19126.445,23818102.9354
19128.06,23847428.3593
19129.675,23661121.2793
19131.29,23580676.9462
19132.905,23788498.7923
19134.52,23980582.7064
19136.135,24012050.5836
19137.75,24017133.3114
19139.365,24197705.9068
19140.98,24298323.4755
19142.595,24218583.5488
19144.21,24473681.7649
19145.825,24294039.5544
19147.44,24234850.0423
19149.055,24242810.1654
19150.67,24279207.0299
19152.285,24488756.8031
19153.9,24540365.4965
19155.515,24406458.5377
19157.13,24413079.8286
19158.745,24298136.2779
19160.36,24195695.8928
19161.975,24442445.0247
19163.59,24483493.2654
19165.205,24586396.2313
19166.82,24535291.6277
19168.435,24327343.1571
19170.05,24421907.6624
19171.665,24427306.2614
19173.28,24389759.9918
19174.895,24143740.1379
19176.51,24091612.1828
19178.125,24093857.4787
19179.74,24165176.2876
19181.355,24294597.785
19182.97,24708940.4144
19184.585,24252596.6624
19186.2,24209620.5422
19187.815,24434043.992
19189.43,24456725.5741
19191.045,24435622.4445
19192.66,24194195.8037
19194.275,24071679.646
19195.89,23979179.5374
19197.505,23976914.439
19199.12,24144910.5894
19200.735,24128812.1625
19202.35,24243769.4906
19203.965,24216715.6326
19205.58,24065316.4648
19207.195,24244647.0308
19208.81,24036984.6619
19210.425,24105832.3414
19212.04,24046215.7845
19213.655,24081513.3886
19215.27,24387439.873
19216.885,24155842.3726
19218.5,24251850.3323
19220.115,24285010.0446
19221.73,24599727.8932
19223.345,24572742.6322
19224.96,24502229.6721
19226.575,24508261.1665
19228.19,24341743.1122
19229.805,24390138.7774
19231.42,24235899.1895
19233.035,24051046.738
19234.65,24181410.2928
19236.265,24275030.9704
19237.88,24175666.1311
19239.495,24219211.7823
19241.11,24195888.5147
19242.725,24356837.6107
19244.34,24423788.6401
19245.955,24471481.2842
19247.57,24424206.6567
19249.185,24171133.1488
19250.8,24045477.5454
19252.415,24016636.7956
19254.03,24143778.2234
19255.645,24105956.7028
19257.26,24127991.4484
19258.875,24201874.2008
19260.49,24498683.2501
19262.105,24286260.258
19263.72,24594918.9383
19265.335,24412505.8606
19266.95,24253777.0737
19268.565,24339741.5629
19270.18,24528357.4222
19271.795,24554383.5346
19273.41,24230617.88
19275.025,24323822.0269
19276.64,24195720.9428
19278.255,23938309.2615
19279.87,23843156.5031
19281.485,23744160.5453
19283.1,23732053.1318
19284.715,23727511.0321
19286.33,23932976.2211
19287.945,23993242.9504
19289.56,24377182.8383
19291.175,24169818.8831
19292.79,24248510.8787
19294.405,24171973.2804
19296.02,24316332.819
19297.635,24263247.638
19299.25,24173238.4092
19300.865,24116471.215
19302.48,24129707.519
19304.095,24046932.9773
19305.71,23797898.3608
19307.325,23815748.7552
19308.94,23880040.8793
19310.555,23916536.5604
19312.17,23962605.5779
19313.785,23869493.2521
19315.4,24003274.7709
19317.015,23809427.7989
19318.63,23912305.6552
19320.245,23749009.0548
19321.86,23562974.6522
19323.475,23781069.555
19325.09,23857618.0671
19326.705,23577865.8848
19328.32,23828475.1714
19329.935,23355924.8092
19331.55,23481453.5929
19333.165,23869537.1413
19334.78,24096615.66
19336.395,24174372.6942
19338.01,23988947.7605
19339.625,23817237.5512
19341.24,23972931.0479
19342.855,23806302.6681
19344.47,24041335.1029
19346.085,23839181.8407
19347.7,23949266.5744
19349.315,24043090.6444
19350.93,24003376.3434
19352.545,24152504.5683
19354.16,24029362.4699
19355.775,23739269.7105
19357.39,24074732.1965
19359.005,23832046.6918
19360.62,23820335.6385
19362.235,23958780.7007
19363.85,24091594.9968
19365.465,24044787.1786
19367.08,23970927.7971
19368.695,24177018.7166
19370.31,24340345.8918
19371.925,24156575.2079
19373.54,24049109.9197
19375.155,23972521.6671
19376.77,23751858.6722
19378.385,23539868.4912
19380,23624627.3312
19381.615,23813711.9394
19383.23,23614444.5169
19384.845,23585474.0186
19386.46,23508744.1573
19388.075,23475338.3479
19389.69,23765877.7833
19391.305,23752678.8266
19392.92,23726602.0432
19394.535,23250655.2971
19396.15,23444218.079
19397.765,23284248.9362
19399.38,23273749.888
19400.995,23539729.7276
19402.61,23717813.5706
19404.225,23618382.2894
19405.84,23915603.533
19407.455,23914758.0757
19409.07,23740934.2046
19410.685,23913200.5302
19412.3,23925776.3151
19413.915,23779979.4195
19415.53,23915024.8585
19417.145,23971285.3465
19418.76,23994163.0428
19420.375,23885368.5716
19421.99,23881612.7824
19423.605,23657231.0927
19425.22,23895862.692
19426.835,24092554.0431
19428.45,23925431.2935
19430.065,23821061.731
19431.68,23945685.9627
19433.295,23875554.1404
19434.91,23956258.1676
19436.525,24161945.1158
19438.14,24060935.6071
19439.755,23993695.5417
19441.37,23889510.644
19442.985,24085011.5813
19444.6,24208552.6786
19446.215,24160448.519
19447.83,24488686.2889
19449.445,24270033.7003
19451.06,24297726.025
19452.675,24314007.0211
19454.29,24153522.1032
19455.905,23864696.202
19457.52,23938116.2677
19459.135,23719127.1501
19460.75,23671723.4026
19462.365,23951441.8916
19463.98,23907042.4634
19465.595,23969384.7412
19467.21,24001331.6041
19468.825,23989188.5206
19470.44,23823036.473
19472.055,23745696.2652
19473.67,23778828.5993
19475.285,23634778.3398
19476.9,23641344.971
19478.515,23850002.0413
19480.13,23845160.0514
19481.745,24109215.0501
19483.36,24013311.6754
19484.975,24062887.5324
19486.59,24193827.1435
19488.205,24281313.3855
19489.82,24113327.1707
19491.435,24209028.7504
19493.05,24276037.5524
19494.665,23833570.2652
19496.28,23764994.1233
19497.895,23743272.9356
19499.51,23711433.6535
19501.125,23624864.2533
19502.74,23509306.8861
19504.355,23403511.4792
19505.97,23376174.6101
19507.585,23398123.5169
19509.2,23535004.0918
19510.815,23257529.69
19512.43,23504617.9673
19514.045,23223366.6834
19515.66,23492115.2201
19517.275,23590566.5164
19518.89,23455422.9172
19520.505,23660472.639
19522.12,23664814.8478
19523.735,23575802.9385
19525.35,23579629.5023
19526.965,23783349.9352
19528.58,23758497.5117
19530.195,23772885.549
19531.81,23772427.4591
19533.425,23628078.9476
19535.04,23647927.771
19536.655,23583956.1392
19538.27,23805384.6845
19539.885,23522826.3611
19541.5,23478666.2966
19543.115,23429823.6096
19544.73,23258430.7573
19546.345,23452392.0936
19547.96,23616765.1935
19549.575,23663092.8396
19551.19,23744847.0721
19552.805,23741727.3191
19554.42,23838590.4468
19556.035,23855133.8668
19557.65,23805688.8852
19559.265,23924838.914
19560.88,24200597.712
19562.495,24172754.9252
19564.11,24388939.2573
19565.725,24444324.0071
19567.34,23895402.6607
19568.955,24109794.4648
19570.57,24095032.0919
19572.185,23804944.279
19573.8,23833805.64
19575.415,23894078.7216
19577.03,23750186.0277
19578.645,23889663.7355
19580.26,23754371.0131
19581.875,23803010.2221
19583.49,23676344.7471
19585.105,24079703.9591
19586.72,24369994.8967
19588.335,24273706.9867
19589.95,24136941.5776
19591.565,24314020.8208
19593.18,24326327.6641
19594.795,24167510.8533
19596.41,24026650.9559
19598.025,24155002.996
19599.64,24194236.0891
19601.255,24273884.5889
19602.87,24168368.6934
19604.485,24327492.2654
19606.1,24498953.1346
19607.715,24505289.6572
19609.33,24532824.9574
19610.945,24192509.4116
19612.56,24234008.3115
19614.175,24349228.495
19615.79,24140317.4376
19617.405,24041999.0789
19619.02,24070787.3893
19620.635,24033055.3819
19622.25,23979451.6849
19623.865,24090730.6464
19625.48,24085913.7773
19627.095,23950865.4932
19628.71,23662886.3733
19630.325,23504147.1283
19631.94,23437173.6206
19633.555,23351924.3102
19635.17,23263619.7473
19636.785,23479323.011
19638.4,23788606.4326
19640.015,23968582.7472
19641.63,23881815.0294
19643.245,23509146.9069
19644.86,23591110.9752
19646.475,23618129.4719
19648.09,23610582.0711
19649.705,23741140.5778
19651.32,23859553.1485
19652.935,23802579.4993
19654.55,23765070.1307
19656.165,23437300.3231
19657.78,23603677.6594
19659.395,23568917.2172
19661.01,23637374.2937
19662.625,23694757.2512
19664.24,23593062.1622
19665.855,23453293.1999
19667.47,23436235.5222
19669.085,23454928.7445
19670.7,23370378.1112
19672.315,23019535.7838
19673.93,23178137.128
19675.545,22932475.8444
19677.16,22982014.2649
19678.775,23043889.9025
19680.39,22952265.2607
19682.005,22677627.5468
19683.62,22757968.3046
19685.235,22777908.1699
19686.85,22819619.8679
19688.465,22998103.58
19690.08,23091554.5399
19691.695,23003375.8223
19693.31,22839720.3372
19694.925,23110328.4984
19696.54,23258649.2251
19698.155,23088813.1243
19699.77,23256093.9508
19701.385,23028371.2454
19703,22923694.9979
19704.615,22919716.1143
19706.23,23002619.9992
19707.845,22882577.6301
19709.46,22864519.0474
19711.075,23128316.7267
19712.69,23187167.1883
19714.305,23247126.4441
19715.92,23169285.2874
19717.535,23319480.3253
19719.15,23403684.3191
19720.765,23702478.6764
19722.38,23610316.1475
19723.995,23550741.4213
19725.61,23537278.1067
19727.225,23313177.3677
19728.84,23292583.8729
19730.455,23534363.3342
19732.07,23649223.2497
19733.685,23667693.2604
19735.3,23840189.2335
19736.915,23884229.9854
19738.53,23862814.3893
19740.145,23907889.6836
19741.76,23839008.2941
19743.375,23462909.1777
19744.99,23686862.1436
19746.605,1367.832
19748.22,23705127.6332
19749.835,23668062.4748
19751.45,23657863.3094
19753.065,23655392.6393
19754.68,23537193.3055
19756.295,23532365.9949
19757.91,23688789.5711
19759.525,23725682.1442
19761.14,23673439.2445
19762.755,23446480.9998
19764.37,23448156.8445
19765.985,23482287.0951
19767.6,23471504.6676
19769.215,23526914.3838
19770.83,23297386.8363
19772.445,23371786.0501
19774.06,23448739.8184
19775.675,23468523.2841
19777.29,134831.1812
19778.905,23324003.5114
19780.52,23482436.7669
19782.135,23270421.3908
19783.75,23552187.3137
19785.365,23779496.0322
19786.98,24039696.7951
19788.595,23833219.955
19790.21,23761084.1232
19791.825,23766786.7927
19793.44,23749708.8365
19795.055,23978963.7324
19796.67,23887054.4096
19798.285,23824022.3415
19799.9,23521394.4266
19801.515,23822326.2109
19803.13,23793966.0981
19804.745,23984167.1452
19806.36,23917397.9095
19807.975,23801628.7113
19809.59,23925494.8363
19811.205,23952104.538
19812.82,23965830.0553
19814.435,24181755.147
19816.05,24140567.2389
19817.665,23985681.3334
19819.28,24010015.1216
19820.895,24118875.8041
19822.51,24212254.8884
19824.125,24161992.1346
19825.74,24026762.0884
19827.355,24191469.5491
19828.97,24108092.9135
19830.585,24204368.53
19832.2,24173858.8084
19833.815,23940959.3413
19835.43,24107497.2947
19837.045,24069147.1959
19838.66,24449963.8739
19840.275,24336467.7087
19841.89,24374015.3673
19843.505,24452255.8204
19845.12,24364843.438
19846.735,24301180.1443
19848.35,24174675.6658
19849.965,24168585.032
19851.58,23710371.6641
19853.195,23844281.4141
19854.81,23934651.5005
19856.425,23874797.7725
19858.04,23779869.0661
19859.655,23870269.6195
19861.27,24020183.6304
19862.885,24131717.9199
19864.5,24205290.0914
19866.115,24106906.7116
19867.73,23847699.2517
19869.345,23613717.9037
19870.96,23840623.8633
19872.575,23728626.0708
19874.19,23618070.3307
19875.805,23604495.4949
19877.42,23495718.8792
19879.035,23813848.1406
19880.65,23681963.0672
19882.265,23601402.5046
19883.88,23973734.5853
19885.495,24007494.013
19887.11,23899309.1519
19888.725,23737172.7251
19890.34,23635939.0212
19891.955,23660154.7409
19893.57,23785791.15
19895.185,23619064.1171
19896.8,23527191.2583
19898.415,23663218.4469
19900.03,23574253.5378
19901.645,23777837.2805
19903.26,23783406.2648
19904.875,23794181.2782
19906.49,23987786.1772
19908.105,23834288.0715
19909.72,23899938.8191
19911.335,23822832.4725
19912.95,23706041.7415
19914.565,23746065.1449
19916.18,23540818.5967
19917.795,23632077.178
19919.41,23510867.7287
19921.025,23547482.3896
19922.64,23555151.435
19924.255,23748346.1703
19925.87,23757814.6762
19927.485,23822622.9231
19929.1,23911760.1142
19930.715,23943190.845
19932.33,23831191.007
19933.945,23708003.1728
19935.56,23529857.7804
19937.175,23526202.6265
19938.79,23535138.0132
19940.405,23327802.3381
19942.02,23357805.8799
19943.635,23369693.072
19945.25,23420950.6872
19946.865,23691403.4566
19948.48,23757785.5109
19950.095,23910564.8079
19951.71,23978033.6524
19953.325,24236155.2538
19954.94,24239646.9882
19956.555,24117943.1225
19958.17,24243262.5261
19959.785,24070817.0957
19961.4,24073607.0791
19963.015,24106904.4206
19964.63,23918802.1478
19966.245,24062585.2173
19967.86,24048237.0619
19969.475,23879594.075
19971.09,23567543.6503
19972.705,23533109.121
19974.32,23484251.0945
19975.935,23435428.8607
19977.55,23307593.2094
19979.165,23343505.9576
19980.78,23433346.2423
19982.395,23464273.9619
19984.01,23492662.483
19985.625,23601708.483
19987.24,23743656.9112
19988.855,23900401.1228
19990.47,23806952.0708
19992.085,23878922.6515
19993.7,23898712.6405
19995.315,24204083.7803
19996.93,23959620.0363
19998.545,24013194.133
20000.16,23841996.0243
20001.775,23847413.468
20003.39,23725395.0328
20005.005,23797719.6
20006.62,23836912.2404
20008.235,23958927.0048
20009.85,23905063.6899
20011.465,23802022.8846
20013.08,23990518.7785
20014.695,23807845.6813
20016.31,24004665.6019
20017.925,23773243.5875
20019.54,23566175.6938
20021.155,23549943.6263
20022.77,23513222.9744
20024.385,23646780.9489
20026,23510485.6592
20027.615,23628815.1357
20029.23,23493368.5575
20030.845,23316875.903
20032.46,23285770.2037
20034.075,23263097.6794
20035.69,23139323.5
20037.305,23384176.2571
20038.92,23226978.9819
20040.535,23250400.8264
20042.15,23516374.9628
20043.765,23230125.6055
20045.38,23391446.4282
20046.995,23384522.4186
20048.61,23731801.1548
20050.225,23353408.0928
20051.84,23262542.0429
20053.455,23171883.5601
20055.07,23334251.1554
20056.685,23504596.3667
20058.3,23664846.9976
20059.915,23573311.0937
20061.53,23350076.3116
20063.145,23473752.3977
20064.76,23747505.2987
20066.375,23935041.7205
20067.99,23638789.3044
20069.605,23827228.5991
20071.22,23523886.4686
20072.835,23679694.7891
20074.45,23668070.1845
20076.065,23724273.5099
20077.68,23596837.6924
20079.295,23423739.8877
20080.91,23792475.5765
20082.525,23755071.202
20084.14,23835252.4919
20085.755,24200268.2102
20087.37,24292844.0826
20088.985,23990804.313
20090.6,24043382.4549
20092.215,24103692.4877
20093.83,23828306.3388
20095.445,23992340.5982
20097.06,24247817.6742
20098.675,24099705.1097
20100.29,23935799.6448
20101.905,23938266.7
20103.52,23864958.7245
20105.135,23746740.2597
20106.75,23778884.7002
20108.365,24005631.6289
20109.98,23771109.783
20111.595,23517705.6744
20113.21,23615121.8222
20114.825,23563163.6201
20116.44,23121110.6619
20118.055,23132568.6653
20119.67,23107309.0572
20121.285,23329780.7881
20122.9,23367129.2067
20124.515,23342121.0252
20126.13,23307959.1733
20127.745,23196708.213
20129.36,23408850.5036
20130.975,23496750.9073
20132.59,23446213.2984
20134.205,23748524.3807
20135.82,23781663.3589
20137.435,23856144.8356
20139.05,23810183.8842
20140.665,23922067.74
20142.28,24110419.8253
20143.895,24021005.808
20145.51,23874244.0122
20147.125,24167476.5817
20148.74,24103383.4968
20150.355,24052070.8407
20151.97,23997323.1685
20153.585,24155683.5704
20155.2,24073605.1879
20156.815,24004045.8684
20158.43,23857517.1007
20160.045,23764796.6666
20161.66,23795923.6801
20163.275,23785179.8718
20164.89,24067334.4433
20166.505,24069656.6671
20168.12,23690593.3457
20169.735,24222933.3613
20171.35,24138096.0369
20172.965,24146537.143
20174.58,24015589.3908
20176.195,24031359.6418
20177.81,24033789.3348
20179.425,24001340.0502
20181.04,23936344.0404
20182.655,23808482.7997
20184.27,23756424.8754
20185.885,23620190.579
20187.5,23579134.822
20189.115,23707861.6775
20190.73,23718466.592
20192.345,23429838.0713
20193.96,23496528.0268
20195.575,23572112.9162
20197.19,23637958.7607
20198.805,23786457.0339
20200.42,23855319.1453
20202.035,23742048.7318
20203.65,23805156.9096
20205.265,23873831.9295
20206.88,24189001.7352
20208.495,24234511.1609
20210.11,24344847.0237
20211.725,24071592.3585
20213.34,23941121.0556
20214.955,23988898.9658
20216.57,24353460.8525
20218.185,24369730.3975
20219.8,24216183.9862
20221.415,24403090.7277
20223.03,24431186.7355
20224.645,24046395.9679
20226.26,24193809.9817
20227.875,24401115.2735
20229.49,24563573.5406
20231.105,24697831.5608
20232.72,24901223.5258
20234.335,24849237.8247
20235.95,24864872.477
20237.565,24533364.083
20239.18,24308759.046
20240.795,24233965.3744
20242.41,24556303.6187
20244.025,24445126.6909
20245.64,24569142.1846
20247.255,24493287.3605
20248.87,24529014.0306
20250.485,24427475.5868
20252.1,24429237.222
20253.715,24431452.6145
20255.33,24614372.7386
20256.945,24434787.9344
20258.56,24113226.0705
20260.175,23830418.1355
20261.79,23902959.8818
20263.405,23899031.6953
20265.02,24048703.0345
20266.635,24005951.5726
20268.25,24021894.7844
20269.865,23968400.4831
20271.48,24252849.9727
20273.095,24352866.6005
20274.71,24433915.6604
20276.325,24564432.7623
20277.94,24448962.7775
20279.555,24626038.813
20281.17,24537317.5483
20282.785,24619916.511
20284.4,24581676.4531
20286.015,24595133.7093
20287.63,24702198.8289
20289.245,24442785.8437
20290.86,24431166.8531
20292.475,24426025.4267
20294.09,24633964.2276
20295.705,24598975.5549
20297.32,24443993.304
20298.935,24475174.4473
20300.55,24551584.0674
20302.165,24642733.0354
20303.78,24633557.2531
20305.395,24354928.0126
20307.01,24332860.1297
20308.625,24704720.0269
20310.24,24445422.8156
20311.855,24502027.3452
20313.47,24129352.984
20315.085,24288867.9642
20316.7,24214205.8672
20318.315,24096955.9231
20319.93,24264552.8049
20321.545,24371339.8748
20323.16,24385522.7214
20324.775,24115946.2295
20326.39,24215100.2959
20328.005,24296963.9668
20329.62,24485402.5809
20331.235,24221568.8151
20332.85,24256717.852
20334.465,24321623.1417
20336.08,24072823.6602
20337.695,24194867.1176
20339.31,24123755.8534
20340.925,23959696.7485
20342.54,24102773.3977
20344.155,24121401.9484
20345.77,24109718.5057
20347.385,24433910.5281
20349,24120037.4971
20350.615,23994242.2133
20352.23,23918752.2969
20353.845,24022498.1018
20355.46,24018160.7186
20357.075,24359399.6351
20358.69,24113919.1113
20360.305,23935948.6174
20361.92,24129487.121
20363.535,24009012.824
20365.15,23804584.5241
20366.765,24201014.663
20368.38,24257001.3875
20369.995,24049430.2278
20371.61,24100184.1047
20373.225,24114425.0513
20374.84,23885546.7429
20376.455,23875903.3851
20378.07,23925879.3864
20379.685,23993174.1786
20381.3,23871148.0318
20382.915,24050358.7663
20384.53,24012240.4645
20386.145,24245313.9207
20387.76,24339946.337
20389.375,24590184.7077
20390.99,24306747.2468
20392.605,24285879.6464
20394.22,24209032.5625
20395.835,24219309.8664
20397.45,24109305.9823
20399.065,24112988.6724
20400.68,24097198.6209
20402.295,24007319.9104
20403.91,23981844.2873
20405.525,23829916.7403
20407.14,23996268.8275
20408.755,23878970.6689
20410.37,23801713.5646
20411.985,23794183.889
20413.6,23715011.1133
20415.215,23566122.3264
20416.83,23766716.5518
20418.445,23572959.4055
20420.06,23783955.2013
20421.675,23714041.0696
20423.29,23598734.9059
20424.905,23595837.8215
20426.52,23577309.2831
20428.135,23334435.6511
20429.75,23308834.8558
20431.365,23304063.4341
20432.98,23291352.045
20434.595,23270931.234
20436.21,23293918.4301
20437.825,23333737.6657
20439.44,23302272.0218
20441.055,23328732.0146
20442.67,23266561.9296
20444.285,22938544.5913
20445.9,23067694.8727
20447.515,23014603.0049
20449.13,22970607.3769
20450.745,23332077.456
20452.36,23149447.5786
20453.975,23180191.4087
20455.59,23171904.3723
20457.205,23122110.1237
20458.82,23187938.5014
20460.435,22989092.0242
20462.05,22919214.8046
20463.665,22730119.1247
20465.28,23047987.05
20466.895,23081811.6253
20468.51,23196283.5243
20470.125,22963995.8021
20471.74,23101533.0916
20473.355,22854091.2815
20474.97,22948827.8271
20476.585,23042767.7957
20478.2,23133198.4999
20479.815,23255695.1825
20481.43,1560.5822
20483.045,23097444.6766
20484.66,22895465.6843
20486.275,23002735.1521
20487.89,23125142.9462
20489.505,23080622.303
20491.12,23134807.2854
20492.735,23125254.6124
20494.35,23236276.9778
20495.965,23325373.7199
20497.58,23387109.004
20499.195,23567018.3078
20500.81,23718237.5154
20502.425,23746862.1571
20504.04,23857337.4492
20505.655,23809272.7289
20507.27,23542240.036
20508.885,23457949.3181
20510.5,23528234.5015
20512.115,23498980.2836
20513.73,23638035.8206
20515.345,23499178.0211
20516.96,23450825.7208
20518.575,23468907.0848
20520.19,23530251.7566
20521.805,23614387.6852
20523.42,23789067.0515
20525.035,23848281.4575
20526.65,23872256.2924
20528.265,24029458.5735
20529.88,23633261.8439
20531.495,23362200.2659
20533.11,23290412.7899
20534.725,23336788.1856
20536.34,23319961.9572
20537.955,23464644.716
20539.57,24063406.9876
20541.185,23939285.7876
20542.8,23730994.2312
20544.415,23671554.6462
20546.03,23516609.5046
20547.645,23860652.05
20549.26,23977134.5953
20550.875,24182540.9945
20552.49,24093579.944
20554.105,24283493.837
20555.72,24454188.3134
20557.335,24558335.7819
20558.95,24470972.3708
20560.565,24551165.5525
20562.18,24301946.7844
20563.795,24108744.278
20565.41,24290370.6715
20567.025,24070192.1517
20568.64,24002287.4464
20570.255,23851432.0233
20571.87,23892472.9746
20573.485,23980418.5971
20575.1,24191335.5125
20576.715,24030459.0525
20578.33,23777630.7398
20579.945,24010009.6806
20581.56,23744164.5173
20583.175,23656793.7238
20584.79,23617407.6898
20586.405,23758850.0534
20588.02,23757378.1905
20589.635,23769330.4652
20591.25,23940133.4168
20592.865,24069288.0682
20594.48,23707224.9979
20596.095,23791678.6833
20597.71,23484110.6554
20599.325,23558161.2902
20600.94,23369023.2942
20602.555,23569144.5421
20604.17,23658593.9876
20605.785,23750690.9375
20607.4,23769607.7098
20609.015,23952490.3229
20610.63,23611913.2364
20612.245,23735149.367
20613.86,23750430.8547
20615.475,23570965.9155
20617.09,23472585.8624
20618.705,23754563.0641
20620.32,23981177.6223
20621.935,23993565.6053
20623.55,24099492.9495
20625.165,24734494.3098
20626.78,24529361.6259
20628.395,24649029.6706
20630.01,24712214.1291
20631.625,24456842.7706
20633.24,24594376.5064
20634.855,24260495.3999
20636.47,24172277.4364
20638.085,24312911.6825
20639.7,24502068.4042
20641.315,24646767.4843
20642.93,24603598.4131
20644.545,24658018.2032
20646.16,24752242.6055
20647.775,24836807.2281
20649.39,24640200.8587
20651.005,24655489.6564
20652.62,24651426.2356
20654.235,24577451.7031
20655.85,24751655.3137
20657.465,24744848.0339
20659.08,24786508.8861
20660.695,24739590.2962
20662.31,24909134.8134
20663.925,24863891.1458
20665.54,24668334.6898
20667.155,261847.2825
20668.77,24687225.062
20670.385,24567523.5248
20672,24305610.9887
20673.615,24277074.7186
20675.23,24628282.5915
20676.845,24491183.4502
20678.46,24788193.3704
20680.075,24745180.511
20681.69,24649184.5342
20683.305,24813737.89
20684.92,24474987.0991
20686.535,24658963.9333
20688.15,24591071.5735
20689.765,24378771.708
20691.38,24312681.3396
20692.995,24169320.3293
20694.61,24309884.5781
20696.225,24529402.841
20697.84,24681635.1019
20699.455,24484944.7197
20701.07,24636523.9109
20702.685,24507428.2147
20704.3,24664221.5111
20705.915,24620905.3418
20707.53,24416488.9635
20709.145,24215085.0568
20710.76,23947767.0507
20712.375,24012492.5029
20713.99,24083029.4828
20715.605,24212580.6172
20717.22,24216455.8158
20718.835,24198707.4904
20720.45,24406393.4849
20722.065,24393945.2487
20723.68,24423347.2378
20725.295,24772502.3401
20726.91,24782489.8083
20728.525,24737208.5815
20730.14,24811317.1284
20731.755,24821419.398
20733.37,24840770.9228
20734.985,24824975.8654
20736.6,24728722.6881
20738.215,24504784.833
20739.83,24578875.6564
20741.445,24706926.129
20743.06,24886085.2478
20744.675,25002677.1889
20746.29,25141459.8178
20747.905,24880185.6125
20749.52,24887394.2435
20751.135,24997978.5836
20752.75,24847960.8393
20754.365,24873855.2823
20755.98,24804599.6781
20757.595,24856403.1485
20759.21,24916888.6748
20760.825,24680392.8828
20762.44,24639900.0126
20764.055,24708661.6412
20765.67,24529612.1096
20767.285,24681107.0258
20768.9,24682005.7128
20770.515,24602622.4895
20772.13,24873880.8437
20773.745,24752819.8835
20775.36,24957722.907
20776.975,24773580.0091
20778.59,24843295.4122
20780.205,24993574.0705
20781.82,25128342.6089
20783.435,25028317.1445
20785.05,25002427.2053
20786.665,24928237.2082
20788.28,24824611.2031
20789.895,24742150.6693
20791.51,24740401.2532
20793.125,24739192.6548
20794.74,24807829.4962
20796.355,24658488.2315
20797.97,24991026.24
20799.585,25047005.3571
20801.2,25034316.8981
20802.815,25112424.938
20804.43,24868652.5036
20806.045,25027194.6546
20807.66,24946897.0533
20809.275,24911551.2942
20810.89,24874870.1803
20812.505,24976256.8715
20814.12,24857453.3259
20815.735,24786769.272
20817.35,24816647.7012
20818.965,24754433.714
20820.58,25064859.043
20822.195,24870541.4793
20823.81,24909669.9334
20825.425,24971162.1329
20827.04,24728385.5398
20828.655,24855195.2735
20830.27,25115938.5891
20831.885,25096850.7806
20833.5,25140685.0123
20835.115,25171893.6845
20836.73,24926788.4
20838.345,24991958.6463
20839.96,25207217.1773
20841.575,24953344.714
20843.19,25007362.7549
20844.805,24898068.034
20846.42,24837341.6788
20848.035,25161463.6963
20849.65,25210679.1979
20851.265,24990596.2517
20852.88,24938351.9908
20854.495,24789876.4451
20856.11,25016960.444
20857.725,24686689.9791
20859.34,24885318.1484
20860.955,24630621.7392
20862.57,24625494.4658
20864.185,24752906.667
20865.8,24762003.1765
20867.415,24705932.2625
20869.03,24709029.5056
20870.645,24977034.2282
20872.26,24928684.137
20873.875,24971221.8209
20875.49,24971414.8742
20877.105,25218667.6662
20878.72,25015855.3112
20880.335,25221394.5085
20881.95,25145211.6665
20883.565,25144683.4956
20885.18,24945811.5313
20886.795,24972875.0312
20888.41,24738743.6004
20890.025,24676932.5321
20891.64,24660753.6887
20893.255,24861165.8024
20894.87,24812900.9122
20896.485,24822158.7641
20898.1,24865620.1553
20899.715,24968542.9291
20901.33,25473949.1599
20902.945,25528641.9492
20904.56,25220631.0296
20906.175,25190467.6461
20907.79,25356118.3953
20909.405,25248103.6666
20911.02,25355568.356
20912.635,25378658.9265
20914.25,25465056.5151
20915.865,25428953.7391
20917.48,25418011.3807
20919.095,25511566.1576
20920.71,25720359.6112
20922.325,25430645.2506
20923.94,25675980.6418
20925.555,25308409.5489
20927.17,25403634.5156
20928.785,25384930.3294
20930.4,25379992.3363
20932.015,25216949.1707
20933.63,25538477.5533
20935.245,25228428.6315
20936.86,25463108.5451
20938.475,25381375.6565
20940.09,25730674.0058
20941.705,25757283.9604
20943.32,25975628.7705
20944.935,26219701.705
20946.55,26301908.843
20948.165,26343871.6737
20949.78,26162120.1677
20951.395,25999733.5343
20953.01,25985667.6089
20954.625,25885070.0398
20956.24,25660804.4587
20957.855,25614762.3881
20959.47,25468021.9697
20961.085,25422683.0317
20962.7,25500419.7298
20964.315,25502570.2406
20965.93,25580667.9023
20967.545,25563038.2053
20969.16,25697475.0569
20970.775,25724253.2714
20972.39,25796836.5137
20974.005,25767441.2636
20975.62,25701050.0863
20977.235,25461249.8597
20978.85,25460245.2358
20980.465,25614810.7346
20982.08,25625125.7688
20983.695,25531863.6411
20985.31,25452607.4421
20986.925,25611371.6088
20988.54,25789731.2683
20990.155,25978041.9395
20991.77,25872974.7989
20993.385,25865573.1648
20995,25870230.1235
20996.615,25883131.0309
20998.23,25744879.2917
20999.845,25683622.255
21001.46,25613700.3318
21003.075,25653652.9049
21004.69,25620979.4771
21006.305,25361902.9595
21007.92,25213479.2247
21009.535,25323943.1159
21011.15,25433302.6627
21012.765,25504586.9434
21014.38,25700247.4043
21015.995,25582304.9605
21017.61,25543580.6896
21019.225,25674522.7554
21020.84,25711554.2223
21022.455,25677554.094
21024.07,25479613.0614
21025.685,25324387.605
21027.3,25167944.8513
21028.915,25402219.9233
21030.53,25397716.3759
21032.145,25603952.0077
21033.76,25457449.2664
21035.375,25456451.5024
21036.99,25740286.0245
21038.605,25636403.5443
21040.22,25666327.2833
21041.835,25637028.0661
21043.45,25721329.4727
21045.065,25876058.2627
21046.68,25928664.1659
21048.295,25749154.4003
21049.91,25681705.3916
21051.525,25743342.1436
21053.14,25739252.2948
21054.755,25825969.444
21056.37,25724658.8662
21057.985,25629180.6393
21059.6,25624640.1557
21061.215,25534002.3158
21062.83,25733703.9851
21064.445,25622416.7522
21066.06,25588251.6164
21067.675,25596988.0624
21069.29,25723489.7461
21070.905,25781127.8288
21072.52,25614662.491
21074.135,25540264.3465
21075.75,25793761.8903
21077.365,25880754.3185
21078.98,25642974.0638
21080.595,25613359.3584
21082.21,25617861.4126
21083.825,25503855.6293
21085.44,25650082.6583
21087.055,25592420.102
21088.67,25610650.3326
21090.285,25456520.2296
21091.9,25394926.2772
21093.515,25403183.1127
21095.13,25469011.6894
21096.745,25268434.4399
21098.36,25168049.9421
21099.975,25273058.6593
21101.59,25767576.548
21103.205,25880401.2524
21104.82,25864249.9398
21106.435,25806578.5264
21108.05,25753424.754
21109.665,25766134.5068
21111.28,25832556.1584
21112.895,25793628.034
21114.51,26052208.259
21116.125,25773600.0091
21117.74,25865828.6229
21119.355,25775016.4052
21120.97,25764427.7153
21122.585,25925278.2011
21124.2,25830066.413
21125.815,26166191.5715
21127.43,26076006.1871
21129.045,26164583.5297
21130.66,25909347.0112
21132.275,25896048.3657
21133.89,25632918.1026
21135.505,25356834.2472
21137.12,25659133.5027
21138.735,25475386.1096
21140.35,25649416.289
21141.965,25591326.7903
21143.58,25691294.8577
21145.195,25432629.1286
21146.81,25702230.3823
21148.425,25508945.5237
21150.04,25864801.6192
21151.655,25881590.8741
21153.27,25777915.7527
21154.885,25699467.6395
21156.5,25901534.7858
21158.115,26117942.9524
21159.73,25620547.3465
21161.345,25853429.0493
21162.96,25824106.5951
21164.575,25611318.6636
21166.19,25598821.88
21167.805,25350020.0202
21169.42,25321539.9327
21171.035,25485715.9943
21172.65,25490003.1956
21174.265,25625775.4765
21175.88,25525895.7081
21177.495,25382230.2182
21179.11,25395161.5554
21180.725,25374311.2023
21182.34,25329236.1294
21183.955,25510297.7187
21185.57,25434100.2458
21187.185,25363124.1675
21188.8,25481697.0541
21190.415,25467172.3229
21192.03,25154775.3053
21193.645,25086746.9601
21195.26,25135791.3696
21196.875,25267364.7055
21198.49,25502602.0055
21200.105,25419981.6951
21201.72,25486275.666
21203.335,25572127.351
21204.95,25512065.0386
21206.565,25405138.969
21208.18,25402087.7629
21209.795,25490896.7261
21211.41,25459241.3519
21213.025,25378665.4666
21214.64,25178132.8594
21216.255,25163436.523
21217.87,24993983.6781
21219.485,24942716.49
21221.1,25171917.377
21222.715,24883125.74
21224.33,25201546.1146
21225.945,25129160.6173
21227.56,24946636.8757
21229.175,25004405.2945
21230.79,25230724.1056
21232.405,25215151.9268
21234.02,25032421.6372
21235.635,25118504.5223
21237.25,25082088.6235
21238.865,25089126.8096
21240.48,25129822.1015
21242.095,25205769.589
21243.71,24999896.4233
21245.325,25040041.925
21246.94,24827705.0841
21248.555,24880001.5613
21250.17,25116852.861
21251.785,25010102.8558
21253.4,24908759.5944
21255.015,24922656.8862
21256.63,24821980.9945
21258.245,25084970.904
21259.86,24878497.7104
21261.475,24858932.2142
21263.09,24838576.1436
21264.705,24895462.4049
21266.32,25064606.7424
21267.935,24964213.5884
21269.55,24852333.8664
21271.165,24911722.7525
21272.78,25019318.5163
21274.395,24865390.3888
21276.01,25057796.2419
21277.625,25050040.3293
21279.24,24889497.2538
21280.855,24780641.1124
21282.47,24828607.6521
21284.085,24882280.6491
21285.7,24835464.4741
21287.315,24890451.1027
21288.93,24731342.3736
21290.545,24671037.6535
21292.16,24796512.8244
21293.775,24823091.2931
21295.39,24715168.0117
21297.005,24883698.8527
21298.62,24881808.7241
21300.235,24815503.1235
21301.85,24803699.1371
21303.465,24778208.0815
21305.08,24816298.7894
21306.695,24974245.9407
21308.31,25212744.7939
21309.925,25054637.5703
21311.54,25033868.4444
21313.155,25045341.698
21314.77,25111273.6287
21316.385,25288970.5302
21318,25167542.3062
21319.615,25332281.6732
21321.23,25336702.0483
21322.845,25143954.4278
21324.46,25145992.1808
21326.075,24843583.7937
21327.69,24819270.2448
21329.305,24589051.8378
21330.92,24889915.5196
21332.535,24750631.2165
21334.15,24759872.4496
21335.765,24692497.8714
21337.38,24879378.3654
21338.995,24887181.929
21340.61,24883021.8821
21342.225,24814005.4314
21343.84,25062844.3298
21345.455,25120423.2081
21347.07,25040414.8437
21348.685,25014019.1059
21350.3,24819042.9478
21351.915,25106460.2927
21353.53,24996797.2277
21355.145,25090255.3282
21356.76,24945222.6144
21358.375,24950188.0266
21359.99,24895151.2755
21361.605,24876162.8323
21363.22,24838234.0712
21364.835,24917822.7213
21366.45,24770040.5102
21368.065,25000421.9109
21369.68,24914877.8909
21371.295,25046802.7606
21372.91,24943851.3831
21374.525,24816440.8872
21376.14,25011007.7017
21377.755,25119732.9157
21379.37,25257910.4736
21380.985,24894632.6534
21382.6,25049634.385
21384.215,24709761.002
21385.83,24813447.0204
21387.445,25168582.7545
21389.06,25057502.8526
21390.675,25118505.6752
21392.29,24929550.4399
21393.905,25137778.9965
21395.52,25201598.316
21397.135,25244991.3016
21398.75,25327323.7475
21400.365,25430377.6515
21401.98,25397649.7648
21403.595,25354662.2865
21405.21,25321984.6617
21406.825,25289929.4705
21408.44,25359211.7686
21410.055,25240603.2753
21411.67,25101393.3545
21413.285,25043390.2339
21414.9,24971883.2995
21416.515,24686346.7929
21418.13,24748457.9225
21419.745,24781807.101
21421.36,24729359.6057
21422.975,24549145.0543
21424.59,24823681.324
21426.205,24643431.5136
21427.82,24793901.1332
21429.435,24783386.7622
21431.05,24694284.1012
21432.665,24712888.9296
21434.28,24644521.77
21435.895,24676459.7294
21437.51,24705525.9724
21439.125,24641237.6083
21440.74,24628338.9509
21442.355,24522504.9712
21443.97,24672260.8401
21445.585,24670888.5861
21447.2,24696394.4028
21448.815,24590925.95
21450.43,24514536.3443
21452.045,24433187.8776
21453.66,24616569.9948
21455.275,24538872.9237
21456.89,24465658.839
21458.505,24685206.7469
21460.12,24730120.312
21461.735,24780671.0847
21463.35,24781070.6694
21464.965,24699613.8818
21466.58,24897449.9518
21468.195,24740261.4965
21469.81,24769437.3844
21471.425,24837695.3361
21473.04,24892483.7716
21474.655,24910900.7182
21476.27,25123380.9232
21477.885,25099099.5725
21479.5,25041220.5809
21481.115,24887040.3928
21482.73,24829749.2191
21484.345,24851173.7355
21485.96,25126153.7932
21487.575,25111486.9474
21489.19,24987235.4615
21490.805,24963813.578
21492.42,24850564.8915
21494.035,24871067.733
21495.65,24963419.5757
21497.265,24933410.2154
21498.88,24912513.3976
21500.495,24893436.3448
21502.11,24929130.2217
21503.725,24885220.9384
21505.34,25011447.3318
21506.955,24853617.9181
21508.57,24860412.8746
21510.185,24764914.8064
21511.8,24843504.2717
21513.415,24885661.3477
21515.03,25007760.9505
21516.645,24944684.426
21518.26,24989199.7751
21519.875,24940827.187
21521.49,25035573.09
21523.105,24980259.3789
21524.72,25047735.2134
21526.335,24978555.8658
21527.95,24901887.7361
21529.565,24920628.1185
21531.18,24981620.3602
21532.795,25149087.635
21534.41,25076633.3081
21536.025,25105855.1586
21537.64,25086296.3474
21539.255,24703517.5055
21540.87,24586228.8677
21542.485,24851636.3813
21544.1,24640010.7119
21545.715,24745008.4353
21547.33,24802630.5184
21548.945,24987505.8034
21550.56,24874486.8983
21552.175,24890533.0142
21553.79,24791805.3342
21555.405,24932113.4109
21557.02,24735101.2701
21558.635,24734392.7633
21560.25,24783297.0499
21561.865,24887139.4735
21563.48,24810357.9873
21565.095,24818581.4976
21566.71,24976312.2249
21568.325,24885444.1741
21569.94,25002875.951
21571.555,24963696.8947
21573.17,25095554.7906
21574.785,25304360.9692
21576.4,25358335.3702
21578.015,25335576.5254
21579.63,25236330.0281
21581.245,25188420.6028
21582.86,25126213.6187
21584.475,25036447.2755
21586.09,25099550.704
21587.705,25125487.1878
21589.32,24894028.6257
21590.935,24994710.7971
21592.55,24838150.8004
21594.165,24846564.9504
21595.78,24774067.467
21597.395,25058798.666
21599.01,24909369.8703
21600.625,24925749.352
21602.24,24674140.6166
21603.855,24742941.0466
21605.47,24822088.6961
21607.085,24837682.455
21608.7,24924976.3653
21610.315,25006381.0705
21611.93,25044388.0147
21613.545,24985095.7547
21615.16,24988779.1775
21616.775,24771041.2961
21618.39,24905328.2937
21620.005,24872677.069
21621.62,25058585.5871
21623.235,25001759.1718
21624.85,24814999.8743
21626.465,25031028.3628
21628.08,24816628.3915
21629.695,24922975.8145
21631.31,25135224.652
21632.925,24921441.2456
21634.54,24633784.5055
21636.155,24772178.4504
21637.77,24788571.0718
21639.385,24767304.1805
21641,24884449.4337
21642.615,25256859.9577
21644.23,25001596.5538
21645.845,25049794.6042
21647.46,24817564.2455
21649.075,24779126.9335
21650.69,24940864.1773
21652.305,24866762.3044
21653.92,24915262.9674
21655.535,25051461.1177
21657.15,24909000.6707
21658.765,24965262.2076
21660.38,24791687.2228
21661.995,24991394.4242
21663.61,25021811.0455
21665.225,24969701.4832
21666.84,25050176.2125
21668.455,24829370.2923
21670.07,24714621.5856
21671.685,24954966.416
21673.3,25006742.3966
21674.915,24954329.5095
21676.53,24782047.0281
21678.145,24892110.6596
21679.76,24994993.0142
21681.375,24885480.4038
21682.99,24943750.1304
21684.605,24989247.9041
21686.22,24859055.4617
21687.835,24676110.3992
21689.45,24871626.2165
21691.065,24497920.8982
21692.68,24750647.7368
21694.295,24552545.1202
21695.91,24788624.0895
21697.525,24761220.5907
21699.14,24771764.3612
21700.755,25059025.3363
21702.37,24945445.705
21703.985,24996319.9602
21705.6,24906235.2929
21707.215,24929336.7214
21708.83,24858832.1702
21710.445,24873813.565
21712.06,24790132.6842
21713.675,25043659.025
21715.29,24967459.2332
21716.905,24835075.9333
21718.52,24955030.6822
21720.135,24723292.2759
21721.75,24664879.3078
21723.365,24827500.7341
21724.98,24732226.0112
21726.595,24958295.7704
21728.21,24720430.3222
21729.825,24726708.2688
21731.44,24794402.3183
21733.055,24839227.2254
21734.67,24632988.1292
21736.285,24932920.4628
21737.9,24811850.798
21739.515,25016372.044
21741.13,25052771.8019
21742.745,25049876.9173
21744.36,24929922.1461
21745.975,25036269.3069
21747.59,24973453.3561
21749.205,24856860.5597
21750.82,24949368.3855
21752.435,24877658.6016
21754.05,24860417.0066
21755.665,24907615.3998
21757.28,25164502.4899
21758.895,24807226.7311
21760.51,25105323.2685
21762.125,25005321.6455
21763.74,25008517.6606
21765.355,24701734.6601
21766.97,24603427.0887
21768.585,24962792.3147
21770.2,24841133.9189
21771.815,25005007.0926
21773.43,24936209.3199
21775.045,24714382.9583
21776.66,24723223.7792
21778.275,24792991.7556
21779.89,24887698.8366
21781.505,24953150.6993
21783.12,24957369.6624
21784.735,25074904.8845
21786.35,24876929.6547
21787.965,24637799.0106
21789.58,24700278.8489
21791.195,24827971.097
21792.81,24802580.2175
21794.425,24731226.6647
21796.04,24831398.1952
21797.655,24795240.1904
21799.27,24840085.8037
21800.885,24866766.5348
21802.5,24980971.7851
21804.115,24883369.7563
21805.73,24949307.9518
21807.345,25052862.1762
21808.96,25128758.2136
21810.575,25020407.6997
21812.19,24918726.0553
21813.805,24861251.5408
21815.42,24734989.7991
21817.035,24666799.2432
21818.65,25106515.7037
21820.265,24914995.9894
21821.88,25101874.5847
21823.495,22949.118
21825.11,24853257.6574
21826.725,24944887.0839
21828.34,24971199.9191
21829.955,25039189.8012
21831.57,24968805.5316
21833.185,24894679.57
21834.8,24930933.5221
21836.415,24920871.1678
21838.03,24974481.9311
21839.645,25070135.0285
21841.26,25022293.5699
21842.875,24942212.8336
21844.49,24967401.8567
21846.105,25063812.2183
21847.72,25080058.9428
21849.335,25043164.5919
21850.95,25287106.93
21852.565,25330862.4078
21854.18,25324427.0183
21855.795,25161757.3236
21857.41,25300986.078
21859.025,25258360.0133
21860.64,25058534.9162
21862.255,25214952.2479
21863.87,25276786.3859
21865.485,25204262.9878
21867.1,25315089.8751
21868.715,25185054.7751
21870.33,25176953.0171
21871.945,24977608.6667
21873.56,25146696.3771
21875.175,24884637.7191
21876.79,25079361.8705
21878.405,25074701.1257
21880.02,25186649.7349
21881.635,25130491.9611
21883.25,25176640.1044
21884.865,25071293.7053
21886.48,25022092.5559
21888.095,24990869.2602
21889.71,25163082.6964
21891.325,24955109.8248
21892.94,24942282.6003
21894.555,25020802.5908
21896.17,24813993.9691
21897.785,25017173.3108
21899.4,24942834.4192
21901.015,25087922.1107
21902.63,25078627.8469
21904.245,25105661.9788
21905.86,24849335.4363
21907.475,24940687.0213
21909.09,24742133.8924
21910.705,25026382.5354
21912.32,25025372.117
21913.935,24949208.0473
21915.55,24994746.0413
21917.165,25149436.954
21918.78,25028251.2233
21920.395,24821702.8201
21922.01,25094091.1098
21923.625,24975738.3312
21925.24,25058645.9501
21926.855,25138962.3236
21928.47,25069972.1986
21930.085,25330405.7925
21931.7,25176394.3477
21933.315,25002719.8619
21934.93,24999348.5541
21936.545,25279537.1811
21938.16,25120334.2526
21939.775,25115863.0819
21941.39,24953849.6052
21943.005,25427312.3853
21944.62,25391029.015
21946.235,25521853.41
21947.85,25202733.0306
21949.465,25204862.9264
21951.08,24989443.3618
21952.695,24992628.0039
21954.31,24971234.5272
21955.925,25002334.2964
21957.54,25161833.4166
21959.155,25091786.1668
21960.77,25247635.7322
21962.385,25181475.2809
21964,25091451.8376
21965.615,25156599.946
21967.23,25210378.865
21968.845,25252201.7457
21970.46,25135138.2311
21972.075,25190988.9404
21973.69,25492731.0959
21975.305,25454476.8701
21976.92,25524591.5584
21978.535,25412788.8759
21980.15,25337915.0557
21981.765,25295510.9975
21983.38,25288099.7235
21984.995,25471615.7304
21986.61,25523463.5159
21988.225,25574461.2956
21989.84,25580714.975
21991.455,25550564.3778
21993.07,25686679.2499
21994.685,25743288.3262
21996.3,25943790.2824
21997.915,25779318.3193
21999.53,25727697.8531
22001.145,25347307.2064
22002.76,25544682.2149
22004.375,25749425.1922
22005.99,25658564.972
22007.605,25384757.2384
22009.22,25524495.8472
22010.835,25543513.2362
22012.45,25628910.091
22014.065,25757709.3743
22015.68,25741618.0657
22017.295,25555635.5838
22018.91,25758084.2194
22020.525,25859103.2676
22022.14,25851131.26
22023.755,26059266.7031
22025.37,26139609.0359
22026.985,25888273.1956
22028.6,25854139.4342
22030.215,26137189.6876
22031.83,25959800.8342
22033.445,25624893.0903
22035.06,25626878.9785
22036.675,25383122.6553
22038.29,25578582.3402
22039.905,25728693.4248
22041.52,25591123.2231
22043.135,25484215.472
22044.75,25902257.6948
22046.365,25732169.5482
22047.98,25668343.882
22049.595,25668859.9175
22051.21,25671843.5251
22052.825,25607059.7815
22054.44,25603525.1602
22056.055,25446275.8343
22057.67,25688486.0779
22059.285,25742405.9307
22060.9,25540093.9221
22062.515,25460292.2639
22064.13,25434596.6816
22065.745,25511722.4698
22067.36,25773794.7304
22068.975,25698670.2963
22070.59,25526817.7642
22072.205,25363382.1304
22073.82,25659440.0074
22075.435,25487181.8099
22077.05,25660650.417
22078.665,25650776.1268
22080.28,25559433.1069
22081.895,25710888.2008
22083.51,25796996.0578
22085.125,25759642.3284
22086.74,25600381.1066
22088.355,25676713.5106
22089.97,25867765.2291
22091.585,25847888.7039
22093.2,25724027.41
22094.815,25765797.9536
22096.43,25695667.3419
22098.045,25596112.9434
22099.66,25723244.8428
22101.275,25606270.2279
22102.89,25548856.9132
22104.505,25576703.0844
22106.12,25536665.1615
22107.735,25248779.0696
22109.35,25177814.3178
22110.965,25407893.9631
22112.58,25311041.9165
22114.195,25435523.7249
22115.81,25217421.648
22117.425,24863600.8546
22119.04,24580203.3908
22120.655,24816363.4721
22122.27,24811892.108
22123.885,24643801.3268
22125.5,24609069.901
22127.115,24642890.1621
22128.73,24830852.3381
22130.345,24757646.8166
22131.96,24987512.0552
22133.575,24761717.4003
22135.19,24756290.1809
22136.805,24608277.3332
22138.42,24508886.7558
22140.035,24558988.7624
22141.65,24601031.0127
22143.265,24841767.0951
22144.88,24734331.1749
22146.495,24738543.7281
22148.11,24944047.3224
22149.725,24960285.744
22151.34,25054890.3562
22152.955,24849001.7208
22154.57,24789068.3592
22156.185,25208029.4285
22157.8,25252226.7586
22159.415,25196817.697
22161.03,25349595.1977
22162.645,25391722.2734
22164.26,25259778.2429
22165.875,25308762.3007
22167.49,25287148.1805
22169.105,25288897.751
22170.72,25279733.9331
22172.335,25340925.5413
22173.95,25101650.2258
22175.565,25224467.7931
22177.18,24922181.7088
22178.795,24951788.4125
22180.41,25035227.3506
22182.025,25011364.7212
22183.64,24956826.3343
22185.255,24791301.4472
22186.87,24714409.6448
22188.485,24978818.749
22190.1,24683119.7771
22191.715,24919090.1708
22193.33,24967213.4058
22194.945,24805257.2126
22196.56,25051800.4677
22198.175,25057542.595
22199.79,25084227.9992
22201.405,25266562.2448
22203.02,25221097.0542
22204.635,25317458.1544
22206.25,25159452.1315
22207.865,25217816.7121
22209.48,25033501.2253
22211.095,24820909.2481
22212.71,25003680.4405
22214.325,24905016.2624
22215.94,24860687.5772
22217.555,24755745.0899
22219.17,24905428.9885
22220.785,25032763.5533
22222.4,25002100.4538
22224.015,24899589.0598
22225.63,24854678.5946
22227.245,24757319.3882
22228.86,24874570.1654
22230.475,24758843.3669
22232.09,24769819.0169
22233.705,25278064.6674
22235.32,25099401.8002
22236.935,25069293.3647
22238.55,25049467.5421
22240.165,24945952.4892
22241.78,24943981.273
22243.395,25052094.6751
22245.01,25106599.0173
22246.625,25080261.4036
22248.24,25193781.6593
22249.855,25283091.8242
22251.47,25073947.7498
22253.085,25148207.324
22254.7,25167735.9472
22256.315,24926087.6495
22257.93,25037424.8764
22259.545,24850978.8431
22261.16,24829279.3489
22262.775,24931358.2052
22264.39,25220030.933
22266.005,25284198.9672
22267.62,25236212.2365
22269.235,25113220.3993
22270.85,25065901.3117
22272.465,25044735.6546
22274.08,25301983.8849
22275.695,24916592.8868
22277.31,25202818.4362
22278.925,24912626.4827
22280.54,24984817.268
22282.155,24955195.9221
22283.77,25141356.7278
22285.385,25055735.1757
22287,24930436.7089
22288.615,24963439.0564
22290.23,24731309.6901
22291.845,24868300.8546
22293.46,24878938.7222
22295.075,24942839.0606
22296.69,24669045.3648
22298.305,24737462.154
22299.92,24778411.5706
22301.535,24965840.2313
22303.15,24997856.5411
22304.765,25101184.6474
22306.38,24819502.9698
22307.995,24814226.6365
22309.61,24734695.5731
22311.225,24961545.5304
22312.84,24915489.8441
22314.455,25213105.9174
22316.07,24945549.0776
22317.685,24919166.9202
22319.3,24810056.5164
22320.915,25050471.4483
22322.53,25220665.5448
22324.145,25071098.5861
22325.76,25197213.3022
22327.375,25178476.862
22328.99,25122650.1074
22330.605,25144534.9247
22332.22,25347529.5421
22333.835,25004715.0813
22335.45,25258097.8014
22337.065,25259992.1121
22338.68,25067348.9595
22340.295,25105067.0295
22341.91,24472418.8675
22343.525,24291977.7053
22345.14,24528419.7247
22346.755,24884525.8651
22348.37,24819745.2176
22349.985,24643684.9168
22351.6,24629637.1054
22353.215,24614511.0466
22354.83,24667428.2298
22356.445,24546889.5941
22358.06,24868606.2825
22359.675,25088133.0101
22361.29,24882759.5772
22362.905,24735150.8476
22364.52,24842046.5024
22366.135,24693133.5469
22367.75,24688345.6421
22369.365,24791886.7827
22370.98,24623037.3184
22372.595,24414531.3777
22374.21,24350576.441
22375.825,24358680.0882
22377.44,24484011.9285
22379.055,24250013.3424
22380.67,24289986.3742
22382.285,24310688.0169
22383.9,24399991.5414
22385.515,24211994.9693
22387.13,24032542.5598
22388.745,24276147.0076
22390.36,24271165.4564
22391.975,24477921.3914
22393.59,24378418.5564
22395.205,24352912.7639
22396.82,24679161.6387
22398.435,24253865.3895
22400.05,24411621.1426
22401.665,24455839.1323
22403.28,24633470.2743
22404.895,24683397.6725
22406.51,24749488.835
22408.125,24979856.99
22409.74,24764729.6078
22411.355,24371123.445
22412.97,24554314.4261
22414.585,24411750.6121
22416.2,24293701.7516
22417.815,24330414.5431
22419.43,24561144.7551
22421.045,24327899.3031
22422.66,24284200.7296
22424.275,24471827.959
22425.89,24604359.4616
22427.505,24744479.2175
22429.12,24652440.3191
22430.735,24616922.1199
22432.35,24895751.878
22433.965,24898240.3924
22435.58,25016066.5676
22437.195,24846797.7702
22438.81,24815573.0315
22440.425,24856746.4035
22442.04,24765618.7033
22443.655,24659375.9751
22445.27,24618627.6543
22446.885,24837299.5487
22448.5,24926250.5948
22450.115,24817742.5023
22451.73,25000385.0359
22453.345,24968205.6507
22454.96,25058289.6819
22456.575,25154503.2451
22458.19,25010723.679
22459.805,25050545.2688
22461.42,156867.1002
22463.035,25451439.036
22464.65,25336633.0663
22466.265,25102146.7378
22467.88,25018858.6765
22469.495,25076483.8539
22471.11,25064477.4216
22472.725,25215244.8673
22474.34,25179297.2302
22475.955,25147182.9126
22477.57,25003275.9875
22479.185,25102973.7335
22480.8,24863313.6651
22482.415,24879422.3624
22484.03,24799949.7355
22485.645,24767564.0941
22487.26,24848928.5325
22488.875,24616193.3124
22490.49,24559601.8758
22492.105,24807056.8943
22493.72,24958772.3313
22495.335,25111064.0347
22496.95,24833965.8783
22498.565,24926861.9975
22500.18,24653137.9363
22501.795,24587853.0206
22503.41,24499018.0107
22505.025,24536645.2136
22506.64,24688668.5481
22508.255,24664925.263
22509.87,24784950.0426
22511.485,24912841.6758
22513.1,24861076.4657
22514.715,24895509.7455
22516.33,24796064.9695
22517.945,24794886.5777
22519.56,24480680.2849
22521.175,24437194.4536
22522.79,24671974.7794
22524.405,24696770.148
22526.02,24772170.1196
22527.635,25015256.9439
22529.25,25295101.8064
22530.865,25354069.061
22532.48,25609294.3459
22534.095,25300589.7848
22535.71,25180914.1178
22537.325,25023965.0261
22538.94,24940938.8477
22540.555,24925415.7815
22542.17,24953170.2246
22543.785,25285615.0323
22545.4,25395341.4393
22547.015,25076170.0951
22548.63,25196188.4351
22550.245,25308741.3323
22551.86,25275951.4481
22553.475,25180197.3881
22555.09,25103160.2002
22556.705,25056140.5472
22558.32,24963008.5213
22559.935,24839455.2476
22561.55,24889882.9923
22563.165,25147153.0128
22564.78,25146184.2876
22566.395,25267029.4317
22568.01,24974021.7232
22569.625,24674468.8948
22571.24,24509800.5628
22572.855,24744903.3352
22574.47,24906724.7461
22576.085,25086602.231
22577.7,25113073.9967
22579.315,24749994.7247
22580.93,24905712.7862
22582.545,25029183.6073
22584.16,25014677.2764
22585.775,24983895.1264
22587.39,25077876.0628
22589.005,24943369.3793
22590.62,24964992.2524
22592.235,24947186.5728
22593.85,24882514.1272
22595.465,24631685.9246
22597.08,24291379.5334
22598.695,24263185.7707
22600.31,24345708.9901
22601.925,24369528.2305
22603.54,24361764.8686
22605.155,24775098.8053
22606.77,24918952.7796
22608.385,24757157.2574
22610,24937560.0775
22611.615,25048140.0513
22613.23,25026736.4903
22614.845,24795511.8192
22616.46,24846754.7401
22618.075,24891734.9479
22619.69,24846907.4913
22621.305,24965294.2068
22622.92,24995183.862
22624.535,24788968.4268
22626.15,25000573.1763
22627.765,25106940.0167
22629.38,24999459.3426
22630.995,24670193.4868
22632.61,24833106.7309
22634.225,24966756.3349
22635.84,25267030.3987
22637.455,25257260.355
22639.07,24905099.563
22640.685,24668825.4725
22642.3,24789926.4039
22643.915,24988395.7561
22645.53,25053396.519
22647.145,25333819.2192
22648.76,25260708.9422
22650.375,25448967.2502
22651.99,25581686.4152
22653.605,25580972.5976
22655.22,25437096.3384
22656.835,25278851.2549
22658.45,25236217.0491
22660.065,25141407.3095
22661.68,25245384.6121
22663.295,25040568.5209
22664.91,24801198.1711
22666.525,24656543.8077
22668.14,24632434.6368
22669.755,24707284.1916
22671.37,24949259.1776
22672.985,24845047.467
22674.6,24922768.093
22676.215,24975793.3219
22677.83,25213412.9763
22679.445,24903584.2219
22681.06,24763193.3096
22682.675,24917245.9193
22684.29,2102.737
22685.905,24832390.3043
22687.52,24779461.1679
22689.135,24892861.4842
22690.75,24694659.7738
22692.365,24591314.6302
22693.98,24955308.4233
22695.595,24919763.5376
22697.21,25044413.8551
22698.825,25063103.7915
22700.44,25019445.3434
22702.055,24820006.7694
22703.67,24831362.7521
22705.285,24646709.7545
22706.9,24882171.6346
22708.515,25024773.6196
22710.13,24737276.299
22711.745,24369053.7691
22713.36,24701530.602
22714.975,24805020.2162
22716.59,25202421.2244
22718.205,25020345.0179
22719.82,24931406.0924
22721.435,25010154.5384
22723.05,25043440.1034
22724.665,24762551.3786
22726.28,24559085.5187
22727.895,24641403.3447
22729.51,24604990.4007
22731.125,24847111.6127
22732.74,24986302.6033
22734.355,24850141.3075
22735.97,25184970.6247
22737.585,25066379.76
22739.2,25084854.5907
22740.815,24766529.7303
22742.43,25078130.6896
22744.045,24853845.5554
22745.66,24866084.5416
22747.275,24791801.6523
22748.89,24743483.5194
22750.505,24809077.4836
22752.12,24825446.3734
22753.735,24701994.8619
22755.35,24563019.639
22756.965,24748534.936
22758.58,24666076.1687
22760.195,24771859.2004
22761.81,24968074.3141
22763.425,24867712.1161
22765.04,25075619.5054
22766.655,25086587.2263
22768.27,25239073.6082
22769.885,25251979.4416
22771.5,25221211.5767
22773.115,25281751.6308
22774.73,25221492.5311
22776.345,25084779.6284
22777.96,25130766.3104
22779.575,25148601.8209
22781.19,24809720.2533
22782.805,24802368.4831
22784.42,24526012.9786
22786.035,24636308.6638
22787.65,24660800.278
22789.265,24645997.1827
22790.88,24788664.5367
22792.495,24769597.1071
22794.11,24667498.1862
22795.725,24528581.662
22797.34,24796420.1294
22798.955,24890260.9577
22800.57,25027205.7263
22802.185,24908810.059
22803.8,24999123.4663
22805.415,25325460.7368
22807.03,25424407.4313
22808.645,25405107.5389
22810.26,25452519.7622
22811.875,25625830.8744
22813.49,25466691.5594
22815.105,25572751.5846
22816.72,25790194.8421
22818.335,25434935.1762
22819.95,25242927.7287
22821.565,25413257.5727
22823.18,25203606.2771
22824.795,25010615.9867
22826.41,24861041.2755
22828.025,24716093.5786
22829.64,24751432.4462
22831.255,25005695.4232
22832.87,25062086.5375
22834.485,25100667.3568
22836.1,25360126.8625
22837.715,25421633.2801
22839.33,25660630.8991
22840.945,25942944.2393
22842.56,25715169.4831
22844.175,25646751.1133
22845.79,25693301.1694
22847.405,25645925.5848
22849.02,25335843.2412
22850.635,25437689.5696
22852.25,25487717.2368
22853.865,25314418.8514
22855.48,25136488.3081
22857.095,25199442.0927
22858.71,25452958.2729
22860.325,25613176.4583
22861.94,25618418.7599
22863.555,25811229.4639
22865.17,25860813.7633
22866.785,25856256.5046
22868.4,25727460.9478
22870.015,25871356.6189
22871.63,25844378.441
22873.245,25812833.5931
22874.86,25736111.9585
22876.475,25764811.9995
22878.09,25924730.5699
22879.705,25736793.2246
22881.32,25981544.1915
22882.935,25587043.7358
22884.55,25559649.7765
22886.165,25686926.5334
22887.78,26033169.1411
22889.395,25880398.4817
22891.01,25951985.2133
22892.625,25903115.6371
22894.24,26064339.6217
22895.855,25972881.2611
22897.47,25901767.7953
22899.085,25925659.7964
22900.7,25912436.5427
22902.315,25894405.6396
22903.93,25554838.7259
22905.545,25863408.1756
22907.16,25992073.0373
22908.775,25876134.3519
22910.39,25723763.7699
22912.005,25972805.4304
22913.62,25786099.6081
22915.235,25751799.69
22916.85,25881261.0357
22918.465,25977440.4891
22920.08,25987920.0585
22921.695,25802849.857
22923.31,26129793.4016
22924.925,26415311.7776
22926.54,26342086.1562
22928.155,26006894.5904
22929.77,25792162.064
22931.385,25631121.1488
22933,25677282.3853
22934.615,25541198.8876
22936.23,25688525.9542
22937.845,25864689.4267
22939.46,25985184.1621
22941.075,25661092.167
22942.69,25876004.8265
22944.305,26068909.4119
22945.92,26129436.2148
22947.535,26096571.9968
22949.15,26092939.4514
22950.765,26110558.3407
22952.38,25956729.0782
22953.995,26046691.5821
22955.61,26110766.7148
22957.225,26398563.9405
22958.84,26245436.7954
22960.455,26138494.3878
22962.07,25873426.7541
22963.685,25979218.7321
22965.3,26291811.8471
22966.915,26145909.3139
22968.53,26078587.9618
22970.145,26297246.3373
22971.76,26049198.0189
22973.375,26225843.4096
22974.99,26098470.5863
22976.605,25902146.5344
22978.22,26201171.4001
22979.835,26388063.4586
22981.45,26156240.2697
22983.065,25887723.9652
22984.68,25876914.736
22986.295,26055708.7184
22987.91,221440.8872
22989.525,25826462.6702
22991.14,25968025.4938
22992.755,25830274.7946
22994.37,25874796.5033
22995.985,237453.942
22997.6,25816131.4616
22999.215,25743235.1058
23000.83,25672793.0356
23002.445,25501524.1467
23004.06,25459902.9514
23005.675,25563398.1405
23007.29,25632043.1677
23008.905,25490729.4703
23010.52,25888244.6644
23012.135,25803160.0454
23013.75,25713239.2923
23015.365,25746836.7082
23016.98,25727439.9181
23018.595,25688620.8956
23020.21,25724236.1115
23021.825,25660500.0981
23023.44,25657382.5357
23025.055,25762348.5333
23026.67,25758310.144
23028.285,25894574.0742
23029.9,26100223.69
23031.515,25901676.9673
23033.13,25924837.4942
23034.745,26013897.4209
23036.36,25859371.7909
23037.975,25940031.2018
23039.59,25899303.7452
23041.205,25809106.6382
23042.82,26013843.4046
23044.435,25981687.8532
23046.05,25490365.5408
23047.665,25866449.1857
23049.28,25797389.7682
23050.895,26037695.6967
23052.51,25958638.2691
23054.125,25904150.6201
23055.74,25941886.3968
23057.355,26229637.301
23058.97,25789670.4702
23060.585,26061982.6596
23062.2,25767037.3573
23063.815,25805661.8445
23065.43,25828854.2219
23067.045,25775527.935
23068.66,25733982.2543
23070.275,25506151.7394
23071.89,25527856.1985
23073.505,25555696.3968
23075.12,25487549.9681
23076.735,25369879.7368
23078.35,25312767.4039
23079.965,25393008.0061
23081.58,25450421.544
23083.195,25322630.5666
23084.81,25351330.2432
23086.425,25572743.7131
23088.04,25467050.6188
23089.655,25465495.6748
23091.27,25282252.5053
23092.885,25329706.1446
23094.5,25333408.4884
23096.115,25472558.2081
23097.73,25547439.7845
23099.345,25504649.391
23100.96,25585572.494
23102.575,25763207.0056
23104.19,25534016.0449
23105.805,25643084.5957
23107.42,25804753.3037
23109.035,25744471.6496
23110.65,25746862.5913
23112.265,25729812.7423
23113.88,25619310.3862
23115.495,25560184.3704
23117.11,25640549.8565
23118.725,25421037.2169
23120.34,25520018.4135
23121.955,25286788.4256
23123.57,25536096.1269
23125.185,25385591.7727
23126.8,25409423.738
23128.415,25406728.4041
23130.03,25258651.9335
23131.645,25224969.549
23133.26,25446505.2121
23134.875,25285315.6386
23136.49,25353415.4278
23138.105,25251191.9801
23139.72,25493075.9
23141.335,25558797.6397
23142.95,25472868.5378
23144.565,25380681.7027
23146.18,25229886.1572
23147.795,25283942.3599
23149.41,25326864.6218
23151.025,25240956.0903
23152.64,25266948.1469
23154.255,25249565.2908
23155.87,25225905.8158
23157.485,24997935.4903
23159.1,25262379.1209
23160.715,25128934.7001
23162.33,25242362.9116
23163.945,25137946.4363
23165.56,24963555.8903
23167.175,24906145.4895
23168.79,24886288.9694
23170.405,24753058.9496
23172.02,24976148.9486
23173.635,25070228.9955
23175.25,25030272.9748
23176.865,25219874.6524
23178.48,25071248.0905
23180.095,25038729.2641
23181.71,25202349.3061
23183.325,25183961.4523
23184.94,24953634.1126
23186.555,24911594.3076
23188.17,25167137.4888
23189.785,25201402.6668
23191.4,25149924.1348
23193.015,25285010.3277
23194.63,25284642.0431
23196.245,25254314.7437
23197.86,25379991.2262
23199.475,25395228.7429
23201.09,25253800.339
23202.705,25445695.3541
23204.32,25691112.3146
23205.935,25470087.2181
23207.55,25507939.5962
23209.165,25566736.7035
23210.78,25670384.0692
23212.395,25661560.0475
23214.01,25490062.917
23215.625,25373262.2039
23217.24,25340932.3528
23218.855,25194344.7173
23220.47,25111104.0709
23222.085,25361049.7702
23223.7,25401616.1522
23225.315,25323209.5238
23226.93,25349447.5045
23228.545,25416265.4084
23230.16,25172761.2258
23231.775,25007545.4487
23233.39,24941315.9373
23235.005,25176008.8901
23236.62,25265795.7386
23238.235,24860587.232
23239.85,24961563.8749
23241.465,24891650.6506
23243.08,25111531.7274
23244.695,25058403.3379
23246.31,24929045.0262
23247.925,25064375.4288
23249.54,25022928.5722
23251.155,24837780.7343
23252.77,24869467.4903
23254.385,24847666.9852
23256,24648373.3466
23257.615,24832633.5693
23259.23,24902776.3573
23260.845,24867132.8558
23262.46,24868834.1895
23264.075,24753007.9234
23265.69,24692909.3163
23267.305,24759766.5963
23268.92,24615736.2806
23270.535,24937925.7345
23272.15,24760638.8089
23273.765,24688544.3447
23275.38,24703863.3379
23276.995,24872693.4591
23278.61,24714296.8684
23280.225,24918627.8895
23281.84,24843138.6518
23283.455,25006982.4037
23285.07,25040728.4928
23286.685,25263447.8344
23288.3,25235840.8874
23289.915,25254043.922
23291.53,25347703.0161
23293.145,25022158.4864
23294.76,25167374.7679
23296.375,25150019.9483
23297.99,25322814.8856
23299.605,25165069.3563
23301.22,25449478.9771
23302.835,25321104.6353
23304.45,25135210.7723
23306.065,25201299.1436
23307.68,25180507.1377
23309.295,25251227.3153
23310.91,25510073.9828
23312.525,25255590.8327
23314.14,25431869.062
23315.755,25270489.4886
23317.37,25172041.4855
23318.985,25172276.0682
23320.6,25094041.3723
23322.215,25172927.2877
23323.83,25302887.3714
23325.445,25291172.1601
23327.06,25261793.672
23328.675,25105368.8908
23330.29,25264031.102
23331.905,25130305.8086
23333.52,25326591.3753
23335.135,25251550.4537
23336.75,25397847.971
23338.365,25208627.2286
23339.98,25369381.9027
23341.595,25528842.9131
23343.21,25446196.1989
23344.825,25441301.0462
23346.44,25453841.8269
23348.055,25635358.0473
23349.67,25765692.1989
23351.285,25645099.32
23352.9,25478264.5167
23354.515,25452878.922
23356.13,25689648.6691
23357.745,25534383.463
23359.36,25419321.1853
23360.975,25342082.4218
23362.59,25120628.2146
23364.205,25410310.7768
23365.82,25260358.381
23367.435,25038232.0102
23369.05,25083135.6229
23370.665,24894168.8454
23372.28,24919830.9259
23373.895,24870116.1324
23375.51,24957468.1574
23377.125,24734254.2879
23378.74,24644881.0767
23380.355,24955207.5852
23381.97,24839897.3789
23383.585,24825896.9247
23385.2,24697811.2322
23386.815,24928134.0401
23388.43,25008711.361
23390.045,24902983.5414
23391.66,24982572.794
23393.275,25040630.3269
23394.89,25231832.5559
23396.505,25338306.8135
23398.12,25535565.2317
23399.735,25324134.4194
23401.35,25302364.4388
23402.965,25221007.2192
23404.58,25269193.255
23406.195,25234255.8818
23407.81,25193894.5081
23409.425,25171453.0223
23411.04,25240644.4644
23412.655,25153473.9784
23414.27,25216957.4197
23415.885,25205617.0647
23417.5,25070993.3502
23419.115,25099482.8061
23420.73,25286495.6426
23422.345,25234153.0262
23423.96,25212136.9374
23425.575,25025232.3046
23427.19,25257570.7052
23428.805,25264066.9933
23430.42,25270199.2327
23432.035,25161695.4674
23433.65,25145067.698
23435.265,25417540.7481
23436.88,25234715.6156
23438.495,25358210.5997
23440.11,25364506.3683
23441.725,25123618.3139
23443.34,25447664.8113
23444.955,25253740.3759
23446.57,25334237.3566
23448.185,25183681.0744
23449.8,25416034.6806
23451.415,25408284.9064
23453.03,25314019.7465
23454.645,25572535.7127
23456.26,25546831.463
23457.875,25389156.5634
23459.49,25247328.4949
23461.105,25062788.3201
23462.72,25356181.2314
23464.335,25253247.9958
23465.95,25173747.2338
23467.565,25136416.321
23469.18,25158906.0196
23470.795,24963385.3171
23472.41,25086038.5519
23474.025,24933157.0892
23475.64,24973389.8635
23477.255,24982363.9382
23478.87,25132892.0612
23480.485,25292527.8864
23482.1,25187336.7916
23483.715,25135697.6295
23485.33,25035916.3766
23486.945,24962516.5708
23488.56,25159505.0023
23490.175,25078617.8332
23491.79,24787107.6643
23493.405,24867741.0842
23495.02,24697700.4121
23496.635,24949109.0539
23498.25,24876557.7941
23499.865,25136241.006
23501.48,25053646.7071
23503.095,24895962.3627
23504.71,24932782.5155
23506.325,24851322.3584
23507.94,24966603.8849
23509.555,24992119.4122
23511.17,24968271.1962
23512.785,25328458.6983
23514.4,25506605.4482
23516.015,25265944.5382
23517.63,25074163.8076
23519.245,25098178.3068
23520.86,24884647.4111
23522.475,25011347.6783
23524.09,25101021.109
23525.705,24642607.3947
23527.32,25091576.5263
23528.935,25035902.324
23530.55,25131160.8817
23532.165,24993843.293
23533.78,24874758.819
23535.395,24947232.5987
23537.01,25010682.3969
23538.625,25035956.8461
23540.24,25084728.963
23541.855,24833137.5251
23543.47,24801543.4549
23545.085,24593187.9726
23546.7,24870090.4389
23548.315,24822944.3735
23549.93,24547360.6395
23551.545,24875937.9807
23553.16,24669099.2174
23554.775,24708814.1098
23556.39,25037846.5061
23558.005,24835750.4121
23559.62,24998709.2581
23561.235,25091149.5746
23562.85,24936531.5099
23564.465,25044904.2268
23566.08,24982853.0585
23567.695,24827785.5322
23569.31,25025962.7671
23570.925,24863322.9927
23572.54,24828029.9445
23574.155,24806964.5991
23575.77,24754919.2026
23577.385,24868907.6902
23579,24845823.7638
23580.615,24671124.2715
23582.23,24893730.7996
23583.845,24824652.6786
23585.46,24547489.62
23587.075,24780247.6643
23588.69,24651160.7415
23590.305,24625419.9516
23591.92,24769737.5982
23593.535,24692945.2726
23595.15,24622056.5469
23596.765,24821159.6556
23598.38,24690395.7574
23599.995,24796462.0196
23601.61,25005010.1033
23603.225,25247011.5655
23604.84,24934131.0956
23606.455,24750184.76
23608.07,24756162.3292
23609.685,24777091.2521
23611.3,24957071.7284
23612.915,24814544.8433
23614.53,24558956.2908
23616.145,24668532.8271
23617.76,24503598.7742
23619.375,24761179.9056
23620.99,24742678.6785
23622.605,24785995.7162
23624.22,24767136.3019
23625.835,24969449.0766
23627.45,24989140.6357
23629.065,24741395.7779
23630.68,24823427.9207
23632.295,24733609.575
23633.91,24740433.6354
23635.525,24646653.3839
23637.14,24763488.934
23638.755,24911700.6833
23640.37,24768787.0241
23641.985,24893144.5455
23643.6,24850197.6296
23645.215,24713197.8759
23646.83,24803425.024
23648.445,24888880.1572
23650.06,24795368.3862
23651.675,24718409.0132
23653.29,24737919.4815
23654.905,24744098.3455
23656.52,24883169.2666
23658.135,24727714.2967
23659.75,24536394.5253
23661.365,24641157.495
23662.98,24600277.369
23664.595,24673090.1174
23666.21,24606795.8341
23667.825,24739269.8411
23669.44,24720725.3404
23671.055,24575407.8117
23672.67,24647876.9629
23674.285,24516476.2345
23675.9,24830725.1446
23677.515,24880366.5062
23679.13,24730893.1872
23680.745,24739929.8377
23682.36,24960582.7743
23683.975,24751806.3393
23685.59,24727589.7196
23687.205,24810743.3389
23688.82,24756743.8712
23690.435,25081793.3654
23692.05,24916092.0048
23693.665,25105318.0209
23695.28,24966573.2674
23696.895,25093966.0027
23698.51,24916165.9146
23700.125,25100846.1361
23701.74,25012834.7282
23703.355,24927602.561
23704.97,25011770.169
23706.585,25006317.9293
23708.2,25031808.3638
23709.815,24955250.0946
23711.43,25353028.3282
23713.045,25323030.6849
23714.66,25188824.2078
23716.275,25196101.9287
23717.89,25116920.4242
23719.505,25026377.165
23721.12,24958281.0316
23722.735,25159571.0109
23724.35,25383105.5846
23725.965,25338210.377
23727.58,25326308.4962
23729.195,25434201.0039
23730.81,25573552.3419
23732.425,25372590.5776
23734.04,25380087.538
23735.655,25306775.4306
23737.27,25431949.7257
23738.885,25197774.0004
23740.5,25206752.1289
23742.115,25349273.7924
23743.73,25355991.4082
23745.345,25389653.1516
23746.96,25686155.2611
23748.575,25713754.7885
23750.19,25550354.1423
23751.805,25735825.1818
23753.42,25641922.8487
23755.035,25662597.898
23756.65,25534740.4973
23758.265,25831204.5492
23759.88,25777832.9932
23761.495,25788512.8385
23763.11,25499051.8848
23764.725,25431565.9752
23766.34,25317764.436
23767.955,25336442.4248
23769.57,25354587.1996
23771.185,25455874.5795
23772.8,25391102.0081
23774.415,25009564.1319
23776.03,25158286.8904
23777.645,25000449.0771
23779.26,25062406.4068
23780.875,24746263.0317
23782.49,24952487.7609
23784.105,24950564.0339
23785.72,25093407.337
23787.335,24983095.4476
23788.95,25162193.5898
23790.565,25031256.2102
23792.18,25087766.6836
23793.795,25126630.8022
23795.41,24804545.0109
23797.025,24643069.187
23798.64,24436327.2972
23800.255,24537479.8725
23801.87,24436061.6227
23803.485,24605522.9119
23805.1,24629672.3626
23806.715,25244970.3277
23808.33,24909002.7571
23809.945,24853638.2003
23811.56,24729096.6946
23813.175,24710365.7959
23814.79,24805559.4868
23816.405,24699933.0035
23818.02,24763123.3848
23819.635,24854073.4084
23821.25,24783913.1907
23822.865,24730267.9513
23824.48,24770157.6882
23826.095,24661167.3372
23827.71,24660770.752
23829.325,24762758.4882
23830.94,24920494.4352
23832.555,24868427.2782
23834.17,24873176.9617
23835.785,24981324.5015
23837.4,25190206.8196
23839.015,25079914.939
23840.63,25205699.1454
23842.245,24846124.9279
23843.86,24911387.5345
23845.475,25026317.5551
23847.09,24961514.2211
23848.705,24798753.5682
23850.32,25139651.4537
23851.935,24930899.4551
23853.55,24923955.2712
23855.165,25193375.3579
23856.78,24856855.4943
23858.395,24593280.4892
23860.01,24423129.393
23861.625,25040777.161
23863.24,24909974.8166
23864.855,24605511.0312
23866.47,24867171.4136
23868.085,25079815.0326
23869.7,25228180.184
23871.315,24598452.9125
23872.93,24416440.8234
23874.545,24052434.7647
23876.16,24235239.3101
23877.775,25357399.8305
23879.39,25174279.4809
23881.005,25166296.8403
23882.62,24771794.9993
23884.235,25078052.4545
23885.85,24575368.9303
23887.465,24456349.7787
23889.08,24773241.8177
23890.695,24908134.0926
23892.31,24917265.0336
23893.925,24855561.256
23895.54,24751605.3215
23897.155,24645217.0571
23898.77,24673657.7983
23900.385,25018823.557
23902,24804884.7849
23903.615,24713310.0981
23905.23,24835031.5179
23906.845,25092438.9967
23908.46,24854289.8753
23910.075,24626178.0452
23911.69,24843008.1111
23913.305,24945904.9405
23914.92,24718863.7782
23916.535,24469278.5776
23918.15,24871936.8029
23919.765,25206149.9886
23921.38,25350204.4767
23922.995,25598308.7863
23924.61,25496757.9058
23926.225,25363697.3006
23927.84,25349142.348
23929.455,25028134.9677
23931.07,25004371.0564
23932.685,24762718.7217
23934.3,24753766.2513
23935.915,25122526.514
23937.53,25298817.4329
23939.145,25299488.3748
23940.76,25371222.5671
23942.375,25318702.3261
23943.99,25764571.8307
23945.605,25593585.3932
23947.22,25656441.4843
23948.835,25749491.4184
23950.45,25770777.0688
23952.065,25725156.4642
23953.68,25596876.0224
23955.295,25400112.7848
23956.91,25604723.2633
23958.525,25324194.7935
23960.14,25476930.6178
23961.755,25404425.7483
23963.37,25184543.6898
23964.985,25105965.8002
23966.6,25058552.7456
23968.215,25062073.6805
23969.83,24956812.8265
23971.445,25160307.5299
23973.06,25373117.4525
23974.675,25303245.5215
23976.29,25182828.9543
23977.905,25339860.374
23979.52,25369108.5855
23981.135,25377712.9157
23982.75,25481400.7472
23984.365,25394723.6491
23985.98,25234506.8732
23987.595,25367883.491
23989.21,25507622.3043
23990.825,25452704.8566
23992.44,25115862.9536
23994.055,25201960.5162
23995.67,25288865.8076
23997.285,25335160.9319
23998.9,25283867.1986
24000.515,25210427.1669
24002.13,25197323.9791
24003.745,25167540.4207
24005.36,25209534.1292
24006.975,25070624.1618
24008.59,25257116.0164
24010.205,25186457.1595
24011.82,25174598.0726
24013.435,24815867.4119
24015.05,24948893.2769
24016.665,24992376.4286
24018.28,24662716.7323
24019.895,24514011.3885
24021.51,24439147.5448
24023.125,24219643.4257
24024.74,24344135.1883
24026.355,24160113.4181
24027.97,24170102.2066
24029.585,24052725.2642
24031.2,24007143.6135
24032.815,24118312.8428
24034.43,24132875.4493
24036.045,24116258.6216
24037.66,24226352.4355
24039.275,24171777.5251
24040.89,23960612.0339
24042.505,23953993.5751
24044.12,24008488.5302
24045.735,24305314.1705
24047.35,24110878.5103
24048.965,24115170.671
24050.58,24253565.5178
24052.195,24130326.1554
24053.81,24437110.2697
24055.425,24346031.1801
24057.04,24322299.6102
24058.655,24607517.8765
24060.27,24546615.057
24061.885,24518990.0909
24063.5,24525572.599
24065.115,24578893.5007
24066.73,24772550.6289
24068.345,24640238.907
24069.96,24590879.1692
24071.575,24197084.7917
24073.19,24386725.4418
24074.805,24354298.7005
24076.42,24494608.0789
24078.035,24583490.1875
24079.65,24278647.9904
24081.265,24259779.4605
24082.88,24056243.9417
24084.495,24054448.3658
24086.11,24017407.9935
24087.725,23998558.3641
24089.34,24045108.145
24090.955,23882418.1031
24092.57,23941879.5267
24094.185,23644022.0219
24095.8,23572920.5409
24097.415,23233625.083
24099.03,23340649.3929
24100.645,23445710.7596
24102.26,23367275.5517
24103.875,23498254.9238
24105.49,23751093.2668
24107.105,23456807.963
24108.72,23365991.7529
24110.335,23596853.0337
24111.95,23668352.0092
24113.565,23438208.7263
24115.18,23558600.7214
24116.795,23508066.6753
24118.41,23204399.5841
24120.025,23232807.8649
24121.64,23235561.4941
24123.255,23283415.1327
24124.87,23183320.2233
24126.485,23125446.2822
24128.1,23146981.4792
24129.715,23329171.046
24131.33,23392500.7896
24132.945,23639211.7987
24134.56,262969.1476
24136.175,23978827.6075
24137.79,24158281.302
24139.405,24270079.6201
24141.02,23980739.1619
24142.635,24197828.3938
24144.25,24067908.5434
24145.865,23946440.5138
24147.48,24028889.6839
24149.095,23885807.8094
24150.71,23975114.8149
24152.325,23838896.7711
24153.94,23710839.6804
24155.555,23528283.0172
24157.17,23722369.2227
24158.785,23732049.0593
24160.4,23732936.4142
24162.015,23840904.496
24163.63,23649615.0874
24165.245,23798813.7763
24166.86,23974146.5453
24168.475,23872170.3475
24170.09,23865655.8694
24171.705,23836322.6651
24173.32,23838506.1606
24174.935,23907667.2233
24176.55,23850894.4523
24178.165,23835048.5379
24179.78,23549594.4374
24181.395,23440108.1229
24183.01,23153533.9202
24184.625,23293195.5471
24186.24,23401824.0866
24187.855,23094157.9115
24189.47,23496404.2809
24191.085,23250234.0858
24192.7,23237135.545
24194.315,23051883.2318
24195.93,23114151.9902
24197.545,22838175.2582
24199.16,22869558.9552
24200.775,22892912.2417
24202.39,23089554.9524
24204.005,23116113.4736
24205.62,23073476.6476
24207.235,22986665.4738
24208.85,23079978.4158
24210.465,23030991.883
24212.08,23116690.7833
24213.695,23233886.4935
24215.31,23347167.8914
24216.925,23347139.1055
24218.54,23016911.0236
24220.155,23090691.3685
24221.77,23286271.6417
24223.385,23381588.0167
24225,23457714.1999
24226.615,23871133.386
24228.23,23931364.6462
24229.845,24090471.287
24231.46,24384897.863
24233.075,24462915.6401
24234.69,24318580.9786
24236.305,24385624.7402
24237.92,24354089.4989
24239.535,24535129.7888
24241.15,24599084.5843
24242.765,24658091.4195
24244.38,24421859.9444
24245.995,24259176.5987
24247.61,24449656.8615
24249.225,24557800.4368
24250.84,24609346.3311
24252.455,24548980.7051
24254.07,24631960.5026
24255.685,24741800.7571
24257.3,24871284.6053
24258.915,24632484.6197
24260.53,24868694.9981
24262.145,24724300.7826
24263.76,24677774.9583
24265.375,24683061.2681
24266.99,24670131.8816
24268.605,24556971.6188
24270.22,24540661.1934
24271.835,24468032.433
24273.45,24474657.4951
24275.065,24526556.0278
24276.68,24561556.3394
24278.295,24416612.2463
24279.91,24531739.8985
24281.525,24499933.1381
24283.14,24123477.4708
24284.755,23933898.0354
24286.37,11864.5576
24287.985,23969491.5056
24289.6,23801347.768
24291.215,23996040.7235
24292.83,23970493.0315
24294.445,23647987.6245
24296.06,23411219.6644
24297.675,23525751.6662
24299.29,23527952.6043
24300.905,23555990.0752
24302.52,23421468.5766
24304.135,23524575.7308
24305.75,23506627.3918
24307.365,23526472.3362
24308.98,23186380.253
24310.595,23337386.9954
24312.21,23407139.6007
24313.825,23635697.2458
24315.44,23359011.5198
24317.055,23567058.8275
24318.67,23813706.8201
24320.285,23645890.7805
24321.9,23603749.4084
24323.515,23589839.1426
24325.13,23531889.3373
24326.745,23416370.0148
24328.36,23198138.6375
24329.975,23204791.6673
24331.59,23375159.3383
24333.205,23215020.1951
24334.82,23365689.9957
24336.435,23514557.7938
24338.05,23460359.3742
24339.665,23665564.0416
24341.28,23598576.4459
24342.895,23831013.5181
24344.51,23553713.9013
24346.125,23520213.5393
24347.74,23627055.174
24349.355,23541222.2761
24350.97,23486520.6595
24352.585,23260619.1025
24354.2,23527299.5494
24355.815,23566668.9999
24357.43,23501737.0722
24359.045,23239007.3979
24360.66,23090148.8065
24362.275,23320631.1288
24363.89,23092216.965
24365.505,23052115.9103
24367.12,23174946.0965
24368.735,23084902.8471
24370.35,23005685.6522
24371.965,23009532.076
24373.58,23255676.163
24375.195,23825088.9518
24376.81,23914009.3041
24378.425,24051633.2152
24380.04,24235113.3662
24381.655,24173343.5484
24383.27,24076689.959
24384.885,24159728.5964
24386.5,23955969.1539
24388.115,23780834.5651
24389.73,23613577.909
24391.345,23795180.833
24392.96,23703321.5099
24394.575,23617938.3767
24396.19,23661710.3097
24397.805,23807134.8854
24399.42,24022938.7974
24401.035,24138881.8881
24402.65,24171967.3781
24404.265,24454121.9068
24405.88,24865490.4216
24407.495,24619382.6369
24409.11,24769438.2714
24410.725,24757937.2696
24412.34,24721647.1565
24413.955,24500000.1025
24415.57,24699401.8926
24417.185,24510779.3427
24418.8,24916864.986
24420.415,24772784.5422
24422.03,24824708.1119
24423.645,24883164.7293
24425.26,24832532.1883
24426.875,24690277.6014
24428.49,24849005.8397
24430.105,24776157.7617
24431.72,24885156.7447
24433.335,25099140.7542
24434.95,25106831.9952
24436.565,25112845.755
24438.18,24951257.6531
24439.795,24989066.2554
24441.41,24601662.1379
24443.025,24626008.6864
24444.64,24472774.4588
24446.255,24514091.989
24447.87,24560904.6346
24449.485,24478795.7796
24451.1,24568496.873
24452.715,24505928.3656
24454.33,24486676.4199
24455.945,24568047.999
24457.56,24360461.8941
24459.175,24253410.3567
24460.79,24347618.9601
24462.405,24275038.0832
24464.02,24145118.3778
24465.635,24134948.8128
24467.25,24236408.4934
24468.865,24249216.8843
24470.48,24400815.8035
24472.095,24402750.1448
24473.71,24525267.1859
24475.325,24651970.938
24476.94,24723398.3076
24478.555,24764473.1289
24480.17,24827024.9375
24481.785,25168013.6083
24483.4,25143559.1647
24485.015,25163661.3077
24486.63,25156295.2674
24488.245,25084462.1728
24489.86,24864359.3741
24491.475,25068626.724
24493.09,25154272.0542
24494.705,25276776.1863
24496.32,25194742.342
24497.935,24966684.8034
24499.55,25023501.7481
24501.165,25171347.8627
24502.78,25510885.5776
24504.395,25208254.124
24506.01,25422113.9655
24507.625,25216362.9129
24509.24,25352571.2424
24510.855,25367686.7595
24512.47,25249310.4185
24514.085,25335521.6147
24515.7,25099901.6911
24517.315,25240450.3289
24518.93,24885227.4654
24520.545,24760998.6195
24522.16,24708326.7914
24523.775,24780008.2133
24525.39,24810063.0955
24527.005,24989598.8726
24528.62,25033813.2454
24530.235,24959503.5785
24531.85,24952883.9779
24533.465,24890915.8145
24535.08,25135891.2463
24536.695,25008520.2305
24538.31,24876577.6133
24539.925,25047355.0909
24541.54,24998367.1374
24543.155,24669093.2464
24544.77,24735631.5832
24546.385,24846554.3453
24548,24676390.9184
24549.615,24927103.9626
24551.23,24665812.3817
24552.845,24557878.8616
24554.46,24504970.1226
24556.075,24558579.4969
24557.69,24604822.4979
24559.305,24750416.5534
24560.92,24704711.3279
24562.535,24831774.011
24564.15,24946295.4505
24565.765,24922093.4934
24567.38,24866329.073
24568.995,24675146.5478
24570.61,24781583.538
24572.225,24716928.9813
24573.84,24810087.4352
24575.455,24658678.5959
24577.07,24894295.6707
24578.685,24681667.0044
24580.3,24925318.5176
24581.915,25123781.5678
24583.53,25033436.511
24585.145,25008490.6227
24586.76,25293691.6398
24588.375,25118391.1751
24589.99,25107259.9901
24591.605,24995638.2756
24593.22,25208041.4803
24594.835,24978206.3589
24596.45,25005237.2589
24598.065,25001846.5448
24599.68,24863733.9057
24601.295,24890488.5448
24602.91,25114466.8545
24604.525,25160276.003
24606.14,25362735.6342
24607.755,14371.093
24609.37,25506987.7501
24610.985,25486208.4673
24612.6,25416200.205
24614.215,25130975.6645
24615.83,25458871.6094
24617.445,25328876.9268
24619.06,25242401.8971
24620.675,25100276.6366
24622.29,24880545.4585
24623.905,24961270.9059
24625.52,25066995.3839
24627.135,25181215.6277
24628.75,25234356.3051
24630.365,25326822.8525
24631.98,25169441.9074
24633.595,25006840.2501
24635.21,25027011.7972
24636.825,25301670.8736
24638.44,24998204.6217
24640.055,25380615.0842
24641.67,25054845.4312
24643.285,25215820.5945
24644.9,25112158.6127
24646.515,25092295.0969
24648.13,24982251.5598
24649.745,24978789.6619
24651.36,25038214.1175
24652.975,24976169.6064
24654.59,24870218.0397
24656.205,24883902.2172
24657.82,24825084.891
24659.435,24763871.6897
24661.05,24856629.4171
24662.665,24771507.4639
24664.28,24554691.6087
24665.895,24838459.0623
24667.51,24775497.9027
24669.125,24922095.2321
24670.74,25017034.8577
24672.355,24876672.1995
24673.97,25021470.9479
24675.585,24767491.2628
24677.2,24807414.6409
24678.815,25064570.9943
24680.43,25261836.9215
24682.045,25202363.9613
24683.66,25369983.4832
24685.275,25563392.7236
24686.89,25524849.4562
24688.505,25661499.811
24690.12,25707846.9507
24691.735,25650975.8447
24693.35,25610626.4931
24694.965,25614258.2165
24696.58,25610237.1323
24698.195,25526470.4162
24699.81,25445499.7476
24701.425,25429679.0172
24703.04,25270902.819
24704.655,25197436.7015
24706.27,25107806.4907
24707.885,25024528.0823
24709.5,24845081.6159
24711.115,24981651.757
24712.73,25003387.7486
24714.345,24944981.8765
24715.96,24944838.6426
24717.575,24828916.4105
24719.19,24923856.2277
24720.805,24853575.749
24722.42,25152403.3365
24724.035,24993047.9953
24725.65,25154957.9321
24727.265,25601577.5993
24728.88,25475638.7449
24730.495,25779607.3832
24732.11,25667304.9605
24733.725,25445207.727
24735.34,25594507.4623
24736.955,25555646.4008
24738.57,25562557.6817
24740.185,25422681.862
24741.8,25485576.4719
24743.415,25258320.1891
24745.03,25304867.4336
24746.645,25223878.2773
24748.26,25077190.462
24749.875,25160903.2398
24751.49,25230500.4869
24753.105,25189313.767
24754.72,25310152.782
24756.335,25235648.524
24757.95,25169666.3184
24759.565,24927334.0415
24761.18,25021663.8246
24762.795,24883902.8011
24764.41,25018973.7606
24766.025,25106567.7879
24767.64,25247516.9402
24769.255,25381681.5792
24770.87,25369182.5938
24772.485,25465056.1544
24774.1,25322191.5706
24775.715,25451115.827
24777.33,25505228.0655
24778.945,25387920.4696
24780.56,25247218.8835
24782.175,25104647.8897
24783.79,24974796.9805
24785.405,25208827.0116
24787.02,25109716.5908
24788.635,25142663.3507
24790.25,25240968.4861
24791.865,25316150.3935
24793.48,25120959.8028
24795.095,25249158.5859
24796.71,25349580.9349
24798.325,25233278.8648
24799.94,25418842.0359
24801.555,25403288.3634
24803.17,25540781.3025
24804.785,25495834.972
24806.4,25401060.5101
24808.015,25684151.458
24809.63,25604533.5107
24811.245,25738895.8835
24812.86,25387720.9544
24814.475,25750119.5701
24816.09,25507007.0225
24817.705,25335275.9509
24819.32,25504582.3131
24820.935,25280324.6147
24822.55,25516660.5168
24824.165,25335735.8966
24825.78,25648146.6191
24827.395,25496174.0115
24829.01,25247830.1225
24830.625,25311417.8997
24832.24,25117600.6583
24833.855,25306693.2179
24835.47,25095565.8754
24837.085,25522625.9635
24838.7,25266983.4356
24840.315,25316373.8598
24841.93,25033523.2201
24843.545,25223233.0902
24845.16,25257416.2079
24846.775,25191441.7548
24848.39,25161916.5219
24850.005,25114771.5684
24851.62,25077326.0867
24853.235,25119893.3951
24854.85,25117421.7078
24856.465,25001711.6379
24858.08,24772414.1117
24859.695,24903821.0249
24861.31,24810620.4149
24862.925,24611378.922
24864.54,24468002.0851
24866.155,24563071.9799
24867.77,24432665.9213
24869.385,24495318.8561
24871,24578497.293
24872.615,24571096.5366
24874.23,24640175.5929
24875.845,24787987.5438
24877.46,25049877.1386
24879.075,24987969.0815
24880.69,24896987.492
24882.305,24809596.4814
24883.92,25070593.2784
24885.535,24923161.0986
24887.15,25126341.8536
24888.765,25074693.8549
24890.38,25013800.9245
24891.995,25116972.2314
24893.61,24889711.573
24895.225,24973280.3507
24896.84,25058138.3291
24898.455,25193500.2307
24900.07,25260961.8564
24901.685,25278927.0466
24903.3,25257878.5042
24904.915,25536759.1136
24906.53,25523365.8224
24908.145,25572819.5699
24909.76,25430634.9245
24911.375,25265291.6563
24912.99,25099763.7456
24914.605,25334607.0601
24916.22,25285509.7462
24917.835,25225821.4292
24919.45,25283497.5807
24921.065,25193950.3152
24922.68,25255041.6767
24924.295,25045875.1668
24925.91,25009929.0991
24927.525,25027636.9308
24929.14,24863140.8159
24930.755,25191613.3898
24932.37,25002700.437
24933.985,25026666.3386
24935.6,25069398.1878
24937.215,25028772.5232
24938.83,24772758.2147
24940.445,25024522.459
24942.06,25029712.7284
24943.675,24874305.3017
24945.29,24882925.5498
24946.905,24794685.6529
24948.52,24576807.7117
24950.135,24855708.3058
24951.75,24797256.1216
24953.365,24800731.8024
24954.98,24935580.6866
24956.595,24717702.5018
24958.21,24878464.6178
24959.825,24781026.3859
24961.44,24795823.9899
24963.055,24621386.1666
24964.67,24883601.0736
24966.285,24961480.6673
24967.9,25225100.7201
24969.515,25131033.0243
24971.13,25126433.6281
24972.745,25204789.2415
24974.36,25158982.3635
24975.975,25084097.0569
24977.59,24995524.5044
24979.205,25204671.4146
24980.82,25256809.112
24982.435,25106957.9502
24984.05,25135568.8387
24985.665,25244658.7539
24987.28,25128822.7754
24988.895,25152013.6187
24990.51,25328638.5692
24992.125,25232385.9517
24993.74,25355871.6622
24995.355,25171618.4556
24996.97,25170960.698
24998.585,25023811.2187
25000.2,25071094.1492
25001.815,24871807.4003
25003.43,24934996.5189
25005.045,25023638.9385
25006.66,25140971.5584
25008.275,25052146.3781
25009.89,25083764.9424
25011.505,25138943.0288
25013.12,25203586.1102
25014.735,25292553.8216
25016.35,25163564.0066
25017.965,25302985.7344
25019.58,25284480.3791
25021.195,25321405.8682
25022.81,25551775.9739
25024.425,25176932.1195
25026.04,25273461.5539
25027.655,25044263.3651
25029.27,25208071.9119
25030.885,25332034.3153
25032.5,25283836.728
25034.115,25139459.8714
25035.73,25757572.0146
25037.345,25785304.3048
25038.96,25581508.6623
25040.575,25641352.1238
25042.19,25612980.346
25043.805,25829836.7302
25045.42,25658827.66
25047.035,25651357.3359
25048.65,25671872.7498
25050.265,25975715.5949
25051.88,25783026.2473
25053.495,25939738.9915
25055.11,25868670.4246
25056.725,25714017.5435
25058.34,25827715.3921
25059.955,25887550.7366
25061.57,25905024.4877
25063.185,25829910.9152
25064.8,25826695.5347
25066.415,25983859.4718
25068.03,25961856.3999
25069.645,25778466.9746
25071.26,25582593.7789
25072.875,25846002.1159
25074.49,25361548.9767
25076.105,25689534.8068
25077.72,25737470.4518
25079.335,25683823.9664
25080.95,25791388.9285
25082.565,25793836.4212
25084.18,25566551.2167
25085.795,25789194.3036
25087.41,25553847.4387
25089.025,25637840.2039
25090.64,25673335.4265
25092.255,25242909.9105
25093.87,25311815.8405
25095.485,25814271.521
25097.1,25825634.557
25098.715,25782295.6955
25100.33,25652042.5387
25101.945,25744869.728
25103.56,25529500.5573
25105.175,25541978.0667
25106.79,25319653.6199
25108.405,25445714.2602
